Sample	0	1	2	3	4	5	6	7	8	9	10	11	12	13	14	15	16	17	18	19	20	21	22	23	24	25	26	27	28	29	30	31	32	33	34	35	36	37	38
/ | scratch | karcher | fastqc | 230111_PRISMA_Batch1_P3_for_Q | AAAY7KJHV_230111_MG_Batch1_23s000063-1-1_Gross_lane1MG1 | AAAY7KJHV_230111_MG_Batch1_23s000063-1-1_Gross_lane1MG1_1	(1, 0.0007243593348541883)	(2, 0.005274511528974054)	(3, 0.0)	(4, 4.4948311947992595e-05)	(5, 5.186343686306837e-06)	(6, 0.2912702477666783)	(7, 3.976196826168575e-05)	(8, 2.2474155973996297e-05)	(9, 3.976196826168575e-05)	(10, 0.0)	(15, 2.7660499660303132e-06)	(20, 3.4575624575378916e-07)	(25, 1.728781228768946e-05)	(30, 1.27929810928902e-05)	(35, 0.0)	(40, 3.803318703291681e-06)	(45, 1.0372687372613675e-06)	(50, 1.27929810928902e-05)	(55, 0.061776959941321014)	(60, 2.039961849947356e-05)	(65, 0.06276962612288015)	(70, 5.981583051540553e-05)	(75, 6.984276164226541e-05)	(80, 0.00010580141120065949)	(85, 6.154461174417447e-05)	(90, 0.05679115487755138)	(95, 2.2128399728242506e-05)	(100, 6.776822416774267e-05)	(105, 4.0107724507439544e-05)	(110, 0.00012516376096287168)	(115, 2.938928088907208e-05)	(120, 2.2128399728242506e-05)	(125, 0.05940161453299248)	(130, 0.11452484128102758)	(135, 0.00012308922348834895)	(140, 0.30438893124306854)	(145, 8.643906143844728e-05)	(150, 0.3707647950091607)	(155, 2.2474155973996297e-05)
/ | scratch | karcher | fastqc | 230111_PRISMA_Batch1_P3_for_Q | AAAY7KJHV_230111_MG_Batch1_23s000063-1-1_Gross_lane1MG1 | AAAY7KJHV_230111_MG_Batch1_23s000063-1-1_Gross_lane1MG1_2	(1, 0.0)	(2, 1.728781228768946e-05)	(3, 0.0)	(4, 0.0)	(5, 0.0)	(6, 0.0)	(7, 0.0)	(8, 0.0)	(9, 5.186343686306837e-06)	(10, 3.699591829565544e-05)	(15, 0.17646396090160713)	(20, 5.324646184608353e-05)	(25, 1.3138737338643987e-05)	(30, 5.9124318023897945e-05)	(35, 4.5294068193746376e-05)	(40, 0.00012862132342040955)	(45, 3.146381836359481e-05)	(50, 2.800625590605692e-05)	(55, 3.0080793380579654e-05)	(60, 0.2450447122468712)	(65, 6.223612423568205e-05)	(70, 0.18035544744756601)	(75, 1.4176006075905358e-05)	(80, 7.399183659131088e-05)	(85, 4.425679945648501e-05)	(90, 3.077230587208724e-05)	(95, 1.7979324779197034e-05)	(100, 0.36797869118087667)	(105, 2.039961849947356e-05)	(110, 4.1490749490454695e-05)	(115, 0.115087386692869)	(120, 0.062301472166129516)	(125, 0.18195802764663485)	(130, 5.0480411880053214e-05)	(135, 6.119885549842067e-05)	(140, 0.00010303536123462916)	(145, 0.06277481246656645)	(150, 7.468334908281845e-05)	(155, 2.420293720276524e-05)
/ | scratch | karcher | fastqc | 230111_PRISMA_Batch1_P3_for_Q | AAAY7KJHV_230111_MG_Batch1_23s000063-1-1_Gross_lane1MG10 | AAAY7KJHV_230111_MG_Batch1_23s000063-1-1_Gross_lane1MG10_1	(1, 0.0007214689825110835)	(2, 0.005667647275363914)	(3, 4.842073708128076e-06)	(4, 4.357866337315269e-05)	(5, 2.421036854064038e-06)	(6, 0.2871180236340165)	(7, 3.3894515956896536e-05)	(8, 1.9368294832512305e-05)	(9, 4.842073708128076e-05)	(10, 0.0)	(15, 9.684147416256153e-07)	(20, 1.9368294832512305e-06)	(25, 1.1620976899507384e-05)	(30, 1.646305060763546e-05)	(35, 2.421036854064038e-06)	(40, 1.7431465349261078e-05)	(45, 6.2946958205665e-06)	(50, 3.437872332770934e-05)	(55, 0.060766088207524105)	(60, 2.6147198023891612e-05)	(65, 0.06133115820926265)	(70, 0.00014284117438977825)	(75, 0.00011039928054532015)	(80, 0.00014913587021034476)	(85, 0.00013364123434433492)	(90, 0.05629782258966353)	(95, 3.0505064361206885e-05)	(100, 0.00012298867218645316)	(105, 5.0841773935344803e-05)	(110, 0.00013993593016490142)	(115, 2.9052442248768462e-05)	(120, 4.938915182290638e-05)	(125, 0.05896677361758372)	(130, 0.1165521036062385)	(135, 0.00018060934931317727)	(140, 0.3032561710958366)	(145, 0.00012492550166970438)	(150, 0.36748676304152633)	(155, 3.1473479102832495e-05)
/ | scratch | karcher | fastqc | 230111_PRISMA_Batch1_P3_for_Q | AAAY7KJHV_230111_MG_Batch1_23s000063-1-1_Gross_lane1MG10 | AAAY7KJHV_230111_MG_Batch1_23s000063-1-1_Gross_lane1MG10_2	(1, 0.0)	(2, 3.1473479102832495e-05)	(3, 2.421036854064038e-06)	(4, 0.0)	(5, 0.0)	(6, 0.0)	(7, 0.0)	(8, 2.421036854064038e-06)	(9, 7.2631105621921155e-06)	(10, 6.972586139704431e-05)	(15, 0.17789100913343417)	(20, 5.471543290184727e-05)	(25, 1.5978843236822654e-05)	(30, 6.875744665541868e-05)	(35, 4.98733591937192e-05)	(40, 0.0001631778839639162)	(45, 6.149433609322658e-05)	(50, 4.357866337315269e-05)	(55, 5.66522623850985e-05)	(60, 0.2432667515110962)	(65, 8.618891200467977e-05)	(70, 0.17957653499123355)	(75, 1.4042013753571423e-05)	(80, 0.00010362037735394085)	(85, 6.827323928460588e-05)	(90, 4.212604126071427e-05)	(95, 5.277860341859604e-05)	(100, 0.3652468197441463)	(105, 1.7915672720073885e-05)	(110, 0.00011088348791613295)	(115, 0.11690605919430266)	(120, 0.061396041996951575)	(125, 0.18140296519393945)	(130, 0.0001070098289496305)	(135, 0.00011814659847832509)	(140, 0.00015349373654766004)	(145, 0.06129048479011439)	(150, 8.328366777980291e-05)	(155, 0.0001065256215788177)
/ | scratch | karcher | fastqc | 230111_PRISMA_Batch1_P3_for_Q | AAAY7KJHV_230111_MG_Batch1_23s000063-1-1_Gross_lane1MG11 | AAAY7KJHV_230111_MG_Batch1_23s000063-1-1_Gross_lane1MG11_1	(1, 0.0006952518938439948)	(2, 0.005620341651913367)	(3, 2.3330600464563583e-06)	(4, 4.432814088267081e-05)	(5, 2.3330600464563583e-06)	(6, 0.2825709005866083)	(7, 4.6661200929127163e-05)	(8, 1.1665300232281791e-05)	(9, 2.79967205574763e-05)	(10, 0.0)	(15, 2.3330600464563583e-06)	(20, 3.732896074330173e-06)	(25, 2.2863988455272312e-05)	(30, 1.1665300232281791e-05)	(35, 0.0)	(40, 1.399836027873815e-05)	(45, 4.199508083621445e-06)	(50, 1.726464434377705e-05)	(55, 0.05927652321232598)	(60, 3.12630046225152e-05)	(65, 0.05903901769959673)	(70, 0.00016704709932627523)	(75, 0.00013671731872234258)	(80, 0.00015584841110328473)	(85, 0.00014791600694533311)	(90, 0.05647078520045758)	(95, 2.5197048501728668e-05)	(100, 0.00013251781063872115)	(105, 3.4995900696845374e-05)	(110, 0.00010685415012770121)	(115, 2.4730436492437398e-05)	(120, 5.5526829105661334e-05)	(125, 0.05876698289817992)	(130, 0.11906305335080733)	(135, 0.000166580487316984)	(140, 0.298933117304416)	(145, 0.00013531748269446877)	(150, 0.35884329962535955)	(155, 1.8664480371650867e-05)
/ | scratch | karcher | fastqc | 230111_PRISMA_Batch1_P3_for_Q | AAAY7KJHV_230111_MG_Batch1_23s000063-1-1_Gross_lane1MG11 | AAAY7KJHV_230111_MG_Batch1_23s000063-1-1_Gross_lane1MG11_2	(1, 4.666120092912717e-06)	(2, 0.0)	(3, 1.1665300232281791e-05)	(4, 0.0)	(5, 0.0)	(6, 0.0)	(7, 0.0)	(8, 4.666120092912717e-06)	(9, 0.0)	(10, 8.818966975605035e-05)	(15, 0.17837970519593238)	(20, 6.159278522644786e-05)	(25, 2.2863988455272312e-05)	(30, 5.459360508707878e-05)	(35, 3.2662840650389015e-05)	(40, 0.00015678163512186728)	(45, 6.112617321715658e-05)	(50, 4.6661200929127163e-05)	(55, 4.292830485479699e-05)	(60, 0.23909199356084762)	(65, 9.985496998833214e-05)	(70, 0.17799055078018344)	(75, 1.5864808315903234e-05)	(80, 9.332240185825433e-05)	(85, 6.625890531936058e-05)	(90, 3.172961663180647e-05)	(95, 5.832650116140896e-05)	(100, 0.3586575880456616)	(105, 2.0997540418107226e-05)	(110, 7.465792148660347e-05)	(115, 0.11869442986346722)	(120, 0.059548091401733505)	(125, 0.17889297840615276)	(130, 0.00010032158199762341)	(135, 0.00010918721017415756)	(140, 0.00012085251040643935)	(145, 0.05900402179889988)	(150, 9.37890138675456e-05)	(155, 0.00011665300232281792)
/ | scratch | karcher | fastqc | 230111_PRISMA_Batch1_P3_for_Q | AAAY7KJHV_230111_MG_Batch1_23s000063-1-1_Gross_lane1MG12 | AAAY7KJHV_230111_MG_Batch1_23s000063-1-1_Gross_lane1MG12_1	(1, 0.0006871958463003371)	(2, 0.005613190198510373)	(3, 0.0)	(4, 3.272361172858748e-05)	(5, 6.544722345717497e-06)	(6, 0.2853237153839)	(7, 3.272361172858748e-05)	(8, 1.3089444691434995e-05)	(9, 3.272361172858748e-05)	(10, 0.0)	(15, 4.363148230478332e-06)	(20, 8.726296460956663e-07)	(25, 1.1780500222291495e-05)	(30, 6.544722345717497e-06)	(35, 0.0)	(40, 1.657996327581766e-05)	(45, 6.108407522669664e-06)	(50, 2.4433630090678656e-05)	(55, 0.06034932106468409)	(60, 3.0105722790300485e-05)	(65, 0.06050595808615826)	(70, 0.00010340661306233646)	(75, 0.00011693237257681927)	(80, 0.00017059909581170277)	(85, 0.00014398389160578492)	(90, 0.05675234166347775)	(95, 2.1815741152391657e-05)	(100, 7.111931615679681e-05)	(105, 3.097835243639615e-05)	(110, 0.00013394865067568477)	(115, 1.9197852214104657e-05)	(120, 5.2794093588787805e-05)	(125, 0.0586346038101061)	(130, 0.11644806312323618)	(135, 0.00013874811372921095)	(140, 0.3006475282841629)	(145, 0.00010384292788538429)	(150, 0.3637469416785175)	(155, 4.144990818954415e-05)
/ | scratch | karcher | fastqc | 230111_PRISMA_Batch1_P3_for_Q | AAAY7KJHV_230111_MG_Batch1_23s000063-1-1_Gross_lane1MG12 | AAAY7KJHV_230111_MG_Batch1_23s000063-1-1_Gross_lane1MG12_2	(1, 4.7994630535261646e-05)	(2, 0.0)	(3, 0.0)	(4, 0.0)	(5, 0.0)	(6, 4.363148230478332e-06)	(7, 0.0)	(8, 6.544722345717496e-05)	(9, 0.0)	(10, 5.8029871465361804e-05)	(15, 0.17804829878559839)	(20, 5.235777876573998e-05)	(25, 3.315992655163532e-05)	(30, 5.017620465050081e-05)	(35, 3.621413031297015e-05)	(40, 9.729820553966679e-05)	(45, 4.232253783563981e-05)	(50, 6.413827898803148e-05)	(55, 2.7051519028965656e-05)	(60, 0.24201292447405687)	(65, 0.00011256922434634094)	(70, 0.17904091500803224)	(75, 9.598926107052328e-06)	(80, 6.413827898803148e-05)	(85, 8.639033496347096e-05)	(90, 2.8360463498109152e-05)	(95, 3.8395704428209314e-05)	(100, 0.36127870872453594)	(105, 1.8761537391056824e-05)	(110, 4.930357500440514e-05)	(115, 0.11660382751506426)	(120, 0.06079654375830811)	(125, 0.18058023370374499)	(130, 5.410303805793131e-05)	(135, 5.890250111145748e-05)	(140, 9.817083518576246e-05)	(145, 0.06051730227155751)	(150, 7.940929779470563e-05)	(155, 5.235777876573998e-05)
/ | scratch | karcher | fastqc | 230111_PRISMA_Batch1_P3_for_Q | AAAY7KJHV_230111_MG_Batch1_23s000063-1-1_Gross_lane1MG13 | AAAY7KJHV_230111_MG_Batch1_23s000063-1-1_Gross_lane1MG13_1	(1, 0.0006789001075789687)	(2, 0.00506505248800489)	(3, 2.542697032130969e-06)	(4, 3.8140455481964534e-05)	(5, 2.542697032130969e-06)	(6, 0.28456339565390526)	(7, 3.051236438557163e-05)	(8, 2.2884273289178722e-05)	(9, 3.30550614177026e-05)	(10, 0.0)	(15, 4.576854657835744e-06)	(20, 2.0341576257047753e-06)	(25, 2.3392812695604914e-05)	(30, 1.0170788128523877e-05)	(35, 1.0170788128523877e-06)	(40, 8.645169909245295e-06)	(45, 0.0)	(50, 1.4239103379933425e-05)	(55, 0.060645866913355745)	(60, 8.136630502819101e-06)	(65, 0.05963082225812906)	(70, 5.4413716487602737e-05)	(75, 6.661866224183139e-05)	(80, 8.746877790530534e-05)	(85, 3.9666073701243116e-05)	(90, 0.056114780802098356)	(95, 9.662248722097683e-06)	(100, 6.255034699042183e-05)	(105, 9.153709315671488e-06)	(110, 0.00010374203891094353)	(115, 3.5597758449833564e-06)	(120, 1.779887922491678e-05)	(125, 0.059012438339914805)	(130, 0.1174288684954981)	(135, 0.00010221642069166496)	(140, 0.30103651264626896)	(145, 5.899057114543848e-05)	(150, 0.3634393832088272)	(155, 3.559775844983356e-05)
/ | scratch | karcher | fastqc | 230111_PRISMA_Batch1_P3_for_Q | AAAY7KJHV_230111_MG_Batch1_23s000063-1-1_Gross_lane1MG13 | AAAY7KJHV_230111_MG_Batch1_23s000063-1-1_Gross_lane1MG13_2	(1, 0.0)	(2, 0.0)	(3, 0.0)	(4, 0.0)	(5, 0.0)	(6, 0.0)	(7, 0.0)	(8, 0.0)	(9, 0.0)	(10, 3.864899488839073e-05)	(15, 0.17826696330448297)	(20, 6.0516189364717064e-05)	(25, 1.6781800412064394e-05)	(30, 5.4922255894028935e-05)	(35, 3.7123376669112144e-05)	(40, 0.00010577619653664831)	(45, 1.8307418631342976e-05)	(50, 2.0850115663473948e-05)	(55, 1.3222024567081039e-05)	(60, 0.2425046440454269)	(65, 4.88197830169146e-05)	(70, 0.17928607627496104)	(75, 2.0341576257047753e-06)	(80, 7.017843808681474e-05)	(85, 3.7123376669112144e-05)	(90, 2.390135210203111e-05)	(95, 1.3730563973507234e-05)	(100, 0.3619844519670419)	(105, 1.2713485160654845e-05)	(110, 5.1871019455471765e-05)	(115, 0.11785349889986399)	(120, 0.06057162016001752)	(125, 0.18001939009902762)	(130, 2.44098915084573e-05)	(135, 4.373438895265267e-05)	(140, 7.119551689966712e-05)	(145, 0.05962421124584552)	(150, 6.102472877114326e-05)	(155, 3.8140455481964534e-05)
/ | scratch | karcher | fastqc | 230111_PRISMA_Batch1_P3_for_Q | AAAY7KJHV_230111_MG_Batch1_23s000063-1-1_Gross_lane1MG14 | AAAY7KJHV_230111_MG_Batch1_23s000063-1-1_Gross_lane1MG14_1	(1, 0.0006745909247377909)	(2, 0.00549411552436095)	(3, 2.3753201575274323e-06)	(4, 3.325448220538405e-05)	(5, 2.3753201575274323e-06)	(6, 0.28064882725218115)	(7, 4.275576283549378e-05)	(8, 1.6627241102692026e-05)	(9, 3.325448220538405e-05)	(10, 0.0)	(15, 3.325448220538405e-06)	(20, 4.750640315054864e-07)	(25, 1.2826728850648135e-05)	(30, 1.1876600787637161e-05)	(35, 4.750640315054864e-07)	(40, 4.275576283549379e-06)	(45, 0.0)	(50, 9.026216598604242e-06)	(55, 0.05980913637444623)	(60, 9.501280630109729e-06)	(65, 0.058787748706709435)	(70, 4.703133911904316e-05)	(75, 5.083185137108705e-05)	(80, 8.883697389152598e-05)	(85, 4.465601896151573e-05)	(90, 0.055935939325581996)	(95, 6.175832409571324e-06)	(100, 3.943031461495538e-05)	(105, 5.700768378065838e-06)	(110, 0.00010878966321475639)	(115, 8.07608853559327e-06)	(120, 1.330179288215362e-05)	(125, 0.05820246981989468)	(130, 0.11851184861951618)	(135, 0.0001021387667736796)	(140, 0.299033330207412)	(145, 4.513108299302121e-05)	(150, 0.35773366713232446)	(155, 2.137788141774689e-05)
/ | scratch | karcher | fastqc | 230111_PRISMA_Batch1_P3_for_Q | AAAY7KJHV_230111_MG_Batch1_23s000063-1-1_Gross_lane1MG14 | AAAY7KJHV_230111_MG_Batch1_23s000063-1-1_Gross_lane1MG14_2	(1, 0.0)	(2, 0.0)	(3, 0.0)	(4, 0.0)	(5, 0.0)	(6, 0.0)	(7, 0.0)	(8, 0.0)	(9, 0.0)	(10, 3.325448220538405e-05)	(15, 0.17816183854340806)	(20, 5.035678733958157e-05)	(25, 1.9002561260219458e-05)	(30, 5.035678733958157e-05)	(35, 3.087916204785662e-05)	(40, 8.171101341894367e-05)	(45, 1.4726984976670079e-05)	(50, 1.6627241102692026e-05)	(55, 9.976344661615216e-06)	(60, 0.23989450918142002)	(65, 4.8456531213559616e-05)	(70, 0.17788107570078832)	(75, 6.65089644107681e-06)	(80, 5.6057555717647405e-05)	(85, 3.4679674299900514e-05)	(90, 2.8503841890329187e-05)	(95, 1.2826728850648135e-05)	(100, 0.35861111039851506)	(105, 1.615217707118654e-05)	(110, 2.612852173280176e-05)	(115, 0.1169978195511082)	(120, 0.059318395229901066)	(125, 0.1778079158399365)	(130, 3.5629802362911484e-05)	(135, 3.182929011086759e-05)	(140, 7.125960472582297e-05)	(145, 0.058808176460064164)	(150, 4.6556275087537675e-05)	(155, 9.501280630109729e-06)
/ | scratch | karcher | fastqc | 230111_PRISMA_Batch1_P3_for_Q | AAAY7KJHV_230111_MG_Batch1_23s000063-1-1_Gross_lane1MG15 | AAAY7KJHV_230111_MG_Batch1_23s000063-1-1_Gross_lane1MG15_1	(1, 0.0006501966585849726)	(2, 0.005698934856123266)	(3, 0.0)	(4, 5.180849869202969e-05)	(5, 0.0)	(6, 0.28521355657442726)	(7, 3.108509921521781e-05)	(8, 1.2952124673007423e-05)	(9, 3.36755241498193e-05)	(10, 0.0)	(15, 3.6265949084420787e-06)	(20, 2.5904249346014847e-06)	(25, 1.865105952913069e-05)	(30, 1.0361699738405939e-05)	(35, 5.18084986920297e-07)	(40, 2.3831909398333655e-05)	(45, 9.325529764565345e-06)	(50, 2.331382441141336e-05)	(55, 0.05979167025548454)	(60, 2.7458504306775732e-05)	(65, 0.059662149008754474)	(70, 0.00013729252153387868)	(75, 0.00011294252714862474)	(80, 0.00013211167166467572)	(85, 0.000118641462004748)	(90, 0.05652099973305671)	(95, 2.175956945065247e-05)	(100, 0.00010983401722710293)	(105, 3.0567014228297516e-05)	(110, 0.00014454571135076282)	(115, 1.5542549607608906e-05)	(120, 5.7507433548152955e-05)	(125, 0.058862225788949535)	(130, 0.1187108853929953)	(135, 0.00016526911082757472)	(140, 0.3006623327994036)	(145, 0.00010983401722710293)	(150, 0.36120367203096176)	(155, 2.849467428061633e-05)
/ | scratch | karcher | fastqc | 230111_PRISMA_Batch1_P3_for_Q | AAAY7KJHV_230111_MG_Batch1_23s000063-1-1_Gross_lane1MG15 | AAAY7KJHV_230111_MG_Batch1_23s000063-1-1_Gross_lane1MG15_2	(1, 0.0)	(2, 0.0)	(3, 0.0)	(4, 0.0)	(5, 0.0)	(6, 0.0)	(7, 0.0)	(8, 1.0361699738405939e-05)	(9, 7.771274803804453e-06)	(10, 8.030317297264602e-05)	(15, 0.17818755997643232)	(20, 6.320636840427622e-05)	(25, 3.678403407134108e-05)	(30, 5.2326583678949994e-05)	(35, 5.077232871818909e-05)	(40, 0.00015128081618072668)	(45, 7.926700299880543e-05)	(50, 4.0410628979783155e-05)	(55, 4.1446798953623755e-05)	(60, 0.2406349338748703)	(65, 8.082125795956631e-05)	(70, 0.17838754078138355)	(75, 2.175956945065247e-05)	(80, 0.00010827976226634205)	(85, 6.268828341735593e-05)	(90, 3.678403407134108e-05)	(95, 5.5953178587392065e-05)	(100, 0.3611093805633423)	(105, 3.26393541759787e-05)	(110, 0.00010465316735789999)	(115, 0.11743484207021061)	(120, 0.06004501381408857)	(125, 0.1797387064272717)	(130, 9.325529764565345e-05)	(135, 9.532763759333462e-05)	(140, 0.00012537656683471186)	(145, 0.05963520858943462)	(150, 9.688189255409552e-05)	(155, 0.0001010265724494579)
/ | scratch | karcher | fastqc | 230111_PRISMA_Batch1_P3_for_Q | AAAY7KJHV_230111_MG_Batch1_23s000063-1-1_Gross_lane1MG17 | AAAY7KJHV_230111_MG_Batch1_23s000063-1-1_Gross_lane1MG17_1	(1, 0.000714316744711996)	(2, 0.005922292749458607)	(3, 4.6687368935424575e-06)	(4, 3.734989514833966e-05)	(5, 1.1671842233856143e-05)	(6, 0.283016496118097)	(7, 2.8012421361254748e-05)	(8, 2.8012421361254748e-05)	(9, 3.501552670156844e-05)	(10, 0.0)	(15, 3.2681158254797203e-06)	(20, 0.0)	(25, 1.727432650610709e-05)	(30, 1.2605589612564634e-05)	(35, 4.6687368935424573e-07)	(40, 5.135610582896704e-06)	(45, 7.936852719022178e-06)	(50, 2.2409937089003798e-05)	(55, 0.06027619453776925)	(60, 3.408177932285994e-05)	(65, 0.05949558172916895)	(70, 0.00010177846427922558)	(75, 0.00012792339088306336)	(80, 0.00015126707535077563)	(85, 0.0001498664542827129)	(90, 0.05661777230798939)	(95, 2.9879916118671727e-05)	(100, 7.610041136474207e-05)	(105, 1.6807452816752847e-05)	(110, 0.0001059803274834138)	(115, 2.0075568642232568e-05)	(120, 4.855486369284157e-05)	(125, 0.05923553308419864)	(130, 0.11857004339054038)	(135, 0.00014286334894239922)	(140, 0.2985003620255306)	(145, 9.89772221431001e-05)	(150, 0.36100074281938344)	(155, 2.8012421361254748e-05)
/ | scratch | karcher | fastqc | 230111_PRISMA_Batch1_P3_for_Q | AAAY7KJHV_230111_MG_Batch1_23s000063-1-1_Gross_lane1MG17 | AAAY7KJHV_230111_MG_Batch1_23s000063-1-1_Gross_lane1MG17_2	(1, 7.003105340313687e-06)	(2, 0.0)	(3, 9.337473787084915e-06)	(4, 0.0)	(5, 0.0)	(6, 0.0)	(7, 4.6687368935424575e-06)	(8, 6.769668495636563e-05)	(9, 0.0)	(10, 8.543788515182697e-05)	(15, 0.17870710956888206)	(20, 5.555796903315524e-05)	(25, 3.174741087608871e-05)	(30, 6.582919019894865e-05)	(35, 3.548240039092268e-05)	(40, 0.00011718529602791568)	(45, 6.676293757765715e-05)	(50, 4.99554847609043e-05)	(55, 2.8012421361254748e-05)	(60, 0.24040633511180307)	(65, 9.944409583245435e-05)	(70, 0.17882616235966742)	(75, 2.100931602094106e-05)	(80, 7.516666398603356e-05)	(85, 7.283229553926234e-05)	(90, 3.548240039092268e-05)	(95, 1.3539336991273127e-05)	(100, 0.35945539090762085)	(105, 3.5949274080276925e-05)	(110, 5.6958590101217984e-05)	(115, 0.11828898542954912)	(120, 0.059922304281238736)	(125, 0.17955308469399195)	(130, 7.003105340313687e-05)	(135, 5.462422165444676e-05)	(140, 0.00013025775932983457)	(145, 0.05956047717198919)	(150, 7.75010324328048e-05)	(155, 3.0346789808025978e-05)
/ | scratch | karcher | fastqc | 230111_PRISMA_Batch1_P3_for_Q | AAAY7KJHV_230111_MG_Batch1_23s000063-1-1_Gross_lane1MG19 | AAAY7KJHV_230111_MG_Batch1_23s000063-1-1_Gross_lane1MG19_1	(1, 0.0007249292287840399)	(2, 0.005194556575681815)	(3, 0.0)	(4, 2.7704301736969677e-05)	(5, 6.926075434242419e-06)	(6, 0.28226527824711556)	(7, 2.30869181141414e-05)	(8, 9.23476724565656e-06)	(9, 2.539560992555554e-05)	(10, 0.0)	(15, 3.693906898262624e-06)	(20, 9.23476724565656e-07)	(25, 1.4775627593050496e-05)	(30, 1.2005197419353529e-05)	(35, 0.0)	(40, 1.3852150868484838e-05)	(45, 5.0791219851111085e-06)	(50, 1.800779612903029e-05)	(55, 0.05991147598292149)	(60, 1.2466935781636357e-05)	(65, 0.059114053831259054)	(70, 5.679381856078784e-05)	(75, 5.4485126749373696e-05)	(80, 0.00011681980565755549)	(85, 4.8020789677414114e-05)	(90, 0.056337159320490125)	(95, 8.311290521090904e-06)	(100, 5.4946865111656525e-05)	(105, 2.8166040099252506e-05)	(110, 0.00012143718928038378)	(115, 1.5699104317616153e-05)	(120, 3.139820863523231e-05)	(125, 0.058773752658256614)	(130, 0.11928410329705894)	(135, 0.00012282240436723224)	(140, 0.299244783043342)	(145, 5.4946865111656525e-05)	(150, 0.3589318541821941)	(155, 2.7704301736969677e-05)
/ | scratch | karcher | fastqc | 230111_PRISMA_Batch1_P3_for_Q | AAAY7KJHV_230111_MG_Batch1_23s000063-1-1_Gross_lane1MG19 | AAAY7KJHV_230111_MG_Batch1_23s000063-1-1_Gross_lane1MG19_2	(1, 0.0)	(2, 0.0)	(3, 0.0)	(4, 0.0)	(5, 0.0)	(6, 0.0)	(7, 0.0)	(8, 0.0)	(9, 0.0)	(10, 4.8020789677414114e-05)	(15, 0.17802968991521628)	(20, 5.4946865111656525e-05)	(25, 3.093647027294948e-05)	(30, 5.679381856078784e-05)	(35, 5.125295821339391e-05)	(40, 8.265116684862622e-05)	(45, 2.6780825012404026e-05)	(50, 2.7242563374686848e-05)	(55, 2.7242563374686848e-05)	(60, 0.23984906881109042)	(65, 5.77172952853535e-05)	(70, 0.17771893999739993)	(75, 1.4775627593050496e-05)	(80, 5.4485126749373696e-05)	(85, 5.5408603473939354e-05)	(90, 2.6319086650121197e-05)	(95, 3.1859946997515136e-05)	(100, 0.3582660274637822)	(105, 2.6319086650121197e-05)	(110, 5.125295821339391e-05)	(115, 0.11791043166926751)	(120, 0.058857789040192086)	(125, 0.17869874880216413)	(130, 4.2941667692303e-05)	(135, 6.048772545905047e-05)	(140, 8.449812029775753e-05)	(145, 0.059139449441184606)	(150, 7.941899831264642e-05)	(155, 2.7704301736969677e-05)
/ | scratch | karcher | fastqc | 230111_PRISMA_Batch1_P3_for_Q | AAAY7KJHV_230111_MG_Batch1_23s000063-1-1_Gross_lane1MG2 | AAAY7KJHV_230111_MG_Batch1_23s000063-1-1_Gross_lane1MG2_1	(1, 0.0006546076666630448)	(2, 0.0055722136215538695)	(3, 5.365636611992171e-06)	(4, 3.219381967195303e-05)	(5, 5.365636611992171e-06)	(6, 0.2829005075489812)	(7, 3.487663797794911e-05)	(8, 8.048454917988257e-06)	(9, 3.7559456283945195e-05)	(10, 0.0)	(15, 3.2193819671953025e-06)	(20, 8.048454917988257e-06)	(25, 1.5560346174777297e-05)	(30, 1.126783688518356e-05)	(35, 5.36563661199217e-07)	(40, 1.6096909835976514e-05)	(45, 3.7559456283945194e-06)	(50, 1.4487218852378862e-05)	(55, 0.05987782177152663)	(60, 4.131540191233972e-05)	(65, 0.059396524167430936)	(70, 9.282551338746456e-05)	(75, 0.0001287752786878121)	(80, 0.0001346774789610035)	(85, 0.00012931184234901133)	(90, 0.055856277130838496)	(95, 3.0047565027156155e-05)	(100, 6.599733032750371e-05)	(105, 1.3950655191179645e-05)	(110, 0.0001196536964474254)	(115, 1.9316291803171818e-05)	(120, 3.5949765300347546e-05)	(125, 0.058809523522078994)	(130, 0.11821302301710551)	(135, 0.00012340964207581995)	(140, 0.3006103277505226)	(145, 8.692331311427316e-05)	(150, 0.36199482028269664)	(155, 3.7559456283945195e-05)
/ | scratch | karcher | fastqc | 230111_PRISMA_Batch1_P3_for_Q | AAAY7KJHV_230111_MG_Batch1_23s000063-1-1_Gross_lane1MG2 | AAAY7KJHV_230111_MG_Batch1_23s000063-1-1_Gross_lane1MG2_2	(1, 4.292509289593737e-05)	(2, 0.0)	(3, 0.0)	(4, 0.0)	(5, 0.0)	(6, 0.0)	(7, 0.0)	(8, 5.902200273191388e-05)	(9, 0.0)	(10, 8.102111284108177e-05)	(15, 0.17882808325911986)	(20, 6.653389398870293e-05)	(25, 3.648632896154676e-05)	(30, 6.653389398870293e-05)	(35, 2.19991101091679e-05)	(40, 0.00012340964207581995)	(45, 5.5266057103519364e-05)	(50, 5.4729493442320144e-05)	(55, 1.6096909835976514e-05)	(60, 0.24107483359484105)	(65, 0.00010355678661144889)	(70, 0.17911621794518387)	(75, 1.663347349717573e-05)	(80, 6.868014863349978e-05)	(85, 5.6875748087117006e-05)	(90, 3.648632896154676e-05)	(95, 1.6096909835976514e-05)	(100, 0.36035293547942704)	(105, 3.219381967195303e-05)	(110, 7.941142185748413e-05)	(115, 0.11817492699716037)	(120, 0.06006400936196276)	(125, 0.1798266282326116)	(130, 5.9558566393113096e-05)	(135, 6.331451202150761e-05)	(140, 0.0001132149325130348)	(145, 0.05941208451360571)	(150, 7.726516721268727e-05)	(155, 0.00010194709562785125)
/ | scratch | karcher | fastqc | 230111_PRISMA_Batch1_P3_for_Q | AAAY7KJHV_230111_MG_Batch1_23s000063-1-1_Gross_lane1MG20 | AAAY7KJHV_230111_MG_Batch1_23s000063-1-1_Gross_lane1MG20_1	(1, 0.0006664800228999013)	(2, 0.005465429791313508)	(3, 7.340088357928428e-06)	(4, 4.697656549074194e-05)	(5, 4.404053014757057e-06)	(6, 0.28928462632733204)	(7, 4.2572512475984885e-05)	(8, 1.02761237010998e-05)	(9, 3.963647713281351e-05)	(10, 0.0)	(15, 2.642431808854234e-06)	(20, 5.284863617708468e-06)	(25, 2.231386860810242e-05)	(30, 1.2624951975636895e-05)	(35, 2.936035343171371e-07)	(40, 1.2037744907002621e-05)	(45, 4.11044948043992e-06)	(50, 1.2918555509954033e-05)	(55, 0.060420377723589325)	(60, 1.8790626196296776e-05)	(65, 0.05940333508071476)	(70, 5.8720706863427424e-05)	(75, 6.0188724535013115e-05)	(80, 0.00013946167880064014)	(85, 4.785737609369335e-05)	(90, 0.05781288473531884)	(95, 1.732260852471109e-05)	(100, 6.0188724535013115e-05)	(105, 2.348828274537097e-05)	(110, 0.00013447041871724879)	(115, 1.849702266197964e-05)	(120, 2.84795428287623e-05)	(125, 0.06061533047037591)	(130, 0.11950221693422683)	(135, 0.00010540366881985221)	(140, 0.30122606927507867)	(145, 8.954907796672683e-05)	(150, 0.36012293825909636)	(155, 8.808106029514114e-06)
/ | scratch | karcher | fastqc | 230111_PRISMA_Batch1_P3_for_Q | AAAY7KJHV_230111_MG_Batch1_23s000063-1-1_Gross_lane1MG20 | AAAY7KJHV_230111_MG_Batch1_23s000063-1-1_Gross_lane1MG20_2	(1, 0.0)	(2, 0.0)	(3, 0.0)	(4, 0.0)	(5, 0.0)	(6, 0.0)	(7, 0.0)	(8, 0.0)	(9, 0.0)	(10, 3.9342873598496376e-05)	(15, 0.1798254118879572)	(20, 6.576719168703871e-05)	(25, 3.053476756898226e-05)	(30, 6.077593160364738e-05)	(35, 3.464521704942218e-05)	(40, 0.00010775249709438933)	(45, 3.229638877488508e-05)	(50, 2.4662696882639518e-05)	(55, 2.05522474021996e-05)	(60, 0.2403412107601996)	(65, 6.459277754977016e-05)	(70, 0.1810694100628589)	(75, 1.5560987318808266e-05)	(80, 6.459277754977016e-05)	(85, 5.901431039774456e-05)	(90, 3.4938820583739315e-05)	(95, 1.9671436799248188e-05)	(100, 0.36416879496198645)	(105, 3.317719937783649e-05)	(110, 5.9601517466378836e-05)	(115, 0.122061265339335)	(120, 0.05974127274871379)	(125, 0.1824537507271642)	(130, 4.9618997299596176e-05)	(135, 6.987764116747863e-05)	(140, 7.692412599108993e-05)	(145, 0.05941126237614133)	(150, 8.602583555492118e-05)	(155, 4.11044948043992e-05)
/ | scratch | karcher | fastqc | 230111_PRISMA_Batch1_P3_for_Q | AAAY7KJHV_230111_MG_Batch1_23s000063-1-1_Gross_lane1MG21 | AAAY7KJHV_230111_MG_Batch1_23s000063-1-1_Gross_lane1MG21_1	(1, 0.0006687563608761265)	(2, 0.005508769063323612)	(3, 0.0)	(4, 3.923370650473275e-05)	(5, 3.5667005913393407e-06)	(6, 0.28826965854352393)	(7, 3.0316955026384397e-05)	(8, 1.6050152661027036e-05)	(9, 5.706720946142945e-05)	(10, 0.0)	(15, 2.1400203548036045e-06)	(20, 1.0700101774018022e-06)	(25, 2.389689396197359e-05)	(30, 1.1770111951419825e-05)	(35, 3.566700591339341e-07)	(40, 7.84674130094655e-06)	(45, 1.7833502956696703e-06)	(50, 1.1413441892285891e-05)	(55, 0.05977469188031515)	(60, 1.997352331150031e-05)	(65, 0.05915800934807258)	(70, 5.2073828633554386e-05)	(75, 5.457051904749192e-05)	(80, 0.00011342107880459105)	(85, 4.8150457983081104e-05)	(90, 0.05726444800413053)	(95, 3.923370650473275e-06)	(100, 4.9220468160482914e-05)	(105, 1.6763492779294904e-05)	(110, 0.00013054124164301988)	(115, 6.420061064410814e-06)	(120, 2.960361490811653e-05)	(125, 0.05980251214492759)	(130, 0.11912851309085226)	(135, 0.00010914103809498384)	(140, 0.300360060208046)	(145, 4.743711786481324e-05)	(150, 0.35871235189253503)	(155, 3.566700591339341e-05)
/ | scratch | karcher | fastqc | 230111_PRISMA_Batch1_P3_for_Q | AAAY7KJHV_230111_MG_Batch1_23s000063-1-1_Gross_lane1MG21 | AAAY7KJHV_230111_MG_Batch1_23s000063-1-1_Gross_lane1MG21_2	(1, 3.5667005913393407e-06)	(2, 0.0)	(3, 0.0)	(4, 0.0)	(5, 0.0)	(6, 0.0)	(7, 0.0)	(8, 0.0)	(9, 0.0)	(10, 3.923370650473275e-05)	(15, 0.179056573096595)	(20, 5.564052922489373e-05)	(25, 2.7820264612446864e-05)	(30, 4.743711786481324e-05)	(35, 2.889027478984866e-05)	(40, 8.025076330513518e-05)	(45, 1.9616853252366375e-05)	(50, 2.1756873607169982e-05)	(55, 2.354022390283965e-05)	(60, 0.2397208001043902)	(65, 6.848065135371534e-05)	(70, 0.17982091703331904)	(75, 1.6763492779294904e-05)	(80, 6.955066153111715e-05)	(85, 3.8520366386464886e-05)	(90, 2.675025443504506e-05)	(95, 1.56934826018931e-05)	(100, 0.36108777448636703)	(105, 2.496690413937539e-05)	(110, 5.5997199284027654e-05)	(115, 0.12153746267024286)	(120, 0.05978681866232571)	(125, 0.181107069266556)	(130, 3.994704662300062e-05)	(135, 5.1360488515286515e-05)	(140, 8.274745371907271e-05)	(145, 0.0591719194803788)	(150, 6.348727052584027e-05)	(155, 3.210030532205407e-05)
/ | scratch | karcher | fastqc | 230111_PRISMA_Batch1_P3_for_Q | AAAY7KJHV_230111_MG_Batch1_23s000063-1-1_Gross_lane1MG22 | AAAY7KJHV_230111_MG_Batch1_23s000063-1-1_Gross_lane1MG22_1	(1, 0.0006009933958530839)	(2, 0.0051337604363713985)	(3, 4.402882020901713e-06)	(4, 4.182737919856628e-05)	(5, 2.2014410104508567e-06)	(6, 0.2905902133795131)	(7, 3.522305616721371e-05)	(8, 1.3208646062705141e-05)	(9, 2.6417292125410282e-05)	(10, 0.0)	(15, 3.5223056167213707e-06)	(20, 8.805764041803427e-07)	(25, 1.8051816285697026e-05)	(30, 1.0126628648073941e-05)	(35, 4.4028820209017134e-07)	(40, 8.365475839713256e-06)	(45, 8.805764041803427e-07)	(50, 1.3648934264795312e-05)	(55, 0.06154216402355789)	(60, 2.8178444933770966e-05)	(65, 0.06150165750896559)	(70, 6.956553593024707e-05)	(75, 8.717706401385393e-05)	(80, 0.00012372098478733817)	(85, 0.00010082599827864924)	(90, 0.057393768583464295)	(95, 2.0253257296147882e-05)	(100, 5.063314324036971e-05)	(105, 1.7611528083606854e-05)	(110, 0.00011139291512881335)	(115, 1.0566916850164114e-05)	(120, 4.534968481528765e-05)	(125, 0.05958068008324617)	(130, 0.11634791855513614)	(135, 9.113965783266547e-05)	(140, 0.30435714488246857)	(145, 8.717706401385393e-05)	(150, 0.36877130884826065)	(155, 3.302161515676286e-05)
/ | scratch | karcher | fastqc | 230111_PRISMA_Batch1_P3_for_Q | AAAY7KJHV_230111_MG_Batch1_23s000063-1-1_Gross_lane1MG22 | AAAY7KJHV_230111_MG_Batch1_23s000063-1-1_Gross_lane1MG22_2	(1, 2.861873313586114e-05)	(2, 0.0)	(3, 0.0)	(4, 0.0)	(5, 0.0)	(6, 0.0)	(7, 2.2014410104508567e-06)	(8, 4.182737919856628e-05)	(9, 0.0)	(10, 6.384178930307485e-05)	(15, 0.17884991085925062)	(20, 5.1954007846640226e-05)	(25, 2.1133833700328228e-05)	(30, 6.340150110098468e-05)	(35, 4.3148243804836794e-05)	(40, 7.969216457832102e-05)	(45, 4.0506514592295765e-05)	(50, 3.7864785379754736e-05)	(55, 2.2454698306598742e-05)	(60, 0.24479671805651856)	(65, 7.176697694069794e-05)	(70, 0.18085322217876088)	(75, 1.4969798871065826e-05)	(80, 5.723746627172228e-05)	(85, 6.648351851561588e-05)	(90, 2.9499309540041484e-05)	(95, 1.8051816285697026e-05)	(100, 0.36706122947134245)	(105, 1.3648934264795312e-05)	(110, 5.723746627172228e-05)	(115, 0.11758292696199908)	(120, 0.061796650604366)	(125, 0.1822233990636655)	(130, 4.7110837623648334e-05)	(135, 5.415544885709108e-05)	(140, 9.113965783266547e-05)	(145, 0.0615056201027844)	(150, 5.371516065500091e-05)	(155, 2.4215851114959426e-05)
/ | scratch | karcher | fastqc | 230111_PRISMA_Batch1_P3_for_Q | AAAY7KJHV_230111_MG_Batch1_23s000063-1-1_Gross_lane1MG24 | AAAY7KJHV_230111_MG_Batch1_23s000063-1-1_Gross_lane1MG24_1	(1, 0.0006412798281508716)	(2, 0.005305723983586096)	(3, 1.5165401341405745e-05)	(4, 1.949837315323596e-05)	(5, 0.0)	(6, 0.2820114703729694)	(7, 1.7331887247320854e-05)	(8, 1.2998915435490639e-05)	(9, 3.6830260400556815e-05)	(10, 0.0)	(15, 2.599783087098128e-06)	(20, 8.665943623660426e-07)	(25, 1.1699023891941576e-05)	(30, 9.532537986026468e-06)	(35, 0.0)	(40, 1.2998915435490639e-05)	(45, 6.066160536562299e-06)	(50, 2.0364967515602e-05)	(55, 0.059069671521956565)	(60, 1.4298806979039704e-05)	(65, 0.05857051316923372)	(70, 7.539370952584571e-05)	(75, 8.189316724359103e-05)	(80, 8.405965314950614e-05)	(85, 7.886008697530989e-05)	(90, 0.056063888976089944)	(95, 1.0399132348392513e-05)	(100, 9.099240804843448e-05)	(105, 1.2998915435490639e-05)	(110, 0.00012088991355006294)	(115, 2.599783087098128e-06)	(120, 2.4264642146249196e-05)	(125, 0.0584283916938057)	(130, 0.11897387341487163)	(135, 0.00012695607408662524)	(140, 0.2987922036058255)	(145, 6.542787435863622e-05)	(150, 0.35865350907780347)	(155, 2.3831344965066172e-05)
/ | scratch | karcher | fastqc | 230111_PRISMA_Batch1_P3_for_Q | AAAY7KJHV_230111_MG_Batch1_23s000063-1-1_Gross_lane1MG24 | AAAY7KJHV_230111_MG_Batch1_23s000063-1-1_Gross_lane1MG24_2	(1, 6.4994577177453196e-06)	(2, 0.0)	(3, 0.0)	(4, 0.0)	(5, 0.0)	(6, 0.0)	(7, 0.0)	(8, 0.0)	(9, 0.0)	(10, 5.849511945970788e-05)	(15, 0.1787784169561146)	(20, 5.026247301723047e-05)	(25, 2.2098156240334087e-05)	(30, 4.636279838658328e-05)	(35, 1.863177879086992e-05)	(40, 0.00011135737556403648)	(45, 2.9897505501628473e-05)	(50, 1.949837315323596e-05)	(55, 2.0364967515602e-05)	(60, 0.23923290626913213)	(65, 6.542787435863622e-05)	(70, 0.1773364039371375)	(75, 6.4994577177453196e-06)	(80, 8.362635596832311e-05)	(85, 3.3363882951092644e-05)	(90, 2.8164316776896384e-05)	(95, 3.206399140754358e-05)	(100, 0.3581478512673628)	(105, 1.2132321073124598e-05)	(110, 6.412798281508716e-05)	(115, 0.11785293360715116)	(120, 0.059249489852147515)	(125, 0.1780379120734728)	(130, 5.156236456077954e-05)	(135, 6.71610630833683e-05)	(140, 8.362635596832311e-05)	(145, 0.05855361457916758)	(150, 4.246312375593609e-05)	(155, 2.3831344965066172e-05)
/ | scratch | karcher | fastqc | 230111_PRISMA_Batch1_P3_for_Q | AAAY7KJHV_230111_MG_Batch1_23s000063-1-1_Gross_lane1MG26 | AAAY7KJHV_230111_MG_Batch1_23s000063-1-1_Gross_lane1MG26_1	(1, 0.0007792252319363904)	(2, 0.005552701282391166)	(3, 5.772038755084373e-06)	(4, 4.6176310040674984e-05)	(5, 5.772038755084373e-06)	(6, 0.28230464347242157)	(7, 4.040427128559061e-05)	(8, 5.772038755084373e-06)	(9, 3.751825190804842e-05)	(10, 0.0)	(15, 5.772038755084373e-07)	(20, 0.0)	(25, 1.0966873634660308e-05)	(30, 6.3492426305928095e-06)	(35, 0.0)	(40, 8.65805813262656e-06)	(45, 2.8860193775421865e-06)	(50, 2.077933951830374e-05)	(55, 0.05997032825757561)	(60, 1.904772789177843e-05)	(65, 0.05861563076175731)	(70, 8.254015419770653e-05)	(75, 8.600337745075716e-05)	(80, 0.00013622011461999117)	(85, 9.870186271194278e-05)	(90, 0.05629931160934195)	(95, 1.0966873634660308e-05)	(100, 7.157328056304621e-05)	(105, 2.366535889584593e-05)	(110, 0.00012121281385677182)	(115, 1.0966873634660308e-05)	(120, 2.424256277135436e-05)	(125, 0.05872645390585493)	(130, 0.11815998255920769)	(135, 0.0001177495906037212)	(140, 0.300733608809655)	(145, 7.792252319363902e-05)	(150, 0.3612684424574778)	(155, 2.3088155020337492e-05)
/ | scratch | karcher | fastqc | 230111_PRISMA_Batch1_P3_for_Q | AAAY7KJHV_230111_MG_Batch1_23s000063-1-1_Gross_lane1MG26 | AAAY7KJHV_230111_MG_Batch1_23s000063-1-1_Gross_lane1MG26_2	(1, 0.0)	(2, 0.0)	(3, 0.0)	(4, 0.0)	(5, 0.0)	(6, 2.8860193775421865e-06)	(7, 0.0)	(8, 8.65805813262656e-06)	(9, 0.0)	(10, 5.772038755084373e-05)	(15, 0.1779386791301145)	(20, 5.194834879575935e-05)	(25, 2.366535889584593e-05)	(30, 3.86726596590653e-05)	(35, 3.0014601526438734e-05)	(40, 9.466143558338371e-05)	(45, 4.444469841414967e-05)	(50, 3.463223253050624e-05)	(55, 2.366535889584593e-05)	(60, 0.24021031923934225)	(65, 8.311735807321496e-05)	(70, 0.17823651632987686)	(75, 2.0202135642795306e-05)	(80, 6.522403793245341e-05)	(85, 5.1371144920250916e-05)	(90, 3.347782477948936e-05)	(95, 1.8470524016269993e-05)	(100, 0.35981215707957004)	(105, 3.520943640601467e-05)	(110, 3.6363844157031546e-05)	(115, 0.1176878297890418)	(120, 0.05981852363831689)	(125, 0.17876465787596707)	(130, 5.88747953018606e-05)	(135, 5.1371144920250916e-05)	(140, 8.080854257118122e-05)	(145, 0.058628329247018496)	(150, 6.580124180796185e-05)	(155, 4.040427128559061e-05)
/ | scratch | karcher | fastqc | 230111_PRISMA_Batch1_P3_for_Q | AAAY7KJHV_230111_MG_Batch1_23s000063-1-1_Gross_lane1MG27 | AAAY7KJHV_230111_MG_Batch1_23s000063-1-1_Gross_lane1MG27_1	(1, 0.0007487224430734505)	(2, 0.005250329206072339)	(3, 0.0)	(4, 2.7816313674555435e-05)	(5, 2.318026139546286e-06)	(6, 0.2855993646012188)	(7, 3.0134339814101723e-05)	(8, 1.8544209116370288e-05)	(9, 3.940644437228687e-05)	(10, 0.0)	(15, 3.708841823274058e-06)	(20, 4.6360522790925726e-07)	(25, 1.5298972521005487e-05)	(30, 6.026867962820343e-06)	(35, 1.854420911637029e-06)	(40, 2.9670734586192465e-05)	(45, 1.4371762065186974e-05)	(50, 3.198876072573875e-05)	(55, 0.060041513066527906)	(60, 1.3908156837277718e-05)	(65, 0.059721625459270525)	(70, 5.8877863944475665e-05)	(75, 5.42418116653831e-05)	(80, 8.99394142143959e-05)	(85, 5.42418116653831e-05)	(90, 0.05611894923318768)	(95, 3.708841823274058e-06)	(100, 6.351391622356825e-05)	(105, 3.0597945042010974e-05)	(110, 0.00010013872922839957)	(115, 9.272104558185145e-07)	(120, 6.119589008402195e-05)	(125, 0.058691958248084056)	(130, 0.11756889498210392)	(135, 0.00012656422721922723)	(140, 0.29984966209669356)	(145, 6.907717895847933e-05)	(150, 0.3599570071055846)	(155, 6.954078418638859e-06)
/ | scratch | karcher | fastqc | 230111_PRISMA_Batch1_P3_for_Q | AAAY7KJHV_230111_MG_Batch1_23s000063-1-1_Gross_lane1MG27 | AAAY7KJHV_230111_MG_Batch1_23s000063-1-1_Gross_lane1MG27_2	(1, 2.318026139546286e-06)	(2, 0.0)	(3, 0.0)	(4, 0.0)	(5, 0.0)	(6, 0.0)	(7, 0.0)	(8, 0.0)	(9, 0.0)	(10, 7.742207306084597e-05)	(15, 0.1775390128435338)	(20, 6.258670576774973e-05)	(25, 3.3379576409466524e-05)	(30, 4.404249665137944e-05)	(35, 4.636052279092573e-05)	(40, 7.742207306084597e-05)	(45, 4.636052279092573e-05)	(50, 2.3643866623372118e-05)	(55, 3.2915971181557266e-05)	(60, 0.24007379482575766)	(65, 5.934146917238493e-05)	(70, 0.17819362342534167)	(75, 1.0199315014003659e-05)	(80, 8.113091488412002e-05)	(85, 4.126086528392389e-05)	(90, 2.3180261395462863e-05)	(95, 4.126086528392389e-05)	(100, 0.3599676700258265)	(105, 1.9471419572188804e-05)	(110, 7.881288874457373e-05)	(115, 0.11758651198076446)	(120, 0.059883423683810846)	(125, 0.17923117192540258)	(130, 4.218807573974241e-05)	(135, 7.742207306084597e-05)	(140, 9.596628217721624e-05)	(145, 0.059730433958600795)	(150, 7.510404692129967e-05)	(155, 1.8544209116370288e-05)
/ | scratch | karcher | fastqc | 230111_PRISMA_Batch1_P3_for_Q | AAAY7KJHV_230111_MG_Batch1_23s000063-1-1_Gross_lane1MG28 | AAAY7KJHV_230111_MG_Batch1_23s000063-1-1_Gross_lane1MG28_1	(1, 0.0007241997607128119)	(2, 0.005764630095273982)	(3, 8.690397128553742e-06)	(4, 3.7658387557066217e-05)	(5, 5.793598085702495e-06)	(6, 0.2883328927301989)	(7, 4.9245583728471206e-05)	(8, 1.158719617140499e-05)	(9, 2.6071191385661227e-05)	(10, 0.0)	(15, 5.793598085702495e-07)	(20, 2.317439234280998e-06)	(25, 1.7380794257107485e-05)	(30, 1.3325275597115738e-05)	(35, 0.0)	(40, 5.793598085702495e-06)	(45, 1.7380794257107482e-06)	(50, 8.690397128553742e-06)	(55, 0.06123485560702395)	(60, 4.0555186599917464e-05)	(65, 0.06212127611413643)	(70, 0.0001274591578854549)	(75, 0.0001488954708025541)	(80, 0.00017206986314536408)	(85, 0.00016164138659109962)	(90, 0.05700726708388684)	(95, 3.302350908850422e-05)	(100, 8.284845262554568e-05)	(105, 4.8666223919900964e-05)	(110, 0.00013672891482257888)	(115, 3.0126710045652977e-05)	(120, 6.546765836843819e-05)	(125, 0.05928530985118507)	(130, 0.11544091801647363)	(135, 0.00016685562486823185)	(140, 0.30322881276834857)	(145, 0.00012340363922546315)	(150, 0.3684994888018729)	(155, 2.0277593299958732e-05)
/ | scratch | karcher | fastqc | 230111_PRISMA_Batch1_P3_for_Q | AAAY7KJHV_230111_MG_Batch1_23s000063-1-1_Gross_lane1MG28 | AAAY7KJHV_230111_MG_Batch1_23s000063-1-1_Gross_lane1MG28_2	(1, 4.345198564276871e-05)	(2, 0.0)	(3, 0.0)	(4, 0.0)	(5, 0.0)	(6, 0.0)	(7, 0.0)	(8, 6.0832779899876196e-05)	(9, 2.8967990428512474e-06)	(10, 8.922141051981842e-05)	(15, 0.17851292357647383)	(20, 7.531677511413243e-05)	(25, 2.8967990428512474e-05)	(30, 6.720573779414894e-05)	(35, 4.808686411133071e-05)	(40, 0.00013499083539686814)	(45, 6.488829855986794e-05)	(50, 5.50391818141737e-05)	(55, 2.9547350237082724e-05)	(60, 0.2447737255228447)	(65, 0.00010196732630836391)	(70, 0.18095434580978886)	(75, 2.143631291709923e-05)	(80, 8.111037319983493e-05)	(85, 9.791180764837216e-05)	(90, 4.345198564276871e-05)	(95, 2.9547350237082724e-05)	(100, 0.36585586999536684)	(105, 3.244414927993397e-05)	(110, 6.430893875129769e-05)	(115, 0.1163568858738232)	(120, 0.061818270934254196)	(125, 0.18130485849397387)	(130, 9.501500860552092e-05)	(135, 7.937229377412418e-05)	(140, 0.00011529260190547965)	(145, 0.06214387114667067)	(150, 9.675308803123165e-05)	(155, 7.241997607128119e-05)
/ | scratch | karcher | fastqc | 230111_PRISMA_Batch1_P3_for_Q | AAAY7KJHV_230111_MG_Batch1_23s000063-1-1_Gross_lane1MG3 | AAAY7KJHV_230111_MG_Batch1_23s000063-1-1_Gross_lane1MG3_1	(1, 0.0006547912247598059)	(2, 0.005862234644311847)	(3, 2.059091901760396e-06)	(4, 4.118183803520792e-05)	(5, 1.029545950880198e-05)	(6, 0.28535925120546446)	(7, 3.088637852640594e-05)	(8, 1.029545950880198e-05)	(9, 4.118183803520792e-05)	(10, 0.0)	(15, 1.6472735214083168e-06)	(20, 6.589094085633267e-06)	(25, 1.8943645496195643e-05)	(30, 9.8836411284499e-06)	(35, 8.236367607041584e-07)	(40, 9.471822748097822e-06)	(45, 1.6472735214083168e-06)	(50, 1.7708190355139407e-05)	(55, 0.059743727892817185)	(60, 1.9355463876547722e-05)	(65, 0.0592330731011806)	(70, 0.00010130732156661147)	(75, 0.00010130732156661147)	(80, 0.00011983914868245505)	(85, 8.895277015604911e-05)	(90, 0.055983002443441995)	(95, 2.017910063725188e-05)	(100, 9.51300458613303e-05)	(105, 1.3590006551618613e-05)	(110, 0.000114485509737878)	(115, 1.0707277889154058e-05)	(120, 2.5944557962180986e-05)	(125, 0.0586771182877053)	(130, 0.11757085304347578)	(135, 0.00013713552065724237)	(140, 0.2997963681654673)	(145, 7.042094304020554e-05)	(150, 0.36011458269887564)	(155, 1.4413643312322772e-05)
/ | scratch | karcher | fastqc | 230111_PRISMA_Batch1_P3_for_Q | AAAY7KJHV_230111_MG_Batch1_23s000063-1-1_Gross_lane1MG3 | AAAY7KJHV_230111_MG_Batch1_23s000063-1-1_Gross_lane1MG3_2	(1, 0.0)	(2, 0.0)	(3, 4.118183803520792e-06)	(4, 0.0)	(5, 0.0)	(6, 0.0)	(7, 0.0)	(8, 4.118183803520792e-06)	(9, 0.0)	(10, 8.071640254900752e-05)	(15, 0.17733476003693022)	(20, 6.424366733492436e-05)	(25, 3.3357288808518414e-05)	(30, 5.683093648858693e-05)	(35, 2.8003649863941386e-05)	(40, 0.00011819187516104672)	(45, 5.1065479163657814e-05)	(50, 1.7296371974787325e-05)	(55, 2.6356376342533068e-05)	(60, 0.23999004387883663)	(65, 6.424366733492436e-05)	(70, 0.177922836684073)	(75, 1.523728007302693e-05)	(80, 9.183549881851365e-05)	(85, 3.9122746133447517e-05)	(90, 3.088637852640594e-05)	(95, 3.2533652047814256e-05)	(100, 0.36063388567649957)	(105, 2.5532739581828907e-05)	(110, 8.401094959182416e-05)	(115, 0.11815975332737927)	(120, 0.05981167792557528)	(125, 0.17964135478528223)	(130, 7.742185550619089e-05)	(135, 6.34200305742202e-05)	(140, 0.00011489732811823009)	(145, 0.05924295674230905)	(150, 7.618640036513465e-05)	(155, 9.265913557921782e-05)
/ | scratch | karcher | fastqc | 230111_PRISMA_Batch1_P3_for_Q | AAAY7KJHV_230111_MG_Batch1_23s000063-1-1_Gross_lane1MG31 | AAAY7KJHV_230111_MG_Batch1_23s000063-1-1_Gross_lane1MG31_1	(1, 0.0007521101836668902)	(2, 0.006024798418636879)	(3, 0.0)	(4, 2.9028814106441376e-05)	(5, 1.055593240234232e-05)	(6, 0.28427653756127985)	(7, 3.166779720702696e-05)	(8, 1.583389860351348e-05)	(9, 3.430678030761254e-05)	(10, 0.0)	(15, 2.63898310058558e-06)	(20, 2.63898310058558e-06)	(25, 2.480644114550445e-05)	(30, 7.91694930175674e-06)	(35, 1.0555932402342319e-06)	(40, 1.952847494433329e-05)	(45, 1.1611525642576552e-05)	(50, 2.7973220866207144e-05)	(55, 0.060255901135670545)	(60, 6.28077977939368e-05)	(65, 0.05942884383194702)	(70, 0.000154644409694315)	(75, 0.0002021461055048554)	(80, 0.00020320169874508964)	(85, 0.00024384203849410756)	(90, 0.05675872073077454)	(95, 5.2251865391594476e-05)	(100, 0.00012403220572752225)	(105, 2.586203438573868e-05)	(110, 0.00012456000234763938)	(115, 6.122440793358545e-05)	(120, 5.858542483299986e-05)	(125, 0.059084720435630664)	(130, 0.11808710459852306)	(135, 0.00020003491902438692)	(140, 0.30111324974301584)	(145, 0.00016836712181736)	(150, 0.36261686208864324)	(155, 2.111186480468464e-05)
/ | scratch | karcher | fastqc | 230111_PRISMA_Batch1_P3_for_Q | AAAY7KJHV_230111_MG_Batch1_23s000063-1-1_Gross_lane1MG31 | AAAY7KJHV_230111_MG_Batch1_23s000063-1-1_Gross_lane1MG31_2	(1, 5.541864511229717e-05)	(2, 7.91694930175674e-06)	(3, 2.9028814106441376e-05)	(4, 0.0)	(5, 0.0)	(6, 0.0)	(7, 0.0)	(8, 0.00013458813812986455)	(9, 2.111186480468464e-05)	(10, 9.975356120213493e-05)	(15, 0.17860215387467113)	(20, 5.805762821288275e-05)	(25, 3.747356002831523e-05)	(30, 7.811389977733316e-05)	(35, 4.3279322849603514e-05)	(40, 0.00015094983335349515)	(45, 7.60027132968647e-05)	(50, 0.00010028135782225202)	(55, 4.222372960936928e-05)	(60, 0.24196202693325042)	(65, 0.00015411661307419787)	(70, 0.17902544676400503)	(75, 2.480644114550445e-05)	(80, 8.866983217967549e-05)	(85, 0.00012772678206834207)	(90, 5.541864511229717e-05)	(95, 4.222372960936928e-05)	(100, 0.361376540031368)	(105, 1.7945085083981942e-05)	(110, 8.550305245897279e-05)	(115, 0.1183415025694195)	(120, 0.06008964520033365)	(125, 0.17988997762775688)	(130, 0.00011769864628611686)	(135, 6.439118765428815e-05)	(140, 0.0001514776299736123)	(145, 0.05943623298462866)	(150, 9.817017134178357e-05)	(155, 5.014067891112601e-05)
/ | scratch | karcher | fastqc | 230111_PRISMA_Batch1_P3_for_Q | AAAY7KJHV_230111_MG_Batch1_23s000063-1-1_Gross_lane1MG32 | AAAY7KJHV_230111_MG_Batch1_23s000063-1-1_Gross_lane1MG32_1	(1, 0.0007600630380558321)	(2, 0.0059913934655021804)	(3, 7.862721083336195e-06)	(4, 4.7176326500017164e-05)	(5, 7.862721083336195e-06)	(6, 0.284515183307548)	(7, 3.4071791361123515e-05)	(8, 3.145088433334478e-05)	(9, 4.4555419472238435e-05)	(10, 0.0)	(15, 1.5725442166672388e-06)	(20, 5.241814055557462e-07)	(25, 1.834634919445112e-05)	(30, 1.258035373333791e-05)	(35, 5.241814055557462e-07)	(40, 8.38690248889194e-06)	(45, 7.338539677780448e-06)	(50, 3.459597276667926e-05)	(55, 0.06037678683612753)	(60, 3.0402521522233288e-05)	(65, 0.06007957597917742)	(70, 0.00012842444436115784)	(75, 0.00013733552825560553)	(80, 0.00016459296134450433)	(85, 0.00016249623572228136)	(90, 0.056040234067964836)	(95, 2.778161449445455e-05)	(100, 9.749774143336882e-05)	(105, 4.0886149633348214e-05)	(110, 0.00013261789560560383)	(115, 3.8789424011125226e-05)	(120, 5.399068477224187e-05)	(125, 0.0585636433543102)	(130, 0.11621311433733117)	(135, 0.00016721386837228306)	(140, 0.3002746972655815)	(145, 0.00011741663484448716)	(150, 0.36333372035393774)	(155, 2.882997730556605e-05)
/ | scratch | karcher | fastqc | 230111_PRISMA_Batch1_P3_for_Q | AAAY7KJHV_230111_MG_Batch1_23s000063-1-1_Gross_lane1MG32 | AAAY7KJHV_230111_MG_Batch1_23s000063-1-1_Gross_lane1MG32_2	(1, 4.97972335277959e-05)	(2, 1.834634919445112e-05)	(3, 0.0)	(4, 0.0)	(5, 2.6209070277787315e-06)	(6, 0.0)	(7, 0.0)	(8, 4.97972335277959e-05)	(9, 5.241814055557463e-06)	(10, 7.967557364447345e-05)	(15, 0.1765794175453476)	(20, 6.028086163891083e-05)	(25, 3.249924714445627e-05)	(30, 6.0805043044466576e-05)	(35, 4.665214509446142e-05)	(40, 0.00012685190014449058)	(45, 5.241814055557464e-05)	(50, 5.923249882779933e-05)	(55, 3.8265242605569484e-05)	(60, 0.24171891663235462)	(65, 0.00011479572781670843)	(70, 0.17842768118133714)	(75, 1.729798638333963e-05)	(80, 7.915139223891768e-05)	(85, 8.124811786114068e-05)	(90, 2.882997730556605e-05)	(95, 3.092670292778903e-05)	(100, 0.36118667331678145)	(105, 2.3063981844452837e-05)	(110, 7.024030834447e-05)	(115, 0.11687934890379253)	(120, 0.06053037198795536)	(125, 0.17958297699918202)	(130, 7.915139223891768e-05)	(135, 6.604685710002404e-05)	(140, 0.00013943225387782853)	(145, 0.06012413139864966)	(150, 9.95944670555918e-05)	(155, 7.076448975002575e-05)
/ | scratch | karcher | fastqc | 230111_PRISMA_Batch1_P3_for_Q | AAAY7KJHV_230111_MG_Batch1_23s000063-1-1_Gross_lane1MG33 | AAAY7KJHV_230111_MG_Batch1_23s000063-1-1_Gross_lane1MG33_1	(1, 0.0006470426892672526)	(2, 0.005239985057344636)	(3, 6.3643543206615004e-06)	(4, 3.3943223043528e-05)	(5, 4.242902880441e-06)	(6, 0.28035405072801955)	(7, 3.18217716033075e-05)	(8, 1.2728708641323001e-05)	(9, 4.2429028804410005e-05)	(10, 0.0)	(15, 5.515773744573301e-06)	(20, 1.6971611521764003e-06)	(25, 1.48501600815435e-05)	(30, 6.3643543206615004e-06)	(35, 4.2429028804410006e-07)	(40, 5.940064032617401e-06)	(45, 0.0)	(50, 1.4001579505455303e-05)	(55, 0.05978504732714196)	(60, 1.1031547489146602e-05)	(65, 0.05934972549160872)	(70, 4.7944802548983304e-05)	(75, 5.38848665816007e-05)	(80, 9.164670221752562e-05)	(85, 4.370189966854231e-05)	(90, 0.05654516668763722)	(95, 3.3943223043528005e-06)	(100, 4.709622197289511e-05)	(105, 1.1880128065234801e-05)	(110, 0.00010182966913058401)	(115, 5.515773744573301e-06)	(120, 2.03659338261168e-05)	(125, 0.058658980902672915)	(130, 0.11851997619137479)	(135, 7.34022198316293e-05)	(140, 0.29992698600578194)	(145, 5.218770542942431e-05)	(150, 0.3606823852216807)	(155, 2.1214514402205003e-05)
/ | scratch | karcher | fastqc | 230111_PRISMA_Batch1_P3_for_Q | AAAY7KJHV_230111_MG_Batch1_23s000063-1-1_Gross_lane1MG33 | AAAY7KJHV_230111_MG_Batch1_23s000063-1-1_Gross_lane1MG33_2	(1, 0.0)	(2, 0.0)	(3, 0.0)	(4, 0.0)	(5, 0.0)	(6, 0.0)	(7, 0.0)	(8, 0.0)	(9, 0.0)	(10, 2.0790224114160904e-05)	(15, 0.17792528371071728)	(20, 4.964196370115971e-05)	(25, 1.4001579505455303e-05)	(30, 4.582335110876281e-05)	(35, 3.30946424674398e-05)	(40, 7.467509069576161e-05)	(45, 2.3760256130469603e-05)	(50, 2.1214514402205003e-05)	(55, 1.9093062961984505e-05)	(60, 0.2400931452955149)	(65, 5.049054427724791e-05)	(70, 0.17753748238744496)	(75, 3.3943223043528005e-06)	(80, 5.00662539892038e-05)	(85, 3.9883287076145405e-05)	(90, 2.4608836706557804e-05)	(95, 8.485805760882e-06)	(100, 0.35957583615046174)	(105, 1.0607257201102501e-05)	(110, 2.3760256130469603e-05)	(115, 0.11764975681059632)	(120, 0.059519865897114395)	(125, 0.17861475542878893)	(130, 2.5457417282646002e-05)	(135, 3.94589967881013e-05)	(140, 6.0249220902262206e-05)	(145, 0.059370515715722876)	(150, 4.4974770532674605e-05)	(155, 0.0)
/ | scratch | karcher | fastqc | 230111_PRISMA_Batch1_P3_for_Q | AAAY7KJHV_230111_MG_Batch1_23s000063-1-1_Gross_lane1MG34 | AAAY7KJHV_230111_MG_Batch1_23s000063-1-1_Gross_lane1MG34_1	(1, 0.0007350317523186461)	(2, 0.005269482648427658)	(3, 6.31832451849839e-06)	(4, 4.212216345665594e-05)	(5, 8.424432691331188e-06)	(6, 0.2908767058581104)	(7, 2.7379406246826357e-05)	(8, 2.106108172832797e-05)	(9, 4.212216345665594e-05)	(10, 0.0)	(15, 3.369773076532475e-06)	(20, 8.424432691331188e-07)	(25, 2.69581846122598e-05)	(30, 8.003211056764628e-06)	(35, 5.054659614798713e-06)	(40, 3.117040095792539e-05)	(45, 5.897102883931831e-06)	(50, 2.9485514419659152e-05)	(55, 0.06151857728517686)	(60, 2.1903524997461086e-05)	(65, 0.0616175643693)	(70, 8.298066200961219e-05)	(75, 8.424432691331188e-05)	(80, 0.0001036205221033736)	(85, 8.340188364417875e-05)	(90, 0.05766692665870024)	(95, 1.6427643748095815e-05)	(100, 8.255944037504564e-05)	(105, 3.0749179323358835e-05)	(110, 0.00012299671729343534)	(115, 8.003211056764628e-06)	(120, 4.4228271629488735e-05)	(125, 0.0603341020487757)	(130, 0.11630519040671096)	(135, 0.00016554010238465784)	(140, 0.304521338266625)	(145, 8.550799181701156e-05)	(150, 0.3681439176164618)	(155, 2.527329807399356e-05)
/ | scratch | karcher | fastqc | 230111_PRISMA_Batch1_P3_for_Q | AAAY7KJHV_230111_MG_Batch1_23s000063-1-1_Gross_lane1MG34 | AAAY7KJHV_230111_MG_Batch1_23s000063-1-1_Gross_lane1MG34_2	(1, 2.106108172832797e-06)	(2, 0.0)	(3, 0.0)	(4, 0.0)	(5, 0.0)	(6, 0.0)	(7, 0.0)	(8, 0.0)	(9, 0.0)	(10, 6.697423989608294e-05)	(15, 0.17951370888976886)	(20, 5.18102610516868e-05)	(25, 2.6536962977693237e-05)	(30, 5.0967817782553686e-05)	(35, 4.4228271629488735e-05)	(40, 0.00012763015527366748)	(45, 4.549193653318841e-05)	(50, 4.4228271629488735e-05)	(55, 3.62250605727241e-05)	(60, 0.24452968940675188)	(65, 7.581989422198068e-05)	(70, 0.18205072679476325)	(75, 1.0951762498730543e-05)	(80, 6.571057499238326e-05)	(85, 4.3385828360355616e-05)	(90, 3.327650913075819e-05)	(95, 2.8221849515959476e-05)	(100, 0.3683313612438439)	(105, 2.9906736054225716e-05)	(110, 8.59292134515781e-05)	(115, 0.11895720181794203)	(120, 0.061889252323595434)	(125, 0.18342896398306502)	(130, 6.73954615306495e-05)	(135, 8.845654325897747e-05)	(140, 0.00010741151681447264)	(145, 0.06162219780728023)	(150, 9.519608941204241e-05)	(155, 1.6848865382662375e-05)
/ | scratch | karcher | fastqc | 230111_PRISMA_Batch1_P3_for_Q | AAAY7KJHV_230111_MG_Batch1_23s000063-1-1_Gross_lane1MG35 | AAAY7KJHV_230111_MG_Batch1_23s000063-1-1_Gross_lane1MG35_1	(1, 0.0007138943437532049)	(2, 0.005430627162371941)	(3, 3.869346036602736e-06)	(4, 2.708542225621916e-05)	(5, 1.934673018301368e-06)	(6, 0.28850811385419156)	(7, 4.25628064026301e-05)	(8, 2.5150749237917786e-05)	(9, 1.7412057164712314e-05)	(10, 0.0)	(15, 3.482411432942463e-06)	(20, 7.738692073205472e-07)	(25, 1.663818795739177e-05)	(30, 1.1221103506147936e-05)	(35, 3.869346036602736e-07)	(40, 4.643215243923284e-06)	(45, 2.708542225621916e-06)	(50, 1.3929645731769852e-05)	(55, 0.06081683326490718)	(60, 2.6698487652558885e-05)	(65, 0.061576385891892294)	(70, 7.661305152473419e-05)	(75, 0.00011066329664683826)	(80, 0.00011375877347612045)	(85, 0.00011259796966513964)	(90, 0.05713050729583575)	(95, 1.8572860975693136e-05)	(100, 5.030149847583557e-05)	(105, 1.1221103506147936e-05)	(110, 0.00011182410045781908)	(115, 8.51256128052602e-06)	(120, 4.3336675609950654e-05)	(125, 0.0597841048077379)	(130, 0.11574529573131231)	(135, 0.00012304520396396704)	(140, 0.3036968447862719)	(145, 7.7773855335715e-05)	(150, 0.367928375928481)	(155, 1.160803810980821e-05)
/ | scratch | karcher | fastqc | 230111_PRISMA_Batch1_P3_for_Q | AAAY7KJHV_230111_MG_Batch1_23s000063-1-1_Gross_lane1MG35 | AAAY7KJHV_230111_MG_Batch1_23s000063-1-1_Gross_lane1MG35_2	(1, 5.804019054904105e-06)	(2, 0.0)	(3, 1.934673018301368e-06)	(4, 0.0)	(5, 0.0)	(6, 0.0)	(7, 0.0)	(8, 6.771355564054789e-05)	(9, 0.0)	(10, 4.7979890853873935e-05)	(15, 0.17879590246315025)	(20, 4.178893719530955e-05)	(25, 1.9733664786673957e-05)	(30, 5.9974863567342424e-05)	(35, 3.6758787347725994e-05)	(40, 9.71205855187287e-05)	(45, 3.250250670746299e-05)	(50, 4.217587179896983e-05)	(55, 2.9020095274520525e-05)	(60, 0.24455621222442106)	(65, 9.015576265284376e-05)	(70, 0.18009252032001583)	(75, 9.286430487846568e-06)	(80, 5.6879386738060225e-05)	(85, 5.9974863567342424e-05)	(90, 3.095476829282189e-05)	(95, 1.5090449542750672e-05)	(100, 0.3659132205126183)	(105, 1.160803810980821e-05)	(110, 3.791959115870682e-05)	(115, 0.11704036584976323)	(120, 0.06107491864554858)	(125, 0.18209761543618333)	(130, 3.366331051844381e-05)	(135, 3.482411432942463e-05)	(140, 9.325123948212596e-05)	(145, 0.06157406428427033)	(150, 4.294974100629038e-05)	(155, 2.9020095274520525e-05)
/ | scratch | karcher | fastqc | 230111_PRISMA_Batch1_P3_for_Q | AAAY7KJHV_230111_MG_Batch1_23s000063-1-1_Gross_lane1MG37 | AAAY7KJHV_230111_MG_Batch1_23s000063-1-1_Gross_lane1MG37_1	(1, 0.0006954363409164131)	(2, 0.005734641727120703)	(3, 6.49940505529358e-06)	(4, 5.849464549764223e-05)	(5, 6.49940505529358e-06)	(6, 0.2849924122695682)	(7, 3.0330556924703372e-05)	(8, 1.0832341758822633e-05)	(9, 1.949821516588074e-05)	(10, 0.0)	(15, 2.166468351764527e-06)	(20, 8.665873407058107e-07)	(25, 1.039904808846973e-05)	(30, 1.2565516440234253e-05)	(35, 4.3329367035290533e-07)	(40, 1.689845314376331e-05)	(45, 1.039904808846973e-05)	(50, 3.509678729858533e-05)	(55, 0.05967797051137601)	(60, 3.0330556924703372e-05)	(65, 0.05934910061557815)	(70, 9.70577821590508e-05)	(75, 0.00010052413152187403)	(80, 0.00019238238963669)	(85, 0.0001317212757872832)	(90, 0.05645383231028003)	(95, 1.949821516588074e-05)	(100, 6.282758220117127e-05)	(105, 3.29303189468208e-05)	(110, 0.00012478857706163675)	(115, 2.2097977187998174e-05)	(120, 7.40932176303468e-05)	(125, 0.058973001709711835)	(130, 0.11857471253510572)	(135, 0.00015815218967881045)	(140, 0.30036740486837066)	(145, 0.00010009083785152113)	(150, 0.36100208780388593)	(155, 2.599762022117432e-05)
/ | scratch | karcher | fastqc | 230111_PRISMA_Batch1_P3_for_Q | AAAY7KJHV_230111_MG_Batch1_23s000063-1-1_Gross_lane1MG37 | AAAY7KJHV_230111_MG_Batch1_23s000063-1-1_Gross_lane1MG37_2	(1, 9.099167077411012e-05)	(2, 0.0)	(3, 0.0)	(4, 2.166468351764527e-06)	(5, 0.0)	(6, 4.332936703529054e-06)	(7, 0.0)	(8, 3.24970252764679e-05)	(9, 0.0)	(10, 9.142496444446304e-05)	(15, 0.17853345734487042)	(20, 6.629393156399452e-05)	(25, 6.54273442232887e-05)	(30, 5.0262065760937014e-05)	(35, 3.163043793576209e-05)	(40, 0.00010399048088469728)	(45, 4.376266070564344e-05)	(50, 6.022782017905384e-05)	(55, 4.332936703529053e-05)	(60, 0.24067383578486198)	(65, 0.00011395623530281409)	(70, 0.17867817743076828)	(75, 2.3831151869409795e-05)	(80, 8.492555938916944e-05)	(85, 8.492555938916944e-05)	(90, 2.946396958399756e-05)	(95, 5.069535943128992e-05)	(100, 0.3599210200963554)	(105, 3.596337463929115e-05)	(110, 9.229155178516884e-05)	(115, 0.1179741675079966)	(120, 0.05977069535683153)	(125, 0.1793120860704946)	(130, 8.96917897630514e-05)	(135, 8.709202774093398e-05)	(140, 0.00011742258466563736)	(145, 0.059409761729427565)	(150, 8.10259163559933e-05)	(155, 0.00010832341758822634)
/ | scratch | karcher | fastqc | 230111_PRISMA_Batch1_P3_for_Q | AAAY7KJHV_230111_MG_Batch1_23s000063-1-1_Gross_lane1MG38 | AAAY7KJHV_230111_MG_Batch1_23s000063-1-1_Gross_lane1MG38_1	(1, 0.0007120290331673401)	(2, 0.0055518689905728336)	(3, 7.340505496570516e-06)	(4, 4.64898681449466e-05)	(5, 0.0)	(6, 0.2869721687180933)	(7, 2.691518682075856e-05)	(8, 1.7127846158664536e-05)	(9, 1.9574681324188043e-05)	(10, 0.0)	(15, 1.9574681324188043e-06)	(20, 9.787340662094022e-07)	(25, 2.740455385386326e-05)	(30, 1.1255441761408124e-05)	(35, 0.0)	(40, 2.5447085721444458e-05)	(45, 3.4255692317329077e-06)	(50, 2.4957718688339755e-05)	(55, 0.06043780732249679)	(60, 3.131949011870087e-05)	(65, 0.05933624213097811)	(70, 8.074556046227567e-05)	(75, 0.00011059694948166244)	(80, 0.00010374581101819663)	(85, 0.00011793745497823295)	(90, 0.057076834539133696)	(95, 2.5936452754549157e-05)	(100, 7.536252309812397e-05)	(105, 1.321290989382693e-05)	(110, 0.00012136302420996587)	(115, 9.29797362898932e-06)	(120, 4.991543737667951e-05)	(125, 0.05941307275517555)	(130, 0.11697584875818223)	(135, 0.0001345759341037928)	(140, 0.3029177041247768)	(145, 6.997948573397225e-05)	(150, 0.36620901061730715)	(155, 2.9362021986282066e-05)
/ | scratch | karcher | fastqc | 230111_PRISMA_Batch1_P3_for_Q | AAAY7KJHV_230111_MG_Batch1_23s000063-1-1_Gross_lane1MG38 | AAAY7KJHV_230111_MG_Batch1_23s000063-1-1_Gross_lane1MG38_2	(1, 9.787340662094021e-06)	(2, 9.787340662094021e-06)	(3, 0.0)	(4, 0.0)	(5, 0.0)	(6, 0.0)	(7, 0.0)	(8, 7.829872529675217e-05)	(9, 1.7127846158664536e-05)	(10, 6.019214507187823e-05)	(15, 0.17945921027905667)	(20, 4.159619781389959e-05)	(25, 2.2021516489711546e-05)	(30, 5.285163957530772e-05)	(35, 3.0340756052491468e-05)	(40, 0.0001345759341037928)	(45, 4.64898681449466e-05)	(50, 3.7681261549061984e-05)	(55, 2.3978984622130353e-05)	(60, 0.2435369295937862)	(65, 9.24903692567885e-05)	(70, 0.1798932788374205)	(75, 8.319239562779918e-06)	(80, 6.753265056844875e-05)	(85, 6.900075166776285e-05)	(90, 4.208556484700429e-05)	(95, 2.348961758902565e-05)	(100, 0.3645153113157318)	(105, 2.5936452754549157e-05)	(110, 8.074556046227567e-05)	(115, 0.11745591781765793)	(120, 0.060850833098437154)	(125, 0.18174357558958942)	(130, 3.131949011870087e-05)	(135, 4.991543737667951e-05)	(140, 0.00012478859344169878)	(145, 0.05933183782768016)	(150, 5.676657584014533e-05)	(155, 1.7127846158664536e-05)
/ | scratch | karcher | fastqc | 230111_PRISMA_Batch1_P3_for_Q | AAAY7KJHV_230111_MG_Batch1_23s000063-1-1_Gross_lane1MG4 | AAAY7KJHV_230111_MG_Batch1_23s000063-1-1_Gross_lane1MG4_1	(1, 0.0006665362510563107)	(2, 0.005173117172377337)	(3, 5.968981352743082e-06)	(4, 3.9793209018287206e-05)	(5, 9.948302254571801e-06)	(6, 0.28593808272180454)	(7, 4.3772529920115927e-05)	(8, 1.7906944058229243e-05)	(9, 4.7751850821944654e-05)	(10, 0.0)	(15, 3.9793209018287214e-06)	(20, 7.958641803657442e-07)	(25, 1.0744166434937546e-05)	(30, 7.162777623291698e-06)	(35, 0.0)	(40, 9.152438074206057e-06)	(45, 1.5917283607314884e-06)	(50, 1.154003061530329e-05)	(55, 0.060716876252192804)	(60, 2.6263517952069556e-05)	(65, 0.060329290396354686)	(70, 9.510576955370642e-05)	(75, 0.00010187061508681526)	(80, 0.00010584993598864397)	(85, 0.00011898169496467876)	(90, 0.056514315447771496)	(95, 2.109040077969222e-05)	(100, 6.764845533108825e-05)	(105, 2.0692468689509347e-05)	(110, 0.00011937962705486162)	(115, 7.162777623291698e-06)	(120, 4.41704620102988e-05)	(125, 0.05876740694238691)	(130, 0.11743214740550666)	(135, 0.00014166382410510245)	(140, 0.3015306537435302)	(145, 7.719882549547719e-05)	(150, 0.36495307027687635)	(155, 1.9896604509143603e-05)
/ | scratch | karcher | fastqc | 230111_PRISMA_Batch1_P3_for_Q | AAAY7KJHV_230111_MG_Batch1_23s000063-1-1_Gross_lane1MG4 | AAAY7KJHV_230111_MG_Batch1_23s000063-1-1_Gross_lane1MG4_2	(1, 2.9844906763715404e-05)	(2, 0.0)	(3, 0.0)	(4, 0.0)	(5, 0.0)	(6, 0.0)	(7, 0.0)	(8, 6.963811578200261e-05)	(9, 0.0)	(10, 6.8444319511454e-05)	(15, 0.17855571025386635)	(20, 4.894564709249326e-05)	(25, 1.910074032877786e-05)	(30, 4.695598664157891e-05)	(35, 3.263043139499551e-05)	(40, 8.873885611078047e-05)	(45, 4.695598664157891e-05)	(50, 4.058907319865295e-05)	(55, 2.7855246312801044e-05)	(60, 0.24189814243708577)	(65, 7.759675758566005e-05)	(70, 0.17887405592601266)	(75, 7.958641803657442e-07)	(80, 7.043397996236837e-05)	(85, 5.929188143724794e-05)	(90, 1.750901196804637e-05)	(95, 2.5467653771703815e-05)	(100, 0.36274375131218106)	(105, 9.152438074206057e-06)	(110, 5.610842471578496e-05)	(115, 0.11721527441635698)	(120, 0.06064246295132861)	(125, 0.1799436973844242)	(130, 6.008774561761368e-05)	(135, 6.287327024889379e-05)	(140, 7.918848594639154e-05)	(145, 0.06032769866799396)	(150, 4.337459782993306e-05)	(155, 2.3875925410972327e-05)
/ | scratch | karcher | fastqc | 230111_PRISMA_Batch1_P3_for_Q | AAAY7KJHV_230111_MG_Batch1_23s000063-1-1_Gross_lane1MG5 | AAAY7KJHV_230111_MG_Batch1_23s000063-1-1_Gross_lane1MG5_1	(1, 0.00068183372499745)	(2, 0.005316925613111428)	(3, 2.295736447802862e-06)	(4, 3.9027519612648655e-05)	(5, 2.295736447802862e-06)	(6, 0.27950591251999846)	(7, 2.295736447802862e-05)	(8, 2.5253100925831484e-05)	(9, 2.9844573821437206e-05)	(10, 0.0)	(15, 3.6731783164845794e-06)	(20, 4.5914728956057243e-07)	(25, 1.147868223901431e-05)	(30, 8.264651212090304e-06)	(35, 2.7548837373634346e-06)	(40, 2.9385426531876636e-05)	(45, 8.264651212090304e-06)	(50, 2.4793953636270907e-05)	(55, 0.05908904213541874)	(60, 1.33152713972566e-05)	(65, 0.05886956973100879)	(70, 8.81562795956299e-05)	(75, 7.024953530276758e-05)	(80, 0.00010514472930937108)	(85, 7.346356632969158e-05)	(90, 0.05644756777857676)	(95, 1.0560387659893165e-05)	(100, 8.907457417475103e-05)	(105, 3.4895194006603504e-05)	(110, 0.00012396976818135455)	(115, 1.1937829528574882e-05)	(120, 3.9027519612648655e-05)	(125, 0.058445317635454824)	(130, 0.11876762939063326)	(135, 0.0001464679853698226)	(140, 0.2982230517789352)	(145, 8.126907025222131e-05)	(150, 0.3593736652444809)	(155, 2.5253100925831484e-05)
/ | scratch | karcher | fastqc | 230111_PRISMA_Batch1_P3_for_Q | AAAY7KJHV_230111_MG_Batch1_23s000063-1-1_Gross_lane1MG5 | AAAY7KJHV_230111_MG_Batch1_23s000063-1-1_Gross_lane1MG5_2	(1, 0.0)	(2, 0.0)	(3, 0.0)	(4, 0.0)	(5, 0.0)	(6, 0.0)	(7, 0.0)	(8, 0.0)	(9, 0.0)	(10, 6.473976782804071e-05)	(15, 0.17830571757524225)	(20, 5.968914764287441e-05)	(25, 2.9844573821437206e-05)	(30, 4.775131811429953e-05)	(35, 4.2700697929133236e-05)	(40, 9.77983726764019e-05)	(45, 4.407813979781495e-05)	(50, 4.3159845218693806e-05)	(55, 4.3618992508254377e-05)	(60, 0.2394499029787341)	(65, 6.3362325959359e-05)	(70, 0.17715371702573476)	(75, 1.33152713972566e-05)	(80, 8.402395398958475e-05)	(85, 4.9128759982981245e-05)	(90, 2.3416511767589194e-05)	(95, 3.719093045440636e-05)	(100, 0.3573157670926704)	(105, 2.2039069898907477e-05)	(110, 7.070868259232815e-05)	(115, 0.11797605946343083)	(120, 0.05951834485115788)	(125, 0.1773782400503299)	(130, 7.989162838353959e-05)	(135, 7.989162838353959e-05)	(140, 8.953372146431162e-05)	(145, 0.05885625445961153)	(150, 5.7852558484632124e-05)	(155, 3.214031026924006e-05)
/ | scratch | karcher | fastqc | 230111_PRISMA_Batch1_P3_for_Q | AAAY7KJHV_230111_MG_Batch1_23s000063-1-1_Gross_lane1MG6 | AAAY7KJHV_230111_MG_Batch1_23s000063-1-1_Gross_lane1MG6_1	(1, 0.0007071639233845856)	(2, 0.005471995893527265)	(3, 5.93009579358143e-06)	(4, 4.4475718451860725e-05)	(5, 2.965047896790715e-06)	(6, 0.2850745300369433)	(7, 4.4475718451860725e-05)	(8, 2.0755335277535007e-05)	(9, 2.8167955019511792e-05)	(10, 0.0)	(15, 2.6685431071116433e-06)	(20, 2.9650478967907155e-07)	(25, 1.8679801749781506e-05)	(30, 8.895143690372145e-06)	(35, 2.9650478967907155e-07)	(40, 1.8679801749781506e-05)	(45, 2.3720383174325724e-06)	(50, 3.0243488547265294e-05)	(55, 0.06010596843979298)	(60, 1.897630653946058e-05)	(65, 0.059609619421870215)	(70, 6.167299625324688e-05)	(75, 5.455688130094916e-05)	(80, 0.0001280900691413589)	(85, 6.374852978100037e-05)	(90, 0.05706649784079282)	(95, 1.3342715535558219e-05)	(100, 6.730658725714924e-05)	(105, 3.4394555602772296e-05)	(110, 0.00012127045897874025)	(115, 1.7197277801386148e-05)	(120, 3.765610828924208e-05)	(125, 0.05951592390833164)	(130, 0.11826419691618414)	(135, 0.0001280900691413589)	(140, 0.29982208526600096)	(145, 7.560872136816324e-05)	(150, 0.3626647929145318)	(155, 2.6685431071116437e-05)
/ | scratch | karcher | fastqc | 230111_PRISMA_Batch1_P3_for_Q | AAAY7KJHV_230111_MG_Batch1_23s000063-1-1_Gross_lane1MG6 | AAAY7KJHV_230111_MG_Batch1_23s000063-1-1_Gross_lane1MG6_2	(1, 0.0)	(2, 1.186019158716286e-05)	(3, 0.0)	(4, 0.0)	(5, 0.0)	(6, 0.0)	(7, 0.0)	(8, 0.0)	(9, 0.0)	(10, 5.900445314613523e-05)	(15, 0.1788324163230868)	(20, 6.107998667388874e-05)	(25, 3.380154602341415e-05)	(30, 5.09988238248003e-05)	(35, 4.299319450346537e-05)	(40, 0.00010348017159799595)	(45, 3.261552686469787e-05)	(50, 2.6685431071116437e-05)	(55, 2.757494544015365e-05)	(60, 0.24151323235645283)	(65, 5.989396751517245e-05)	(70, 0.1794954010328092)	(75, 1.8383296960102433e-05)	(80, 7.442270220944695e-05)	(85, 5.218484298351658e-05)	(90, 3.291203165437694e-05)	(95, 3.350504123373508e-05)	(100, 0.3616243576075479)	(105, 3.350504123373508e-05)	(110, 6.55275585190748e-05)	(115, 0.11884564280874481)	(120, 0.06003895835732551)	(125, 0.18084034675879349)	(130, 5.09988238248003e-05)	(135, 7.264367347137252e-05)	(140, 0.00012423550687553096)	(145, 0.05964134543436588)	(150, 9.073046564179588e-05)	(155, 3.85456226582793e-05)
/ | scratch | karcher | fastqc | 230111_PRISMA_Batch1_P3_for_Q | AAAY7KJHV_230111_MG_Batch1_23s000063-1-1_Gross_lane1MG9 | AAAY7KJHV_230111_MG_Batch1_23s000063-1-1_Gross_lane1MG9_1	(1, 0.0006095845994913452)	(2, 0.005183760767103093)	(3, 6.875014279977578e-06)	(4, 5.041677138650223e-05)	(5, 9.16668570663677e-06)	(6, 0.2852672591905363)	(7, 2.750005711991031e-05)	(8, 9.16668570663677e-06)	(9, 4.354175710652466e-05)	(10, 0.0)	(15, 4.583342853318385e-06)	(20, 2.7500057119910307e-06)	(25, 1.833337141327354e-05)	(30, 1.0541688562632286e-05)	(35, 0.0)	(40, 1.1458357133295961e-05)	(45, 0.0)	(50, 1.19166914186278e-05)	(55, 0.06015270827552115)	(60, 9.16668570663677e-06)	(65, 0.06024804180687017)	(70, 4.1708419965197303e-05)	(75, 5.8208454237143487e-05)	(80, 9.53335313490224e-05)	(85, 4.308342282119281e-05)	(90, 0.0564997840214264)	(95, 6.875014279977578e-06)	(100, 5.5458448525152454e-05)	(105, 1.2375025703959639e-05)	(110, 0.00011733357704495066)	(115, 5.500011423982061e-06)	(120, 2.2916714266591923e-05)	(125, 0.05857741333683561)	(130, 0.11772270285319737)	(135, 8.937518563970851e-05)	(140, 0.3002291236009088)	(145, 5.729178566647981e-05)	(150, 0.3635594634766356)	(155, 1.833337141327354e-05)
/ | scratch | karcher | fastqc | 230111_PRISMA_Batch1_P3_for_Q | AAAY7KJHV_230111_MG_Batch1_23s000063-1-1_Gross_lane1MG9 | AAAY7KJHV_230111_MG_Batch1_23s000063-1-1_Gross_lane1MG9_2	(1, 0.0)	(2, 0.0)	(3, 0.0)	(4, 0.0)	(5, 0.0)	(6, 0.0)	(7, 0.0)	(8, 0.0)	(9, 0.0)	(10, 2.97917285465695e-05)	(15, 0.1785908709481215)	(20, 5.225010852782958e-05)	(25, 2.0625042839932732e-05)	(30, 4.9500102815838556e-05)	(35, 2.750005711991031e-05)	(40, 0.00010266687991433182)	(45, 2.2000045695928245e-05)	(50, 2.0625042839932732e-05)	(55, 1.3291694274623317e-05)	(60, 0.2427847126174135)	(65, 5.5458448525152454e-05)	(70, 0.17938699760174295)	(75, 7.3333485653094165e-06)	(80, 5.270844281316143e-05)	(85, 3.529173997055157e-05)	(90, 2.8875059975905824e-05)	(95, 1.0541688562632286e-05)	(100, 0.3612677920499764)	(105, 2.704172283457847e-05)	(110, 3.116673140256502e-05)	(115, 0.11785149478737564)	(120, 0.06001429132135093)	(125, 0.1797926234442616)	(130, 2.704172283457847e-05)	(135, 3.3916737114556044e-05)	(140, 6.279179709046187e-05)	(145, 0.06025170848115283)	(150, 5.454177995448878e-05)	(155, 1.833337141327354e-05)
/ | scratch | karcher | fastqc | 230727_PRISMA_Batch2_P3_for_Q | AAAWNKKHV_230321_MG_Batch2_P3_23s002005-1-1_Gross_lane1662 | AAAWNKKHV_230321_MG_Batch2_P3_23s002005-1-1_Gross_lane1662_1	(1, 0.0015323204825910969)	(2, 0.003520749737592253)	(3, 2.3915815781800843e-05)	(4, 1.5374453002586257e-05)	(5, 5.124817667528752e-06)	(6, 5.124817667528752e-06)	(7, 1.7082725558429175e-06)	(8, 2.733236089348668e-05)	(9, 0.0)	(10, 6.83309022337167e-07)	(15, 2.3915815781800843e-06)	(20, 0.058222711866282986)	(25, 0.0)	(30, 0.0)	(35, 0.0)	(40, 0.0)	(45, 0.0)	(50, 0.0)	(55, 1.7082725558429175e-06)	(60, 2.5282433826475177e-05)	(65, 2.733236089348668e-06)	(70, 4.7489977052433106e-05)	(75, 1.7082725558429175e-06)	(80, 2.699070638231809e-05)	(85, 0.05789540684458348)	(90, 6.4914357122030865e-06)	(95, 0.24490717827744218)	(100, 2.664905187114951e-05)	(105, 1.7082725558429175e-06)	(110, 7.994715561344853e-05)	(115, 4.509839547425302e-05)	(120, 2.459912480413801e-05)	(125, 4.919824960827602e-05)	(130, 0.12046806394706486)	(135, 7.65306105017627e-05)	(140, 5.671464885398485e-05)	(145, 4.612335900775877e-05)	(150, 3.416545111685835e-05)	
/ | scratch | karcher | fastqc | 230727_PRISMA_Batch2_P3_for_Q | AAAWNKKHV_230321_MG_Batch2_P3_23s002005-1-1_Gross_lane1662 | AAAWNKKHV_230321_MG_Batch2_P3_23s002005-1-1_Gross_lane1662_2	(1, 0.0)	(2, 0.0)	(3, 0.0)	(4, 0.0)	(5, 0.0)	(6, 0.0)	(7, 0.0)	(8, 0.0)	(9, 0.00017936861836350632)	(10, 2.3915815781800843e-05)	(15, 4.885659509710744e-05)	(20, 0.0)	(25, 4.851494058593885e-05)	(30, 3.3482142094521176e-05)	(35, 1.776603458076634e-05)	(40, 3.8606959762049934e-05)	(45, 3.72403417173756e-05)	(50, 4.817328607477027e-05)	(55, 5.6031339831647685e-05)	(60, 0.059377504114032795)	(65, 0.00010796282552927236)	(70, 0.0001472530943136595)	(75, 0.00023710823075099693)	(80, 3.450710562802693e-05)	(85, 3.826530525088135e-05)	(90, 0.12251764935956522)	(95, 8.746355485915737e-05)	(100, 9.190506350434895e-05)	(105, 3.0065596982835346e-05)	(110, 0.36267104676860773)	(115, 0.00010591289846226089)	(120, 0.2453369796524923)	(125, 0.42516136513389746)	(130, 0.3065891420693071)	(135, 0.30663389881027014)	(140, 0.4894330701204202)	(145, 0.3675341570805813)	(150, 0.30657171768923747)	
/ | scratch | karcher | fastqc | 230727_PRISMA_Batch2_P3_for_Q | AAAWNKKHV_230321_MG_Batch2_P3_23s002005-1-1_Gross_lane1663 | AAAWNKKHV_230321_MG_Batch2_P3_23s002005-1-1_Gross_lane1663_1	(1, 0.0016371005934872494)	(2, 0.003897684931932894)	(3, 7.292207543373047e-05)	(4, 1.0938311315059571e-05)	(5, 0.0)	(6, 7.292207543373048e-06)	(7, 0.0)	(8, 3.646103771686524e-05)	(9, 0.0)	(10, 7.292207543373048e-07)	(15, 4.375324526023828e-06)	(20, 0.056293654572576915)	(25, 0.0)	(30, 0.0)	(35, 0.0)	(40, 0.0)	(45, 7.292207543373048e-07)	(50, 2.187662263011914e-06)	(55, 1.0209090560722267e-05)	(60, 4.8128569786262115e-05)	(65, 2.916883017349219e-06)	(70, 8.604804901180197e-05)	(75, 8.021428297710352e-06)	(80, 2.4064284893131057e-05)	(85, 0.05792419217927513)	(90, 2.187662263011914e-06)	(95, 0.2447782598291574)	(100, 1.677207734975801e-05)	(105, 1.2396752823734181e-05)	(110, 8.167272448577813e-05)	(115, 3.208571319084141e-05)	(120, 3.2814933945178716e-05)	(125, 8.021428297710353e-05)	(130, 0.11990576863568302)	(135, 7.438051694240508e-05)	(140, 6.854675090770665e-05)	(145, 5.2503894312285944e-05)	(150, 2.552272640180567e-05)	
/ | scratch | karcher | fastqc | 230727_PRISMA_Batch2_P3_for_Q | AAAWNKKHV_230321_MG_Batch2_P3_23s002005-1-1_Gross_lane1663 | AAAWNKKHV_230321_MG_Batch2_P3_23s002005-1-1_Gross_lane1663_2	(1, 3.646103771686524e-06)	(2, 0.0)	(3, 0.0)	(4, 0.0)	(5, 0.0)	(6, 2.552272640180567e-05)	(7, 0.0)	(8, 0.0)	(9, 0.0002114740187578184)	(10, 1.2396752823734181e-05)	(15, 5.542077732963516e-05)	(20, 0.0)	(25, 2.6981167910480277e-05)	(30, 2.8439609419154887e-05)	(35, 3.4273375453853326e-05)	(40, 1.1667532069396876e-05)	(45, 4.448246601457559e-05)	(50, 5.2503894312285944e-05)	(55, 5.833766034698438e-05)	(60, 0.059831104451867186)	(65, 0.00016334544897155626)	(70, 0.00014803181313047286)	(75, 0.00023480908289661212)	(80, 3.500259620819063e-05)	(85, 4.3024024505900984e-05)	(90, 0.12304287632084211)	(95, 6.562986789035743e-05)	(100, 0.0001086538923962584)	(105, 3.9377920734214456e-05)	(110, 0.35654009108040147)	(115, 0.00013344739804372678)	(120, 0.24041387361444866)	(125, 0.41798204417859974)	(130, 0.3004673903963887)	(135, 0.3004921839020362)	(140, 0.4810807868306523)	(145, 0.3608074909347833)	(150, 0.3004754118246864)	
/ | scratch | karcher | fastqc | 230727_PRISMA_Batch2_P3_for_Q | AAAWNKKHV_230321_MG_Batch2_P3_23s002005-1-1_Gross_lane1668 | AAAWNKKHV_230321_MG_Batch2_P3_23s002005-1-1_Gross_lane1668_1	(1, 0.0015890719303661358)	(2, 0.0037676382865132574)	(3, 3.6614560607514646e-05)	(4, 1.4645824243005858e-05)	(5, 0.0)	(6, 3.6614560607514646e-06)	(7, 0.0)	(8, 3.6614560607514646e-05)	(9, 0.0)	(10, 0.0)	(15, 4.3937472729017575e-06)	(20, 0.05730398422439687)	(25, 0.0)	(30, 0.0)	(35, 0.0)	(40, 0.0)	(45, 5.858329697202343e-06)	(50, 5.1260384850520505e-06)	(55, 8.055203333653224e-06)	(60, 2.9291648486011717e-05)	(65, 9.51978575795381e-06)	(70, 6.078017060847432e-05)	(75, 2.0504153940208202e-05)	(80, 4.6134346365468454e-05)	(85, 0.05530995525371162)	(90, 1.0252076970104101e-05)	(95, 0.23319154588835145)	(100, 2.4165610000959667e-05)	(105, 1.537811545515615e-05)	(110, 7.469370363932988e-05)	(115, 3.514997818321406e-05)	(120, 4.540205515331816e-05)	(125, 0.00010764680818609306)	(130, 0.11432310716726728)	(135, 0.00011936346758049776)	(140, 6.370933545707548e-05)	(145, 6.15124618206246e-05)	(150, 4.027601666826611e-05)	
/ | scratch | karcher | fastqc | 230727_PRISMA_Batch2_P3_for_Q | AAAWNKKHV_230321_MG_Batch2_P3_23s002005-1-1_Gross_lane1668 | AAAWNKKHV_230321_MG_Batch2_P3_23s002005-1-1_Gross_lane1668_2	(1, 0.0)	(2, 1.4645824243005858e-05)	(3, 0.0)	(4, 0.0)	(5, 0.0)	(6, 6.22447530327749e-05)	(7, 0.0)	(8, 0.0)	(9, 0.0001244895060655498)	(10, 8.055203333653224e-06)	(15, 2.4165610000959667e-05)	(20, 7.322912121502929e-06)	(25, 3.441768697106377e-05)	(30, 3.954372545611582e-05)	(35, 2.7827066061711135e-05)	(40, 2.3433318788809374e-05)	(45, 4.906351121406963e-05)	(50, 6.004787939632402e-05)	(55, 6.444162666922579e-05)	(60, 0.056061286037377825)	(65, 0.00012082805000479833)	(70, 0.00011057597303469425)	(75, 0.0001442613687936077)	(80, 5.492184091127197e-05)	(85, 1.977186272805791e-05)	(90, 0.11528460552882062)	(95, 2.7827066061711135e-05)	(100, 8.201661576083281e-05)	(105, 4.3937472729017575e-06)	(110, 0.3559228207535284)	(115, 0.00010252076970104101)	(120, 0.23513870822145905)	(125, 0.4075193272704259)	(130, 0.29386773114470044)	(135, 0.2938750540568219)	(140, 0.4695978501980427)	(145, 0.35094250821969425)	(150, 0.29389043217227706)	
/ | scratch | karcher | fastqc | 230727_PRISMA_Batch2_P3_for_Q | AAAWNKKHV_230321_MG_Batch2_P3_23s002005-1-1_Gross_lane1671 | AAAWNKKHV_230321_MG_Batch2_P3_23s002005-1-1_Gross_lane1671_1	(1, 0.001902538706044855)	(2, 0.00377907460517338)	(3, 4.767181267993943e-05)	(4, 1.7335204610887064e-05)	(5, 0.0)	(6, 4.333801152721766e-06)	(7, 8.667602305443532e-06)	(8, 2.166900576360883e-05)	(9, 4.333801152721766e-06)	(10, 0.0)	(15, 3.4670409221774123e-06)	(20, 0.05572401522169647)	(25, 0.0)	(30, 0.0)	(35, 0.0)	(40, 0.0)	(45, 1.7335204610887062e-06)	(50, 0.0)	(55, 8.667602305443531e-07)	(60, 2.3402526224697535e-05)	(65, 3.033660806905236e-05)	(70, 3.9870970605040245e-05)	(75, 2.6002806916330596e-06)	(80, 2.253576599415318e-05)	(85, 0.054848587388846674)	(90, 1.906872507197577e-05)	(95, 0.23143104887695612)	(100, 2.253576599415318e-05)	(105, 1.7335204610887062e-06)	(110, 7.887518097953613e-05)	(115, 4.0737730835584596e-05)	(120, 4.853857291048377e-05)	(125, 5.460589452429425e-05)	(130, 0.1141913265730658)	(135, 7.714166051844743e-05)	(140, 6.414025706028212e-05)	(145, 5.807293544647166e-05)	(150, 3.467040922177413e-05)	
/ | scratch | karcher | fastqc | 230727_PRISMA_Batch2_P3_for_Q | AAAWNKKHV_230321_MG_Batch2_P3_23s002005-1-1_Gross_lane1671 | AAAWNKKHV_230321_MG_Batch2_P3_23s002005-1-1_Gross_lane1671_2	(1, 0.0)	(2, 2.166900576360883e-05)	(3, 0.0)	(4, 0.0)	(5, 0.0)	(6, 9.100982420715708e-05)	(7, 0.0)	(8, 0.0)	(9, 0.0001776858472615924)	(10, 1.8201964841431414e-05)	(15, 3.813745014395154e-05)	(20, 5.200561383266119e-06)	(25, 3.640392968286283e-05)	(30, 5.7206175215927305e-05)	(35, 8.667602305443531e-07)	(40, 1.9935485302520122e-05)	(45, 2.253576599415318e-05)	(50, 4.2471251296673304e-05)	(55, 6.067321613810472e-05)	(60, 0.056286542611319754)	(65, 0.00013781487665655217)	(70, 0.0001204796720456651)	(75, 0.00019502105187247946)	(80, 6.84740582130039e-05)	(85, 2.513604668578624e-05)	(90, 0.11460910500418818)	(95, 8.667602305443532e-05)	(100, 0.00014214867780927394)	(105, 3.813745014395154e-05)	(110, 0.3506053800154214)	(115, 9.187658443770144e-05)	(120, 0.2318046225363207)	(125, 0.4018898493362697)	(130, 0.28970333917645297)	(135, 0.289693804813917)	(140, 0.46321400240751326)	(145, 0.3460964932961297)	(150, 0.2896972718548392)	
/ | scratch | karcher | fastqc | 230727_PRISMA_Batch2_P3_for_Q | AAAWNKKHV_230321_MG_Batch2_P3_23s002005-1-1_Gross_lane1677 | AAAWNKKHV_230321_MG_Batch2_P3_23s002005-1-1_Gross_lane1677_1	(1, 0.0016237336315115456)	(2, 0.0033762619986670663)	(3, 2.759887192370899e-05)	(4, 1.3799435961854495e-05)	(5, 4.599811987284832e-06)	(6, 4.599811987284832e-06)	(7, 0.0)	(8, 3.6798495898278654e-05)	(9, 0.0)	(10, 1.8399247949139326e-06)	(15, 5.519774384741798e-06)	(20, 0.05760068562957558)	(25, 0.0)	(30, 0.0)	(35, 0.0)	(40, 0.0)	(45, 0.0)	(50, 2.759887192370899e-06)	(55, 4.599811987284832e-06)	(60, 1.9319210346596294e-05)	(65, 3.679849589827865e-06)	(70, 4.783804466776225e-05)	(75, 1.0119586372026629e-05)	(80, 1.1039548769483596e-05)	(85, 0.05666140402177201)	(90, 5.519774384741798e-06)	(95, 0.2373530584310897)	(100, 2.207909753896719e-05)	(105, 1.471939835931146e-05)	(110, 6.163748062961675e-05)	(115, 3.6798495898278654e-05)	(120, 2.483898473133809e-05)	(125, 6.255744302707372e-05)	(130, 0.11798885732344576)	(135, 7.359699179655731e-05)	(140, 3.6798495898278654e-05)	(145, 5.243785665504708e-05)	(150, 5.059793186013315e-05)	
/ | scratch | karcher | fastqc | 230727_PRISMA_Batch2_P3_for_Q | AAAWNKKHV_230321_MG_Batch2_P3_23s002005-1-1_Gross_lane1677 | AAAWNKKHV_230321_MG_Batch2_P3_23s002005-1-1_Gross_lane1677_2	(1, 0.0)	(2, 4.599811987284832e-06)	(3, 0.0)	(4, 0.0)	(5, 0.0)	(6, 0.0)	(7, 0.0)	(8, 0.0)	(9, 0.00015179379558039944)	(10, 1.8399247949139326e-06)	(15, 3.127872151353686e-05)	(20, 9.199623974569663e-07)	(25, 2.0239172744053258e-05)	(30, 2.6678909526252027e-05)	(35, 1.8399247949139326e-06)	(40, 1.3799435961854495e-05)	(45, 2.3919022333881126e-05)	(50, 4.323823268047742e-05)	(55, 4.323823268047742e-05)	(60, 0.05693555281621419)	(65, 0.00013431451002871708)	(70, 0.00011959511166940562)	(75, 0.000191352178671049)	(80, 2.299905993642416e-05)	(85, 3.127872151353686e-05)	(90, 0.1175371557862944)	(95, 4.967796946267618e-05)	(100, 9.199623974569663e-05)	(105, 3.587853350082169e-05)	(110, 0.3597788943974704)	(115, 0.00010303578851518023)	(120, 0.2383493777075356)	(125, 0.41387452329273494)	(130, 0.2979123431308869)	(135, 0.29794178192760545)	(140, 0.47567115741711175)	(145, 0.35619012108499076)	(150, 0.297920622792464)	
/ | scratch | karcher | fastqc | 230727_PRISMA_Batch2_P3_for_Q | AAAWNKKHV_230321_MG_Batch2_P3_23s002005-1-1_Gross_lane1690 | AAAWNKKHV_230321_MG_Batch2_P3_23s002005-1-1_Gross_lane1690_1	(1, 0.0019033483872155227)	(2, 0.00372721629232754)	(3, 4.183183268605544e-05)	(4, 4.183183268605544e-06)	(5, 8.366366537211088e-06)	(6, 1.2549549805816632e-05)	(7, 4.183183268605544e-06)	(8, 8.366366537211088e-06)	(9, 4.183183268605544e-06)	(10, 8.366366537211088e-07)	(15, 5.019819922326653e-06)	(20, 0.056699702659333266)	(25, 0.0)	(30, 0.0)	(35, 0.0)	(40, 0.0)	(45, 0.0)	(50, 0.0)	(55, 0.0)	(60, 1.3386186459537741e-05)	(65, 2.5099099611633265e-06)	(70, 2.84456462265177e-05)	(75, 8.366366537211088e-07)	(80, 2.4262462957912155e-05)	(85, 0.054782968085658204)	(90, 9.203003190932197e-06)	(95, 0.23108992003426865)	(100, 2.4262462957912155e-05)	(105, 8.366366537211088e-07)	(110, 6.860420560513093e-05)	(115, 2.6772372919075483e-05)	(120, 9.203003190932197e-06)	(125, 4.183183268605544e-05)	(130, 0.11416994767674368)	(135, 7.864384544978422e-05)	(140, 4.936156256954542e-05)	(145, 3.430210280256546e-05)	(150, 0.0)	
/ | scratch | karcher | fastqc | 230727_PRISMA_Batch2_P3_for_Q | AAAWNKKHV_230321_MG_Batch2_P3_23s002005-1-1_Gross_lane1690 | AAAWNKKHV_230321_MG_Batch2_P3_23s002005-1-1_Gross_lane1690_2	(1, 0.0)	(2, 0.0)	(3, 0.0)	(4, 0.0)	(5, 0.0)	(6, 0.0)	(7, 0.0)	(8, 0.0)	(9, 0.00017569369728143286)	(10, 8.366366537211088e-06)	(15, 2.928228288023881e-05)	(20, 0.0)	(25, 2.6772372919075483e-05)	(30, 3.430210280256546e-05)	(35, 1.8406006381864394e-05)	(40, 1.1712913152095525e-05)	(45, 1.422282311325885e-05)	(50, 2.928228288023881e-05)	(55, 4.852492591582431e-05)	(60, 0.05512013265710781)	(65, 6.776756895140982e-05)	(70, 0.00010457958171513861)	(75, 0.00015728769089956845)	(80, 4.350510599349766e-05)	(85, 7.529729883489979e-06)	(90, 0.11375246598653685)	(95, 2.928228288023881e-05)	(100, 0.00010457958171513861)	(105, 8.366366537211088e-06)	(110, 0.353204569374748)	(115, 7.195075222001536e-05)	(120, 0.23233818192162056)	(125, 0.4028438953133288)	(130, 0.2903187752978008)	(135, 0.29034805758068105)	(140, 0.46301647672225843)	(145, 0.3466319518231149)	(150, 0.2902543542754643)	
/ | scratch | karcher | fastqc | 230727_PRISMA_Batch2_P3_for_Q | AAAWNKKHV_230321_MG_Batch2_P3_23s002005-1-1_Gross_lane1693 | AAAWNKKHV_230321_MG_Batch2_P3_23s002005-1-1_Gross_lane1693_1	(1, 0.0017331478024377497)	(2, 0.003543595624233051)	(3, 4.475264278595128e-05)	(4, 1.2205266214350351e-05)	(5, 1.6273688285800467e-05)	(6, 0.0)	(7, 0.0)	(8, 2.4410532428700702e-05)	(9, 0.0)	(10, 8.136844142900234e-07)	(15, 7.32315972861021e-06)	(20, 0.05705717849884502)	(25, 0.0)	(30, 0.0)	(35, 0.0)	(40, 0.0)	(45, 0.0)	(50, 0.0)	(55, 5.695790900030163e-06)	(60, 2.0342110357250583e-05)	(65, 2.1155794771540606e-05)	(70, 4.8821064857401404e-05)	(75, 8.950528557190257e-06)	(80, 4.312527395737123e-05)	(85, 0.055619398138794546)	(90, 3.2547376571600935e-06)	(95, 0.23385859645785276)	(100, 4.312527395737123e-05)	(105, 3.2547376571600935e-06)	(110, 7.241791287181207e-05)	(115, 5.533054017172159e-05)	(120, 2.5224216842990725e-05)	(125, 4.9634749271691424e-05)	(130, 0.11562130053295516)	(135, 7.241791287181207e-05)	(140, 5.93989622431717e-05)	(145, 3.2547376571600934e-05)	(150, 6.102633107175175e-05)	
/ | scratch | karcher | fastqc | 230727_PRISMA_Batch2_P3_for_Q | AAAWNKKHV_230321_MG_Batch2_P3_23s002005-1-1_Gross_lane1693 | AAAWNKKHV_230321_MG_Batch2_P3_23s002005-1-1_Gross_lane1693_2	(1, 0.0)	(2, 0.0)	(3, 0.0)	(4, 0.0)	(5, 0.0)	(6, 4.068422071450117e-06)	(7, 0.0)	(8, 0.0)	(9, 0.00014239477250075407)	(10, 1.708737270009049e-05)	(15, 4.393895837166126e-05)	(20, 4.068422071450117e-06)	(25, 3.2547376571600934e-05)	(30, 3.987053630021114e-05)	(35, 2.4410532428700702e-05)	(40, 3.5802114228761026e-05)	(45, 4.312527395737123e-05)	(50, 4.5566327200241304e-05)	(55, 5.044843368598145e-05)	(60, 0.056300451993555295)	(65, 8.787791674332252e-05)	(70, 0.00013018950628640373)	(75, 0.00021481268537256617)	(80, 6.26536999003318e-05)	(85, 2.685158567157077e-05)	(90, 0.11592236376624246)	(95, 9.031896998619259e-05)	(100, 0.0001187979244863434)	(105, 2.2783163600120652e-05)	(110, 0.35472734777856424)	(115, 0.00010415160502912299)	(120, 0.23361123639590856)	(125, 0.40590891112182104)	(130, 0.2919385762654603)	(135, 0.29198414259266053)	(140, 0.46820947198635093)	(145, 0.3494148022376647)	(150, 0.2918970783603315)	
/ | scratch | karcher | fastqc | 230727_PRISMA_Batch2_P3_for_Q | AAAWNKKHV_230321_MG_Batch2_P3_23s002005-1-1_Gross_lane1694 | AAAWNKKHV_230321_MG_Batch2_P3_23s002005-1-1_Gross_lane1694_1	(1, 0.001759969144797171)	(2, 0.0036765191743627734)	(3, 2.5052941562949055e-05)	(4, 0.0)	(5, 6.263235390737264e-06)	(6, 1.2526470781474527e-05)	(7, 0.0)	(8, 1.2526470781474527e-05)	(9, 0.0)	(10, 0.0)	(15, 8.76852954703217e-06)	(20, 0.05810654001402589)	(25, 0.0)	(30, 0.0)	(35, 0.0)	(40, 0.0)	(45, 5.010588312589811e-06)	(50, 0.0)	(55, 1.2526470781474527e-06)	(60, 3.6326765266276134e-05)	(65, 2.5052941562949055e-06)	(70, 5.7621765594782824e-05)	(75, 7.5158824688847164e-06)	(80, 2.6305588641096505e-05)	(85, 0.056629669108890036)	(90, 1.6284412015916886e-05)	(95, 0.23942720457586966)	(100, 1.753705909406434e-05)	(105, 2.5052941562949055e-06)	(110, 5.7621765594782824e-05)	(115, 2.6305588641096505e-05)	(120, 3.8832059422571034e-05)	(125, 6.388500098552009e-05)	(130, 0.11864196271257968)	(135, 5.7621765594782824e-05)	(140, 5.7621765594782824e-05)	(145, 4.384264773516084e-05)	(150, 0.0)	
/ | scratch | karcher | fastqc | 230727_PRISMA_Batch2_P3_for_Q | AAAWNKKHV_230321_MG_Batch2_P3_23s002005-1-1_Gross_lane1694 | AAAWNKKHV_230321_MG_Batch2_P3_23s002005-1-1_Gross_lane1694_2	(1, 0.0)	(2, 1.878970617221179e-05)	(3, 0.0)	(4, 0.0)	(5, 0.0)	(6, 5.010588312589811e-05)	(7, 0.0)	(8, 0.0)	(9, 0.00011900147242400802)	(10, 1.1273823703327074e-05)	(15, 4.76005889696032e-05)	(20, 2.5052941562949055e-06)	(25, 3.256882403183377e-05)	(30, 3.6326765266276134e-05)	(35, 3.6326765266276134e-05)	(40, 2.6305588641096505e-05)	(45, 4.885323604775066e-05)	(50, 3.757941234442358e-05)	(55, 8.016941300143698e-05)	(60, 0.057458921474623656)	(65, 0.00014655970814325198)	(70, 0.0001691073555499061)	(75, 0.00023925559192616345)	(80, 6.263235390737264e-05)	(85, 4.76005889696032e-05)	(90, 0.11992467332060269)	(95, 7.766411884514207e-05)	(100, 9.394853086105896e-05)	(105, 5.010588312589811e-05)	(110, 0.35950971142831895)	(115, 0.00011148558995512328)	(120, 0.2430022593369025)	(125, 0.4197257091219452)	(130, 0.30368925233191213)	(135, 0.3037280843913347)	(140, 0.4847631454193609)	(145, 0.36206010087942714)	(150, 0.30369802086145914)	
/ | scratch | karcher | fastqc | 230727_PRISMA_Batch2_P3_for_Q | AAAWNKKHV_230321_MG_Batch2_P3_23s002005-1-1_Gross_lane1697 | AAAWNKKHV_230321_MG_Batch2_P3_23s002005-1-1_Gross_lane1697_1	(1, 0.0016545602851410436)	(2, 0.0037008544695678173)	(3, 4.638954070488907e-05)	(4, 1.5463180234963023e-05)	(5, 0.0)	(6, 0.0)	(7, 0.0)	(8, 3.0926360469926046e-05)	(9, 0.0)	(10, 0.0)	(15, 7.216150776316079e-06)	(20, 0.05708696879143649)	(25, 0.0)	(30, 0.0)	(35, 0.0)	(40, 0.0)	(45, 4.1235147293234725e-06)	(50, 5.154393411654341e-06)	(55, 8.247029458646945e-06)	(60, 4.2266025975565596e-05)	(65, 7.216150776316079e-06)	(70, 7.216150776316077e-05)	(75, 8.247029458646945e-06)	(80, 3.814251124624212e-05)	(85, 0.05592413763776727)	(90, 1.0308786823308681e-05)	(95, 0.2359104011793252)	(100, 2.26793310112791e-05)	(105, 1.0308786823308681e-05)	(110, 6.391447830451383e-05)	(115, 2.8864603105264314e-05)	(120, 3.1957239152256916e-05)	(125, 8.76246879981238e-05)	(130, 0.11584911544166064)	(135, 8.968644536278555e-05)	(140, 5.9790963575190357e-05)	(145, 6.597623566917556e-05)	(150, 1.5463180234963023e-05)	
/ | scratch | karcher | fastqc | 230727_PRISMA_Batch2_P3_for_Q | AAAWNKKHV_230321_MG_Batch2_P3_23s002005-1-1_Gross_lane1697 | AAAWNKKHV_230321_MG_Batch2_P3_23s002005-1-1_Gross_lane1697_2	(1, 5.154393411654341e-06)	(2, 1.5463180234963023e-05)	(3, 0.0)	(4, 5.154393411654341e-06)	(5, 0.0)	(6, 4.1235147293234725e-05)	(7, 5.154393411654341e-06)	(8, 0.0)	(9, 0.00012370544187970418)	(10, 6.18527209398521e-06)	(15, 4.020426861090386e-05)	(20, 0.0)	(25, 2.9895481787595178e-05)	(30, 3.298811783458778e-05)	(35, 1.9586694964286495e-05)	(40, 1.9586694964286495e-05)	(45, 3.814251124624212e-05)	(50, 5.4636570163536024e-05)	(55, 4.948217675188168e-05)	(60, 0.055956094876919535)	(65, 0.00014226125816165983)	(70, 0.00011958192715038071)	(75, 0.00018761992018421803)	(80, 3.401899651691865e-05)	(85, 3.401899651691865e-05)	(90, 0.11568108221644072)	(95, 9.174820272744727e-05)	(100, 9.896435350376335e-05)	(105, 2.1648452328948233e-05)	(110, 0.3546830885640762)	(115, 0.00013092159265602028)	(120, 0.23558979790912032)	(125, 0.40879287972094114)	(130, 0.29441173552291966)	(135, 0.2944550324275776)	(140, 0.4702899475153891)	(145, 0.3523357778044088)	(150, 0.2943983341000494)	
/ | scratch | karcher | fastqc | 230727_PRISMA_Batch2_P3_for_Q | AAAWNKKHV_230321_MG_Batch2_P3_23s002005-1-1_Gross_lane1702 | AAAWNKKHV_230321_MG_Batch2_P3_23s002005-1-1_Gross_lane1702_1	(1, 0.001975033127807215)	(2, 0.0035861367558735566)	(3, 4.90691460324774e-05)	(4, 2.0445477513532247e-05)	(5, 8.178191005412899e-06)	(6, 8.178191005412899e-06)	(7, 0.0)	(8, 3.2712764021651596e-05)	(9, 0.0)	(10, 8.1781910054129e-07)	(15, 6.54255280433032e-06)	(20, 0.05726941815360491)	(25, 1.63563820108258e-06)	(30, 3.27127640216516e-06)	(35, 0.0)	(40, 0.0)	(45, 0.0)	(50, 0.0)	(55, 0.0)	(60, 2.5352392116779988e-05)	(65, 8.1781910054129e-07)	(70, 2.6988030317862566e-05)	(75, 6.54255280433032e-06)	(80, 4.6615688730853524e-05)	(85, 0.05540315496616969)	(90, 2.0445477513532247e-05)	(95, 0.23166279879123067)	(100, 4.007313592652321e-05)	(105, 2.4534573016238697e-06)	(110, 7.196808084763352e-05)	(115, 3.9255316825981916e-05)	(120, 4.4980050529770946e-05)	(125, 5.0704784233559976e-05)	(130, 0.11483488682160577)	(135, 9.159573926062447e-05)	(140, 6.624334714384448e-05)	(145, 7.115026174709222e-05)	(150, 3.2712764021651596e-05)	
/ | scratch | karcher | fastqc | 230727_PRISMA_Batch2_P3_for_Q | AAAWNKKHV_230321_MG_Batch2_P3_23s002005-1-1_Gross_lane1702 | AAAWNKKHV_230321_MG_Batch2_P3_23s002005-1-1_Gross_lane1702_2	(1, 0.0)	(2, 0.0)	(3, 0.0)	(4, 8.178191005412899e-06)	(5, 0.0)	(6, 0.00011040557857307415)	(7, 8.178191005412899e-06)	(8, 0.0)	(9, 0.00017583110661637734)	(10, 1.226728650811935e-05)	(15, 3.4348402222734175e-05)	(20, 0.0)	(25, 3.680185952435805e-05)	(30, 3.189494492111031e-05)	(35, 2.3716753915697407e-05)	(40, 1.9627658412990958e-05)	(45, 2.1263296614073536e-05)	(50, 7.278589994817481e-05)	(55, 8.341754825521158e-05)	(60, 0.0568098038191007)	(65, 9.404919656224835e-05)	(70, 0.00014884307629851477)	(75, 0.0001880983931244967)	(80, 5.8065156138431585e-05)	(85, 4.0890955027064494e-05)	(90, 0.11395164219302119)	(95, 4.0890955027064494e-05)	(100, 9.732047296441351e-05)	(105, 8.178191005412899e-06)	(110, 0.3553669337582067)	(115, 8.668882465737674e-05)	(120, 0.23385946089528453)	(125, 0.4058721701312346)	(130, 0.29223947738742456)	(135, 0.29225010903573156)	(140, 0.46574225302456085)	(145, 0.34858557777651833)	(150, 0.2921904082413921)	
/ | scratch | karcher | fastqc | 230727_PRISMA_Batch2_P3_for_Q | AAAWNKKHV_230321_MG_Batch2_P3_23s002005-1-1_Gross_lane1MG16 | AAAWNKKHV_230321_MG_Batch2_P3_23s002005-1-1_Gross_lane1MG16_1	(1, 0.0017666315037175302)	(2, 0.0037988505623563536)	(3, 4.426459248688218e-05)	(4, 5.533074060860273e-06)	(5, 4.742634909308806e-06)	(6, 3.161756606205871e-06)	(7, 7.904391515514677e-07)	(8, 3.2408005213610175e-05)	(9, 0.0)	(10, 1.738966133413229e-06)	(15, 5.216898400239686e-06)	(20, 0.058771522235306274)	(25, 0.0)	(30, 0.0)	(35, 0.0)	(40, 0.0)	(45, 0.0)	(50, 6.481601042722035e-06)	(55, 1.7231573503821993e-05)	(60, 3.477932266826457e-05)	(65, 1.6757310012891113e-05)	(70, 7.841156383390558e-05)	(75, 1.881245180692493e-05)	(80, 5.643735542077479e-05)	(85, 0.0567570090136622)	(90, 2.6084492001198432e-05)	(95, 0.24194251622961283)	(100, 5.2801335323638036e-05)	(105, 1.438599255823671e-05)	(110, 7.272040194273502e-05)	(115, 7.192996279118355e-05)	(120, 5.485647711767185e-05)	(125, 0.00010686737328975843)	(130, 0.11884521392887842)	(135, 0.00010908060291410255)	(140, 0.00010386370451386285)	(145, 7.730494902173353e-05)	(150, 7.746303685204384e-05)	
/ | scratch | karcher | fastqc | 230727_PRISMA_Batch2_P3_for_Q | AAAWNKKHV_230321_MG_Batch2_P3_23s002005-1-1_Gross_lane1MG16 | AAAWNKKHV_230321_MG_Batch2_P3_23s002005-1-1_Gross_lane1MG16_2	(1, 0.0)	(2, 7.904391515514677e-07)	(3, 0.0)	(4, 0.0)	(5, 0.0)	(6, 6.165425382101448e-05)	(7, 0.0)	(8, 0.0)	(9, 0.00016678266097735968)	(10, 1.9128627467545516e-05)	(15, 5.596309192984391e-05)	(20, 5.216898400239686e-06)	(25, 3.6676376631988095e-05)	(30, 3.7941079274470446e-05)	(35, 1.3437465576374949e-05)	(40, 3.968004540788368e-05)	(45, 7.382701675490708e-05)	(50, 8.679021884035114e-05)	(55, 0.00010591884630789667)	(60, 0.05743678668399646)	(65, 0.0001512900536069509)	(70, 0.00018290761966900963)	(75, 0.00027333385860649754)	(80, 7.461745590645855e-05)	(85, 6.086381466946301e-05)	(90, 0.12062322775637832)	(95, 0.00011603646744775546)	(100, 0.00013595553406685245)	(105, 4.6319734280916006e-05)	(110, 0.36359647663961425)	(115, 0.0001316871626484745)	(120, 0.2438492135509853)	(125, 0.4213287294784607)	(130, 0.3047726273324753)	(135, 0.30475191782670463)	(140, 0.4864805184572601)	(145, 0.363669197041557)	(150, 0.3047553957589715)	
/ | scratch | karcher | fastqc | 230727_PRISMA_Batch2_P3_for_Q | AAAWNKKHV_230321_MG_Batch2_P3_23s002005-1-1_Gross_lane1MG25 | AAAWNKKHV_230321_MG_Batch2_P3_23s002005-1-1_Gross_lane1MG25_1	(1, 0.0017221497421511642)	(2, 0.003572879369736966)	(3, 3.488071360194971e-05)	(4, 1.5046582338095954e-05)	(5, 4.787548925757803e-06)	(6, 2.05180668246763e-06)	(7, 6.839355608225433e-07)	(8, 2.8041357993724276e-05)	(9, 6.839355608225433e-07)	(10, 1.231084009480578e-06)	(15, 3.282890691948208e-06)	(20, 0.05668334819696291)	(25, 1.3678711216450868e-07)	(30, 0.0)	(35, 0.0)	(40, 0.0)	(45, 0.0)	(50, 0.0)	(55, 1.3678711216450868e-07)	(60, 1.5046582338095954e-05)	(65, 2.3253809067966474e-06)	(70, 2.5989551311256648e-05)	(75, 3.0093164676191902e-06)	(80, 2.133878949766335e-05)	(85, 0.055415878815646566)	(90, 1.1626904533983236e-05)	(95, 0.23575039922173602)	(100, 2.9135654891040345e-05)	(105, 1.5046582338095951e-06)	(110, 6.907749164307688e-05)	(115, 2.4211318853118034e-05)	(120, 2.3937744628789016e-05)	(125, 5.307339951982936e-05)	(130, 0.116608003803776)	(135, 7.386504056883467e-05)	(140, 4.5686895462945896e-05)	(145, 5.1295167061690744e-05)	(150, 1.0259033412338149e-05)	
/ | scratch | karcher | fastqc | 230727_PRISMA_Batch2_P3_for_Q | AAAWNKKHV_230321_MG_Batch2_P3_23s002005-1-1_Gross_lane1MG25 | AAAWNKKHV_230321_MG_Batch2_P3_23s002005-1-1_Gross_lane1MG25_2	(1, 3.4196778041127164e-06)	(2, 0.0)	(3, 0.0)	(4, 2.735742243290173e-06)	(5, 0.0)	(6, 3.898432696688497e-05)	(7, 2.735742243290173e-06)	(8, 0.0)	(9, 0.00016004092123247512)	(10, 1.1900478758312254e-05)	(15, 3.570143627493676e-05)	(20, 0.0)	(25, 2.7767783769395258e-05)	(30, 3.1187461573507976e-05)	(35, 5.471484486580347e-07)	(40, 2.763099665723075e-05)	(45, 3.802681718173341e-05)	(50, 4.185685632233965e-05)	(55, 6.087026491320635e-05)	(60, 0.05687580766377837)	(65, 0.00010026495321658485)	(70, 0.00010833539283429087)	(75, 0.00018999729879650253)	(80, 3.4743926489785196e-05)	(85, 2.3937744628789016e-05)	(90, 0.11688910131927407)	(95, 6.675211073628023e-05)	(100, 0.00010040174032874936)	(105, 1.3815498328615374e-05)	(110, 0.35783891546149527)	(115, 7.961009927974404e-05)	(120, 0.2355937779783077)	(125, 0.4084643728220286)	(130, 0.29443220712742246)	(135, 0.2944495790906673)	(140, 0.4701139139132361)	(145, 0.35197567268567576)	(150, 0.29443904648303065)	
/ | scratch | karcher | fastqc | 230727_PRISMA_Batch2_P3_for_Q | AAAWNKKHV_230321_MG_Batch2_P3_23s002005-1-1_Gross_lane1MG30 | AAAWNKKHV_230321_MG_Batch2_P3_23s002005-1-1_Gross_lane1MG30_1	(1, 0.001702057873607323)	(2, 0.0036021539274771336)	(3, 6.422859900404994e-05)	(4, 5.352383250337495e-06)	(5, 0.0)	(6, 0.0)	(7, 0.0)	(8, 2.140953300134998e-05)	(9, 0.0)	(10, 2.1409533001349975e-06)	(15, 6.422859900404993e-06)	(20, 0.05829922883932606)	(25, 0.0)	(30, 8.56381320053999e-06)	(35, 0.0)	(40, 0.0)	(45, 0.0)	(50, 0.0)	(55, 4.281906600269995e-06)	(60, 2.4620962951552476e-05)	(65, 4.281906600269995e-06)	(70, 3.211429950202497e-05)	(75, 8.56381320053999e-06)	(80, 3.425525280215996e-05)	(85, 0.056105822183337754)	(90, 1.819810305114748e-05)	(95, 0.2356814916621109)	(100, 5.566478580350994e-05)	(105, 0.0)	(110, 0.00011132957160701989)	(115, 6.422859900404994e-05)	(120, 2.140953300134998e-05)	(125, 6.208764570391493e-05)	(130, 0.11654493384614874)	(135, 8.242670205519742e-05)	(140, 7.386288885465743e-05)	(145, 4.710097260296995e-05)	(150, 8.028574875506242e-05)	
/ | scratch | karcher | fastqc | 230727_PRISMA_Batch2_P3_for_Q | AAAWNKKHV_230321_MG_Batch2_P3_23s002005-1-1_Gross_lane1MG30 | AAAWNKKHV_230321_MG_Batch2_P3_23s002005-1-1_Gross_lane1MG30_2	(1, 1.6057149751012486e-05)	(2, 0.0)	(3, 0.0)	(4, 0.0)	(5, 0.0)	(6, 8.563813200539992e-05)	(7, 0.0)	(8, 0.0)	(9, 0.0001873334137618123)	(10, 2.783239290175497e-05)	(15, 4.281906600269996e-05)	(20, 0.0)	(25, 6.208764570391493e-05)	(30, 4.4960019302834955e-05)	(35, 1.926857970121498e-05)	(40, 5.7805739103644945e-05)	(45, 2.140953300134998e-05)	(50, 5.459430915344244e-05)	(55, 6.529907565411742e-05)	(60, 0.05673098054697717)	(65, 9.63428985060749e-05)	(70, 0.0001809105538614073)	(75, 0.0002076724701130948)	(80, 7.172193555452243e-05)	(85, 2.8902869551822472e-05)	(90, 0.11578275447130068)	(95, 4.4960019302834955e-05)	(100, 0.0001070476650067499)	(105, 1.926857970121498e-05)	(110, 0.3602260975142141)	(115, 8.884956195560242e-05)	(120, 0.24141389412322234)	(125, 0.41739383253441875)	(130, 0.3017009981017238)	(135, 0.301720266681425)	(140, 0.4804277795969934)	(145, 0.35940397144696223)	(150, 0.30163891045601987)	
/ | scratch | karcher | fastqc | 230727_PRISMA_Batch2_P3_for_Q | AAAWNKKHV_230321_MG_Batch2_P3_23s002005-1-1_Gross_lane1MG36 | AAAWNKKHV_230321_MG_Batch2_P3_23s002005-1-1_Gross_lane1MG36_1	(1, 0.001780431893035467)	(2, 0.0035688121427362714)	(3, 4.371596165935299e-05)	(4, 1.5896713330673814e-05)	(5, 1.192253499800536e-05)	(6, 3.974178332668454e-06)	(7, 0.0)	(8, 5.166431832468989e-05)	(9, 0.0)	(10, 1.5896713330673811e-06)	(15, 8.743192331870598e-06)	(20, 0.05727029428075201)	(25, 0.0)	(30, 0.0)	(35, 0.0)	(40, 0.0)	(45, 0.0)	(50, 0.0)	(55, 5.5638496657358345e-06)	(60, 2.2255398662943338e-05)	(65, 1.5896713330673811e-06)	(70, 4.4510797325886676e-05)	(75, 5.5638496657358345e-06)	(80, 4.371596165935299e-05)	(85, 0.056377693827234676)	(90, 9.538027998404287e-06)	(95, 0.23795154316152406)	(100, 6.676619598883001e-05)	(105, 7.948356665336906e-07)	(110, 7.153520998803216e-05)	(115, 7.074037432149847e-05)	(120, 4.769013999202144e-06)	(125, 8.345774498603751e-05)	(130, 0.11708088335174571)	(135, 8.345774498603751e-05)	(140, 7.789389532030168e-05)	(145, 4.530563299242037e-05)	(150, 7.153520998803216e-05)	
/ | scratch | karcher | fastqc | 230727_PRISMA_Batch2_P3_for_Q | AAAWNKKHV_230321_MG_Batch2_P3_23s002005-1-1_Gross_lane1MG36 | AAAWNKKHV_230321_MG_Batch2_P3_23s002005-1-1_Gross_lane1MG36_2	(1, 0.0)	(2, 7.948356665336907e-06)	(3, 0.0)	(4, 0.0)	(5, 0.0)	(6, 0.00013909624164339587)	(7, 0.0)	(8, 0.0)	(9, 0.00014704459830873278)	(10, 2.5434741329078098e-05)	(15, 3.894694766015084e-05)	(20, 0.0)	(25, 5.0869482658156196e-05)	(30, 4.530563299242037e-05)	(35, 2.2255398662943338e-05)	(40, 4.371596165935299e-05)	(45, 3.2588262327881314e-05)	(50, 6.199718198962787e-05)	(55, 7.312488132109954e-05)	(60, 0.05822648158759204)	(65, 0.00011127699331471669)	(70, 0.0001708896683047435)	(75, 0.0002638854412891853)	(80, 5.7228167990425724e-05)	(85, 5.325398965775728e-05)	(90, 0.1186188903664884)	(95, 8.58422519856386e-05)	(100, 0.00012478919964578942)	(105, 2.463990566254441e-05)	(110, 0.35888737949595817)	(115, 0.00010968732198164932)	(120, 0.23805487179817342)	(125, 0.4135537921331458)	(130, 0.29746724820023374)	(135, 0.29750301580522776)	(140, 0.47560740745509755)	(145, 0.3561388377610846)	(150, 0.2974235322385744)	
/ | scratch | karcher | fastqc | 230727_PRISMA_Batch2_P3_for_Q | AAAWNKKHV_230321_MG_Batch2_P3_23s002005-1-1_Gross_lane1MG39 | AAAWNKKHV_230321_MG_Batch2_P3_23s002005-1-1_Gross_lane1MG39_1	(1, 0.00164071646295112)	(2, 0.0035179517926393496)	(3, 4.5812212926557246e-05)	(4, 1.4915604208646545e-05)	(5, 5.327001503088052e-06)	(6, 2.130800601235221e-06)	(7, 1.0654003006176105e-06)	(8, 3.6223610220998754e-05)	(9, 0.0)	(10, 8.523202404940883e-07)	(15, 5.540081563211574e-06)	(20, 0.058436354168635435)	(25, 0.0)	(30, 0.0)	(35, 0.0)	(40, 0.0)	(45, 7.031641984076228e-06)	(50, 0.0)	(55, 0.0)	(60, 1.939028547124051e-05)	(65, 2.770040781605787e-06)	(70, 2.940504829704605e-05)	(75, 3.1962009018528315e-06)	(80, 2.1521086072475732e-05)	(85, 0.055488604616886636)	(90, 1.4489444088399502e-05)	(95, 0.23585022150844193)	(100, 2.5569607214822652e-05)	(105, 1.2784803607411325e-06)	(110, 5.88100965940921e-05)	(115, 2.450420691420504e-05)	(120, 6.392401803705663e-06)	(125, 3.2175089078651833e-05)	(130, 0.1162296327158181)	(135, 6.456325821742719e-05)	(140, 3.792825070198693e-05)	(145, 3.5158209920381145e-05)	(150, 7.457802104323273e-06)	
/ | scratch | karcher | fastqc | 230727_PRISMA_Batch2_P3_for_Q | AAAWNKKHV_230321_MG_Batch2_P3_23s002005-1-1_Gross_lane1MG39 | AAAWNKKHV_230321_MG_Batch2_P3_23s002005-1-1_Gross_lane1MG39_2	(1, 1.0654003006176105e-06)	(2, 0.0)	(3, 0.0)	(4, 0.0)	(5, 0.0)	(6, 1.1719403306793716e-05)	(7, 0.0)	(8, 0.0)	(9, 0.00015022144238708307)	(10, 1.129324318654667e-05)	(15, 2.876580811667548e-05)	(20, 2.1308006012352208e-07)	(25, 1.64071646295112e-05)	(30, 2.9618128357169572e-05)	(35, 1.2997883667534846e-05)	(40, 1.129324318654667e-05)	(45, 1.917720541111699e-05)	(50, 2.1094925952228688e-05)	(55, 3.601053016087523e-05)	(60, 0.05607500094234656)	(65, 0.00011932483366917236)	(70, 0.00010632695000163752)	(75, 0.00015277840310856533)	(80, 4.3255252205074985e-05)	(85, 2.0242605711734598e-05)	(90, 0.11633532042563935)	(95, 4.9647654008780645e-05)	(100, 7.734806182483852e-05)	(105, 1.2358643487164282e-05)	(110, 0.36308565240970003)	(115, 8.800206483101462e-05)	(120, 0.23993304854046874)	(125, 0.4136921666890365)	(130, 0.29984072052425703)	(135, 0.2998878112175444)	(140, 0.4776999251897217)	(145, 0.35682024632182796)	(150, 0.29979618679169123)	
/ | scratch | karcher | fastqc | 230727_PRISMA_Batch2_P3_for_Q | AAAWNKKHV_230321_MG_Batch2_P3_23s002005-1-1_Gross_lane1MG40 | AAAWNKKHV_230321_MG_Batch2_P3_23s002005-1-1_Gross_lane1MG40_1	(1, 0.001763678717175092)	(2, 0.003573648214328533)	(3, 4.166170198051399e-05)	(4, 1.3887233993504661e-05)	(5, 4.629077997834887e-06)	(6, 4.629077997834887e-06)	(7, 0.0)	(8, 1.851631199133955e-05)	(9, 0.0)	(10, 0.0)	(15, 4.629077997834887e-06)	(20, 0.057769041781780266)	(25, 0.0)	(30, 0.0)	(35, 0.0)	(40, 0.0)	(45, 0.0)	(50, 0.0)	(55, 0.0)	(60, 2.221957438960746e-05)	(65, 1.2961418393937687e-05)	(70, 3.4255177183978166e-05)	(75, 6.4807091969688434e-06)	(80, 3.610680838311213e-05)	(85, 0.0556961406543498)	(90, 3.70326239826791e-06)	(95, 0.23545249746627417)	(100, 1.6664680792205597e-05)	(105, 2.7774467987009325e-06)	(110, 8.424921956059495e-05)	(115, 2.221957438960746e-05)	(120, 2.4997021188308393e-05)	(125, 4.721659557791585e-05)	(130, 0.1167805280981794)	(135, 0.0001036913471515015)	(140, 5.277148917531772e-05)	(145, 5.0919857976183756e-05)	(150, 4.629077997834887e-06)	
/ | scratch | karcher | fastqc | 230727_PRISMA_Batch2_P3_for_Q | AAAWNKKHV_230321_MG_Batch2_P3_23s002005-1-1_Gross_lane1MG40 | AAAWNKKHV_230321_MG_Batch2_P3_23s002005-1-1_Gross_lane1MG40_2	(1, 0.0)	(2, 2.3145389989174437e-05)	(3, 0.0)	(4, 0.0)	(5, 0.0)	(6, 0.0)	(7, 0.0)	(8, 0.0)	(9, 0.00017590496391772572)	(10, 1.851631199133955e-05)	(15, 3.70326239826791e-05)	(20, 0.0)	(25, 3.8884255181813054e-05)	(30, 4.5364964378781904e-05)	(35, 1.2961418393937687e-05)	(40, 2.221957438960746e-05)	(45, 1.9442127590906527e-05)	(50, 2.8700283586576303e-05)	(55, 5.3697304774884696e-05)	(60, 0.056891368593390765)	(65, 0.00011480113434630521)	(70, 0.00010739460954976939)	(75, 0.00016294354552378806)	(80, 6.017801397185353e-05)	(85, 1.759049639177257e-05)	(90, 0.11674349547419673)	(95, 3.70326239826791e-05)	(100, 0.00011850439674457312)	(105, 1.481304959307164e-05)	(110, 0.35948771660266043)	(115, 8.054595716232705e-05)	(120, 0.23745688823933667)	(125, 0.412099039679253)	(130, 0.29675074831360376)	(135, 0.29677296788799334)	(140, 0.47287790797522555)	(145, 0.35389393875007674)	(150, 0.2966961251932293)	
/ | scratch | karcher | fastqc | 230727_PRISMA_Batch2_P3_for_Q | AAAWNKKHV_230321_MG_Batch2_P3_23s002005-1-1_Gross_lane1MG41 | AAAWNKKHV_230321_MG_Batch2_P3_23s002005-1-1_Gross_lane1MG41_1	(1, 0.0018048246989351147)	(2, 0.0036009931643021945)	(3, 6.924986854427298e-05)	(4, 8.656233568034122e-06)	(5, 4.328116784017061e-06)	(6, 4.328116784017061e-06)	(7, 0.0)	(8, 1.7312467136068244e-05)	(9, 0.0)	(10, 1.7312467136068246e-06)	(15, 6.0593634976238855e-06)	(20, 0.05739169417942303)	(25, 0.0)	(30, 0.0)	(35, 0.0)	(40, 0.0)	(45, 0.0)	(50, 0.0)	(55, 1.7312467136068246e-06)	(60, 1.558122042246142e-05)	(65, 1.8178090492871657e-05)	(70, 3.116244084492284e-05)	(75, 1.7312467136068246e-06)	(80, 1.1253103638444359e-05)	(85, 0.055517619611943646)	(90, 2.596870070410237e-06)	(95, 0.23032679402496553)	(100, 2.5103077347298956e-05)	(105, 8.656233568034123e-07)	(110, 7.790610211230709e-05)	(115, 1.990933720647848e-05)	(120, 2.5103077347298956e-05)	(125, 4.154992112656379e-05)	(130, 0.1135256376214107)	(135, 6.232488168984568e-05)	(140, 5.7131141549025206e-05)	(145, 2.8565570774512603e-05)	(150, 1.2984350352051183e-05)	
/ | scratch | karcher | fastqc | 230727_PRISMA_Batch2_P3_for_Q | AAAWNKKHV_230321_MG_Batch2_P3_23s002005-1-1_Gross_lane1MG41 | AAAWNKKHV_230321_MG_Batch2_P3_23s002005-1-1_Gross_lane1MG41_2	(1, 0.0)	(2, 0.0)	(3, 0.0)	(4, 0.0)	(5, 0.0)	(6, 0.0)	(7, 0.0)	(8, 0.0)	(9, 0.00015581220422461418)	(10, 1.2118726995247771e-05)	(15, 3.289368755852967e-05)	(20, 0.0)	(25, 2.1640583920085305e-05)	(30, 4.587803791058085e-05)	(35, 1.0387480281640947e-05)	(40, 1.558122042246142e-05)	(45, 2.2506207276888718e-05)	(50, 2.7699947417709193e-05)	(55, 5.193740140820473e-05)	(60, 0.055762591021919015)	(65, 9.608419260517876e-05)	(70, 0.00010993416631403335)	(75, 0.00017052780129027221)	(80, 5.4534271478614975e-05)	(85, 2.2506207276888718e-05)	(90, 0.11354381571190358)	(95, 5.626551819222179e-05)	(100, 0.00011599352981165723)	(105, 2.2506207276888718e-05)	(110, 0.3553383879678007)	(115, 7.877172546911051e-05)	(120, 0.23490940407588282)	(125, 0.40704380231638215)	(130, 0.2935735645898069)	(135, 0.2935865489401589)	(140, 0.46667832661328285)	(145, 0.3496529737603159)	(150, 0.2935285521752531)	
/ | scratch | karcher | fastqc | 230727_PRISMA_Batch2_P3_for_Q | AAAWNKKHV_230321_MG_Batch2_P3_23s002005-1-1_Gross_lane1MG42 | AAAWNKKHV_230321_MG_Batch2_P3_23s002005-1-1_Gross_lane1MG42_1	(1, 0.0018548857417660803)	(2, 0.003858559109877034)	(3, 2.9757525268974553e-05)	(4, 9.919175089658183e-06)	(5, 1.4878762634487276e-05)	(6, 4.9595875448290916e-06)	(7, 0.0)	(8, 3.967670035863273e-05)	(9, 0.0)	(10, 0.0)	(15, 5.95150505379491e-06)	(20, 0.05766611630123682)	(25, 0.0)	(30, 0.0)	(35, 0.0)	(40, 0.0)	(45, 5.95150505379491e-06)	(50, 0.0)	(55, 6.9434225627607285e-06)	(60, 3.471711281380364e-05)	(65, 4.9595875448290916e-06)	(70, 5.554738050208583e-05)	(75, 9.919175089658183e-06)	(80, 3.967670035863273e-05)	(85, 0.05607805636938254)	(90, 7.935340071726546e-06)	(95, 0.23534929159979281)	(100, 4.5628205412427645e-05)	(105, 8.927257580692365e-06)	(110, 8.133723573519711e-05)	(115, 5.157971046622256e-05)	(120, 4.265245288553019e-05)	(125, 8.431298826209457e-05)	(130, 0.11604046170387522)	(135, 0.00010117558591451347)	(140, 8.431298826209457e-05)	(145, 6.149888555588074e-05)	(150, 0.0)	
/ | scratch | karcher | fastqc | 230727_PRISMA_Batch2_P3_for_Q | AAAWNKKHV_230321_MG_Batch2_P3_23s002005-1-1_Gross_lane1MG42 | AAAWNKKHV_230321_MG_Batch2_P3_23s002005-1-1_Gross_lane1MG42_2	(1, 0.0)	(2, 0.0)	(3, 0.0)	(4, 0.0)	(5, 0.0)	(6, 7.935340071726547e-05)	(7, 0.0)	(8, 0.0)	(9, 0.0001884643267035055)	(10, 1.0911092598624e-05)	(15, 4.761204043035928e-05)	(20, 1.9838350179316365e-06)	(25, 3.967670035863273e-05)	(30, 2.1822185197248e-05)	(35, 4.265245288553019e-05)	(40, 1.4878762634487276e-05)	(45, 5.4555462993120014e-05)	(50, 6.149888555588074e-05)	(55, 7.836148320829966e-05)	(60, 0.05715329494910149)	(65, 0.0001358926987283171)	(70, 0.0001408522862731462)	(75, 0.0002013592543200611)	(80, 7.240997815450474e-05)	(85, 4.86039579393251e-05)	(90, 0.11626761081342839)	(95, 8.232915324416293e-05)	(100, 9.72079158786502e-05)	(105, 2.7773690251042914e-05)	(110, 0.3598914782730141)	(115, 0.00010018366840554767)	(120, 0.23801655778140193)	(125, 0.41277456834601767)	(130, 0.29743142465094546)	(135, 0.29742944081592754)	(140, 0.4751116241969746)	(145, 0.3551610236727561)	(150, 0.29739174795058687)	
/ | scratch | karcher | fastqc | 230727_PRISMA_Batch2_P3_for_Q | AAAWNKKHV_230321_MG_Batch2_P3_23s002005-1-1_Gross_lane1MG43 | AAAWNKKHV_230321_MG_Batch2_P3_23s002005-1-1_Gross_lane1MG43_1	(1, 0.0018262712497348343)	(2, 0.0037528290709868996)	(3, 2.639120303085021e-05)	(4, 1.5834721818510123e-05)	(5, 0.0)	(6, 0.0)	(7, 0.0)	(8, 1.5834721818510123e-05)	(9, 0.0)	(10, 1.0556481212340084e-06)	(15, 9.500833091106074e-06)	(20, 0.057244630670156574)	(25, 0.0)	(30, 0.0)	(35, 0.0)	(40, 0.0)	(45, 7.389536848638059e-06)	(50, 0.0)	(55, 1.0556481212340084e-06)	(60, 5.4893702304168425e-05)	(65, 2.1112962424680168e-06)	(70, 7.283972036514657e-05)	(75, 1.5834721818510123e-05)	(80, 4.2225924849360334e-05)	(85, 0.05516394822320434)	(90, 2.005731430344616e-05)	(95, 0.2322922021331798)	(100, 2.427990678838219e-05)	(105, 1.1612129333574092e-05)	(110, 5.911629478910447e-05)	(115, 2.7446851152084212e-05)	(120, 3.378073987948827e-05)	(125, 0.00010028657151723079)	(130, 0.11451881948770769)	(135, 0.00011084305272957087)	(140, 8.339620157748665e-05)	(145, 4.855981357676438e-05)	(150, 2.1112962424680167e-05)	
/ | scratch | karcher | fastqc | 230727_PRISMA_Batch2_P3_for_Q | AAAWNKKHV_230321_MG_Batch2_P3_23s002005-1-1_Gross_lane1MG43 | AAAWNKKHV_230321_MG_Batch2_P3_23s002005-1-1_Gross_lane1MG43_2	(1, 0.0)	(2, 0.0)	(3, 0.0)	(4, 0.0)	(5, 0.0)	(6, 3.1669443637020245e-05)	(7, 0.0)	(8, 0.0)	(9, 0.00014251249636659113)	(10, 7.389536848638059e-06)	(15, 3.378073987948827e-05)	(20, 0.0)	(25, 3.1669443637020245e-05)	(30, 3.694768424319029e-05)	(35, 3.8003332364424294e-05)	(40, 2.8502499273318224e-05)	(45, 5.06711098192324e-05)	(50, 4.2225924849360334e-05)	(55, 5.4893702304168425e-05)	(60, 0.05595885125849355)	(65, 0.000127733422669315)	(70, 0.0001382899038816551)	(75, 0.00019951749491322755)	(80, 4.328157297059434e-05)	(85, 5.4893702304168425e-05)	(90, 0.11425490745739918)	(95, 7.70623128500826e-05)	(100, 0.00011717694145697492)	(105, 4.6448517334296366e-05)	(110, 0.3575290169957764)	(115, 0.00014251249636659113)	(120, 0.23610731444331953)	(125, 0.4084239242167104)	(130, 0.2950874306247848)	(135, 0.29509798710599716)	(140, 0.47006005107120047)	(145, 0.35132813993164785)	(150, 0.29515393645642257)	
/ | scratch | karcher | fastqc | 230727_PRISMA_Batch2_P3_for_Q | AAAWNKKHV_230321_MG_Batch2_P3_23s002005-1-1_Gross_lane1MG44 | AAAWNKKHV_230321_MG_Batch2_P3_23s002005-1-1_Gross_lane1MG44_1	(1, 0.0018228029801504902)	(2, 0.0036354227034286314)	(3, 4.073302748939643e-05)	(4, 1.527488530852366e-05)	(5, 5.091628436174554e-06)	(6, 1.0183256872349108e-05)	(7, 0.0)	(8, 3.054977061704732e-05)	(9, 0.0)	(10, 2.0366513744698216e-06)	(15, 5.091628436174554e-06)	(20, 0.057330717865638245)	(25, 0.0)	(30, 0.0)	(35, 0.0)	(40, 0.0)	(45, 0.0)	(50, 0.0)	(55, 7.1282798106443755e-06)	(60, 1.731153668299348e-05)	(65, 3.054977061704732e-06)	(70, 4.6842981612805894e-05)	(75, 6.109954123409464e-06)	(80, 4.175135317663134e-05)	(85, 0.05577878951829224)	(90, 3.054977061704732e-06)	(95, 0.23355197804163955)	(100, 2.749479355534259e-05)	(105, 0.0)	(110, 8.553935772773251e-05)	(115, 4.887963298727571e-05)	(120, 2.545814218087277e-05)	(125, 3.9714701802161516e-05)	(130, 0.11344860983777971)	(135, 7.637442654261831e-05)	(140, 5.295293573621536e-05)	(145, 3.2586421991517145e-05)	(150, 2.545814218087277e-05)	
/ | scratch | karcher | fastqc | 230727_PRISMA_Batch2_P3_for_Q | AAAWNKKHV_230321_MG_Batch2_P3_23s002005-1-1_Gross_lane1MG44 | AAAWNKKHV_230321_MG_Batch2_P3_23s002005-1-1_Gross_lane1MG44_2	(1, 0.0)	(2, 0.0)	(3, 0.0)	(4, 0.0)	(5, 0.0)	(6, 1.527488530852366e-05)	(7, 0.0)	(8, 0.0)	(9, 0.00021384839431933127)	(10, 2.1384839431933127e-05)	(15, 6.313619260856446e-05)	(20, 0.0)	(25, 3.76780504276917e-05)	(30, 2.8513119242577502e-05)	(35, 2.2403165119168036e-05)	(40, 3.2586421991517145e-05)	(45, 3.054977061704732e-05)	(50, 4.175135317663134e-05)	(55, 4.378800455110116e-05)	(60, 0.05579610105497523)	(65, 0.00011201582559584019)	(70, 0.00013645564208947803)	(75, 0.00023115993100232475)	(80, 5.7026238485155004e-05)	(85, 1.9348188057463304e-05)	(90, 0.11549442614343464)	(95, 6.211786692132955e-05)	(100, 0.00011405247697031001)	(105, 2.2403165119168036e-05)	(110, 0.3578202983062902)	(115, 0.00011405247697031001)	(120, 0.23544199051714754)	(125, 0.40744432737093456)	(130, 0.2942268774641572)	(135, 0.29428797700539133)	(140, 0.4700907053239391)	(145, 0.35123071278419304)	(150, 0.2941790161568572)	
/ | scratch | karcher | fastqc | 230727_PRISMA_Batch2_P3_for_Q | AAAWNKKHV_230321_MG_Batch2_P3_23s002005-1-1_Gross_lane1MG45 | AAAWNKKHV_230321_MG_Batch2_P3_23s002005-1-1_Gross_lane1MG45_1	(1, 0.0017080351250150804)	(2, 0.0036820416563585427)	(3, 2.909062256716682e-05)	(4, 4.155803223880974e-06)	(5, 4.155803223880974e-06)	(6, 8.311606447761948e-06)	(7, 0.0)	(8, 3.7402229014928764e-05)	(9, 0.0)	(10, 3.3246425791047795e-06)	(15, 2.4934819343285842e-06)	(20, 0.05719133280640519)	(25, 0.0)	(30, 0.0)	(35, 0.0)	(40, 0.0)	(45, 0.0)	(50, 8.311606447761949e-07)	(55, 5.818124513433364e-06)	(60, 3.324642579104779e-05)	(65, 9.973927737314337e-06)	(70, 6.31682090029908e-05)	(75, 7.4804458029857536e-06)	(80, 4.5713835462690716e-05)	(85, 0.055704386412900576)	(90, 1.2467409671642922e-05)	(95, 0.23210077889310762)	(100, 2.742830127761443e-05)	(105, 7.4804458029857536e-06)	(110, 7.563561867463373e-05)	(115, 3.490874708060018e-05)	(120, 4.322035352836213e-05)	(125, 9.807695608359099e-05)	(130, 0.1144691063198671)	(135, 0.00011386900833433869)	(140, 6.649285158209558e-05)	(145, 6.981749416120036e-05)	(150, 1.2467409671642922e-05)	
/ | scratch | karcher | fastqc | 230727_PRISMA_Batch2_P3_for_Q | AAAWNKKHV_230321_MG_Batch2_P3_23s002005-1-1_Gross_lane1MG45 | AAAWNKKHV_230321_MG_Batch2_P3_23s002005-1-1_Gross_lane1MG45_2	(1, 0.0)	(2, 1.2467409671642922e-05)	(3, 0.0)	(4, 0.0)	(5, 0.0)	(6, 6.649285158209558e-05)	(7, 0.0)	(8, 0.0)	(9, 0.00020363435797016776)	(10, 1.8285534185076285e-05)	(15, 4.654499610746691e-05)	(20, 0.0)	(25, 5.236312062090027e-05)	(30, 5.901240577910984e-05)	(35, 2.077901611940487e-05)	(40, 1.8285534185076285e-05)	(45, 3.24152651462716e-05)	(50, 6.150588771343842e-05)	(55, 7.646677931940992e-05)	(60, 0.056164018249461815)	(65, 0.00012716757865075781)	(70, 0.0001562582012179246)	(75, 0.000226075695379125)	(80, 8.228490383284329e-05)	(85, 3.24152651462716e-05)	(90, 0.11524873500466717)	(95, 7.064865480597656e-05)	(100, 0.00014628427348061028)	(105, 2.410365869850965e-05)	(110, 0.35716801459451597)	(115, 0.00012051829349254824)	(120, 0.23702623687405136)	(125, 0.40977383412369095)	(130, 0.29617079719568057)	(135, 0.2961982254969582)	(140, 0.4719105727665145)	(145, 0.352789460317835)	(150, 0.2961009797015194)	
/ | scratch | karcher | fastqc | 230727_PRISMA_Batch2_P3_for_Q | AAAWNKKHV_230321_MG_Batch2_P3_23s002005-1-1_Gross_lane1MG46 | AAAWNKKHV_230321_MG_Batch2_P3_23s002005-1-1_Gross_lane1MG46_1	(1, 0.001617422665989869)	(2, 0.0036304106579011734)	(3, 3.9556532592143536e-05)	(4, 4.3951702880159484e-06)	(5, 0.0)	(6, 4.3951702880159484e-06)	(7, 0.0)	(8, 3.516136230412759e-05)	(9, 0.0)	(10, 1.7580681152063794e-06)	(15, 7.911306518428707e-06)	(20, 0.05634256695613405)	(25, 0.0)	(30, 0.0)	(35, 0.0)	(40, 0.0)	(45, 0.0)	(50, 8.790340576031897e-07)	(55, 7.0322724608255175e-06)	(60, 8.790340576031897e-06)	(65, 8.790340576031897e-07)	(70, 3.516136230412759e-05)	(75, 8.790340576031897e-06)	(80, 1.9338749267270173e-05)	(85, 0.055286847052952615)	(90, 8.790340576031897e-06)	(95, 0.2296995105582319)	(100, 3.252426013131802e-05)	(105, 1.4064544921651035e-05)	(110, 6.85646564930488e-05)	(115, 2.54919876704925e-05)	(120, 2.461295361288931e-05)	(125, 7.471789489627112e-05)	(130, 0.11417070146961748)	(135, 7.911306518428707e-05)	(140, 3.691943041933397e-05)	(145, 5.362107751379457e-05)	(150, 1.7580681152063794e-05)	
/ | scratch | karcher | fastqc | 230727_PRISMA_Batch2_P3_for_Q | AAAWNKKHV_230321_MG_Batch2_P3_23s002005-1-1_Gross_lane1MG46 | AAAWNKKHV_230321_MG_Batch2_P3_23s002005-1-1_Gross_lane1MG46_2	(1, 4.3951702880159484e-06)	(2, 0.0)	(3, 0.0)	(4, 0.0)	(5, 0.0)	(6, 4.3951702880159484e-06)	(7, 0.0)	(8, 0.0)	(9, 0.0001538309600805582)	(10, 7.0322724608255175e-06)	(15, 2.988715795850845e-05)	(20, 0.0)	(25, 1.6701647094460604e-05)	(30, 2.725005578569888e-05)	(35, 0.0)	(40, 1.9338749267270173e-05)	(45, 2.725005578569888e-05)	(50, 4.746783911057224e-05)	(55, 4.4830736937762674e-05)	(60, 0.056244115141682496)	(65, 9.757278039395406e-05)	(70, 0.00010636312096998595)	(75, 0.00017316970934782837)	(80, 3.252426013131802e-05)	(85, 1.2306476806444656e-05)	(90, 0.11364855523940118)	(95, 6.504852026263604e-05)	(100, 8.790340576031897e-05)	(105, 1.1427442748841466e-05)	(110, 0.3544274110596637)	(115, 6.76856224354456e-05)	(120, 0.23264691175337537)	(125, 0.40410338372293514)	(130, 0.29075897426746466)	(135, 0.2907809501189047)	(140, 0.46500550033585697)	(145, 0.3468237664613961)	(150, 0.290753700063119)	
/ | scratch | karcher | fastqc | 230727_PRISMA_Batch2_P3_for_Q | AAAWNKKHV_230321_MG_Batch2_P3_23s002005-1-1_Gross_lane1MG47 | AAAWNKKHV_230321_MG_Batch2_P3_23s002005-1-1_Gross_lane1MG47_1	(1, 0.0018643660600148914)	(2, 0.003706161102354058)	(3, 4.5142035351450156e-05)	(4, 2.2571017675725078e-05)	(5, 9.028407070290032e-06)	(6, 0.0)	(7, 0.0)	(8, 3.159942474601511e-05)	(9, 0.0)	(10, 3.6113628281160123e-06)	(15, 5.417044242174019e-06)	(20, 0.05702251621524481)	(25, 0.0)	(30, 5.417044242174019e-06)	(35, 0.0)	(40, 0.0)	(45, 9.028407070290031e-07)	(50, 0.0)	(55, 0.0)	(60, 6.771305302717524e-05)	(65, 2.7085221210870094e-06)	(70, 4.333635393739215e-05)	(75, 1.2639769898406043e-05)	(80, 6.500453090608822e-05)	(85, 0.05603932268529022)	(90, 2.7085221210870094e-06)	(95, 0.239694276468423)	(100, 4.604487605847916e-05)	(105, 0.0)	(110, 6.139316807797221e-05)	(115, 5.7781805249856196e-05)	(120, 2.8890902624928098e-05)	(125, 6.229600878500121e-05)	(130, 0.11908830061995364)	(135, 9.840963706616134e-05)	(140, 9.840963706616134e-05)	(145, 4.694771676550816e-05)	(150, 6.319884949203021e-05)	
/ | scratch | karcher | fastqc | 230727_PRISMA_Batch2_P3_for_Q | AAAWNKKHV_230321_MG_Batch2_P3_23s002005-1-1_Gross_lane1MG47 | AAAWNKKHV_230321_MG_Batch2_P3_23s002005-1-1_Gross_lane1MG47_2	(1, 1.3542610605435048e-05)	(2, 4.514203535145016e-06)	(3, 0.0)	(4, 0.0)	(5, 0.0)	(6, 0.00010834088484348038)	(7, 0.0)	(8, 0.0)	(9, 0.00013091190251920544)	(10, 1.4445451312464049e-05)	(15, 4.062783181630514e-05)	(20, 9.028407070290031e-07)	(25, 3.611362828116013e-05)	(30, 2.6182380503841093e-05)	(35, 3.611362828116013e-05)	(40, 2.8890902624928098e-05)	(45, 4.7850557472537165e-05)	(50, 6.229600878500121e-05)	(55, 7.583861939043625e-05)	(60, 0.05775020582511019)	(65, 0.00011014656625753839)	(70, 0.0001751510971636266)	(75, 0.0002058476812026127)	(80, 0.00010021531848021934)	(85, 5.86846459568852e-05)	(90, 0.1200868424419277)	(95, 7.674146009746526e-05)	(100, 9.028407070290031e-05)	(105, 1.4445451312464049e-05)	(110, 0.3576449977975201)	(115, 0.0001426488317105825)	(120, 0.23765295362983044)	(125, 0.4140933073230944)	(130, 0.29700750739133114)	(135, 0.2970264670461788)	(140, 0.47510367094128636)	(145, 0.3554501920387326)	(150, 0.296939794338304)	
/ | scratch | karcher | fastqc | 230727_PRISMA_Batch2_P3_for_Q | AAAWNKKHV_230321_MG_Batch2_P3_23s002005-1-1_Gross_lane1MG49 | AAAWNKKHV_230321_MG_Batch2_P3_23s002005-1-1_Gross_lane1MG49_1	(1, 0.0016285649764366174)	(2, 0.0037275056681383067)	(3, 2.662504048670219e-05)	(4, 8.875013495567396e-06)	(5, 0.0)	(6, 4.437506747783698e-06)	(7, 4.437506747783698e-06)	(8, 1.7750026991134792e-05)	(9, 0.0)	(10, 0.0)	(15, 7.100010796453917e-06)	(20, 0.05701574919957363)	(25, 0.0)	(30, 0.0)	(35, 0.0)	(40, 0.0)	(45, 0.0)	(50, 0.0)	(55, 0.0)	(60, 1.6862525641578053e-05)	(65, 1.7750026991134792e-06)	(70, 3.017504588492915e-05)	(75, 1.7750026991134792e-06)	(80, 1.5087522942464574e-05)	(85, 0.05467097063404472)	(90, 8.875013495567396e-07)	(95, 0.23011578741981925)	(100, 2.573753913714545e-05)	(105, 0.0)	(110, 8.165012415922005e-05)	(115, 3.5500053982269584e-05)	(120, 1.0650016194680877e-05)	(125, 3.638755533182633e-05)	(130, 0.11430662381750985)	(135, 6.123759311941503e-05)	(140, 2.573753913714545e-05)	(145, 3.283754993359937e-05)	(150, 5.768758772118808e-05)	
/ | scratch | karcher | fastqc | 230727_PRISMA_Batch2_P3_for_Q | AAAWNKKHV_230321_MG_Batch2_P3_23s002005-1-1_Gross_lane1MG49 | AAAWNKKHV_230321_MG_Batch2_P3_23s002005-1-1_Gross_lane1MG49_2	(1, 0.0)	(2, 0.0)	(3, 0.0)	(4, 0.0)	(5, 0.0)	(6, 4.437506747783698e-06)	(7, 0.0)	(8, 0.0)	(9, 0.00020412531039805013)	(10, 7.987512146010657e-06)	(15, 3.638755533182633e-05)	(20, 0.0)	(25, 1.8637528340691534e-05)	(30, 2.2187533738918493e-05)	(35, 8.875013495567396e-07)	(40, 1.3312520243351095e-05)	(45, 1.6862525641578053e-05)	(50, 2.485003778758871e-05)	(55, 2.8400043185815668e-05)	(60, 0.055980035124640906)	(65, 8.520012955744702e-05)	(70, 8.342512685833354e-05)	(75, 0.0001366752078317379)	(80, 2.573753913714545e-05)	(85, 1.5087522942464574e-05)	(90, 0.11381672307255453)	(95, 3.9937560730053285e-05)	(100, 8.165012415922005e-05)	(105, 8.875013495567396e-07)	(110, 0.35548511555955387)	(115, 8.342512685833354e-05)	(120, 0.23574077097330984)	(125, 0.40724774427110116)	(130, 0.29461938550560307)	(135, 0.29467529809062515)	(140, 0.4684010247623082)	(145, 0.35073964584347395)	(150, 0.2945883229583686)	
/ | scratch | karcher | fastqc | 230727_PRISMA_Batch2_P3_for_Q | AAAWNKKHV_230321_MG_Batch2_P3_23s002005-1-1_Gross_lane1MG50 | AAAWNKKHV_230321_MG_Batch2_P3_23s002005-1-1_Gross_lane1MG50_1	(1, 0.0018889246816277169)	(2, 0.0037601545184626686)	(3, 3.5389689585530994e-05)	(4, 1.3271133594574124e-05)	(5, 1.3271133594574124e-05)	(6, 4.423711198191374e-06)	(7, 0.0)	(8, 8.847422396382748e-06)	(9, 0.0)	(10, 8.84742239638275e-07)	(15, 7.0779379171062e-06)	(20, 0.056966783325829246)	(25, 0.0)	(30, 0.0)	(35, 0.0)	(40, 0.0)	(45, 0.0)	(50, 0.0)	(55, 4.423711198191374e-06)	(60, 1.41558758342124e-05)	(65, 8.847422396382748e-06)	(70, 4.6006596461190293e-05)	(75, 8.84742239638275e-07)	(80, 2.565752494950997e-05)	(85, 0.0554423724469325)	(90, 5.30845343782965e-06)	(95, 0.23337553848730486)	(100, 3.273546286661617e-05)	(105, 2.654226718914825e-06)	(110, 8.051154380708301e-05)	(115, 4.3352369742275474e-05)	(120, 2.0349071511680324e-05)	(125, 5.131504989901994e-05)	(130, 0.11581629813760873)	(135, 7.874205932780646e-05)	(140, 4.866082318010511e-05)	(145, 4.9545565419743396e-05)	(150, 3.5389689585530994e-05)	
/ | scratch | karcher | fastqc | 230727_PRISMA_Batch2_P3_for_Q | AAAWNKKHV_230321_MG_Batch2_P3_23s002005-1-1_Gross_lane1MG50 | AAAWNKKHV_230321_MG_Batch2_P3_23s002005-1-1_Gross_lane1MG50_2	(1, 4.423711198191374e-06)	(2, 0.0)	(3, 0.0)	(4, 0.0)	(5, 0.0)	(6, 7.520309036925336e-05)	(7, 0.0)	(8, 0.0)	(9, 0.00020791442631499458)	(10, 2.0349071511680324e-05)	(15, 6.37014412539558e-05)	(20, 0.0)	(25, 4.3352369742275474e-05)	(30, 2.3888040470233422e-05)	(35, 1.3271133594574124e-05)	(40, 3.627443182516927e-05)	(45, 3.18507206269779e-05)	(50, 5.9277730055764426e-05)	(55, 5.131504989901994e-05)	(60, 0.05599887531566498)	(65, 9.466741964129542e-05)	(70, 0.00013359607818537952)	(75, 0.00022383978662848358)	(80, 5.66235033368496e-05)	(85, 2.565752494950997e-05)	(90, 0.11544913010815885)	(95, 6.72404102125089e-05)	(100, 0.00010351484203767816)	(105, 2.12338137513186e-05)	(110, 0.3563538250547854)	(115, 9.732164636021023e-05)	(120, 0.23778863277862058)	(125, 0.4110273564954723)	(130, 0.29717607087210013)	(135, 0.29721057581944604)	(140, 0.47286464585051025)	(145, 0.35418974553663024)	(150, 0.29711413891532545)	
/ | scratch | karcher | fastqc | 230727_PRISMA_Batch2_P3_for_Q | AAAWNKKHV_230321_MG_Batch2_P3_23s002005-1-1_Gross_lane1MG51 | AAAWNKKHV_230321_MG_Batch2_P3_23s002005-1-1_Gross_lane1MG51_1	(1, 0.0016841441793896178)	(2, 0.00339248583262104)	(3, 3.871595814688776e-05)	(4, 1.4518484305082912e-05)	(5, 0.0)	(6, 4.83949476836097e-06)	(7, 0.0)	(8, 3.38764633785268e-05)	(9, 0.0)	(10, 9.678989536721941e-07)	(15, 3.8715958146887765e-06)	(20, 0.056779856319271925)	(25, 0.0)	(30, 0.0)	(35, 0.0)	(40, 0.0)	(45, 2.903696861016582e-06)	(50, 0.0)	(55, 9.678989536721941e-07)	(60, 2.0325878027116077e-05)	(65, 6.775292675705358e-06)	(70, 3.194066547118241e-05)	(75, 0.0)	(80, 2.8069069656493628e-05)	(85, 0.05548964701402689)	(90, 1.1614787444066329e-05)	(95, 0.23238382768611077)	(100, 1.935797907344388e-05)	(105, 0.0)	(110, 7.743191629377553e-05)	(115, 1.3550585351410716e-05)	(120, 6.775292675705358e-06)	(125, 4.161965500790435e-05)	(130, 0.11480152699610527)	(135, 7.162452257174237e-05)	(140, 4.161965500790435e-05)	(145, 4.6459149776265314e-05)	(150, 0.0)	
/ | scratch | karcher | fastqc | 230727_PRISMA_Batch2_P3_for_Q | AAAWNKKHV_230321_MG_Batch2_P3_23s002005-1-1_Gross_lane1MG51 | AAAWNKKHV_230321_MG_Batch2_P3_23s002005-1-1_Gross_lane1MG51_2	(1, 0.0)	(2, 0.0)	(3, 0.0)	(4, 0.0)	(5, 0.0)	(6, 4.8394947683609705e-05)	(7, 0.0)	(8, 0.0)	(9, 0.00017422181166099494)	(10, 1.839008011977169e-05)	(15, 3.678016023954338e-05)	(20, 0.0)	(25, 3.581226128587118e-05)	(30, 3.097276651751021e-05)	(35, 0.0)	(40, 2.8069069656493628e-05)	(45, 2.6133271749149237e-05)	(50, 2.129377698078827e-05)	(55, 5.2266543498298474e-05)	(60, 0.05683889815544593)	(65, 0.00012582686397738524)	(70, 0.00010937258176495794)	(75, 0.00014905643886551788)	(80, 4.6459149776265314e-05)	(85, 2.5165372795477048e-05)	(90, 0.11545582668878768)	(95, 6.872082571072578e-05)	(100, 9.195040059885845e-05)	(105, 1.2582686397738524e-05)	(110, 0.35511535080965234)	(115, 8.807880478416966e-05)	(120, 0.23743819602218696)	(125, 0.41051014372621936)	(130, 0.2967113600461185)	(135, 0.296751043903219)	(140, 0.4731322381298566)	(145, 0.35416680983505355)	(150, 0.2966852267743693)	
/ | scratch | karcher | fastqc | 230727_PRISMA_Batch2_P3_for_Q | AAAWNKKHV_230321_MG_Batch2_P3_23s002005-1-1_Gross_lane1MG52 | AAAWNKKHV_230321_MG_Batch2_P3_23s002005-1-1_Gross_lane1MG52_1	(1, 0.0017267397329559266)	(2, 0.0036543711766054473)	(3, 3.948160788197814e-05)	(4, 1.045101385111186e-05)	(5, 9.28979008987721e-06)	(6, 5.806118806173256e-06)	(7, 2.3224475224693026e-06)	(8, 2.786937026963163e-05)	(9, 1.1612237612346513e-06)	(10, 1.1612237612346513e-06)	(15, 3.948160788197814e-06)	(20, 0.059198722858238025)	(25, 0.0)	(30, 0.0)	(35, 0.0)	(40, 0.0)	(45, 4.8771397971855355e-06)	(50, 1.3934685134815815e-06)	(55, 3.948160788197814e-06)	(60, 3.623018135052112e-05)	(65, 5.806118806173256e-06)	(70, 6.038363558420186e-05)	(75, 1.3470195630321955e-05)	(80, 3.855262887299042e-05)	(85, 0.05584046374074741)	(90, 2.113427245447065e-05)	(95, 0.23665647356061292)	(100, 3.2514265314570234e-05)	(105, 1.3237950878075022e-05)	(110, 8.175015279091944e-05)	(115, 3.785589461624963e-05)	(120, 5.7132209052744836e-05)	(125, 8.360811080889489e-05)	(130, 0.11641732695881872)	(135, 0.00010009748821842692)	(140, 8.45370898178826e-05)	(145, 7.129913893980759e-05)	(150, 8.128566328642559e-06)	
/ | scratch | karcher | fastqc | 230727_PRISMA_Batch2_P3_for_Q | AAAWNKKHV_230321_MG_Batch2_P3_23s002005-1-1_Gross_lane1MG52 | AAAWNKKHV_230321_MG_Batch2_P3_23s002005-1-1_Gross_lane1MG52_2	(1, 4.644895044938605e-06)	(2, 0.0)	(3, 0.0)	(4, 3.4836712837039537e-06)	(5, 0.0)	(6, 6.502853062914047e-05)	(7, 3.4836712837039537e-06)	(8, 0.0)	(9, 0.00016141010281161652)	(10, 9.986524346618e-06)	(15, 3.274651006681717e-05)	(20, 2.3224475224693026e-06)	(25, 3.5301202341533394e-05)	(30, 3.623018135052112e-05)	(35, 5.5970985291510186e-05)	(40, 1.7418356418519767e-05)	(45, 4.946813222859614e-05)	(50, 5.016486648533693e-05)	(55, 8.244688704766024e-05)	(60, 0.05625803980528739)	(65, 0.00012123176067289757)	(70, 0.00014004358560489895)	(75, 0.00018602804654979112)	(80, 6.038363558420186e-05)	(85, 3.1353041553335584e-05)	(90, 0.11695985070006756)	(95, 4.5984460944892185e-05)	(100, 0.00011542564186672432)	(105, 9.28979008987721e-06)	(110, 0.36359030739067716)	(115, 0.00012030278166390987)	(120, 0.24196651757598672)	(125, 0.4172671790194922)	(130, 0.30236292662156217)	(135, 0.3023921894603453)	(140, 0.48254397928878456)	(145, 0.3595190568837885)	(150, 0.3023466694889049)	
/ | scratch | karcher | fastqc | 230727_PRISMA_Batch2_P3_for_Q | AAAWNKKHV_230321_MG_Batch2_P3_23s002005-1-1_Gross_lane1MG53 | AAAWNKKHV_230321_MG_Batch2_P3_23s002005-1-1_Gross_lane1MG53_1	(1, 0.001753535714055726)	(2, 0.0038707505656368803)	(3, 5.3277835433661424e-05)	(4, 6.949282882651491e-06)	(5, 6.949282882651491e-06)	(6, 6.949282882651491e-06)	(7, 0.0)	(8, 2.0847848647954474e-05)	(9, 0.0)	(10, 9.265710510201987e-07)	(15, 5.096140780611093e-06)	(20, 0.059432120354537585)	(25, 0.0)	(30, 3.706284204080795e-06)	(35, 0.0)	(40, 0.0)	(45, 6.949282882651491e-06)	(50, 2.7797131530605963e-06)	(55, 2.1774419698974673e-05)	(60, 7.69053972346765e-05)	(65, 2.965027363264636e-05)	(70, 9.636338930610067e-05)	(75, 2.316427627550497e-05)	(80, 7.87585393367169e-05)	(85, 0.058537052719252074)	(90, 2.965027363264636e-05)	(95, 0.24674726074325545)	(100, 6.0690403841823016e-05)	(105, 1.2971994714282783e-05)	(110, 0.00010609238534181275)	(115, 0.00010794552744385316)	(120, 6.208026041835332e-05)	(125, 0.00012138080768364603)	(130, 0.1218283415012888)	(135, 0.00013249966029588842)	(140, 0.0001454716550101712)	(145, 8.895082089793908e-05)	(150, 9.960638798467136e-05)	
/ | scratch | karcher | fastqc | 230727_PRISMA_Batch2_P3_for_Q | AAAWNKKHV_230321_MG_Batch2_P3_23s002005-1-1_Gross_lane1MG53 | AAAWNKKHV_230321_MG_Batch2_P3_23s002005-1-1_Gross_lane1MG53_2	(1, 1.3898565765302982e-05)	(2, 5.791069068876242e-05)	(3, 1.621499339285348e-05)	(4, 4.632855255100994e-06)	(5, 0.0)	(6, 0.00011350495374997435)	(7, 4.632855255100994e-06)	(8, 0.0)	(9, 0.0001968963483417922)	(10, 1.8994706545914076e-05)	(15, 7.36623985561058e-05)	(20, 1.0655567086732286e-05)	(25, 4.7255123602030135e-05)	(30, 6.115368936733312e-05)	(35, 5.698411963774222e-05)	(40, 2.455413285203527e-05)	(45, 7.458896960712599e-05)	(50, 0.00010006967351018146)	(55, 0.00011304166822446425)	(60, 0.05937420966384883)	(65, 0.00021589105488770632)	(70, 0.0002321060482805598)	(75, 0.00034375785992849374)	(80, 0.00010933538402038345)	(85, 7.96851103877371e-05)	(90, 0.12353462209174247)	(95, 0.00016909921681118627)	(100, 0.0001667827891836358)	(105, 8.014839591324719e-05)	(110, 0.3650972545190144)	(115, 0.00021450119831117602)	(120, 0.24696268851261768)	(125, 0.42864196048350517)	(130, 0.30861394653434865)	(135, 0.30860653396594045)	(140, 0.49399718628168937)	(145, 0.3697268667754368)	(150, 0.30857827354888434)	
/ | scratch | karcher | fastqc | 230727_PRISMA_Batch2_P3_for_Q | AAAWNKKHV_230321_MG_Batch2_P3_23s002005-1-1_Gross_lane1MG54 | AAAWNKKHV_230321_MG_Batch2_P3_23s002005-1-1_Gross_lane1MG54_1	(1, 0.0019103033047543662)	(2, 0.0035662602771476693)	(3, 3.246974455673143e-05)	(4, 5.411624092788573e-06)	(5, 5.411624092788573e-06)	(6, 0.0)	(7, 0.0)	(8, 4.3292992742308584e-05)	(9, 0.0)	(10, 0.0)	(15, 6.493948911346286e-06)	(20, 0.05790113081838205)	(25, 0.0)	(30, 5.411624092788573e-06)	(35, 0.0)	(40, 0.0)	(45, 0.0)	(50, 0.0)	(55, 9.740923367019432e-06)	(60, 5.303391610932801e-05)	(65, 3.896369346807773e-05)	(70, 5.303391610932801e-05)	(75, 1.5152547459808003e-05)	(80, 8.22566862103863e-05)	(85, 0.0555990259293098)	(90, 2.0564171552596576e-05)	(95, 0.2344304733747824)	(100, 6.169251465778972e-05)	(105, 9.740923367019432e-06)	(110, 8.442133584750173e-05)	(115, 7.900971175471317e-05)	(120, 4.545764237942401e-05)	(125, 7.576273729904002e-05)	(130, 0.11634558869568008)	(135, 0.00014394920086817603)	(140, 0.00012879665340836803)	(145, 7.46804124804823e-05)	(150, 5.952786502067429e-05)	
/ | scratch | karcher | fastqc | 230727_PRISMA_Batch2_P3_for_Q | AAAWNKKHV_230321_MG_Batch2_P3_23s002005-1-1_Gross_lane1MG54 | AAAWNKKHV_230321_MG_Batch2_P3_23s002005-1-1_Gross_lane1MG54_2	(1, 5.411624092788573e-06)	(2, 2.1646496371154292e-05)	(3, 0.0)	(4, 1.0823248185577146e-05)	(5, 0.0)	(6, 0.00011364410594856002)	(7, 1.0823248185577146e-05)	(8, 0.0)	(9, 0.00018940684324760004)	(10, 3.355206937528915e-05)	(15, 5.303391610932801e-05)	(20, 1.2987897822692573e-05)	(25, 5.6280890565001155e-05)	(30, 6.385716429490515e-05)	(35, 4.004601828663543e-05)	(40, 5.195159129077029e-05)	(45, 3.355206937528915e-05)	(50, 9.091528475884802e-05)	(55, 0.0001255496789526949)	(60, 0.05649086157980135)	(65, 0.00014286687604961833)	(70, 0.00019698311697750404)	(75, 0.0002489347082682743)	(80, 0.0001352906023197143)	(85, 8.875063512173259e-05)	(90, 0.11679150652092586)	(95, 0.00011797340522279087)	(100, 0.00015910174832798403)	(105, 5.6280890565001155e-05)	(110, 0.35911862177190534)	(115, 0.0001569370986908686)	(120, 0.23854222536048314)	(125, 0.41208651606730134)	(130, 0.29808199595416157)	(135, 0.2980949838519843)	(140, 0.4759144575921055)	(145, 0.3545079180448495)	(150, 0.2979640225489388)	
/ | scratch | karcher | fastqc | 230727_PRISMA_Batch2_P3_for_Q | AAAWNKKHV_230321_MG_Batch2_P3_23s002005-1-1_Gross_lane1MG55 | AAAWNKKHV_230321_MG_Batch2_P3_23s002005-1-1_Gross_lane1MG55_1	(1, 0.001884787250913311)	(2, 0.003813406763475769)	(3, 4.383226164914677e-05)	(4, 1.7532904659658706e-05)	(5, 0.0)	(6, 1.7532904659658706e-05)	(7, 0.0)	(8, 0.0)	(9, 0.0)	(10, 0.0)	(15, 1.0519742795795225e-05)	(20, 0.05846697716856389)	(25, 0.0)	(30, 0.0)	(35, 0.0)	(40, 0.0)	(45, 1.7532904659658707e-06)	(50, 0.0)	(55, 5.259871397897612e-06)	(60, 1.9286195125624576e-05)	(65, 3.5065809319317413e-06)	(70, 4.032568071721502e-05)	(75, 3.5065809319317413e-06)	(80, 2.98059379214198e-05)	(85, 0.056669854440948866)	(90, 1.2273033261761095e-05)	(95, 0.23773566744217625)	(100, 1.7532904659658706e-05)	(105, 1.2273033261761095e-05)	(110, 8.41579423663618e-05)	(115, 3.155922838738567e-05)	(120, 3.331251885335154e-05)	(125, 7.889807096846418e-05)	(130, 0.11728811901125288)	(135, 0.0001069507184239181)	(140, 7.363819957056656e-05)	(145, 7.188490910460069e-05)	(150, 1.7532904659658706e-05)	
/ | scratch | karcher | fastqc | 230727_PRISMA_Batch2_P3_for_Q | AAAWNKKHV_230321_MG_Batch2_P3_23s002005-1-1_Gross_lane1MG55 | AAAWNKKHV_230321_MG_Batch2_P3_23s002005-1-1_Gross_lane1MG55_2	(1, 0.0)	(2, 1.7532904659658706e-05)	(3, 0.0)	(4, 0.0)	(5, 0.0)	(6, 4.383226164914677e-05)	(7, 0.0)	(8, 0.0)	(9, 0.0001665625942667577)	(10, 1.0519742795795225e-05)	(15, 4.032568071721502e-05)	(20, 0.0)	(25, 4.20789711831809e-05)	(30, 3.681909978528328e-05)	(35, 3.5065809319317413e-06)	(40, 2.98059379214198e-05)	(45, 2.454606652352219e-05)	(50, 6.837832817266895e-05)	(55, 8.766452329829354e-05)	(60, 0.05774286820611998)	(65, 0.00016480930380079184)	(70, 0.0001314967849474403)	(75, 0.0002139014368478362)	(80, 4.032568071721502e-05)	(85, 5.259871397897612e-05)	(90, 0.11881172842617721)	(95, 7.889807096846418e-05)	(100, 0.00011571717075374746)	(105, 3.331251885335154e-05)	(110, 0.35918785131009806)	(115, 9.993755656005462e-05)	(120, 0.24173842957597633)	(125, 0.4176846344165834)	(130, 0.302114740061977)	(135, 0.3021007137382493)	(140, 0.47910765931076577)	(145, 0.360269631527599)	(150, 0.3021445459998985)	
/ | scratch | karcher | fastqc | 230727_PRISMA_Batch2_P3_for_Q | AAAWNKKHV_230321_MG_Batch2_P3_23s002005-1-1_Gross_lane1MG56 | AAAWNKKHV_230321_MG_Batch2_P3_23s002005-1-1_Gross_lane1MG56_1	(1, 0.0017984780693026561)	(2, 0.0035876616782988383)	(3, 4.182507137913154e-05)	(4, 4.647230153236838e-06)	(5, 0.0)	(6, 4.647230153236838e-06)	(7, 0.0)	(8, 3.253061107265786e-05)	(9, 0.0)	(10, 0.0)	(15, 1.115335236776841e-05)	(20, 0.05667111282666194)	(25, 0.0)	(30, 2.7883380919421025e-06)	(35, 0.0)	(40, 0.0)	(45, 0.0)	(50, 0.0)	(55, 1.858892061294735e-06)	(60, 3.16011650420105e-05)	(65, 5.576676183884205e-06)	(70, 2.6024488858126292e-05)	(75, 9.294460306473675e-07)	(80, 3.71778412258947e-05)	(85, 0.05507804233013235)	(90, 3.71778412258947e-06)	(95, 0.23175922663398238)	(100, 3.810728725654207e-05)	(105, 0.0)	(110, 6.784956023725784e-05)	(115, 4.461340947107364e-05)	(120, 1.487113649035788e-05)	(125, 5.2048977716252584e-05)	(130, 0.11447800870277496)	(135, 8.922681894214728e-05)	(140, 7.342623642114203e-05)	(145, 5.019008565495784e-05)	(150, 4.182507137913154e-05)	
/ | scratch | karcher | fastqc | 230727_PRISMA_Batch2_P3_for_Q | AAAWNKKHV_230321_MG_Batch2_P3_23s002005-1-1_Gross_lane1MG56 | AAAWNKKHV_230321_MG_Batch2_P3_23s002005-1-1_Gross_lane1MG56_2	(1, 0.0)	(2, 0.0)	(3, 0.0)	(4, 0.0)	(5, 0.0)	(6, 0.0001254752141373946)	(7, 0.0)	(8, 0.0)	(9, 0.00014406413475034197)	(10, 1.0223906337121043e-05)	(15, 3.624839519524733e-05)	(20, 0.0)	(25, 4.3683963440426276e-05)	(30, 4.089562534848417e-05)	(35, 1.487113649035788e-05)	(40, 2.8812826950068394e-05)	(45, 2.6953934888773656e-05)	(50, 3.996617931783681e-05)	(55, 5.762565390013679e-05)	(60, 0.05587829536251973)	(65, 7.993235863567361e-05)	(70, 0.00010688629352444727)	(75, 0.00016079416330199459)	(80, 5.483731580819469e-05)	(85, 3.71778412258947e-05)	(90, 0.11435996905688275)	(95, 7.063789832919992e-05)	(100, 0.00011060407764703674)	(105, 1.3012244429063146e-05)	(110, 0.3544609738159253)	(115, 9.201515703408939e-05)	(120, 0.23475669008282016)	(125, 0.4071187386822519)	(130, 0.2933647684373512)	(135, 0.2933861456960561)	(140, 0.4683478548432085)	(145, 0.35025244218915397)	(150, 0.2932959894310833)	
/ | scratch | karcher | fastqc | 230727_PRISMA_Batch2_P3_for_Q | AAAWNKKHV_230321_MG_Batch2_P3_23s002005-1-1_Gross_lane1MG57 | AAAWNKKHV_230321_MG_Batch2_P3_23s002005-1-1_Gross_lane1MG57_1	(1, 0.0017517365773184763)	(2, 0.003970282077713579)	(3, 2.8874778747007853e-05)	(4, 1.4437389373503927e-05)	(5, 2.4062315622506545e-05)	(6, 4.8124631245013086e-06)	(7, 0.0)	(8, 5.7749557494015706e-05)	(9, 4.8124631245013086e-06)	(10, 1.9249852498005236e-06)	(15, 2.887477874700785e-06)	(20, 0.05834822790670367)	(25, 0.0)	(30, 0.0)	(35, 0.0)	(40, 0.0)	(45, 0.0)	(50, 3.849970499601047e-06)	(55, 8.662433624102355e-06)	(60, 4.234967549561152e-05)	(65, 6.737448374301832e-06)	(70, 7.507442474222042e-05)	(75, 1.9249852498005234e-05)	(80, 3.6574719746209944e-05)	(85, 0.057058487789337316)	(90, 2.887477874700785e-06)	(95, 0.24051150708057698)	(100, 1.3474896748603664e-05)	(105, 1.154991149880314e-05)	(110, 7.314943949241989e-05)	(115, 1.9249852498005234e-05)	(120, 4.7162138620112825e-05)	(125, 7.79619026169212e-05)	(130, 0.118436642479227)	(135, 8.373685836632278e-05)	(140, 7.411193211732015e-05)	(145, 4.3312168120511776e-05)	(150, 9.624926249002617e-06)	
/ | scratch | karcher | fastqc | 230727_PRISMA_Batch2_P3_for_Q | AAAWNKKHV_230321_MG_Batch2_P3_23s002005-1-1_Gross_lane1MG57 | AAAWNKKHV_230321_MG_Batch2_P3_23s002005-1-1_Gross_lane1MG57_2	(1, 0.0)	(2, 4.8124631245013086e-06)	(3, 0.0)	(4, 0.0)	(5, 0.0)	(6, 4.812463124501309e-05)	(7, 0.0)	(8, 0.0)	(9, 0.00015399881998404187)	(10, 1.058741887390288e-05)	(15, 3.5612227121309685e-05)	(20, 7.699940999202094e-06)	(25, 3.464973449640942e-05)	(30, 2.694979349720733e-05)	(35, 2.309982299760628e-05)	(40, 2.791228612210759e-05)	(45, 6.737448374301832e-05)	(50, 5.7749557494015706e-05)	(55, 7.603691736712068e-05)	(60, 0.05839539004532378)	(65, 0.00014437389373503926)	(70, 0.00012993650436153532)	(75, 0.00019827348072945392)	(80, 5.1012109119713874e-05)	(85, 4.427466074541204e-05)	(90, 0.11963302081197803)	(95, 6.737448374301832e-05)	(100, 9.81742477398267e-05)	(105, 2.5987300872307063e-05)	(110, 0.36139865578280006)	(115, 0.00014148641586033848)	(120, 0.2394758650161843)	(125, 0.4156601400041772)	(130, 0.29927553180123756)	(135, 0.29931499399885847)	(140, 0.48032328202285146)	(145, 0.3578836327166643)	(150, 0.29930151910210984)	
/ | scratch | karcher | fastqc | 230727_PRISMA_Batch2_P3_for_Q | AAAWNKKHV_230321_MG_Batch2_P3_23s002005-1-1_Gross_lane1MG58 | AAAWNKKHV_230321_MG_Batch2_P3_23s002005-1-1_Gross_lane1MG58_1	(1, 0.0016678656595983995)	(2, 0.0035931179950607493)	(3, 3.088640110367407e-05)	(4, 5.147733517279011e-06)	(5, 1.0295467034558022e-05)	(6, 5.147733517279011e-06)	(7, 0.0)	(8, 2.5738667586395052e-05)	(9, 0.0)	(10, 3.088640110367407e-06)	(15, 3.088640110367407e-06)	(20, 0.0573828150638126)	(25, 1.0295467034558021e-06)	(30, 0.0)	(35, 0.0)	(40, 0.0)	(45, 7.2068269241906155e-06)	(50, 3.088640110367407e-06)	(55, 1.1325013738013825e-05)	(60, 4.221141484168789e-05)	(65, 6.177280220734814e-06)	(70, 8.8541016497199e-05)	(75, 1.4413653848381231e-05)	(80, 2.7797760993306658e-05)	(85, 0.056057788456464974)	(90, 2.4709120882939255e-05)	(95, 0.24108998109494867)	(100, 2.1620480772571846e-05)	(105, 1.5443200551837034e-05)	(110, 8.133418957300838e-05)	(115, 2.6768214289850857e-05)	(120, 3.706368132440888e-05)	(125, 0.00010501376375249184)	(130, 0.11944800853494217)	(135, 8.648192309028738e-05)	(140, 7.206826924190616e-05)	(145, 6.177280220734813e-05)	(150, 1.0295467034558022e-05)	
/ | scratch | karcher | fastqc | 230727_PRISMA_Batch2_P3_for_Q | AAAWNKKHV_230321_MG_Batch2_P3_23s002005-1-1_Gross_lane1MG58 | AAAWNKKHV_230321_MG_Batch2_P3_23s002005-1-1_Gross_lane1MG58_2	(1, 0.0)	(2, 1.0295467034558022e-05)	(3, 0.0)	(4, 5.147733517279011e-06)	(5, 0.0)	(6, 5.147733517279011e-06)	(7, 5.147733517279011e-06)	(8, 0.0)	(9, 0.00017502293958748637)	(10, 9.26592033110222e-06)	(15, 4.221141484168789e-05)	(20, 5.147733517279011e-06)	(25, 2.8827307696762462e-05)	(30, 3.603413462095308e-05)	(35, 2.5738667586395052e-05)	(40, 1.1325013738013825e-05)	(45, 5.3536428579701713e-05)	(50, 4.941824176587851e-05)	(55, 5.7654615393524924e-05)	(60, 0.05774315641002212)	(65, 0.00015752064562873775)	(70, 0.00013075243133888687)	(75, 0.00021826390113263006)	(80, 3.3975041214041476e-05)	(85, 3.706368132440888e-05)	(90, 0.11992057047182839)	(95, 9.162965660756639e-05)	(100, 0.00011427968408359405)	(105, 2.5738667586395052e-05)	(110, 0.35917486979451535)	(115, 0.00014825472529763552)	(120, 0.23775424977575185)	(125, 0.41409809778377205)	(130, 0.2971436513645998)	(135, 0.2971796854992208)	(140, 0.47516257185914257)	(145, 0.3562252184891145)	(150, 0.29715291728493093)	
/ | scratch | karcher | fastqc | 230727_PRISMA_Batch2_P3_for_Q | AAAWNKKHV_230321_MG_Batch2_P3_23s002005-1-1_Gross_lane1MG59 | AAAWNKKHV_230321_MG_Batch2_P3_23s002005-1-1_Gross_lane1MG59_1	(1, 0.0016890578203955888)	(2, 0.003941134914256374)	(3, 3.157117421300166e-05)	(4, 1.578558710650083e-05)	(5, 0.0)	(6, 1.578558710650083e-05)	(7, 0.0)	(8, 3.6833036581835276e-05)	(9, 0.0)	(10, 0.0)	(15, 4.209489895066889e-06)	(20, 0.05720275818406395)	(25, 0.0)	(30, 0.0)	(35, 0.0)	(40, 0.0)	(45, 0.0)	(50, 1.0523724737667222e-06)	(55, 1.2628469685200665e-05)	(60, 3.262354668676838e-05)	(65, 2.104744947533444e-05)	(70, 6.20899759522366e-05)	(75, 4.209489895066889e-06)	(80, 4.104252647690216e-05)	(85, 0.055432667683188316)	(90, 1.7890332054034276e-05)	(95, 0.23154720116804922)	(100, 3.157117421300166e-05)	(105, 8.418979790133778e-06)	(110, 6.840421079483693e-05)	(115, 4.525201637196905e-05)	(120, 4.525201637196905e-05)	(125, 9.471352263900499e-05)	(130, 0.11553681677742712)	(135, 0.00011891808953563959)	(140, 0.0001052372473766722)	(145, 5.893285853093643e-05)	(150, 1.052372473766722e-05)	
/ | scratch | karcher | fastqc | 230727_PRISMA_Batch2_P3_for_Q | AAAWNKKHV_230321_MG_Batch2_P3_23s002005-1-1_Gross_lane1MG59 | AAAWNKKHV_230321_MG_Batch2_P3_23s002005-1-1_Gross_lane1MG59_2	(1, 0.0)	(2, 1.052372473766722e-05)	(3, 0.0)	(4, 0.0)	(5, 0.0)	(6, 5.26186236883361e-05)	(7, 0.0)	(8, 0.0)	(9, 0.00018416518290917638)	(10, 1.578558710650083e-05)	(15, 5.051387874080266e-05)	(20, 3.1571174213001662e-06)	(25, 6.419472089977006e-05)	(30, 5.051387874080266e-05)	(35, 0.0)	(40, 3.157117421300166e-05)	(45, 3.472829163430183e-05)	(50, 6.419472089977006e-05)	(55, 8.313742542757105e-05)	(60, 0.05617353790472009)	(65, 0.00012102283448317304)	(70, 0.00011470859964057271)	(75, 0.00020836974980581094)	(80, 6.314234842600333e-05)	(85, 3.157117421300166e-05)	(90, 0.11464650966462046)	(95, 9.366115016523826e-05)	(100, 0.00013259893169460698)	(105, 2.104744947533444e-05)	(110, 0.3561680971390307)	(115, 8.52421703751045e-05)	(120, 0.23494005002347318)	(125, 0.4077311912361788)	(130, 0.2935929774763877)	(135, 0.29358455849659754)	(140, 0.4680784383718577)	(145, 0.3507136506074978)	(150, 0.29355403969485827)	
/ | scratch | karcher | fastqc | 230727_PRISMA_Batch2_P3_for_Q | AAAWNKKHV_230321_MG_Batch2_P3_23s002005-1-1_Gross_lane1MG60 | AAAWNKKHV_230321_MG_Batch2_P3_23s002005-1-1_Gross_lane1MG60_1	(1, 0.0017914293564220423)	(2, 0.0037267299824012947)	(3, 2.3205043476969457e-05)	(4, 2.7846052172363347e-05)	(5, 1.3923026086181674e-05)	(6, 0.0)	(7, 0.0)	(8, 3.712806956315113e-05)	(9, 0.0)	(10, 0.0)	(15, 1.8564034781575566e-06)	(20, 0.057399995544631655)	(25, 0.0)	(30, 0.0)	(35, 0.0)	(40, 0.0)	(45, 0.0)	(50, 0.0)	(55, 3.7128069563151133e-06)	(60, 2.13486399988119e-05)	(65, 1.9492236520654345e-05)	(70, 3.9912674780387464e-05)	(75, 7.4256139126302266e-06)	(80, 5.662030608380548e-05)	(85, 0.055503679391693705)	(90, 5.56921043447267e-06)	(95, 0.23231868507228837)	(100, 4.73382886930177e-05)	(105, 2.784605217236335e-06)	(110, 0.00011045600695037463)	(115, 6.590232347459327e-05)	(120, 2.877425391144213e-05)	(125, 4.826649043209647e-05)	(130, 0.11513600011880981)	(135, 0.00012716363825379263)	(140, 0.00010024578782050806)	(145, 5.1979297388411583e-05)	(150, 8.353815651709005e-05)	
/ | scratch | karcher | fastqc | 230727_PRISMA_Batch2_P3_for_Q | AAAWNKKHV_230321_MG_Batch2_P3_23s002005-1-1_Gross_lane1MG60 | AAAWNKKHV_230321_MG_Batch2_P3_23s002005-1-1_Gross_lane1MG60_2	(1, 0.0)	(2, 4.6410086953938915e-06)	(3, 0.0)	(4, 0.0)	(5, 0.0)	(6, 9.282017390787783e-06)	(7, 0.0)	(8, 0.0)	(9, 0.00020884539129272512)	(10, 4.455368347578136e-05)	(15, 5.290749912749036e-05)	(20, 1.8564034781575566e-06)	(25, 6.86869286918296e-05)	(30, 5.1979297388411583e-05)	(35, 2.6917850433284575e-05)	(40, 5.476390260564793e-05)	(45, 2.5989648694205792e-05)	(50, 5.1051095649332804e-05)	(55, 9.189197216879905e-05)	(60, 0.05589538052558496)	(65, 9.560477912511417e-05)	(70, 0.00015222508520891965)	(75, 0.0002320504347696946)	(80, 9.46765773860354e-05)	(85, 4.176907825854502e-05)	(90, 0.11501254928751234)	(95, 6.033311304012059e-05)	(100, 0.00013087644521010772)	(105, 3.155885912867846e-05)	(110, 0.35502509857502473)	(115, 9.653298086419294e-05)	(120, 0.2338734229852453)	(125, 0.4055842473026458)	(130, 0.29225916877677866)	(135, 0.2922647379872131)	(140, 0.4670274896227046)	(145, 0.34871054214407177)	(150, 0.29217470241852245)	
/ | scratch | karcher | fastqc | 230727_PRISMA_Batch2_P3_for_Q | AAAWNKKHV_230321_MG_Batch2_P3_23s002005-1-1_Gross_lane1MG61 | AAAWNKKHV_230321_MG_Batch2_P3_23s002005-1-1_Gross_lane1MG61_1	(1, 0.0018113834132446414)	(2, 0.00354992298949553)	(3, 4.856255799583488e-05)	(4, 4.856255799583489e-06)	(5, 9.712511599166977e-06)	(6, 0.0)	(7, 1.4568767398750465e-05)	(8, 3.885004639666791e-05)	(9, 0.0)	(10, 0.0)	(15, 8.74126043925028e-06)	(20, 0.057903080400753766)	(25, 0.0)	(30, 0.0)	(35, 0.0)	(40, 0.0)	(45, 0.0)	(50, 0.0)	(55, 0.0)	(60, 2.136752551816735e-05)	(65, 1.9425023198333954e-06)	(70, 4.856255799583488e-05)	(75, 9.712511599166977e-07)	(80, 2.136752551816735e-05)	(85, 0.056315084754289965)	(90, 7.770009279333582e-06)	(95, 0.23872382259592512)	(100, 2.233877667808405e-05)	(105, 0.0)	(110, 6.216007423466865e-05)	(115, 2.8166283637584236e-05)	(120, 3.6907544076834513e-05)	(125, 4.46775533561681e-05)	(130, 0.11757383791255592)	(135, 7.575759047350242e-05)	(140, 5.827506959500186e-05)	(145, 3.885004639666791e-05)	(150, 9.712511599166977e-06)	
/ | scratch | karcher | fastqc | 230727_PRISMA_Batch2_P3_for_Q | AAAWNKKHV_230321_MG_Batch2_P3_23s002005-1-1_Gross_lane1MG61 | AAAWNKKHV_230321_MG_Batch2_P3_23s002005-1-1_Gross_lane1MG61_2	(1, 4.856255799583489e-06)	(2, 0.0)	(3, 0.0)	(4, 0.0)	(5, 0.0)	(6, 0.0)	(7, 0.0)	(8, 0.0)	(9, 0.00015540018558667164)	(10, 6.7987581194168845e-06)	(15, 3.1080037117334326e-05)	(20, 0.0)	(25, 2.233877667808405e-05)	(30, 3.1080037117334326e-05)	(35, 5.8275069595001866e-06)	(40, 1.9425023198333955e-05)	(45, 2.233877667808405e-05)	(50, 3.302253943716772e-05)	(55, 3.982129755658461e-05)	(60, 0.05714161949137908)	(65, 8.449885091275271e-05)	(70, 0.00011266513455033694)	(75, 0.00017676771110483898)	(80, 2.622378131775084e-05)	(85, 1.0683762759083675e-05)	(90, 0.11831490254757236)	(95, 2.525253015783414e-05)	(100, 8.54701020726694e-05)	(105, 8.74126043925028e-06)	(110, 0.359015221253928)	(115, 8.644135323258609e-05)	(120, 0.23957463861201217)	(125, 0.41491169675829387)	(130, 0.29941439382563984)	(135, 0.29943867510463773)	(140, 0.4777050267492282)	(145, 0.35724754414287957)	(150, 0.29942702009071875)	
/ | scratch | karcher | fastqc | 230727_PRISMA_Batch2_P3_for_Q | AAAWNKKHV_230321_MG_Batch2_P3_23s002005-1-1_Gross_lane1MG62 | AAAWNKKHV_230321_MG_Batch2_P3_23s002005-1-1_Gross_lane1MG62_1	(1, 0.0018834354096634747)	(2, 0.003697509175345009)	(3, 3.734857752873746e-05)	(4, 2.1342044302135694e-05)	(5, 5.3355110755339234e-06)	(6, 5.3355110755339234e-06)	(7, 0.0)	(8, 1.600653322660177e-05)	(9, 0.0)	(10, 1.0671022151067846e-06)	(15, 3.2013066453203542e-06)	(20, 0.056721818244001146)	(25, 0.0)	(30, 0.0)	(35, 0.0)	(40, 0.0)	(45, 0.0)	(50, 0.0)	(55, 9.603919935961061e-06)	(60, 2.3476248732349262e-05)	(65, 1.1738124366174631e-05)	(70, 3.3080168668310325e-05)	(75, 1.4939431011494984e-05)	(80, 4.588539524959174e-05)	(85, 0.05516064770329991)	(90, 1.814073765681534e-05)	(95, 0.23259733692904097)	(100, 4.16169863891646e-05)	(105, 0.0)	(110, 9.177079049918348e-05)	(115, 7.683135948768849e-05)	(120, 3.094596423809675e-05)	(125, 5.762351961576637e-05)	(130, 0.11464519358221252)	(135, 0.00010030760822003776)	(140, 9.07036882840767e-05)	(145, 6.18919284761935e-05)	(150, 9.07036882840767e-05)	
/ | scratch | karcher | fastqc | 230727_PRISMA_Batch2_P3_for_Q | AAAWNKKHV_230321_MG_Batch2_P3_23s002005-1-1_Gross_lane1MG62 | AAAWNKKHV_230321_MG_Batch2_P3_23s002005-1-1_Gross_lane1MG62_2	(1, 0.0)	(2, 1.0671022151067847e-05)	(3, 0.0)	(4, 0.0)	(5, 0.0)	(6, 6.9361643981941e-05)	(7, 0.0)	(8, 0.0)	(9, 0.00012271675473728022)	(10, 2.3476248732349262e-05)	(15, 3.948278195895103e-05)	(20, 0.0)	(25, 5.228800854023245e-05)	(30, 3.414727088341711e-05)	(35, 1.2805226581281417e-05)	(40, 3.734857752873746e-05)	(45, 2.4543350947456045e-05)	(50, 4.0549884174057816e-05)	(55, 6.509323512151386e-05)	(60, 0.05602286629310619)	(65, 0.00010564311929557168)	(70, 0.00011631414144663951)	(75, 0.00018567578542858055)	(80, 7.149584841215457e-05)	(85, 4.375119081937817e-05)	(90, 0.11534201132867723)	(95, 7.789846170279528e-05)	(100, 9.924050600493098e-05)	(105, 1.7073635441708554e-05)	(110, 0.3554186676834017)	(115, 0.0001045760170804649)	(120, 0.23404646173715596)	(125, 0.4057432081478376)	(130, 0.29246283829874664)	(135, 0.29246177119653155)	(140, 0.46834155829043184)	(145, 0.34860735424437506)	(150, 0.2924286910278633)	
/ | scratch | karcher | fastqc | 230727_PRISMA_Batch2_P3_for_Q | AAAWNKKHV_230321_MG_Batch2_P3_23s002005-1-1_Gross_lane1MG7 | AAAWNKKHV_230321_MG_Batch2_P3_23s002005-1-1_Gross_lane1MG7_1	(1, 0.0018103982669158704)	(2, 0.0034181728835199886)	(3, 6.166806748618536e-05)	(4, 1.3214585889896863e-05)	(5, 6.607292944948431e-06)	(6, 0.0)	(7, 4.4048619632989545e-06)	(8, 2.202430981649477e-05)	(9, 2.2024309816494773e-06)	(10, 1.3214585889896863e-06)	(15, 4.4048619632989545e-06)	(20, 0.058190428966160834)	(25, 0.0)	(30, 0.0)	(35, 0.0)	(40, 0.0)	(45, 0.0)	(50, 0.0)	(55, 0.0)	(60, 1.3655072086226759e-05)	(65, 1.3214585889896863e-06)	(70, 2.5988685583463832e-05)	(75, 2.2024309816494773e-06)	(80, 2.7310144172453518e-05)	(85, 0.05580035086487483)	(90, 5.726320552288641e-06)	(95, 0.23488662127573876)	(100, 2.334576840548446e-05)	(105, 0.0)	(110, 6.166806748618536e-05)	(115, 1.541701687154634e-05)	(120, 1.0131182515587596e-05)	(125, 2.510771319080404e-05)	(130, 0.11585051255194048)	(135, 6.254903987884515e-05)	(140, 3.347695092107206e-05)	(145, 2.90720889577731e-05)	(150, 4.4048619632989545e-06)	
/ | scratch | karcher | fastqc | 230727_PRISMA_Batch2_P3_for_Q | AAAWNKKHV_230321_MG_Batch2_P3_23s002005-1-1_Gross_lane1MG7 | AAAWNKKHV_230321_MG_Batch2_P3_23s002005-1-1_Gross_lane1MG7_2	(1, 0.0)	(2, 0.0)	(3, 0.0)	(4, 0.0)	(5, 0.0)	(6, 0.0)	(7, 0.0)	(8, 0.0)	(9, 0.00016958718558700975)	(10, 8.809723926597909e-06)	(15, 3.171500613575247e-05)	(20, 0.0)	(25, 2.114333742383498e-05)	(30, 1.805993404952571e-05)	(35, 0.0)	(40, 1.0131182515587596e-05)	(45, 1.541701687154634e-05)	(50, 2.334576840548446e-05)	(55, 3.744132668804112e-05)	(60, 0.056369459030533045)	(65, 7.488265337608223e-05)	(70, 8.193043251736055e-05)	(75, 0.00012289564877604082)	(80, 3.744132668804112e-05)	(85, 6.607292944948431e-06)	(90, 0.11638966765624827)	(95, 1.8500420245855607e-05)	(100, 6.7394388038474e-05)	(105, 0.0)	(110, 0.35963055013157985)	(115, 7.091827760911316e-05)	(120, 0.23820832768226252)	(125, 0.4119175830945275)	(130, 0.2976907026622589)	(135, 0.29773166787851757)	(140, 0.4744864448522074)	(145, 0.35493540776489946)	(150, 0.2976475350150186)	
/ | scratch | karcher | fastqc | 230727_PRISMA_Batch2_P3_for_Q | AAAWNKKHV_230321_MG_Batch2_P3_23s002005-1-1_Gross_lane1MG8 | AAAWNKKHV_230321_MG_Batch2_P3_23s002005-1-1_Gross_lane1MG8_1	(1, 0.001826177318255306)	(2, 0.003715395278181891)	(3, 2.5016127647332963e-05)	(4, 5.003225529466592e-06)	(5, 4.002580423573274e-06)	(6, 5.003225529466592e-06)	(7, 3.001935317679955e-06)	(8, 3.302128849447951e-05)	(9, 0.0)	(10, 8.005160847146546e-07)	(15, 4.602967487109265e-06)	(20, 0.05927581452486604)	(25, 0.0)	(30, 0.0)	(35, 0.0)	(40, 0.0)	(45, 0.0)	(50, 8.005160847146546e-07)	(55, 1.420916050368512e-05)	(60, 2.601677275322628e-05)	(65, 6.00387063535991e-06)	(70, 6.584244796778035e-05)	(75, 8.20528986832521e-06)	(80, 2.5016127647332963e-05)	(85, 0.05612958618291627)	(90, 1.040670910129051e-05)	(95, 0.23654489813037566)	(100, 2.761780492265559e-05)	(105, 9.20593497421853e-06)	(110, 8.64557371491827e-05)	(115, 2.6817288837940935e-05)	(120, 2.3014837435546323e-05)	(125, 7.76500602173215e-05)	(130, 0.11640604581367561)	(135, 0.00011167199381769433)	(140, 6.94447703489963e-05)	(145, 5.3834706697060524e-05)	(150, 4.002580423573274e-06)	
/ | scratch | karcher | fastqc | 230727_PRISMA_Batch2_P3_for_Q | AAAWNKKHV_230321_MG_Batch2_P3_23s002005-1-1_Gross_lane1MG8 | AAAWNKKHV_230321_MG_Batch2_P3_23s002005-1-1_Gross_lane1MG8_2	(1, 0.0)	(2, 0.0)	(3, 0.0)	(4, 1.0006451058933185e-06)	(5, 0.0)	(6, 6.304064167127905e-05)	(7, 1.0006451058933185e-06)	(8, 0.0)	(9, 0.0002431567607320764)	(10, 3.682373989687412e-05)	(15, 4.803096508287928e-05)	(20, 4.002580423573273e-07)	(25, 7.744993119614284e-05)	(30, 5.403483571823919e-05)	(35, 9.80632203775452e-06)	(40, 4.122657836280472e-05)	(45, 2.021303113904503e-05)	(50, 8.065199553500145e-05)	(55, 7.88508343443935e-05)	(60, 0.05643298177902312)	(65, 0.00011007096164826503)	(70, 0.00012247896096134216)	(75, 0.0002021303113904503)	(80, 6.364102873481505e-05)	(85, 2.081341820258102e-05)	(90, 0.1169972269422374)	(95, 3.001935317679955e-05)	(100, 0.00011807612249541156)	(105, 1.1007096164826502e-05)	(110, 0.363530364390619)	(115, 9.986438156815316e-05)	(120, 0.24310052447712513)	(125, 0.4189110677762847)	(130, 0.30378544744011016)	(135, 0.3037994564715927)	(140, 0.4831630904127582)	(145, 0.36144021689342903)	(150, 0.30373781673306965)	
/ | scratch | karcher | fastqc | 230727_PRISMA_Batch3_P3_for_Q | AAAWL5JHV_230321_MG_Batch3_P3_23s002006-1-1_Gross_lane1MG100 | AAAWL5JHV_230321_MG_Batch3_P3_23s002006-1-1_Gross_lane1MG100_1	(1, 0.004707480117996307)	(2, 0.011473903999076902)	(3, 3.395559429374386e-05)	(4, 3.0868722085221684e-05)	(5, 0.00024386290447325133)	(6, 4.3216210919310366e-05)	(7, 6.173744417044337e-05)	(8, 9.260616625566508e-06)	(9, 7.717180521305422e-05)	(10, 1.3582237717497543e-05)	(15, 0.05877898584579573)	(20, 4.321621091931036e-06)	(25, 7.408493300453205e-06)	(30, 0.0)	(35, 4.93899553363547e-06)	(40, 6.173744417044337e-07)	(45, 1.8521233251133013e-06)	(50, 0.00012347488834088674)	(55, 6.173744417044337e-07)	(60, 3.7042466502266026e-06)	(65, 8.643242183862073e-06)	(70, 1.2347488834088674e-06)	(75, 8.02586774215764e-06)	(80, 1.5434361042610842e-05)	(85, 1.1730114392384242e-05)	(90, 0.0606403697875346)	(95, 3.951196426908376e-05)	(100, 4.198146203590149e-05)	(105, 7.408493300453205e-06)	(110, 1.975598213454188e-05)	(115, 4.0746713152492625e-05)	(120, 4.3216210919310366e-05)	(125, 5.000732977805913e-05)	(130, 5.618107419510347e-05)	(135, 4.259883647760593e-05)	(140, 4.445095980271923e-05)	(145, 4.75378320112414e-05)	(150, 6.1737444170443375e-06)	
/ | scratch | karcher | fastqc | 230727_PRISMA_Batch3_P3_for_Q | AAAWL5JHV_230321_MG_Batch3_P3_23s002006-1-1_Gross_lane1MG100 | AAAWL5JHV_230321_MG_Batch3_P3_23s002006-1-1_Gross_lane1MG100_2	(1, 0.0)	(2, 0.0)	(3, 0.0)	(4, 0.0)	(5, 1.2347488834088675e-05)	(6, 4.3216210919310366e-05)	(7, 3.395559429374386e-05)	(8, 0.0)	(9, 0.00014199612159201976)	(10, 2.4077603226472916e-05)	(15, 9.075404293055177e-05)	(20, 2.9016598760108387e-05)	(25, 1.296486327579311e-05)	(30, 1.2347488834088674e-06)	(35, 1.8521233251133013e-06)	(40, 1.2347488834088675e-05)	(45, 1.1730114392384242e-05)	(50, 4.93899553363547e-06)	(55, 2.963397320181282e-05)	(60, 0.0)	(65, 0.1801529489615623)	(70, 9.87799106727094e-06)	(75, 1.8521233251133013e-06)	(80, 0.2406414446364376)	(85, 0.3011132712013869)	(90, 0.48293313115555114)	(95, 0.3011033932103196)	(100, 0.301115123324712)	(105, 0.18068389098142812)	(110, 5.247682754487687e-05)	(115, 2.284285434306405e-05)	(120, 1.8521233251133016e-05)	(125, 3.5190343177152725e-05)	(130, 5.3711576428285734e-05)	(135, 8.334554963009856e-05)	(140, 5.309420198658131e-05)	(145, 1.605173548431528e-05)	(150, 0.0)	
/ | scratch | karcher | fastqc | 230727_PRISMA_Batch3_P3_for_Q | AAAWL5JHV_230321_MG_Batch3_P3_23s002006-1-1_Gross_lane1MG101 | AAAWL5JHV_230321_MG_Batch3_P3_23s002006-1-1_Gross_lane1MG101_1	(1, 0.004939798657405253)	(2, 0.012142308620354855)	(3, 8.45109041829817e-05)	(4, 7.088011318572659e-05)	(5, 0.00023444960515278792)	(6, 5.724932218847148e-05)	(7, 7.360627138517761e-05)	(8, 1.3630790997255112e-05)	(9, 0.00010359401157913886)	(10, 1.090463279780409e-05)	(15, 0.05908293619342224)	(20, 9.268937878133476e-06)	(25, 1.090463279780409e-06)	(30, 0.0)	(35, 7.08801131857266e-06)	(40, 2.7261581994510225e-06)	(45, 0.0)	(50, 0.00012921989865397846)	(55, 1.090463279780409e-06)	(60, 0.0)	(65, 1.0359401157913886e-05)	(70, 5.452316398902045e-07)	(75, 1.3085559357364908e-05)	(80, 1.0359401157913886e-05)	(85, 1.1449864437694296e-05)	(90, 0.06127967447053987)	(95, 2.0718802315827772e-05)	(100, 1.7447412476486544e-05)	(105, 9.268937878133476e-06)	(110, 2.1264033955717976e-05)	(115, 2.3444960515278796e-05)	(120, 2.7261581994510224e-05)	(125, 2.9987740193961248e-05)	(130, 4.1437604631655544e-05)	(135, 2.0173570675937568e-05)	(140, 1.8537875756266952e-05)	(145, 1.5266485916925728e-05)	(150, 0.0)	
/ | scratch | karcher | fastqc | 230727_PRISMA_Batch3_P3_for_Q | AAAWL5JHV_230321_MG_Batch3_P3_23s002006-1-1_Gross_lane1MG101 | AAAWL5JHV_230321_MG_Batch3_P3_23s002006-1-1_Gross_lane1MG101_2	(1, 0.0)	(2, 0.0)	(3, 0.0)	(4, 0.0)	(5, 0.0)	(6, 2.180926559560818e-05)	(7, 0.0)	(8, 1.090463279780409e-05)	(9, 0.00010086785337968783)	(10, 1.3630790997255112e-05)	(15, 3.5440056592863296e-05)	(20, 3.434959331308288e-05)	(25, 7.633242958462864e-06)	(30, 1.6356949196706135e-06)	(35, 0.0)	(40, 5.997548038792249e-06)	(45, 4.361853119121636e-06)	(50, 3.816621479231432e-06)	(55, 1.3085559357364908e-05)	(60, 5.452316398902045e-07)	(65, 0.18234290779176088)	(70, 1.4721254277035522e-05)	(75, 5.452316398902045e-07)	(80, 0.24244161053029856)	(85, 0.30600526034033854)	(90, 0.4887205613421444)	(95, 0.3059899938544216)	(100, 0.30599980802393956)	(105, 0.1836165689025444)	(110, 6.324687022726371e-05)	(115, 1.9628339036047364e-05)	(120, 2.1264033955717976e-05)	(125, 4.198283627154575e-05)	(130, 7.578719794473842e-05)	(135, 0.00011395341273705274)	(140, 8.178474598353067e-05)	(145, 4.0892372991765337e-05)	(150, 0.0)	
/ | scratch | karcher | fastqc | 230727_PRISMA_Batch3_P3_for_Q | AAAWL5JHV_230321_MG_Batch3_P3_23s002006-1-1_Gross_lane1MG102 | AAAWL5JHV_230321_MG_Batch3_P3_23s002006-1-1_Gross_lane1MG102_1	(1, 0.004889586307310307)	(2, 0.011816500242666575)	(3, 4.170906955054724e-05)	(4, 7.379296920481435e-05)	(5, 0.00028875509688840395)	(6, 7.379296920481435e-05)	(7, 4.812584948140065e-05)	(8, 2.8875509688840393e-05)	(9, 0.00010266847889365473)	(10, 2.4383763737243e-05)	(15, 0.057956998013461186)	(20, 1.1550203875536158e-05)	(25, 9.625169896280131e-06)	(30, 6.416779930853421e-07)	(35, 1.0266847889365474e-05)	(40, 1.2833559861706842e-06)	(45, 1.2833559861706842e-06)	(50, 0.00013475237854792185)	(55, 1.2833559861706842e-06)	(60, 2.5667119723413684e-06)	(65, 1.5400271834048213e-05)	(70, 1.21918818686215e-05)	(75, 1.8608661799474924e-05)	(80, 1.796698380638958e-05)	(85, 9.625169896280131e-06)	(90, 0.0638751941436873)	(95, 3.400893363352314e-05)	(100, 4.620081550214463e-05)	(105, 2.566711972341368e-05)	(110, 3.2725577647352446e-05)	(115, 3.914235757820587e-05)	(120, 4.363410352980326e-05)	(125, 4.620081550214463e-05)	(130, 6.352612131544887e-05)	(135, 3.593396761277916e-05)	(140, 7.122625723247298e-05)	(145, 8.08514271287531e-05)	(150, 3.20838996542671e-06)	
/ | scratch | karcher | fastqc | 230727_PRISMA_Batch3_P3_for_Q | AAAWL5JHV_230321_MG_Batch3_P3_23s002006-1-1_Gross_lane1MG102 | AAAWL5JHV_230321_MG_Batch3_P3_23s002006-1-1_Gross_lane1MG102_2	(1, 0.0)	(2, 0.0)	(3, 0.0)	(4, 0.0)	(5, 4.812584948140065e-05)	(6, 3.5292289619693815e-05)	(7, 6.41677993085342e-06)	(8, 0.0)	(9, 0.0001475859384096287)	(10, 3.015886567501108e-05)	(15, 7.892639314949708e-05)	(20, 3.2725577647352446e-05)	(25, 5.133423944682737e-06)	(30, 8.341813910109447e-06)	(35, 0.0)	(40, 3.850067958512053e-06)	(45, 7.700135917024106e-06)	(50, 4.491745951597395e-06)	(55, 2.2458729757986974e-05)	(60, 1.9250339792560266e-06)	(65, 0.18713126976749214)	(70, 1.283355986170684e-05)	(75, 1.9250339792560266e-06)	(80, 0.24747466823723774)	(85, 0.31726035837523414)	(90, 0.5056961595026688)	(95, 0.3172475248153724)	(100, 0.3172577916632618)	(105, 0.19037110195458004)	(110, 4.940920546757135e-05)	(115, 2.5025441730328343e-05)	(120, 1.5400271834048213e-05)	(125, 2.181705176490163e-05)	(130, 5.967605335693682e-05)	(135, 0.00010074344491439872)	(140, 6.801786726704627e-05)	(145, 1.4116915847877527e-05)	(150, 0.0)	
/ | scratch | karcher | fastqc | 230727_PRISMA_Batch3_P3_for_Q | AAAWL5JHV_230321_MG_Batch3_P3_23s002006-1-1_Gross_lane1MG103 | AAAWL5JHV_230321_MG_Batch3_P3_23s002006-1-1_Gross_lane1MG103_1	(1, 0.004810433503825526)	(2, 0.011995287130217943)	(3, 7.083224749551031e-05)	(4, 6.15932586917481e-05)	(5, 0.0003079662934587405)	(6, 9.238988803762214e-05)	(7, 5.851359575716069e-05)	(8, 2.463730347669924e-05)	(9, 5.543393282257329e-05)	(10, 1.1086786564514657e-05)	(15, 0.05874149081432017)	(20, 6.775258456092291e-06)	(25, 1.847797760752443e-06)	(30, 0.0)	(35, 1.1702719151432138e-05)	(40, 1.847797760752443e-06)	(45, 4.9274606953398475e-06)	(50, 0.00015090348379478283)	(55, 4.311528108422367e-06)	(60, 0.0)	(65, 1.847797760752443e-05)	(70, 1.231865173834962e-05)	(75, 2.0325775368276874e-05)	(80, 2.2173573129029315e-05)	(85, 1.724611243368947e-05)	(90, 0.05986741558320532)	(95, 1.9093910194441913e-05)	(100, 4.003561814963627e-05)	(105, 2.402137088978176e-05)	(110, 2.9564764172039087e-05)	(115, 4.065155073655375e-05)	(120, 5.358613506182085e-05)	(125, 6.528885421325298e-05)	(130, 5.728173058332574e-05)	(135, 5.050647212723344e-05)	(140, 5.6049865409490764e-05)	(145, 6.528885421325298e-05)	(150, 0.0)	
/ | scratch | karcher | fastqc | 230727_PRISMA_Batch3_P3_for_Q | AAAWL5JHV_230321_MG_Batch3_P3_23s002006-1-1_Gross_lane1MG103 | AAAWL5JHV_230321_MG_Batch3_P3_23s002006-1-1_Gross_lane1MG103_2	(1, 0.0)	(2, 0.0)	(3, 0.0)	(4, 0.0)	(5, 9.238988803762215e-06)	(6, 4.927460695339848e-05)	(7, 1.5398314672937024e-05)	(8, 0.0)	(9, 8.931022510303475e-05)	(10, 1.847797760752443e-05)	(15, 6.46729216263355e-05)	(20, 4.373121367114115e-05)	(25, 4.9274606953398475e-06)	(30, 6.15932586917481e-06)	(35, 2.4637303476699237e-06)	(40, 7.391191043009772e-06)	(45, 9.854921390679695e-06)	(50, 5.543393282257329e-06)	(55, 3.3260359693543976e-05)	(60, 6.159325869174809e-07)	(65, 0.17981351162692866)	(70, 1.5398314672937024e-05)	(75, 3.079662934587405e-06)	(80, 0.23898553931950414)	(85, 0.29848462721573277)	(90, 0.47824578457277345)	(95, 0.29846368550777763)	(100, 0.2984778519572767)	(105, 0.17910518915197354)	(110, 5.420206764873833e-05)	(115, 1.6014247259854504e-05)	(120, 1.231865173834962e-05)	(125, 3.757188780196634e-05)	(130, 6.652071938708795e-05)	(135, 9.854921390679696e-05)	(140, 6.898444973475787e-05)	(145, 1.786204502060695e-05)	(150, 0.0)	
/ | scratch | karcher | fastqc | 230727_PRISMA_Batch3_P3_for_Q | AAAWL5JHV_230321_MG_Batch3_P3_23s002006-1-1_Gross_lane1MG104 | AAAWL5JHV_230321_MG_Batch3_P3_23s002006-1-1_Gross_lane1MG104_1	(1, 0.004834416148581402)	(2, 0.011681173014097122)	(3, 8.997052385697397e-05)	(4, 3.298919208089046e-05)	(5, 0.00031789585096130804)	(6, 8.097347147127658e-05)	(7, 6.597838416178092e-05)	(8, 1.4995087309495664e-05)	(9, 6.597838416178092e-05)	(10, 1.9793515248534277e-05)	(15, 0.059481312732322635)	(20, 1.6794497786635143e-05)	(25, 1.1396266355216704e-05)	(30, 3.5988209542789594e-06)	(35, 1.2595873339976355e-05)	(40, 4.198624446658786e-06)	(45, 4.198624446658786e-06)	(50, 0.0001379548032473601)	(55, 7.797445400937746e-06)	(60, 4.798427939038612e-06)	(65, 2.399213969519306e-05)	(70, 1.6794497786635143e-05)	(75, 2.4591943187572887e-05)	(80, 2.6391353664712366e-05)	(85, 2.399213969519306e-05)	(90, 0.06085726194384195)	(95, 4.378565494372733e-05)	(100, 4.678467240562646e-05)	(105, 2.2792532710433407e-05)	(110, 5.758113526846335e-05)	(115, 7.557524003985814e-05)	(120, 6.777779463892039e-05)	(125, 8.697150639507484e-05)	(130, 8.457229242555553e-05)	(135, 7.01770086084397e-05)	(140, 0.00010796462862836879)	(145, 0.00010076698671981084)	(150, 3.298919208089046e-05)	
/ | scratch | karcher | fastqc | 230727_PRISMA_Batch3_P3_for_Q | AAAWL5JHV_230321_MG_Batch3_P3_23s002006-1-1_Gross_lane1MG104 | AAAWL5JHV_230321_MG_Batch3_P3_23s002006-1-1_Gross_lane1MG104_2	(1, 0.0)	(2, 0.0)	(3, 0.0)	(4, 0.0)	(5, 5.098329685228525e-05)	(6, 3.598820954278959e-05)	(7, 2.099312223329393e-05)	(8, 2.9990174618991324e-06)	(9, 0.0002279253271043341)	(10, 5.9980349237982654e-05)	(15, 0.000117561484506446)	(20, 5.938054574560283e-05)	(25, 2.6991157157092197e-05)	(30, 9.596855878077225e-06)	(35, 1.7994104771394797e-06)	(40, 1.7994104771394797e-06)	(45, 7.197641908557919e-06)	(50, 6.597838416178091e-06)	(55, 5.818093876084318e-05)	(60, 4.798427939038612e-06)	(65, 0.17708778250069712)	(70, 1.3195676832356183e-05)	(75, 2.399213969519306e-06)	(80, 0.242145468301675)	(85, 0.30281919037684873)	(90, 0.48354118223787523)	(95, 0.30281319234192494)	(100, 0.30281919037684873)	(105, 0.18171346703393035)	(110, 5.8780742253223e-05)	(115, 1.6794497786635143e-05)	(120, 2.4591943187572887e-05)	(125, 3.418879906565011e-05)	(130, 7.317602607033883e-05)	(135, 0.00013015735784642236)	(140, 0.0001019665937045705)	(145, 1.1396266355216704e-05)	(150, 0.0)	
/ | scratch | karcher | fastqc | 230727_PRISMA_Batch3_P3_for_Q | AAAWL5JHV_230321_MG_Batch3_P3_23s002006-1-1_Gross_lane1MG105 | AAAWL5JHV_230321_MG_Batch3_P3_23s002006-1-1_Gross_lane1MG105_1	(1, 0.004789356165327241)	(2, 0.011861511815022686)	(3, 9.759622404493883e-05)	(4, 5.712949700191541e-05)	(5, 0.0002594631322170325)	(6, 5.712949700191541e-05)	(7, 4.7607914168262845e-05)	(8, 9.521582833652569e-06)	(9, 8.807464121128625e-05)	(10, 1.9043165667305138e-05)	(15, 0.058349211762906306)	(20, 1.4282374250478852e-05)	(25, 3.808633133461027e-06)	(30, 0.0)	(35, 1.4758453392161481e-05)	(40, 8.093345408604683e-06)	(45, 4.2847122751436555e-06)	(50, 0.00012616097254589654)	(55, 5.712949700191541e-06)	(60, 1.4282374250478852e-06)	(65, 2.761259021759245e-05)	(70, 1.4758453392161481e-05)	(75, 3.8562410476292904e-05)	(80, 2.666043193422719e-05)	(85, 1.5710611675526738e-05)	(90, 0.0614789560403279)	(95, 4.0942806184706044e-05)	(100, 4.475143931816707e-05)	(105, 1.8091007383939878e-05)	(110, 5.9509892710328554e-05)	(115, 6.760323811893323e-05)	(120, 7.807697923595105e-05)	(125, 6.950755468566374e-05)	(130, 8.855072035296888e-05)	(135, 6.71271589772506e-05)	(140, 8.331384979445997e-05)	(145, 9.235935348642992e-05)	(150, 2.3803957084131422e-06)	
/ | scratch | karcher | fastqc | 230727_PRISMA_Batch3_P3_for_Q | AAAWL5JHV_230321_MG_Batch3_P3_23s002006-1-1_Gross_lane1MG105 | AAAWL5JHV_230321_MG_Batch3_P3_23s002006-1-1_Gross_lane1MG105_2	(1, 0.0)	(2, 0.0)	(3, 0.0)	(4, 2.3803957084131422e-06)	(5, 4.7607914168262845e-05)	(6, 3.332553991778399e-05)	(7, 5.4749101293502266e-05)	(8, 7.141187125239426e-06)	(9, 0.00012616097254589654)	(10, 5.046438901835861e-05)	(15, 0.0001237805768374834)	(20, 4.808399330994547e-05)	(25, 2.6184352792544566e-05)	(30, 6.665107983556798e-06)	(35, 1.4282374250478852e-06)	(40, 1.5234532533844108e-05)	(45, 8.093345408604683e-06)	(50, 2.3803957084131422e-06)	(55, 4.7607914168262845e-05)	(60, 1.1425899400383081e-05)	(65, 0.18317763879123317)	(70, 1.7138849100574622e-05)	(75, 3.332553991778399e-06)	(80, 0.24252423635596457)	(85, 0.30614173990073085)	(90, 0.4890670567468722)	(95, 0.3061365030301723)	(100, 0.3061479289295727)	(105, 0.18370989527163434)	(110, 6.331852584378958e-05)	(115, 3.522985648451451e-05)	(120, 2.5708273650861935e-05)	(125, 5.18926264434065e-05)	(130, 6.665107983556798e-05)	(135, 0.00012473273512084865)	(140, 9.997661975335196e-05)	(145, 3.332553991778399e-05)	(150, 4.7607914168262845e-06)	
/ | scratch | karcher | fastqc | 230727_PRISMA_Batch3_P3_for_Q | AAAWL5JHV_230321_MG_Batch3_P3_23s002006-1-1_Gross_lane1MG63 | AAAWL5JHV_230321_MG_Batch3_P3_23s002006-1-1_Gross_lane1MG63_1	(1, 0.0047566511066620895)	(2, 0.012009200357568483)	(3, 5.710668701501096e-05)	(4, 6.382512078148284e-05)	(5, 0.0003560769896230095)	(6, 7.054355454795472e-05)	(7, 4.702903636530314e-05)	(8, 1.0077650649707816e-05)	(9, 4.0310602598831266e-05)	(10, 1.0749494026355005e-05)	(15, 0.05846448247921494)	(20, 1.2765024156296569e-05)	(25, 4.702903636530314e-06)	(30, 6.718433766471878e-07)	(35, 6.04659038982469e-06)	(40, 4.031060259883127e-06)	(45, 0.0)	(50, 0.00012563471143302413)	(55, 6.718433766471878e-07)	(60, 1.3436867532943756e-06)	(65, 1.545239766288532e-05)	(70, 7.390277143119066e-06)	(75, 1.8811614546121257e-05)	(80, 1.6124241039532508e-05)	(85, 2.8217421819181887e-05)	(90, 0.06124591405853428)	(95, 3.157663870241783e-05)	(100, 2.8889265195829076e-05)	(105, 1.545239766288532e-05)	(110, 4.837272311859752e-05)	(115, 5.2403783378480655e-05)	(120, 3.359216883235939e-05)	(125, 4.3669819482067204e-05)	(130, 5.173194000183346e-05)	(135, 1.8811614546121257e-05)	(140, 5.845037376830534e-05)	(145, 6.718433766471878e-05)	(150, 6.7184337664718785e-06)	
/ | scratch | karcher | fastqc | 230727_PRISMA_Batch3_P3_for_Q | AAAWL5JHV_230321_MG_Batch3_P3_23s002006-1-1_Gross_lane1MG63 | AAAWL5JHV_230321_MG_Batch3_P3_23s002006-1-1_Gross_lane1MG63_2	(1, 0.0)	(2, 0.0)	(3, 0.0)	(4, 0.0)	(5, 4.3669819482067204e-05)	(6, 4.0310602598831266e-05)	(7, 2.0155301299415633e-05)	(8, 0.0)	(9, 0.00013436867532943755)	(10, 2.418636155929876e-05)	(15, 7.323092805454348e-05)	(20, 3.8295072468889706e-05)	(25, 1.1421337403002193e-05)	(30, 6.04659038982469e-06)	(35, 0.0)	(40, 2.687373506588751e-06)	(45, 2.687373506588751e-06)	(50, 4.031060259883127e-06)	(55, 2.6201891689240327e-05)	(60, 0.0)	(65, 0.18308605410025508)	(70, 1.4780554286238131e-05)	(75, 3.3592168832359392e-06)	(80, 0.24293117471847997)	(85, 0.30738850011738783)	(90, 0.4903119681204943)	(95, 0.30738850011738783)	(100, 0.30739454670777766)	(105, 0.18445863011874528)	(110, 5.307562675512784e-05)	(115, 1.9483457922768446e-05)	(120, 1.3436867532943757e-05)	(125, 3.627954233894814e-05)	(130, 6.58406509114244e-05)	(135, 0.00010816678364019724)	(140, 7.121539792460191e-05)	(145, 1.2765024156296569e-05)	(150, 0.0)	
/ | scratch | karcher | fastqc | 230727_PRISMA_Batch3_P3_for_Q | AAAWL5JHV_230321_MG_Batch3_P3_23s002006-1-1_Gross_lane1MG64 | AAAWL5JHV_230321_MG_Batch3_P3_23s002006-1-1_Gross_lane1MG64_1	(1, 0.004862807507179931)	(2, 0.011698182433498105)	(3, 0.00010863414772065689)	(4, 7.146983402674796e-05)	(5, 0.0002744441626627122)	(6, 7.146983402674796e-05)	(7, 4.8599487138188606e-05)	(8, 2.8587933610699183e-06)	(9, 8.862259419316747e-05)	(10, 1.3150449460921624e-05)	(15, 0.05908725646260972)	(20, 9.719897427637723e-06)	(25, 4.002310705497886e-06)	(30, 0.0)	(35, 4.5740693777118695e-06)	(40, 0.0)	(45, 5.717586722139837e-07)	(50, 0.00013836559867578404)	(55, 1.715276016641951e-06)	(60, 5.717586722139837e-07)	(65, 6.289345394353819e-06)	(70, 1.1435173444279674e-06)	(75, 1.2006932116493657e-05)	(80, 9.719897427637723e-06)	(85, 9.148138755423739e-06)	(90, 0.062150739428332234)	(95, 2.45856229052013e-05)	(100, 2.7444416266271215e-05)	(105, 4.5740693777118695e-06)	(110, 1.715276016641951e-05)	(115, 1.886803618306146e-05)	(120, 1.4865725477563575e-05)	(125, 3.201848564398309e-05)	(130, 2.5729140249629263e-05)	(135, 1.715276016641951e-05)	(140, 2.5157381577415278e-05)	(145, 1.086341477206569e-05)	(150, 0.0)	
/ | scratch | karcher | fastqc | 230727_PRISMA_Batch3_P3_for_Q | AAAWL5JHV_230321_MG_Batch3_P3_23s002006-1-1_Gross_lane1MG64 | AAAWL5JHV_230321_MG_Batch3_P3_23s002006-1-1_Gross_lane1MG64_2	(1, 0.0)	(2, 0.0)	(3, 0.0)	(4, 0.0)	(5, 2.8587933610699183e-06)	(6, 5.717586722139837e-06)	(7, 1.4293966805349593e-05)	(8, 0.0)	(9, 0.00010291656099851705)	(10, 1.3722208133135608e-05)	(15, 4.631245244933267e-05)	(20, 2.2870346888559347e-05)	(25, 1.1435173444279673e-05)	(30, 2.8587933610699183e-06)	(35, 0.0)	(40, 2.8587933610699183e-06)	(45, 1.1435173444279674e-06)	(50, 1.1435173444279674e-06)	(55, 1.4865725477563575e-05)	(60, 4.5740693777118695e-06)	(65, 0.18385357511978417)	(70, 1.543748414977756e-05)	(75, 8.576380083209755e-06)	(80, 0.24535479669648133)	(85, 0.31162734439280415)	(90, 0.49818133572145495)	(95, 0.3116113351499822)	(100, 0.3116204832887376)	(105, 0.18700110661032215)	(110, 9.262490489866534e-05)	(115, 3.602079634948097e-05)	(120, 3.8307831038336905e-05)	(125, 6.346521261575218e-05)	(130, 9.77707329485912e-05)	(135, 0.00016180770423655737)	(140, 0.00012349987319822047)	(145, 4.231014174383479e-05)	(150, 2.8587933610699183e-06)	
/ | scratch | karcher | fastqc | 230727_PRISMA_Batch3_P3_for_Q | AAAWL5JHV_230321_MG_Batch3_P3_23s002006-1-1_Gross_lane1MG65 | AAAWL5JHV_230321_MG_Batch3_P3_23s002006-1-1_Gross_lane1MG65_1	(1, 0.005114199971265784)	(2, 0.011608920180173864)	(3, 6.560323443341496e-05)	(4, 4.563703264933214e-05)	(5, 0.00029664071222065895)	(6, 6.560323443341496e-05)	(7, 3.4227774486999106e-05)	(8, 8.556943621749777e-06)	(9, 6.845554897399821e-05)	(10, 1.8254813059732857e-05)	(15, 0.058550601500368796)	(20, 9.127406529866429e-06)	(25, 3.993240356816562e-06)	(30, 5.704629081166518e-07)	(35, 9.69786943798308e-06)	(40, 2.281851632466607e-06)	(45, 1.7113887243499553e-06)	(50, 0.00013234739468306322)	(55, 5.704629081166518e-07)	(60, 1.7113887243499553e-06)	(65, 6.27509198928317e-06)	(70, 7.986480713633124e-06)	(75, 1.3691109794799642e-05)	(80, 1.8825275967849508e-05)	(85, 1.1409258162333035e-05)	(90, 0.0601404816252899)	(95, 3.251638576264915e-05)	(100, 4.449610683309884e-05)	(105, 1.1409258162333035e-05)	(110, 2.281851632466607e-05)	(115, 3.936194066004897e-05)	(120, 3.936194066004897e-05)	(125, 4.6207495557448795e-05)	(130, 5.476443917919857e-05)	(135, 3.479823739511576e-05)	(140, 4.107332938439893e-05)	(145, 4.392564392498219e-05)	(150, 0.0)	
/ | scratch | karcher | fastqc | 230727_PRISMA_Batch3_P3_for_Q | AAAWL5JHV_230321_MG_Batch3_P3_23s002006-1-1_Gross_lane1MG65 | AAAWL5JHV_230321_MG_Batch3_P3_23s002006-1-1_Gross_lane1MG65_2	(1, 0.0)	(2, 0.0)	(3, 0.0)	(4, 0.0)	(5, 2.852314540583259e-06)	(6, 5.419397627108192e-05)	(7, 1.7113887243499553e-05)	(8, 0.0)	(9, 8.556943621749777e-05)	(10, 2.452990504901603e-05)	(15, 5.7616753719781824e-05)	(20, 4.449610683309884e-05)	(25, 1.255018397856634e-05)	(30, 1.1409258162333036e-06)	(35, 0.0)	(40, 3.4227774486999105e-06)	(45, 2.281851632466607e-06)	(50, 2.281851632466607e-06)	(55, 2.1107127600316116e-05)	(60, 3.4227774486999105e-06)	(65, 0.1779079853027077)	(70, 1.4261572702916294e-05)	(75, 1.7113887243499553e-06)	(80, 0.23873758612100254)	(85, 0.2971187601376607)	(90, 0.47605700145242713)	(95, 0.29710963273113083)	(100, 0.29712503522964995)	(105, 0.17829133637696212)	(110, 6.27509198928317e-05)	(115, 2.510036795713268e-05)	(120, 2.281851632466607e-05)	(125, 4.506656974121549e-05)	(130, 6.50327715252983e-05)	(135, 0.00010610610090969724)	(140, 8.328758458503117e-05)	(145, 2.452990504901603e-05)	(150, 2.852314540583259e-06)	
/ | scratch | karcher | fastqc | 230727_PRISMA_Batch3_P3_for_Q | AAAWL5JHV_230321_MG_Batch3_P3_23s002006-1-1_Gross_lane1MG66 | AAAWL5JHV_230321_MG_Batch3_P3_23s002006-1-1_Gross_lane1MG66_1	(1, 0.00489157403981837)	(2, 0.012028965091628822)	(3, 4.101948880350834e-05)	(4, 6.83658146725139e-05)	(5, 0.00023244376988654727)	(6, 5.469265173801112e-05)	(7, 5.1274361004385427e-05)	(8, 1.367316293450278e-05)	(9, 8.203897760701668e-05)	(10, 1.1622188494327363e-05)	(15, 0.059480993397674)	(20, 5.469265173801112e-06)	(25, 2.050974440175417e-06)	(30, 6.83658146725139e-07)	(35, 6.83658146725139e-07)	(40, 0.0)	(45, 1.367316293450278e-06)	(50, 0.00013878260378520323)	(55, 0.0)	(60, 2.734632586900556e-06)	(65, 6.152923320526252e-06)	(70, 2.734632586900556e-06)	(75, 2.050974440175417e-06)	(80, 1.1622188494327363e-05)	(85, 6.83658146725139e-06)	(90, 0.0598699948831606)	(95, 1.2305846641052504e-05)	(100, 2.734632586900556e-05)	(105, 2.050974440175417e-06)	(110, 2.461169328210501e-05)	(115, 3.349924918953181e-05)	(120, 2.734632586900556e-05)	(125, 2.734632586900556e-05)	(130, 3.2815591042806674e-05)	(135, 1.8458769961578753e-05)	(140, 2.8713642162455838e-05)	(145, 1.914242810830389e-05)	(150, 0.0)	
/ | scratch | karcher | fastqc | 230727_PRISMA_Batch3_P3_for_Q | AAAWL5JHV_230321_MG_Batch3_P3_23s002006-1-1_Gross_lane1MG66 | AAAWL5JHV_230321_MG_Batch3_P3_23s002006-1-1_Gross_lane1MG66_2	(1, 0.0)	(2, 0.0)	(3, 0.0)	(4, 0.0)	(5, 0.0)	(6, 4.443777953713404e-05)	(7, 2.3928035135379868e-05)	(8, 0.0)	(9, 4.443777953713404e-05)	(10, 2.256071884192959e-05)	(15, 4.580509583058431e-05)	(20, 2.9397300309180975e-05)	(25, 2.734632586900556e-06)	(30, 0.0)	(35, 0.0)	(40, 7.520239613976529e-06)	(45, 5.469265173801112e-06)	(50, 4.785607027075973e-06)	(55, 9.571214054151945e-06)	(60, 2.050974440175417e-06)	(65, 0.17777231155108464)	(70, 1.2989504787777644e-05)	(75, 4.101948880350834e-06)	(80, 0.2401841474237693)	(85, 0.29788489500737103)	(90, 0.4764981060789276)	(95, 0.2978787420840505)	(100, 0.29788762963995796)	(105, 0.17875951391495573)	(110, 6.358020764543794e-05)	(115, 2.050974440175417e-05)	(120, 1.1622188494327363e-05)	(125, 3.418290733625695e-05)	(130, 7.041678911268932e-05)	(135, 0.00011280359420964794)	(140, 7.656971243321556e-05)	(145, 1.7091453668128474e-05)	(150, 0.0)	
/ | scratch | karcher | fastqc | 230727_PRISMA_Batch3_P3_for_Q | AAAWL5JHV_230321_MG_Batch3_P3_23s002006-1-1_Gross_lane1MG67 | AAAWL5JHV_230321_MG_Batch3_P3_23s002006-1-1_Gross_lane1MG67_1	(1, 0.004688349660199202)	(2, 0.011586056583978193)	(3, 6.328171489705496e-05)	(4, 5.227619926278453e-05)	(5, 0.00032191133230241)	(6, 5.7778957079919747e-05)	(7, 7.42872305313254e-05)	(8, 2.4762410177108463e-05)	(9, 6.328171489705496e-05)	(10, 1.2656342979410993e-05)	(15, 0.059420980012552894)	(20, 9.354688289129863e-06)	(25, 7.703860943989298e-06)	(30, 1.1005515634270427e-06)	(35, 7.703860943989298e-06)	(40, 3.3016546902811284e-06)	(45, 1.1005515634270427e-06)	(50, 0.00013591811808323978)	(55, 1.1005515634270427e-06)	(60, 0.0)	(65, 7.153585162275778e-06)	(70, 5.502757817135214e-07)	(75, 1.9259652359973248e-05)	(80, 1.4307170324551555e-05)	(85, 1.0455239852556906e-05)	(90, 0.06131227787430227)	(95, 2.4762410177108463e-05)	(100, 1.9809928141686767e-05)	(105, 1.1005515634270427e-05)	(110, 2.0360203923400293e-05)	(115, 3.191599533938424e-05)	(120, 4.402206253708171e-05)	(125, 3.521765002966537e-05)	(130, 3.0265167994243675e-05)	(135, 2.421213439539494e-05)	(140, 3.686847737480593e-05)	(145, 2.916461643081663e-05)	(150, 0.0)	
/ | scratch | karcher | fastqc | 230727_PRISMA_Batch3_P3_for_Q | AAAWL5JHV_230321_MG_Batch3_P3_23s002006-1-1_Gross_lane1MG67 | AAAWL5JHV_230321_MG_Batch3_P3_23s002006-1-1_Gross_lane1MG67_2	(1, 0.0)	(2, 0.0)	(3, 0.0)	(4, 0.0)	(5, 5.502757817135213e-06)	(6, 5.502757817135213e-06)	(7, 1.1005515634270427e-05)	(8, 0.0)	(9, 7.703860943989299e-05)	(10, 1.4857446106265076e-05)	(15, 4.292151097365467e-05)	(20, 3.411709846623833e-05)	(25, 9.904964070843383e-06)	(30, 5.502757817135214e-07)	(35, 0.0)	(40, 3.851930471994649e-06)	(45, 3.3016546902811284e-06)	(50, 2.2011031268540854e-06)	(55, 2.0360203923400293e-05)	(60, 1.1005515634270427e-06)	(65, 0.18148095280911936)	(70, 1.210606719769747e-05)	(75, 2.2011031268540854e-06)	(80, 0.24322739827519357)	(85, 0.30649370545036053)	(90, 0.4898296379196362)	(95, 0.3064882026925434)	(100, 0.30650140931130454)	(105, 0.18392527783149082)	(110, 5.66784055164927e-05)	(115, 1.9809928141686767e-05)	(120, 1.3206618761124514e-05)	(125, 4.89745445725034e-05)	(130, 6.053033598848735e-05)	(135, 0.0001106054321244178)	(140, 7.318667896789834e-05)	(145, 1.8709376578259725e-05)	(150, 0.0)	
/ | scratch | karcher | fastqc | 230727_PRISMA_Batch3_P3_for_Q | AAAWL5JHV_230321_MG_Batch3_P3_23s002006-1-1_Gross_lane1MG68 | AAAWL5JHV_230321_MG_Batch3_P3_23s002006-1-1_Gross_lane1MG68_1	(1, 0.00472474884803124)	(2, 0.011604386286099312)	(3, 6.224575019363616e-05)	(4, 5.9281666851082055e-05)	(5, 0.00029937241759796435)	(6, 8.003025024896077e-05)	(7, 4.742533348086564e-05)	(8, 5.928166685108205e-06)	(9, 0.00011263516701705589)	(10, 1.4227600044259692e-05)	(15, 0.05796976356366761)	(20, 1.4227600044259692e-05)	(25, 7.706616690640667e-06)	(30, 5.928166685108206e-07)	(35, 1.3634783375748873e-05)	(40, 6.520983353619025e-06)	(45, 2.371266674043282e-06)	(50, 0.000138719100431532)	(55, 2.371266674043282e-06)	(60, 2.9640833425541023e-06)	(65, 1.6598866718302975e-05)	(70, 1.1263516701705589e-05)	(75, 1.5413233381281334e-05)	(80, 2.0155766729367895e-05)	(85, 2.1341400066389536e-05)	(90, 0.06423287166648443)	(95, 5.038941682341975e-05)	(100, 3.438336677362759e-05)	(105, 2.7269566751497745e-05)	(110, 5.157505016044138e-05)	(115, 7.173081688980929e-05)	(120, 3.853308345320333e-05)	(125, 5.9281666851082055e-05)	(130, 8.240151692300405e-05)	(135, 4.031153345873579e-05)	(140, 6.34313835306578e-05)	(145, 6.758110021023355e-05)	(150, 8.892250027662308e-06)	
/ | scratch | karcher | fastqc | 230727_PRISMA_Batch3_P3_for_Q | AAAWL5JHV_230321_MG_Batch3_P3_23s002006-1-1_Gross_lane1MG68 | AAAWL5JHV_230321_MG_Batch3_P3_23s002006-1-1_Gross_lane1MG68_2	(1, 0.0)	(2, 0.0)	(3, 0.0)	(4, 0.0)	(5, 5.038941682341975e-05)	(6, 7.113800022129847e-05)	(7, 2.0748583397878718e-05)	(8, 0.0)	(9, 0.00015116825047025923)	(10, 2.9640833425541028e-05)	(15, 0.0001013716503153503)	(20, 4.861096681788728e-05)	(25, 1.5413233381281334e-05)	(30, 7.113800022129846e-06)	(35, 0.0)	(40, 1.3634783375748873e-05)	(45, 1.0670700033194768e-05)	(50, 4.149716679575744e-06)	(55, 2.9640833425541028e-05)	(60, 1.304196670723805e-05)	(65, 0.1883491191025894)	(70, 1.1263516701705589e-05)	(75, 8.299433359151488e-06)	(80, 0.2483255670891661)	(85, 0.3191404822261262)	(90, 0.5090024694667552)	(95, 0.3191357396927781)	(100, 0.3191481888428168)	(105, 0.1915100175790891)	(110, 7.113800022129847e-05)	(115, 2.9048016757030205e-05)	(120, 2.8455200088519383e-05)	(125, 5.453913350299549e-05)	(130, 7.410208356385256e-05)	(135, 0.0001357550170889779)	(140, 0.0001043357336579044)	(145, 3.319773343660595e-05)	(150, 0.0)	
/ | scratch | karcher | fastqc | 230727_PRISMA_Batch3_P3_for_Q | AAAWL5JHV_230321_MG_Batch3_P3_23s002006-1-1_Gross_lane1MG69 | AAAWL5JHV_230321_MG_Batch3_P3_23s002006-1-1_Gross_lane1MG69_1	(1, 0.005065028484718864)	(2, 0.011641272260208913)	(3, 7.371781906200894e-05)	(4, 5.835994009075708e-05)	(5, 0.000337873337367541)	(6, 5.835994009075708e-05)	(7, 4.6073636913755586e-05)	(8, 2.457260635400298e-05)	(9, 8.90756980332608e-05)	(10, 1.9658085083202383e-05)	(15, 0.05922796741021223)	(20, 1.0443357700451266e-05)	(25, 7.986097065050968e-06)	(30, 3.0715757942503724e-06)	(35, 1.228630317700149e-05)	(40, 1.8429454765502237e-06)	(45, 3.0715757942503724e-06)	(50, 0.00012286303177001492)	(55, 2.457260635400298e-06)	(60, 4.914521270800596e-06)	(65, 1.228630317700149e-05)	(70, 7.986097065050968e-06)	(75, 2.1501030559752607e-05)	(80, 3.255870341905395e-05)	(85, 1.3514933494701638e-05)	(90, 0.06175587428888029)	(95, 4.4230691437205365e-05)	(100, 4.0544800484104915e-05)	(105, 1.2900618335851566e-05)	(110, 2.1501030559752607e-05)	(115, 7.371781906200894e-05)	(120, 7.801802517395947e-05)	(125, 8.416117676246022e-05)	(130, 7.924665549165962e-05)	(135, 6.634603715580804e-05)	(140, 6.696035231465813e-05)	(145, 7.986097065050969e-05)	(150, 0.0)	
/ | scratch | karcher | fastqc | 230727_PRISMA_Batch3_P3_for_Q | AAAWL5JHV_230321_MG_Batch3_P3_23s002006-1-1_Gross_lane1MG69 | AAAWL5JHV_230321_MG_Batch3_P3_23s002006-1-1_Gross_lane1MG69_2	(1, 0.0)	(2, 0.0)	(3, 3.0715757942503724e-06)	(4, 0.0)	(5, 9.214727382751118e-06)	(6, 2.457260635400298e-05)	(7, 4.914521270800596e-05)	(8, 0.0)	(9, 0.00016586509288952012)	(10, 4.484500659605544e-05)	(15, 0.00010197631636911237)	(20, 5.7745624931907e-05)	(25, 2.6415551830553204e-05)	(30, 3.0715757942503724e-06)	(35, 3.0715757942503724e-06)	(40, 1.7200824447802086e-05)	(45, 1.228630317700149e-05)	(50, 9.214727382751118e-06)	(55, 3.255870341905395e-05)	(60, 3.6858909531004474e-06)	(65, 0.18125430193387332)	(70, 1.5357878971251864e-05)	(75, 3.6858909531004474e-06)	(80, 0.24345678334323764)	(85, 0.30738487603381176)	(90, 0.4909674324197269)	(95, 0.3073836474034941)	(100, 0.30740391980373616)	(105, 0.18446839884497693)	(110, 8.108960096820983e-05)	(115, 4.238774596065514e-05)	(120, 2.8258497307103425e-05)	(125, 6.02028855673073e-05)	(130, 0.00010074768605141222)	(135, 0.00015357878971251863)	(140, 0.0001204057711346146)	(145, 3.3787333736754094e-05)	(150, 0.0)	
/ | scratch | karcher | fastqc | 230727_PRISMA_Batch3_P3_for_Q | AAAWL5JHV_230321_MG_Batch3_P3_23s002006-1-1_Gross_lane1MG70 | AAAWL5JHV_230321_MG_Batch3_P3_23s002006-1-1_Gross_lane1MG70_1	(1, 0.004836305089399906)	(2, 0.011932937158053806)	(3, 9.491607432414238e-05)	(4, 7.284256866736507e-05)	(5, 0.0002604673667499721)	(6, 5.739111470762097e-05)	(7, 6.622051697033189e-05)	(8, 1.9866155091099566e-05)	(9, 0.00010374547658685329)	(10, 1.8541744751692927e-05)	(15, 0.05917465396468857)	(20, 9.270872375846464e-06)	(25, 1.7658804525421836e-06)	(30, 8.829402262710918e-07)	(35, 7.063521810168734e-06)	(40, 3.531760905084367e-06)	(45, 2.648820678813275e-06)	(50, 0.00012184575122541066)	(55, 8.829402262710918e-07)	(60, 2.648820678813275e-06)	(65, 6.622051697033188e-06)	(70, 8.829402262710918e-07)	(75, 1.05952827152531e-05)	(80, 1.1036752828388647e-05)	(85, 4.856171244491004e-06)	(90, 0.059962678116635526)	(95, 1.9424684977964017e-05)	(100, 2.4280856222455026e-05)	(105, 7.063521810168734e-06)	(110, 1.1478222941524192e-05)	(115, 2.69296769012683e-05)	(120, 3.311025848516594e-05)	(125, 1.8100274638557382e-05)	(130, 2.913702746694603e-05)	(135, 2.074909531737066e-05)	(140, 2.3839386109319477e-05)	(145, 2.648820678813275e-05)	(150, 0.0)	
/ | scratch | karcher | fastqc | 230727_PRISMA_Batch3_P3_for_Q | AAAWL5JHV_230321_MG_Batch3_P3_23s002006-1-1_Gross_lane1MG70 | AAAWL5JHV_230321_MG_Batch3_P3_23s002006-1-1_Gross_lane1MG70_2	(1, 0.0)	(2, 0.0)	(3, 0.0)	(4, 0.0)	(5, 0.0)	(6, 8.829402262710917e-06)	(7, 2.2073505656777294e-05)	(8, 0.0)	(9, 5.518376414194324e-05)	(10, 2.074909531737066e-05)	(15, 3.8849369955928035e-05)	(20, 2.2956445883048384e-05)	(25, 7.946462036439827e-06)	(30, 1.3244103394066375e-06)	(35, 0.0)	(40, 1.7658804525421836e-06)	(45, 2.648820678813275e-06)	(50, 0.0)	(55, 2.2514975769912842e-05)	(60, 2.2073505656777292e-06)	(65, 0.1792351000525791)	(70, 1.1478222941524192e-05)	(75, 1.7658804525421836e-06)	(80, 0.23972754230497725)	(85, 0.29856138134232524)	(90, 0.47794128359201277)	(95, 0.298544605478026)	(100, 0.29855829105153325)	(105, 0.17915166220119647)	(110, 5.430082391567215e-05)	(115, 2.4280856222455026e-05)	(120, 2.074909531737066e-05)	(125, 4.591289176609677e-05)	(130, 6.666198708346743e-05)	(135, 0.0001231701615648173)	(140, 9.1384313419058e-05)	(145, 3.0019967693217118e-05)	(150, 0.0)	
/ | scratch | karcher | fastqc | 230727_PRISMA_Batch3_P3_for_Q | AAAWL5JHV_230321_MG_Batch3_P3_23s002006-1-1_Gross_lane1MG71 | AAAWL5JHV_230321_MG_Batch3_P3_23s002006-1-1_Gross_lane1MG71_1	(1, 0.004560729808261166)	(2, 0.011446877322710205)	(3, 4.5052802057291156e-05)	(4, 7.277760332331647e-05)	(5, 0.0002564544117107342)	(6, 4.5052802057291156e-05)	(7, 4.5052802057291156e-05)	(8, 6.931200316506331e-06)	(9, 7.277760332331647e-05)	(10, 1.2476160569711396e-05)	(15, 0.05897203853289917)	(20, 1.2476160569711396e-05)	(25, 1.3862400633012662e-06)	(30, 0.0)	(35, 4.1587201899037985e-06)	(40, 5.544960253205065e-06)	(45, 1.3862400633012662e-06)	(50, 0.0001337721661085722)	(55, 1.3862400633012662e-06)	(60, 1.3862400633012662e-06)	(65, 9.010560411458232e-06)	(70, 3.4656001582531657e-06)	(75, 1.4555520664663296e-05)	(80, 2.3566081076121525e-05)	(85, 8.317440379807597e-06)	(90, 0.06156985241152574)	(95, 1.6634880759615194e-05)	(100, 3.6735361677483555e-05)	(105, 9.010560411458232e-06)	(110, 3.326976151923039e-05)	(115, 3.881472177243545e-05)	(120, 4.158720189903799e-05)	(125, 3.6735361677483555e-05)	(130, 3.812160174078482e-05)	(135, 3.4656001582531654e-05)	(140, 4.435968202564052e-05)	(145, 4.435968202564052e-05)	(150, 0.0)	
/ | scratch | karcher | fastqc | 230727_PRISMA_Batch3_P3_for_Q | AAAWL5JHV_230321_MG_Batch3_P3_23s002006-1-1_Gross_lane1MG71 | AAAWL5JHV_230321_MG_Batch3_P3_23s002006-1-1_Gross_lane1MG71_2	(1, 0.0)	(2, 0.0)	(3, 0.0)	(4, 0.0)	(5, 1.7328000791265827e-05)	(6, 2.0793600949518994e-05)	(7, 3.4656001582531654e-05)	(8, 0.0)	(9, 6.584640300681014e-05)	(10, 1.3169280601362028e-05)	(15, 7.139136326001522e-05)	(20, 4.089408186738735e-05)	(25, 7.624320348156965e-06)	(30, 2.0793600949518993e-06)	(35, 1.3862400633012662e-06)	(40, 4.851840221554431e-06)	(45, 6.931200316506331e-06)	(50, 2.7724801266025325e-06)	(55, 2.1486720981169627e-05)	(60, 2.0793600949518993e-06)	(65, 0.18190796606664536)	(70, 2.010048091786836e-05)	(75, 4.1587201899037985e-06)	(80, 0.2432137397461122)	(85, 0.30671115896565837)	(90, 0.49113584386722714)	(95, 0.3067042277653419)	(100, 0.30670769336550013)	(105, 0.18404346888416095)	(110, 3.881472177243545e-05)	(115, 2.495232113942279e-05)	(120, 1.2476160569711396e-05)	(125, 3.4656001582531654e-05)	(130, 5.9608322721954455e-05)	(135, 0.0001025817646842937)	(140, 7.069824322836458e-05)	(145, 1.524864069631393e-05)	(150, 3.4656001582531657e-06)	
/ | scratch | karcher | fastqc | 230727_PRISMA_Batch3_P3_for_Q | AAAWL5JHV_230321_MG_Batch3_P3_23s002006-1-1_Gross_lane1MG72 | AAAWL5JHV_230321_MG_Batch3_P3_23s002006-1-1_Gross_lane1MG72_1	(1, 0.004752939836288974)	(2, 0.011849629199192654)	(3, 5.8169584941833446e-05)	(4, 7.755944658911127e-05)	(5, 0.0002084410127082365)	(6, 3.877972329455563e-05)	(7, 4.362718870637508e-05)	(8, 2.181359435318754e-05)	(9, 6.786451576547235e-05)	(10, 7.271198117729181e-06)	(15, 0.058883616596994454)	(20, 1.2603410070730581e-05)	(25, 3.3932257882736174e-06)	(30, 4.847465411819454e-07)	(35, 5.8169584941833445e-06)	(40, 9.694930823638907e-07)	(45, 9.694930823638907e-07)	(50, 0.0001226408749190322)	(55, 0.0)	(60, 1.9389861647277815e-06)	(65, 4.362718870637508e-06)	(70, 4.847465411819454e-07)	(75, 1.2603410070730581e-05)	(80, 1.5027142776640305e-05)	(85, 3.877972329455563e-06)	(90, 0.06012989995437323)	(95, 1.5511889317822252e-05)	(100, 2.5691566682643104e-05)	(105, 1.9389861647277815e-06)	(110, 1.5996635859004197e-05)	(115, 3.247801825919034e-05)	(120, 3.3932257882736175e-05)	(125, 2.714580630618894e-05)	(130, 2.7630552847370888e-05)	(135, 2.5206820141461162e-05)	(140, 3.538649750628201e-05)	(145, 3.63559905886459e-05)	(150, 4.847465411819454e-06)	
/ | scratch | karcher | fastqc | 230727_PRISMA_Batch3_P3_for_Q | AAAWL5JHV_230321_MG_Batch3_P3_23s002006-1-1_Gross_lane1MG72 | AAAWL5JHV_230321_MG_Batch3_P3_23s002006-1-1_Gross_lane1MG72_2	(1, 0.0)	(2, 0.0)	(3, 0.0)	(4, 0.0)	(5, 9.694930823638908e-06)	(6, 1.6966128941368087e-05)	(7, 2.181359435318754e-05)	(8, 0.0)	(9, 4.362718870637508e-05)	(10, 1.0664423906002799e-05)	(15, 4.7505161035830646e-05)	(20, 3.1023778635644504e-05)	(25, 1.9389861647277815e-06)	(30, 0.0)	(35, 0.0)	(40, 1.1149170447184744e-05)	(45, 8.240691200093071e-06)	(50, 2.9084792470916722e-06)	(55, 1.9389861647277817e-05)	(60, 0.0)	(65, 0.1787590124985836)	(70, 1.357290315309447e-05)	(75, 4.847465411819454e-07)	(80, 0.23982835124976748)	(85, 0.29947980636799415)	(90, 0.4786532771592883)	(95, 0.2994672029579234)	(100, 0.29947301991641756)	(105, 0.17970426825388844)	(110, 3.73254836710098e-05)	(115, 1.9389861647277817e-05)	(120, 9.694930823638908e-06)	(125, 4.023396291810147e-05)	(130, 5.913907802419734e-05)	(135, 8.580013778920433e-05)	(140, 5.574585223592372e-05)	(145, 1.793562202373198e-05)	(150, 0.0)	
/ | scratch | karcher | fastqc | 230727_PRISMA_Batch3_P3_for_Q | AAAWL5JHV_230321_MG_Batch3_P3_23s002006-1-1_Gross_lane1MG74 | AAAWL5JHV_230321_MG_Batch3_P3_23s002006-1-1_Gross_lane1MG74_1	(1, 0.0046279370181721005)	(2, 0.011671604066862334)	(3, 4.4244139753079354e-05)	(4, 9.143788882303068e-05)	(5, 0.00030086015032093963)	(6, 5.0143358386823274e-05)	(7, 4.719374906995131e-05)	(8, 1.769765590123174e-05)	(9, 5.899218633743914e-05)	(10, 1.4748046584359785e-05)	(15, 0.05911076063197739)	(20, 1.3568202857611002e-05)	(25, 4.719374906995131e-06)	(30, 5.899218633743914e-07)	(35, 1.0618593540739045e-05)	(40, 2.949609316871957e-06)	(45, 0.0)	(50, 0.0001238835913086222)	(55, 5.899218633743914e-07)	(60, 3.5395311802463487e-06)	(65, 7.079062360492697e-06)	(70, 8.25890608724148e-06)	(75, 1.5337968447734176e-05)	(80, 2.123718708147809e-05)	(85, 9.438749813990262e-06)	(90, 0.059687114292494174)	(95, 4.12945304362074e-05)	(100, 3.1855780622217135e-05)	(105, 6.489140497118306e-06)	(110, 2.536664012509883e-05)	(115, 5.132320211357205e-05)	(120, 6.430148310780866e-05)	(125, 4.719374906995131e-05)	(130, 5.7812342610690355e-05)	(135, 4.8963514660074485e-05)	(140, 4.601390534320253e-05)	(145, 6.489140497118305e-05)	(150, 0.0)	
/ | scratch | karcher | fastqc | 230727_PRISMA_Batch3_P3_for_Q | AAAWL5JHV_230321_MG_Batch3_P3_23s002006-1-1_Gross_lane1MG74 | AAAWL5JHV_230321_MG_Batch3_P3_23s002006-1-1_Gross_lane1MG74_2	(1, 0.0)	(2, 0.0)	(3, 0.0)	(4, 0.0)	(5, 1.1798437267487828e-05)	(6, 5.899218633743914e-06)	(7, 2.3596874534975655e-05)	(8, 5.899218633743914e-06)	(9, 0.00012093398199175025)	(10, 2.949609316871957e-05)	(15, 7.079062360492697e-05)	(20, 3.834492111933544e-05)	(25, 1.1798437267487828e-05)	(30, 4.719374906995131e-06)	(35, 0.0)	(40, 8.25890608724148e-06)	(45, 1.0618593540739045e-05)	(50, 5.899218633743914e-07)	(55, 2.0057343354729307e-05)	(60, 3.5395311802463487e-06)	(65, 0.17803605867893782)	(70, 1.4748046584359785e-05)	(75, 5.899218633743914e-06)	(80, 0.239423327781677)	(85, 0.29786924647363144)	(90, 0.4777564799598381)	(95, 0.2978609875675442)	(100, 0.29787809530158205)	(105, 0.17874986413362082)	(110, 8.789835764278433e-05)	(115, 3.539531180246348e-05)	(120, 3.2445702485591526e-05)	(125, 5.427281143044401e-05)	(130, 9.55673418666514e-05)	(135, 0.0001421711690732283)	(140, 0.00011975413826500145)	(145, 4.4244139753079354e-05)	(150, 0.0)	
/ | scratch | karcher | fastqc | 230727_PRISMA_Batch3_P3_for_Q | AAAWL5JHV_230321_MG_Batch3_P3_23s002006-1-1_Gross_lane1MG75 | AAAWL5JHV_230321_MG_Batch3_P3_23s002006-1-1_Gross_lane1MG75_1	(1, 0.004912819716563773)	(2, 0.011833882134817588)	(3, 0.00011629654063459278)	(4, 6.240302180392784e-05)	(5, 0.0003205246119929021)	(6, 9.076803171480412e-05)	(7, 5.105701783957731e-05)	(8, 1.4182504955438143e-05)	(9, 7.94220277504536e-05)	(10, 2.4393908523353607e-05)	(15, 0.058718974316703226)	(20, 2.0422807135830928e-05)	(25, 2.269200792870103e-05)	(30, 9.644103369697938e-06)	(35, 5.6162719623535046e-05)	(40, 2.0422807135830928e-05)	(45, 1.98555069376134e-05)	(50, 0.0001628151568884299)	(55, 9.076803171480411e-06)	(60, 1.0211403567915464e-05)	(65, 3.687451288413917e-05)	(70, 2.6095809118006184e-05)	(75, 6.523952279501545e-05)	(80, 6.580682299323298e-05)	(85, 5.105701783957731e-05)	(90, 0.06047193192919537)	(95, 9.757563409341443e-05)	(100, 6.694142338966803e-05)	(105, 7.318172557006082e-05)	(110, 0.00010835433785954743)	(115, 0.00015317105351873194)	(120, 0.00015033455252764434)	(125, 0.00020536267175474434)	(130, 0.00018437256442069587)	(135, 0.00020422807135830925)	(140, 0.00025358318860323404)	(145, 0.00022294897789948762)	(150, 0.00011346003964350514)	
/ | scratch | karcher | fastqc | 230727_PRISMA_Batch3_P3_for_Q | AAAWL5JHV_230321_MG_Batch3_P3_23s002006-1-1_Gross_lane1MG75 | AAAWL5JHV_230321_MG_Batch3_P3_23s002006-1-1_Gross_lane1MG75_2	(1, 0.0)	(2, 0.0)	(3, 0.0)	(4, 1.701900594652577e-05)	(5, 0.00013898854856329382)	(6, 5.673001982175257e-05)	(7, 6.523952279501545e-05)	(8, 1.701900594652577e-05)	(9, 0.00044816715659184536)	(10, 0.00015544025431160207)	(15, 0.0002575542899907567)	(20, 0.0001168638408328103)	(25, 9.417183290410928e-05)	(30, 3.97110138752268e-05)	(35, 5.673001982175257e-06)	(40, 3.063421070374639e-05)	(45, 2.5528508919788656e-05)	(50, 1.9288206739395875e-05)	(55, 8.793153072371649e-05)	(60, 2.9499610307311338e-05)	(65, 0.17929919874803654)	(70, 7.94220277504536e-06)	(75, 7.3749025768278344e-06)	(80, 0.2405347167440327)	(85, 0.3012466166570741)	(90, 0.482330541828703)	(95, 0.3012432128558848)	(100, 0.30125228965905626)	(105, 0.18078325606657358)	(110, 9.133533191302165e-05)	(115, 3.120151090196392e-05)	(120, 3.687451288413917e-05)	(125, 6.240302180392784e-05)	(130, 0.0001015467354809371)	(135, 0.00014012314895972886)	(140, 0.00014295964995081649)	(145, 4.1980214668096905e-05)	(150, 0.0)	
/ | scratch | karcher | fastqc | 230727_PRISMA_Batch3_P3_for_Q | AAAWL5JHV_230321_MG_Batch3_P3_23s002006-1-1_Gross_lane1MG76 | AAAWL5JHV_230321_MG_Batch3_P3_23s002006-1-1_Gross_lane1MG76_1	(1, 0.004879878719163317)	(2, 0.011973632128809673)	(3, 9.874088995112146e-05)	(4, 7.795333417193798e-05)	(5, 0.0002468522248778036)	(6, 4.417355603076485e-05)	(7, 5.1968889447958646e-05)	(8, 1.5590666834387596e-05)	(9, 9.094555653392764e-05)	(10, 1.8708800201265114e-05)	(15, 0.05943681886163031)	(20, 7.795333417193798e-06)	(25, 1.5590666834387597e-06)	(30, 0.0)	(35, 1.039377788959173e-05)	(40, 4.157511155836693e-06)	(45, 2.5984444723979326e-06)	(50, 0.00013356004588125375)	(55, 3.1181333668775193e-06)	(60, 1.0393777889591732e-06)	(65, 6.236266733755039e-06)	(70, 7.275644522714211e-06)	(75, 1.4551289045428422e-05)	(80, 2.1826933568142633e-05)	(85, 1.351191125646925e-05)	(90, 0.06025844700380254)	(95, 3.014195587981602e-05)	(100, 3.533884482461188e-05)	(105, 1.507097793990801e-05)	(110, 3.48191559301323e-05)	(115, 3.8456978191489404e-05)	(120, 5.092951165899948e-05)	(125, 4.3653867136285265e-05)	(130, 5.508702281483617e-05)	(135, 4.157511155836692e-05)	(140, 5.872484507619328e-05)	(145, 4.8850756081081134e-05)	(150, 0.0)	
/ | scratch | karcher | fastqc | 230727_PRISMA_Batch3_P3_for_Q | AAAWL5JHV_230321_MG_Batch3_P3_23s002006-1-1_Gross_lane1MG76 | AAAWL5JHV_230321_MG_Batch3_P3_23s002006-1-1_Gross_lane1MG76_2	(1, 0.0)	(2, 0.0)	(3, 0.0)	(4, 0.0)	(5, 2.078755577918346e-05)	(6, 2.8582889196377257e-05)	(7, 3.897666708596899e-05)	(8, 0.0)	(9, 9.614244547872352e-05)	(10, 2.078755577918346e-05)	(15, 6.859893407130542e-05)	(20, 4.1055422663887334e-05)	(25, 1.8708800201265114e-05)	(30, 1.5590666834387597e-06)	(35, 2.5984444723979326e-06)	(40, 2.0787555779183464e-06)	(45, 6.236266733755039e-06)	(50, 3.1181333668775193e-06)	(55, 3.222071145773436e-05)	(60, 4.6772000503162786e-06)	(65, 0.17814155769418505)	(70, 1.1952844573030491e-05)	(75, 3.6378222613571056e-06)	(80, 0.24060192654389762)	(85, 0.2992207550856171)	(90, 0.47852641590343636)	(95, 0.29921036130772743)	(100, 0.29921659757446123)	(105, 0.17956030837611434)	(110, 4.937044497556073e-05)	(115, 2.9622266985336436e-05)	(120, 2.1826933568142633e-05)	(125, 3.8456978191489404e-05)	(130, 6.911862296578501e-05)	(135, 0.00012004813462478449)	(140, 8.93864898504889e-05)	(145, 2.546475582949974e-05)	(150, 0.0)	
/ | scratch | karcher | fastqc | 230727_PRISMA_Batch3_P3_for_Q | AAAWL5JHV_230321_MG_Batch3_P3_23s002006-1-1_Gross_lane1MG77 | AAAWL5JHV_230321_MG_Batch3_P3_23s002006-1-1_Gross_lane1MG77_1	(1, 0.00467346111185375)	(2, 0.011666951001781745)	(3, 5.4660363881330404e-05)	(4, 6.37704245282188e-05)	(5, 0.00030670537511190947)	(6, 6.984379829281108e-05)	(7, 3.340355570525747e-05)	(8, 1.5183434411480668e-05)	(9, 0.00010628404088036467)	(10, 9.717398023347629e-06)	(15, 0.05940063210459467)	(20, 6.073373764592268e-06)	(25, 7.288048517510721e-06)	(30, 0.0)	(35, 3.6440242587553606e-06)	(40, 1.8220121293776803e-06)	(45, 6.073373764592268e-07)	(50, 0.0001317922106916522)	(55, 2.429349505836907e-06)	(60, 1.8220121293776803e-06)	(65, 1.2754084905643761e-05)	(70, 1.2146747529184536e-06)	(75, 2.064947079961371e-05)	(80, 2.1256808176072933e-05)	(85, 1.9434796046695257e-05)	(90, 0.05972130623936514)	(95, 3.158154357587979e-05)	(100, 3.765491734047206e-05)	(105, 1.093207277626608e-05)	(110, 3.340355570525747e-05)	(115, 3.340355570525747e-05)	(120, 4.433562848152355e-05)	(125, 5.1016339622575045e-05)	(130, 4.980166486965659e-05)	(135, 3.8869592093390515e-05)	(140, 5.648237601070808e-05)	(145, 3.340355570525747e-05)	(150, 0.0)	
/ | scratch | karcher | fastqc | 230727_PRISMA_Batch3_P3_for_Q | AAAWL5JHV_230321_MG_Batch3_P3_23s002006-1-1_Gross_lane1MG77 | AAAWL5JHV_230321_MG_Batch3_P3_23s002006-1-1_Gross_lane1MG77_2	(1, 0.0)	(2, 0.0)	(3, 0.0)	(4, 0.0)	(5, 1.5183434411480668e-05)	(6, 3.947692946984974e-05)	(7, 1.2146747529184535e-05)	(8, 9.110060646888401e-06)	(9, 0.00017916452605547188)	(10, 2.3686157681909843e-05)	(15, 7.591717205740334e-05)	(20, 3.583290521109438e-05)	(25, 1.4576097035021442e-05)	(30, 1.2146747529184536e-06)	(35, 0.0)	(40, 7.288048517510721e-06)	(45, 3.036686882296134e-06)	(50, 4.251361635214587e-06)	(55, 3.4010893081716695e-05)	(60, 1.2146747529184536e-06)	(65, 0.1781484506246556)	(70, 1.2754084905643761e-05)	(75, 6.073373764592268e-06)	(80, 0.24049831302933627)	(85, 0.29951753726151453)	(90, 0.47783482767682584)	(95, 0.2995108565503735)	(100, 0.29953393537067896)	(105, 0.17975667999751963)	(110, 9.049326909242478e-05)	(115, 2.8544856693583657e-05)	(120, 2.6722844564205978e-05)	(125, 5.830438814008577e-05)	(130, 9.292261859826169e-05)	(135, 0.00013908025920916293)	(140, 0.00011296475202141617)	(145, 2.6115507187746747e-05)	(150, 0.0)	
/ | scratch | karcher | fastqc | 230727_PRISMA_Batch3_P3_for_Q | AAAWL5JHV_230321_MG_Batch3_P3_23s002006-1-1_Gross_lane1MG78 | AAAWL5JHV_230321_MG_Batch3_P3_23s002006-1-1_Gross_lane1MG78_1	(1, 0.004886700973037303)	(2, 0.01162333299289797)	(3, 9.36978062676769e-05)	(4, 7.20752355905207e-05)	(5, 0.00029310595806811746)	(6, 8.408777485560748e-05)	(7, 3.603761779526035e-05)	(8, 7.20752355905207e-06)	(9, 7.20752355905207e-05)	(10, 1.489554868870761e-05)	(15, 0.05954183262289975)	(20, 1.105153612387984e-05)	(25, 3.84401256482777e-06)	(30, 1.441504711810414e-06)	(35, 7.68802512965554e-06)	(40, 2.4025078530173564e-06)	(45, 4.324514135431241e-06)	(50, 0.00012925492249233378)	(55, 1.922006282413885e-06)	(60, 5.766018847241656e-06)	(65, 9.129529841465954e-06)	(70, 4.805015706034712e-07)	(75, 1.7298056541724966e-05)	(80, 1.6817554971121496e-05)	(85, 9.129529841465954e-06)	(90, 0.05984310710766813)	(95, 2.3544576959570096e-05)	(100, 3.219360523043258e-05)	(105, 1.441504711810414e-05)	(110, 2.7388589524397864e-05)	(115, 4.1803636642502e-05)	(120, 4.036213193069159e-05)	(125, 4.468664606612283e-05)	(130, 3.8920627218881176e-05)	(135, 2.931059580681175e-05)	(140, 4.132313507189853e-05)	(145, 3.7479122507070757e-05)	(150, 7.20752355905207e-06)	
/ | scratch | karcher | fastqc | 230727_PRISMA_Batch3_P3_for_Q | AAAWL5JHV_230321_MG_Batch3_P3_23s002006-1-1_Gross_lane1MG78 | AAAWL5JHV_230321_MG_Batch3_P3_23s002006-1-1_Gross_lane1MG78_2	(1, 0.0)	(2, 0.0)	(3, 0.0)	(4, 0.0)	(5, 0.0)	(6, 1.441504711810414e-05)	(7, 9.610031412069426e-06)	(8, 0.0)	(9, 9.610031412069425e-05)	(10, 2.6427586383190925e-05)	(15, 6.006269632543391e-05)	(20, 3.459611308344993e-05)	(25, 8.649028270862483e-06)	(30, 9.610031412069425e-07)	(35, 0.0)	(40, 3.84401256482777e-06)	(45, 6.246520417845127e-06)	(50, 9.610031412069425e-07)	(55, 2.0661567535949264e-05)	(60, 9.610031412069425e-07)	(65, 0.17839581811795077)	(70, 1.537605025931108e-05)	(75, 1.922006282413885e-06)	(80, 0.23950312485787661)	(85, 0.29835928173952525)	(90, 0.47772955704265985)	(95, 0.2983453471939777)	(100, 0.29836120374580766)	(105, 0.17904689774611848)	(110, 6.775072145508946e-05)	(115, 2.7869091095001334e-05)	(120, 2.3064075388966623e-05)	(125, 5.669918533120961e-05)	(130, 8.937329213224565e-05)	(135, 0.00013502094133957543)	(140, 0.00011099586280940188)	(145, 3.459611308344993e-05)	(150, 0.0)	
/ | scratch | karcher | fastqc | 230727_PRISMA_Batch3_P3_for_Q | AAAWL5JHV_230321_MG_Batch3_P3_23s002006-1-1_Gross_lane1MG79 | AAAWL5JHV_230321_MG_Batch3_P3_23s002006-1-1_Gross_lane1MG79_1	(1, 0.004834668361486521)	(2, 0.011784504131123393)	(3, 6.805557941281701e-05)	(4, 5.716668670676628e-05)	(5, 0.0002504445322391666)	(6, 6.261113305979165e-05)	(7, 4.355557082420288e-05)	(8, 8.16666952953804e-06)	(9, 8.166669529538041e-05)	(10, 1.524444978847101e-05)	(15, 0.05943810972524847)	(20, 1.3066671247260866e-05)	(25, 5.444446353025361e-07)	(30, 0.0)	(35, 5.44444635302536e-06)	(40, 1.0888892706050722e-06)	(45, 2.72222317651268e-06)	(50, 0.00012413337684897822)	(55, 0.0)	(60, 7.622224894235505e-06)	(65, 7.622224894235505e-06)	(70, 7.622224894235505e-06)	(75, 5.988890988327896e-06)	(80, 1.9055562235588764e-05)	(85, 6.533335623630433e-06)	(90, 0.060047343272152)	(95, 2.8311121035731873e-05)	(100, 3.6477790565269915e-05)	(105, 3.8111124471177526e-06)	(110, 9.800003435445648e-06)	(115, 4.355557082420288e-05)	(120, 3.7566679835874986e-05)	(125, 3.5388901294664845e-05)	(130, 4.0833347647690204e-05)	(135, 2.6133342494521732e-05)	(140, 3.593334592996738e-05)	(145, 3.32111227534547e-05)	(150, 0.0)	
/ | scratch | karcher | fastqc | 230727_PRISMA_Batch3_P3_for_Q | AAAWL5JHV_230321_MG_Batch3_P3_23s002006-1-1_Gross_lane1MG79 | AAAWL5JHV_230321_MG_Batch3_P3_23s002006-1-1_Gross_lane1MG79_2	(1, 0.0)	(2, 0.0)	(3, 0.0)	(4, 0.0)	(5, 0.0)	(6, 5.44444635302536e-06)	(7, 1.633333905907608e-05)	(8, 2.72222317651268e-06)	(9, 6.261113305979165e-05)	(10, 3.2122233482849626e-05)	(15, 5.4444463530253605e-05)	(20, 1.9600006870891296e-05)	(25, 9.255558800143113e-06)	(30, 5.444446353025361e-07)	(35, 0.0)	(40, 1.1433337341353257e-05)	(45, 4.355557082420289e-06)	(50, 2.72222317651268e-06)	(55, 1.088889270605072e-05)	(60, 5.444446353025361e-07)	(65, 0.17794465126837497)	(70, 1.088889270605072e-05)	(75, 1.6333339059076082e-06)	(80, 0.23928396166009988)	(85, 0.297044093019346)	(90, 0.4771621672718486)	(95, 0.2970359263498164)	(100, 0.29704790413179305)	(105, 0.17825988471221513)	(110, 6.64222455069094e-05)	(115, 2.5044453223916658e-05)	(120, 1.9055562235588764e-05)	(125, 5.390001889495107e-05)	(130, 7.56778043070525e-05)	(135, 0.00013665560346093653)	(140, 9.092225409552352e-05)	(145, 2.3955563953311584e-05)	(150, 0.0)	
/ | scratch | karcher | fastqc | 230727_PRISMA_Batch3_P3_for_Q | AAAWL5JHV_230321_MG_Batch3_P3_23s002006-1-1_Gross_lane1MG80 | AAAWL5JHV_230321_MG_Batch3_P3_23s002006-1-1_Gross_lane1MG80_1	(1, 0.004754456801539676)	(2, 0.01144493077366286)	(3, 5.902491373730201e-05)	(4, 5.01711766767067e-05)	(5, 0.0001741234955250409)	(6, 6.197615942416711e-05)	(7, 4.13174396161114e-05)	(8, 1.4756228434325503e-05)	(9, 8.26348792322228e-05)	(10, 1.5936726709071542e-05)	(15, 0.05904380170969794)	(20, 1.2395231884833422e-05)	(25, 6.492740511103221e-06)	(30, 1.77074741211906e-06)	(35, 1.062448447271436e-05)	(40, 3.54149482423812e-06)	(45, 0.0)	(50, 0.00014815253348062803)	(55, 2.9512456868651003e-06)	(60, 0.0)	(65, 2.124896894542872e-05)	(70, 7.67323878584926e-06)	(75, 2.124896894542872e-05)	(80, 2.2429467220174762e-05)	(85, 2.2429467220174762e-05)	(90, 0.06286861611987511)	(95, 4.3088187028230466e-05)	(100, 4.9580927539333686e-05)	(105, 2.6561211181785904e-05)	(110, 4.662968185246859e-05)	(115, 4.899067840196067e-05)	(120, 6.138591028679409e-05)	(125, 5.3712671500944825e-05)	(130, 6.905914907264335e-05)	(135, 3.718569565450027e-05)	(140, 6.138591028679409e-05)	(145, 6.551765424840522e-05)	(150, 0.0)	
/ | scratch | karcher | fastqc | 230727_PRISMA_Batch3_P3_for_Q | AAAWL5JHV_230321_MG_Batch3_P3_23s002006-1-1_Gross_lane1MG80 | AAAWL5JHV_230321_MG_Batch3_P3_23s002006-1-1_Gross_lane1MG80_2	(1, 0.0)	(2, 0.0)	(3, 0.0)	(4, 0.0)	(5, 2.6561211181785904e-05)	(6, 6.197615942416711e-05)	(7, 8.853737060595301e-06)	(8, 0.0)	(9, 8.853737060595301e-05)	(10, 3.128320428077006e-05)	(15, 9.621060939180227e-05)	(20, 4.7219930989841605e-05)	(25, 2.06587198080557e-05)	(30, 4.72199309898416e-06)	(35, 0.0)	(40, 5.31224223635718e-06)	(45, 6.492740511103221e-06)	(50, 4.72199309898416e-06)	(55, 2.6561211181785904e-05)	(60, 7.08298964847624e-06)	(65, 0.18485186384593294)	(70, 1.4756228434325503e-05)	(75, 4.72199309898416e-06)	(80, 0.24646738104716512)	(85, 0.3152585570114411)	(90, 0.5024159339879531)	(95, 0.31525088377265525)	(100, 0.3152591472605785)	(105, 0.18917602902632769)	(110, 5.4893169775690866e-05)	(115, 2.715146031915892e-05)	(120, 2.4790463769666843e-05)	(125, 4.6039432715095564e-05)	(130, 6.138591028679409e-05)	(135, 0.00010742534300188965)	(140, 8.499587578171488e-05)	(145, 2.715146031915892e-05)	(150, 5.902491373730201e-06)	
/ | scratch | karcher | fastqc | 230727_PRISMA_Batch3_P3_for_Q | AAAWL5JHV_230321_MG_Batch3_P3_23s002006-1-1_Gross_lane1MG81 | AAAWL5JHV_230321_MG_Batch3_P3_23s002006-1-1_Gross_lane1MG81_1	(1, 0.0046098982734133235)	(2, 0.011553637803631302)	(3, 6.0994475762432555e-05)	(4, 4.494329793021346e-05)	(5, 0.00026965978758128074)	(6, 6.0994475762432555e-05)	(7, 2.889212009799437e-05)	(8, 9.630706699331456e-06)	(9, 9.951730255975838e-05)	(10, 8.346612472753928e-06)	(15, 0.05850333296287215)	(20, 9.630706699331456e-06)	(25, 1.0272753812620219e-05)	(30, 2.5681884531550546e-06)	(35, 1.0914800925908983e-05)	(40, 6.420471132887637e-06)	(45, 1.219889515248651e-05)	(50, 0.00013418784667735162)	(55, 2.5681884531550546e-06)	(60, 1.4125036492352801e-05)	(65, 1.1556848039197746e-05)	(70, 1.7977319172085385e-05)	(75, 1.3482989379064038e-05)	(80, 4.815353349665728e-05)	(85, 1.4767083605641566e-05)	(90, 0.06001342777332732)	(95, 4.686943927007975e-05)	(100, 5.0721721949812335e-05)	(105, 2.439779030497302e-05)	(110, 3.72387325707483e-05)	(115, 6.484675844216513e-05)	(120, 7.126722957505277e-05)	(125, 6.548880555545389e-05)	(130, 9.052864297371568e-05)	(135, 6.677289978203143e-05)	(140, 8.988659586042692e-05)	(145, 8.089793627438423e-05)	(150, 0.0)	
/ | scratch | karcher | fastqc | 230727_PRISMA_Batch3_P3_for_Q | AAAWL5JHV_230321_MG_Batch3_P3_23s002006-1-1_Gross_lane1MG81 | AAAWL5JHV_230321_MG_Batch3_P3_23s002006-1-1_Gross_lane1MG81_2	(1, 0.0)	(2, 0.0)	(3, 0.0)	(4, 0.0)	(5, 2.5681884531550547e-05)	(6, 5.778424019598874e-05)	(7, 4.815353349665728e-05)	(8, 3.2102355664438184e-06)	(9, 0.0001380401293570842)	(10, 6.163652287572132e-05)	(15, 9.88752554464696e-05)	(20, 5.906833442256626e-05)	(25, 3.72387325707483e-05)	(30, 2.5681884531550546e-06)	(35, 3.2102355664438184e-06)	(40, 2.3113696078395492e-05)	(45, 1.1556848039197746e-05)	(50, 7.062518246176401e-06)	(55, 4.237510947705841e-05)	(60, 3.852282679732583e-06)	(65, 0.1795985549060393)	(70, 1.9903460511951674e-05)	(75, 4.494329793021346e-06)	(80, 0.24005242699908272)	(85, 0.2998494848952317)	(90, 0.47957195489413573)	(95, 0.2998404962356457)	(100, 0.29985718946059114)	(105, 0.17993434554628931)	(110, 6.227856998901008e-05)	(115, 2.5039837418261788e-05)	(120, 2.3755743191684255e-05)	(125, 4.237510947705841e-05)	(130, 6.484675844216513e-05)	(135, 0.00010850596214580105)	(140, 7.511951225478535e-05)	(145, 2.1187554738529203e-05)	(150, 0.0)	
/ | scratch | karcher | fastqc | 230727_PRISMA_Batch3_P3_for_Q | AAAWL5JHV_230321_MG_Batch3_P3_23s002006-1-1_Gross_lane1MG82 | AAAWL5JHV_230321_MG_Batch3_P3_23s002006-1-1_Gross_lane1MG82_1	(1, 0.005656378630720467)	(2, 0.012765771955570963)	(3, 0.00025946690966607643)	(4, 5.189338193321529e-05)	(5, 0.00025946690966607643)	(6, 5.189338193321529e-05)	(7, 0.00010378676386643058)	(8, 0.0)	(9, 5.189338193321529e-05)	(10, 3.113602915992917e-05)	(15, 0.05890936717058601)	(20, 0.0)	(25, 0.0)	(30, 0.0)	(35, 0.0)	(40, 0.0)	(45, 2.0757352773286116e-05)	(50, 0.00014530146941300282)	(55, 0.0)	(60, 0.0)	(65, 1.0378676386643058e-05)	(70, 2.0757352773286116e-05)	(75, 0.0)	(80, 1.0378676386643058e-05)	(85, 0.0)	(90, 0.06118229729926083)	(95, 2.0757352773286116e-05)	(100, 5.189338193321529e-05)	(105, 1.0378676386643058e-05)	(110, 3.113602915992917e-05)	(115, 3.113602915992917e-05)	(120, 8.302941109314446e-05)	(125, 4.151470554657223e-05)	(130, 6.227205831985834e-05)	(135, 7.265073470650141e-05)	(140, 5.189338193321529e-05)	(145, 6.227205831985834e-05)	(150, 0.0)	
/ | scratch | karcher | fastqc | 230727_PRISMA_Batch3_P3_for_Q | AAAWL5JHV_230321_MG_Batch3_P3_23s002006-1-1_Gross_lane1MG82 | AAAWL5JHV_230321_MG_Batch3_P3_23s002006-1-1_Gross_lane1MG82_2	(1, 0.0)	(2, 0.0)	(3, 0.0)	(4, 0.0)	(5, 0.0)	(6, 0.0)	(7, 5.189338193321529e-05)	(8, 0.0)	(9, 0.0)	(10, 4.151470554657223e-05)	(15, 7.265073470650141e-05)	(20, 4.151470554657223e-05)	(25, 4.151470554657223e-05)	(30, 0.0)	(35, 0.0)	(40, 1.0378676386643058e-05)	(45, 1.0378676386643058e-05)	(50, 0.0)	(55, 1.0378676386643058e-05)	(60, 0.0)	(65, 0.18483384776972622)	(70, 2.0757352773286116e-05)	(75, 0.0)	(80, 0.24558024066074807)	(85, 0.3130623945267012)	(90, 0.4958620217246454)	(95, 0.31303125849754126)	(100, 0.3130520158503146)	(105, 0.18788517862739929)	(110, 0.00010378676386643058)	(115, 3.113602915992917e-05)	(120, 2.0757352773286116e-05)	(125, 9.340808747978752e-05)	(130, 0.00011416544025307364)	(135, 0.00018681617495957503)	(140, 8.302941109314446e-05)	(145, 4.151470554657223e-05)	(150, 0.0)	
/ | scratch | karcher | fastqc | 230727_PRISMA_Batch3_P3_for_Q | AAAWL5JHV_230321_MG_Batch3_P3_23s002006-1-1_Gross_lane1MG83 | AAAWL5JHV_230321_MG_Batch3_P3_23s002006-1-1_Gross_lane1MG83_1	(1, 0.004680856320110525)	(2, 0.011755332349368477)	(3, 7.683223757757175e-05)	(4, 8.569749575959926e-05)	(5, 0.00025709248727879777)	(6, 5.023646303148922e-05)	(7, 4.432629091013755e-05)	(8, 2.364068848540669e-05)	(9, 3.8416118788785875e-05)	(10, 1.1229327030568179e-05)	(15, 0.05909935714466819)	(20, 8.865258182027509e-06)	(25, 4.728137697081338e-06)	(30, 0.0)	(35, 1.5957464727649517e-05)	(40, 1.773051636405502e-06)	(45, 5.3191549092165055e-06)	(50, 0.0001359339587910885)	(55, 7.092206545622008e-06)	(60, 2.9550860606758363e-06)	(65, 1.8912550788325354e-05)	(70, 1.713949915191985e-05)	(75, 3.8416118788785875e-05)	(80, 4.432629091013755e-05)	(85, 1.7730516364055018e-05)	(90, 0.0599196890351118)	(95, 2.600475733394736e-05)	(100, 4.787239418294855e-05)	(105, 3.3096963879569364e-05)	(110, 3.25059466674342e-05)	(115, 5.61466351528409e-05)	(120, 7.21040998804904e-05)	(125, 7.151308266835525e-05)	(130, 9.692682279016745e-05)	(135, 6.796697939554424e-05)	(140, 9.160766788095094e-05)	(145, 8.333342691105858e-05)	(150, 2.9550860606758363e-06)	
/ | scratch | karcher | fastqc | 230727_PRISMA_Batch3_P3_for_Q | AAAWL5JHV_230321_MG_Batch3_P3_23s002006-1-1_Gross_lane1MG83 | AAAWL5JHV_230321_MG_Batch3_P3_23s002006-1-1_Gross_lane1MG83_2	(1, 0.0)	(2, 0.0)	(3, 0.0)	(4, 8.865258182027509e-06)	(5, 4.137120484946171e-05)	(6, 4.728137697081338e-05)	(7, 4.728137697081338e-05)	(8, 0.0)	(9, 0.00011524835636635761)	(10, 4.2553239273732044e-05)	(15, 0.00010165496048724876)	(20, 4.4917308122272716e-05)	(25, 2.7186791758217695e-05)	(30, 1.773051636405502e-06)	(35, 1.1820344242703346e-06)	(40, 1.2411361454838515e-05)	(45, 1.3593395879108847e-05)	(50, 5.9101721213516726e-06)	(55, 3.42789983038397e-05)	(60, 2.364068848540669e-06)	(65, 0.17775492773898505)	(70, 1.2411361454838515e-05)	(75, 2.364068848540669e-06)	(80, 0.23945062349656301)	(85, 0.2968555342940397)	(90, 0.47575408033850625)	(95, 0.29684430496700914)	(100, 0.29685435225961543)	(105, 0.17812785959984234)	(110, 4.2553239273732044e-05)	(115, 2.482272290967703e-05)	(120, 1.7730516364055018e-05)	(125, 3.723408436451554e-05)	(130, 5.1418497455759556e-05)	(135, 0.00010520106376005978)	(140, 8.096935806251793e-05)	(145, 2.2458654061136358e-05)	(150, 0.0)	
/ | scratch | karcher | fastqc | 230727_PRISMA_Batch3_P3_for_Q | AAAWL5JHV_230321_MG_Batch3_P3_23s002006-1-1_Gross_lane1MG84 | AAAWL5JHV_230321_MG_Batch3_P3_23s002006-1-1_Gross_lane1MG84_1	(1, 0.004793440818218949)	(2, 0.011494093301276128)	(3, 4.279857873409775e-05)	(4, 4.279857873409775e-05)	(5, 0.00020596816015784546)	(6, 2.1399289367048877e-05)	(7, 4.012366756321664e-05)	(8, 1.6049467025286657e-05)	(9, 7.489751278467107e-05)	(10, 1.123462691770066e-05)	(15, 0.059605580602977944)	(20, 7.489751278467106e-06)	(25, 2.1399289367048877e-06)	(30, 0.0)	(35, 2.6749111708811096e-06)	(40, 5.349822341762219e-07)	(45, 5.349822341762219e-07)	(50, 0.00013214061184152682)	(55, 0.0)	(60, 1.0699644683524438e-06)	(65, 3.2098934050573315e-06)	(70, 2.1399289367048877e-06)	(75, 5.349822341762219e-06)	(80, 1.123462691770066e-05)	(85, 0.0)	(90, 0.05935520891738347)	(95, 1.3374555854405548e-05)	(100, 2.300423606957754e-05)	(105, 4.814840107585998e-06)	(110, 1.123462691770066e-05)	(115, 2.4609182772106207e-05)	(120, 2.4609182772106207e-05)	(125, 1.71194314936391e-05)	(130, 1.8189395961991546e-05)	(135, 1.872437819616777e-05)	(140, 1.2304591386053104e-05)	(145, 2.4074200537929985e-05)	(150, 0.0)	
/ | scratch | karcher | fastqc | 230727_PRISMA_Batch3_P3_for_Q | AAAWL5JHV_230321_MG_Batch3_P3_23s002006-1-1_Gross_lane1MG84 | AAAWL5JHV_230321_MG_Batch3_P3_23s002006-1-1_Gross_lane1MG84_2	(1, 0.0)	(2, 0.0)	(3, 0.0)	(4, 0.0)	(5, 5.349822341762219e-06)	(6, 0.0)	(7, 1.6049467025286657e-05)	(8, 0.0)	(9, 4.814840107585997e-05)	(10, 7.489751278467106e-06)	(15, 3.102896958222087e-05)	(20, 2.1399289367048877e-05)	(25, 5.349822341762219e-07)	(30, 0.0)	(35, 0.0)	(40, 2.1399289367048877e-06)	(45, 1.6049467025286657e-06)	(50, 1.0699644683524438e-06)	(55, 5.349822341762219e-06)	(60, 0.0)	(65, 0.17742364807113892)	(70, 1.9794342664520213e-05)	(75, 1.6049467025286657e-06)	(80, 0.24066764284874936)	(85, 0.2977967906897256)	(90, 0.4758436930636798)	(95, 0.297791975849618)	(100, 0.2977941157785547)	(105, 0.17869476585954164)	(110, 3.744875639233554e-05)	(115, 1.0699644683524438e-05)	(120, 6.419786810114663e-06)	(125, 1.9794342664520213e-05)	(130, 3.2633916284749536e-05)	(135, 6.740776150620396e-05)	(140, 4.226359649992153e-05)	(145, 7.489751278467106e-06)	(150, 0.0)	
/ | scratch | karcher | fastqc | 230727_PRISMA_Batch3_P3_for_Q | AAAWL5JHV_230321_MG_Batch3_P3_23s002006-1-1_Gross_lane1MG85 | AAAWL5JHV_230321_MG_Batch3_P3_23s002006-1-1_Gross_lane1MG85_1	(1, 0.00493855380096476)	(2, 0.011965086855607808)	(3, 4.3291435881687036e-05)	(4, 4.66215463341245e-05)	(5, 0.00026307872574255967)	(6, 4.995165678656196e-05)	(7, 6.327209859631183e-05)	(8, 9.990331357312393e-06)	(9, 0.00010989364493043633)	(10, 1.2654419719262365e-05)	(15, 0.059172732629361305)	(20, 1.5318508081212338e-05)	(25, 2.6640883619499712e-06)	(30, 1.3320441809749856e-06)	(35, 4.66215463341245e-06)	(40, 0.0)	(45, 0.0)	(50, 0.0001112256891114113)	(55, 6.660220904874928e-07)	(60, 6.660220904874928e-07)	(65, 4.66215463341245e-06)	(70, 6.660220904874928e-07)	(75, 9.3243092668249e-06)	(80, 1.86486185336498e-05)	(85, 5.994198814387436e-06)	(90, 0.05945579201781848)	(95, 2.4642817348037236e-05)	(100, 3.72972370672996e-05)	(105, 9.990331357312393e-06)	(110, 1.2654419719262365e-05)	(115, 2.6640883619499712e-05)	(120, 2.331077316706225e-05)	(125, 2.730690570998721e-05)	(130, 2.6640883619499712e-05)	(135, 3.263508243388715e-05)	(140, 3.72972370672996e-05)	(145, 2.9304971981449685e-05)	(150, 0.0)	
/ | scratch | karcher | fastqc | 230727_PRISMA_Batch3_P3_for_Q | AAAWL5JHV_230321_MG_Batch3_P3_23s002006-1-1_Gross_lane1MG85 | AAAWL5JHV_230321_MG_Batch3_P3_23s002006-1-1_Gross_lane1MG85_2	(1, 0.0)	(2, 0.0)	(3, 0.0)	(4, 0.0)	(5, 0.0)	(6, 2.9970994071937182e-05)	(7, 3.330110452437464e-06)	(8, 0.0)	(9, 8.991298221581154e-05)	(10, 1.9980662714624787e-05)	(15, 4.0627347519737063e-05)	(20, 2.79729278004747e-05)	(25, 1.1988397628774871e-05)	(30, 0.0)	(35, 0.0)	(40, 1.0656353447799885e-05)	(45, 5.994198814387436e-06)	(50, 5.994198814387436e-06)	(55, 1.4652485990724843e-05)	(60, 6.660220904874928e-07)	(65, 0.17743028297213956)	(70, 1.1322375538287378e-05)	(75, 1.998066271462479e-06)	(80, 0.2393556849014857)	(85, 0.2967115092679971)	(90, 0.4761105535396177)	(95, 0.2967015189366398)	(100, 0.29671284131217807)	(105, 0.17804368931747855)	(110, 5.461381141997442e-05)	(115, 2.3976795257549743e-05)	(120, 1.9314640624137294e-05)	(125, 2.6640883619499712e-05)	(130, 5.3281767238999425e-05)	(135, 8.658287176337407e-05)	(140, 6.460414277728681e-05)	(145, 1.7316574352674814e-05)	(150, 0.0)	
/ | scratch | karcher | fastqc | 230727_PRISMA_Batch3_P3_for_Q | AAAWL5JHV_230321_MG_Batch3_P3_23s002006-1-1_Gross_lane1MG86 | AAAWL5JHV_230321_MG_Batch3_P3_23s002006-1-1_Gross_lane1MG86_1	(1, 0.004909943366281418)	(2, 0.012134013998152265)	(3, 5.348522185491742e-05)	(4, 5.7050903311911915e-05)	(5, 0.0001996781615916917)	(6, 7.131362913988988e-05)	(7, 4.635385894092843e-05)	(8, 1.4262725827977979e-05)	(9, 9.627339933885134e-05)	(10, 9.270771788185684e-06)	(15, 0.059370735667832526)	(20, 9.983908079584584e-06)	(25, 1.4262725827977977e-06)	(30, 0.0)	(35, 4.278817748393393e-06)	(40, 2.8525451655955955e-06)	(45, 0.0)	(50, 0.00011410180662382383)	(55, 7.131362913988989e-07)	(60, 7.131362913988989e-07)	(65, 8.557635496786785e-06)	(70, 0.0)	(75, 0.0)	(80, 1.4262725827977979e-05)	(85, 1.0697044370983483e-05)	(90, 0.059659555865849076)	(95, 1.2836453245180178e-05)	(100, 2.353349761616366e-05)	(105, 1.4262725827977977e-06)	(110, 7.844499205387888e-06)	(115, 3.636995086134384e-05)	(120, 3.565681456994494e-05)	(125, 2.4959770198961462e-05)	(130, 2.995172423875375e-05)	(135, 2.424663390756256e-05)	(140, 2.8525451655955958e-05)	(145, 2.995172423875375e-05)	(150, 0.0)	
/ | scratch | karcher | fastqc | 230727_PRISMA_Batch3_P3_for_Q | AAAWL5JHV_230321_MG_Batch3_P3_23s002006-1-1_Gross_lane1MG86 | AAAWL5JHV_230321_MG_Batch3_P3_23s002006-1-1_Gross_lane1MG86_2	(1, 0.0)	(2, 0.0)	(3, 0.0)	(4, 0.0)	(5, 0.0)	(6, 4.9919540397922924e-05)	(7, 1.782840728497247e-05)	(8, 0.0)	(9, 7.487931059688438e-05)	(10, 2.5672906490360356e-05)	(15, 3.850935973554054e-05)	(20, 2.2820361324764764e-05)	(25, 4.278817748393393e-06)	(30, 2.1394088741966963e-06)	(35, 0.0)	(40, 1.2836453245180178e-05)	(45, 2.8525451655955955e-06)	(50, 0.0)	(55, 9.983908079584584e-06)	(60, 0.0)	(65, 0.17706960174547237)	(70, 1.3549589536579078e-05)	(75, 0.0)	(80, 0.23813403610537728)	(85, 0.2935611280817739)	(90, 0.4717895763007695)	(95, 0.2935539967188599)	(100, 0.2935654068995223)	(105, 0.17616035297393878)	(110, 5.205894927211962e-05)	(115, 1.6402134702174673e-05)	(120, 1.0697044370983483e-05)	(125, 4.635385894092843e-05)	(130, 5.919031218610861e-05)	(135, 9.698653563025025e-05)	(140, 5.5624630729114114e-05)	(145, 2.2820361324764764e-05)	(150, 0.0)	
/ | scratch | karcher | fastqc | 230727_PRISMA_Batch3_P3_for_Q | AAAWL5JHV_230321_MG_Batch3_P3_23s002006-1-1_Gross_lane1MG87 | AAAWL5JHV_230321_MG_Batch3_P3_23s002006-1-1_Gross_lane1MG87_1	(1, 0.004686377142429653)	(2, 0.011867461908033812)	(3, 7.040279181964861e-05)	(4, 3.367090043548412e-05)	(5, 0.00020202540261290473)	(6, 4.285387328152524e-05)	(7, 6.121981897360749e-05)	(8, 2.142693664076262e-05)	(9, 7.958576466568974e-05)	(10, 7.346378276832899e-06)	(15, 0.05890081223088724)	(20, 8.57077465630505e-06)	(25, 1.2243963794721497e-06)	(30, 0.0)	(35, 2.4487927589442994e-06)	(40, 6.121981897360748e-07)	(45, 0.0)	(50, 0.00011264446691143779)	(55, 0.0)	(60, 0.0)	(65, 6.1219818973607495e-06)	(70, 6.121981897360748e-07)	(75, 1.1019567415249349e-05)	(80, 1.2243963794721499e-05)	(85, 7.958576466568974e-06)	(90, 0.05984053645213212)	(95, 1.4080558363929724e-05)	(100, 1.9590342071554395e-05)	(105, 2.4487927589442994e-06)	(110, 6.7341800870968245e-06)	(115, 2.020254026129047e-05)	(120, 2.5100125779179075e-05)	(125, 1.8978143881818325e-05)	(130, 2.5100125779179075e-05)	(135, 1.4080558363929724e-05)	(140, 2.5712323968915148e-05)	(145, 8.57077465630505e-06)	(150, 0.0)	
/ | scratch | karcher | fastqc | 230727_PRISMA_Batch3_P3_for_Q | AAAWL5JHV_230321_MG_Batch3_P3_23s002006-1-1_Gross_lane1MG87 | AAAWL5JHV_230321_MG_Batch3_P3_23s002006-1-1_Gross_lane1MG87_2	(1, 0.0)	(2, 0.0)	(3, 0.0)	(4, 0.0)	(5, 3.0609909486803748e-06)	(6, 3.979288233284487e-05)	(7, 3.0609909486803748e-06)	(8, 0.0)	(9, 0.00010101270130645237)	(10, 1.4080558363929724e-05)	(15, 3.0609909486803744e-05)	(20, 2.3263531209970848e-05)	(25, 2.4487927589442994e-06)	(30, 1.2243963794721497e-06)	(35, 0.0)	(40, 6.7341800870968245e-06)	(45, 1.8365945692082249e-06)	(50, 1.8365945692082249e-06)	(55, 1.591715293313795e-05)	(60, 0.0)	(65, 0.17775970296633595)	(70, 1.0407369225513272e-05)	(75, 0.0)	(80, 0.23862016160256833)	(85, 0.29486954347370864)	(90, 0.4730192166869065)	(95, 0.2948450555461192)	(100, 0.29485423851896525)	(105, 0.17693874519389985)	(110, 6.795399906070431e-05)	(115, 2.4487927589442998e-05)	(120, 2.4487927589442998e-05)	(125, 4.530266604046954e-05)	(130, 7.10149900093847e-05)	(135, 9.366632302961946e-05)	(140, 6.979059362991254e-05)	(145, 2.5100125779179075e-05)	(150, 0.0)	
/ | scratch | karcher | fastqc | 230727_PRISMA_Batch3_P3_for_Q | AAAWL5JHV_230321_MG_Batch3_P3_23s002006-1-1_Gross_lane1MG88 | AAAWL5JHV_230321_MG_Batch3_P3_23s002006-1-1_Gross_lane1MG88_1	(1, 0.004740470412680619)	(2, 0.01184117503926973)	(3, 7.667427531058664e-05)	(4, 4.3337633871201156e-05)	(5, 0.0002700267956590226)	(6, 4.3337633871201156e-05)	(7, 6.333961873483245e-05)	(8, 2.66693131515084e-05)	(9, 6.333961873483245e-05)	(10, 1.8001786377268173e-05)	(15, 0.05897251870627295)	(20, 8.00079394545252e-06)	(25, 6.6673282878771e-07)	(30, 0.0)	(35, 5.33386263030168e-06)	(40, 2.66693131515084e-06)	(45, 2.66693131515084e-06)	(50, 0.00012001190918178781)	(55, 2.00019848636313e-06)	(60, 3.33366414393855e-06)	(65, 1.066772526060336e-05)	(70, 5.33386263030168e-06)	(75, 1.33346565757542e-05)	(80, 2.533584749393298e-05)	(85, 9.334259603027942e-06)	(90, 0.0604833352963059)	(95, 2.600258032272069e-05)	(100, 2.800277880908382e-05)	(105, 1.2001190918178782e-05)	(110, 1.400138940454191e-05)	(115, 3.800377124089947e-05)	(120, 4.600456518635199e-05)	(125, 3.400337426817321e-05)	(130, 3.6003572754536345e-05)	(135, 3.667030558332405e-05)	(140, 5.600555761816764e-05)	(145, 3.533683992574863e-05)	(150, 0.0)	
/ | scratch | karcher | fastqc | 230727_PRISMA_Batch3_P3_for_Q | AAAWL5JHV_230321_MG_Batch3_P3_23s002006-1-1_Gross_lane1MG88 | AAAWL5JHV_230321_MG_Batch3_P3_23s002006-1-1_Gross_lane1MG88_2	(1, 0.0)	(2, 0.0)	(3, 0.0)	(4, 0.0)	(5, 3.33366414393855e-06)	(6, 6.6673282878771e-06)	(7, 1.666832071969275e-05)	(8, 0.0)	(9, 5.33386263030168e-05)	(10, 4.267090104241344e-05)	(15, 7.000694702270955e-05)	(20, 3.467010709696092e-05)	(25, 1.600158789090504e-05)	(30, 2.66693131515084e-06)	(35, 0.0)	(40, 1.8668519206055883e-05)	(45, 6.000595459089391e-06)	(50, 2.66693131515084e-06)	(55, 1.133445808939107e-05)	(60, 0.0)	(65, 0.17867573058833205)	(70, 1.266792374696649e-05)	(75, 6.6673282878771e-07)	(80, 0.23901371812796224)	(85, 0.29705081067544603)	(90, 0.47729202994577163)	(95, 0.2970368092860415)	(100, 0.29705081067544603)	(105, 0.17826102276882608)	(110, 7.934120662573749e-05)	(115, 3.2669908610597794e-05)	(120, 3.200317578181008e-05)	(125, 5.733902327574306e-05)	(130, 8.734200057119002e-05)	(135, 0.0001460144895045085)	(140, 0.00011134438240754756)	(145, 4.133743538483802e-05)	(150, 0.0)	
/ | scratch | karcher | fastqc | 230727_PRISMA_Batch3_P3_for_Q | AAAWL5JHV_230321_MG_Batch3_P3_23s002006-1-1_Gross_lane1MG89 | AAAWL5JHV_230321_MG_Batch3_P3_23s002006-1-1_Gross_lane1MG89_1	(1, 0.00488774761637615)	(2, 0.011698501720696017)	(3, 9.16930245906938e-05)	(4, 6.622273998216774e-05)	(5, 0.00031073747222401787)	(6, 7.131679690387296e-05)	(7, 4.58465122953469e-05)	(8, 1.5282170765115634e-05)	(9, 7.641085382557817e-05)	(10, 1.1716330919921986e-05)	(15, 0.05943745616245641)	(20, 1.2735142304263028e-05)	(25, 5.094056921705211e-06)	(30, 0.0)	(35, 2.5470284608526054e-06)	(40, 1.0188113843410422e-06)	(45, 2.0376227686820845e-06)	(50, 0.00014263359380774592)	(55, 5.094056921705211e-07)	(60, 2.5470284608526054e-06)	(65, 3.5658398451936476e-06)	(70, 3.5658398451936476e-06)	(75, 1.375395368860407e-05)	(80, 1.6300982149456676e-05)	(85, 4.075245537364169e-06)	(90, 0.06025199586423707)	(95, 2.0376227686820843e-05)	(100, 2.3432661839843972e-05)	(105, 3.5658398451936476e-06)	(110, 2.139503907116189e-05)	(115, 3.311136999108387e-05)	(120, 3.36207756832544e-05)	(125, 2.699850168503762e-05)	(130, 2.394206753201449e-05)	(135, 2.1904444763332408e-05)	(140, 4.024304968147117e-05)	(145, 3.056434153023127e-05)	(150, 0.0)	
/ | scratch | karcher | fastqc | 230727_PRISMA_Batch3_P3_for_Q | AAAWL5JHV_230321_MG_Batch3_P3_23s002006-1-1_Gross_lane1MG89 | AAAWL5JHV_230321_MG_Batch3_P3_23s002006-1-1_Gross_lane1MG89_2	(1, 0.0)	(2, 0.0)	(3, 0.0)	(4, 0.0)	(5, 7.641085382557817e-06)	(6, 5.094056921705211e-06)	(7, 1.2735142304263028e-05)	(8, 0.0)	(9, 5.348759767790472e-05)	(10, 2.3432661839843972e-05)	(15, 4.5337106603176376e-05)	(20, 3.0054935838060746e-05)	(25, 4.075245537364169e-06)	(30, 0.0)	(35, 1.5282170765115632e-06)	(40, 3.5658398451936476e-06)	(45, 4.075245537364169e-06)	(50, 3.5658398451936476e-06)	(55, 1.0697519535580944e-05)	(60, 0.0)	(65, 0.1781483398544903)	(70, 1.426335938077459e-05)	(75, 2.0376227686820845e-06)	(80, 0.24078486376377756)	(85, 0.30048160742354874)	(90, 0.48037568058510743)	(95, 0.3004653064413993)	(100, 0.30047702277231925)	(105, 0.18031738929175237)	(110, 5.6544031830927847e-05)	(115, 2.139503907116189e-05)	(120, 1.2225736612092505e-05)	(125, 5.399700337007524e-05)	(130, 7.641085382557817e-05)	(135, 0.00013397369704084707)	(140, 0.00010188113843410422)	(145, 2.241385045550293e-05)	(150, 0.0)	
/ | scratch | karcher | fastqc | 230727_PRISMA_Batch3_P3_for_Q | AAAWL5JHV_230321_MG_Batch3_P3_23s002006-1-1_Gross_lane1MG90 | AAAWL5JHV_230321_MG_Batch3_P3_23s002006-1-1_Gross_lane1MG90_1	(1, 0.0050115405756375785)	(2, 0.011624101313838842)	(3, 6.147489772782096e-05)	(4, 6.949336264884109e-05)	(5, 0.0003474668132442054)	(6, 6.682054100850103e-05)	(7, 5.8802076087480924e-05)	(8, 1.0691286561360166e-05)	(9, 7.216618428918112e-05)	(10, 1.4433236857836225e-05)	(15, 0.05885553252028772)	(20, 1.0691286561360166e-05)	(25, 9.622157905224151e-06)	(30, 0.0)	(35, 2.619365207533241e-05)	(40, 8.553029249088133e-06)	(45, 6.949336264884108e-06)	(50, 0.00013791759664154616)	(55, 1.6036929842040252e-06)	(60, 9.087593577156141e-06)	(65, 2.0848008794652328e-05)	(70, 7.483900592952116e-06)	(75, 2.5659087747264403e-05)	(80, 3.421211699635253e-05)	(85, 1.9244315810448302e-05)	(90, 0.0607607197855221)	(95, 4.971448251032478e-05)	(100, 4.8645353854188754e-05)	(105, 2.2986266106924358e-05)	(110, 4.811078952612075e-05)	(115, 7.965008488213323e-05)	(120, 6.361315504009299e-05)	(125, 7.163161996111312e-05)	(130, 9.996352934871756e-05)	(135, 8.339203517860931e-05)	(140, 0.00010156722233292159)	(145, 8.446116383474531e-05)	(150, 1.0691286561360166e-05)	
/ | scratch | karcher | fastqc | 230727_PRISMA_Batch3_P3_for_Q | AAAWL5JHV_230321_MG_Batch3_P3_23s002006-1-1_Gross_lane1MG90 | AAAWL5JHV_230321_MG_Batch3_P3_23s002006-1-1_Gross_lane1MG90_2	(1, 0.0)	(2, 0.0)	(3, 0.0)	(4, 5.345643280680083e-06)	(5, 5.8802076087480924e-05)	(6, 6.682054100850103e-05)	(7, 1.870975148238029e-05)	(8, 1.870975148238029e-05)	(9, 0.00013364108201700207)	(10, 8.339203517860931e-05)	(15, 0.00012401892411177792)	(20, 7.804639189792922e-05)	(25, 4.704166086998473e-05)	(30, 3.2073859684080504e-06)	(35, 0.0)	(40, 1.9244315810448302e-05)	(45, 8.018464921020126e-06)	(50, 5.8802076087480916e-06)	(55, 2.2986266106924358e-05)	(60, 1.1760415217496183e-05)	(65, 0.1796451535262068)	(70, 1.4967801185904232e-05)	(75, 6.949336264884108e-06)	(80, 0.24055394763060375)	(85, 0.300820729976991)	(90, 0.4813559331094311)	(95, 0.30080522761147704)	(100, 0.300820729976991)	(105, 0.18052344271722254)	(110, 7.911552055406523e-05)	(115, 3.421211699635253e-05)	(120, 3.153929535601249e-05)	(125, 5.612925444714088e-05)	(130, 9.835983636451353e-05)	(135, 0.00015074714051517836)	(140, 0.00013203738903279805)	(145, 4.009232460510063e-05)	(150, 2.6728216403400416e-06)	
/ | scratch | karcher | fastqc | 230727_PRISMA_Batch3_P3_for_Q | AAAWL5JHV_230321_MG_Batch3_P3_23s002006-1-1_Gross_lane1MG91 | AAAWL5JHV_230321_MG_Batch3_P3_23s002006-1-1_Gross_lane1MG91_1	(1, 0.004708099023063641)	(2, 0.01196787146726918)	(3, 8.428078498076886e-05)	(4, 4.9405977402519684e-05)	(5, 0.0002324987171883279)	(6, 0.00010171818876989345)	(7, 7.846831705106067e-05)	(8, 8.718701894562296e-06)	(9, 7.846831705106067e-05)	(10, 1.3368676238328856e-05)	(15, 0.05855538317067336)	(20, 9.299948687533116e-06)	(25, 6.393714722679017e-06)	(30, 5.812467929708198e-07)	(35, 6.393714722679017e-06)	(40, 1.1624935859416395e-06)	(45, 5.812467929708198e-07)	(50, 0.00014996167258647149)	(55, 5.812467929708197e-06)	(60, 5.231221136737378e-06)	(65, 1.5112416617241315e-05)	(70, 6.9749615156498365e-06)	(75, 1.8018650582095415e-05)	(80, 2.731859926962853e-05)	(85, 1.8599897375066233e-05)	(90, 0.06482006110531285)	(95, 3.2549820406365906e-05)	(100, 3.836228833607411e-05)	(105, 1.5112416617241315e-05)	(110, 4.7080990230636404e-05)	(115, 4.2431015886869844e-05)	(120, 4.7080990230636404e-05)	(125, 4.882473060954886e-05)	(130, 5.521844533222788e-05)	(135, 4.533724985172394e-05)	(140, 5.812467929708198e-05)	(145, 5.3474704953315425e-05)	(150, 5.812467929708197e-06)	
/ | scratch | karcher | fastqc | 230727_PRISMA_Batch3_P3_for_Q | AAAWL5JHV_230321_MG_Batch3_P3_23s002006-1-1_Gross_lane1MG91 | AAAWL5JHV_230321_MG_Batch3_P3_23s002006-1-1_Gross_lane1MG91_2	(1, 0.0)	(2, 0.0)	(3, 0.0)	(4, 0.0)	(5, 8.718701894562296e-06)	(6, 3.4874807578249186e-05)	(7, 1.7437403789124593e-05)	(8, 0.0)	(9, 0.00016274910203182953)	(10, 3.022483323448263e-05)	(15, 9.241824008236035e-05)	(20, 3.371231399230755e-05)	(25, 1.5112416617241315e-05)	(30, 1.7437403789124591e-06)	(35, 0.0)	(40, 5.231221136737378e-06)	(45, 7.556208308620657e-06)	(50, 8.137455101591476e-06)	(55, 3.371231399230755e-05)	(60, 4.068727550795738e-06)	(65, 0.18777584519677412)	(70, 1.5112416617241315e-05)	(75, 4.068727550795738e-06)	(80, 0.2504743555077435)	(85, 0.322351915173308)	(90, 0.5143853931285934)	(95, 0.3223402902374486)	(100, 0.3223501714329291)	(105, 0.19343428272634505)	(110, 7.207460232838166e-05)	(115, 1.6274910203182953e-05)	(120, 2.150613133992033e-05)	(125, 3.836228833607411e-05)	(130, 6.74246279846151e-05)	(135, 0.00011624935859416396)	(140, 9.009325291047706e-05)	(145, 2.383111851180361e-05)	(150, 0.0)	
/ | scratch | karcher | fastqc | 230727_PRISMA_Batch3_P3_for_Q | AAAWL5JHV_230321_MG_Batch3_P3_23s002006-1-1_Gross_lane1MG92 | AAAWL5JHV_230321_MG_Batch3_P3_23s002006-1-1_Gross_lane1MG92_1	(1, 0.004798400911875932)	(2, 0.011385692073073586)	(3, 3.1892694882559065e-05)	(4, 9.277874874926273e-05)	(5, 0.0002783362462477882)	(6, 4.928871027304583e-05)	(7, 4.928871027304583e-05)	(8, 5.798671796828921e-06)	(9, 8.408074105401934e-05)	(10, 1.44966794920723e-05)	(15, 0.058726628489564586)	(20, 9.277874874926274e-06)	(25, 5.798671796828922e-07)	(30, 0.0)	(35, 2.3194687187315686e-06)	(40, 0.0)	(45, 0.0)	(50, 0.00011481370157721264)	(55, 0.0)	(60, 5.798671796828922e-07)	(65, 8.69800769524338e-06)	(70, 0.0)	(75, 1.1597343593657841e-05)	(80, 1.623628103112098e-05)	(85, 6.378538976511813e-06)	(90, 0.05944508392519168)	(95, 1.5656413851438088e-05)	(100, 1.7975882570169657e-05)	(105, 7.538273335877598e-06)	(110, 9.277874874926274e-06)	(115, 2.493428872636436e-05)	(120, 3.363229642160774e-05)	(125, 2.551415590604725e-05)	(130, 2.261482000763279e-05)	(135, 1.739601539048676e-05)	(140, 2.9573226163827496e-05)	(145, 2.3774554366998575e-05)	(150, 0.0)	
/ | scratch | karcher | fastqc | 230727_PRISMA_Batch3_P3_for_Q | AAAWL5JHV_230321_MG_Batch3_P3_23s002006-1-1_Gross_lane1MG92 | AAAWL5JHV_230321_MG_Batch3_P3_23s002006-1-1_Gross_lane1MG92_2	(1, 0.0)	(2, 0.0)	(3, 0.0)	(4, 0.0)	(5, 8.69800769524338e-06)	(6, 1.739601539048676e-05)	(7, 1.739601539048676e-05)	(8, 0.0)	(9, 8.118140515560489e-05)	(10, 1.1017476413974951e-05)	(15, 4.4069905655899803e-05)	(20, 3.595176514033931e-05)	(25, 2.8993358984144603e-06)	(30, 1.1597343593657843e-06)	(35, 0.0)	(40, 1.7396015390486762e-06)	(45, 4.638937437463137e-06)	(50, 1.1597343593657843e-06)	(55, 1.681614821080387e-05)	(60, 5.798671796828922e-07)	(65, 0.17729554992240362)	(70, 1.913561692953544e-05)	(75, 1.7396015390486762e-06)	(80, 0.23919347201765395)	(85, 0.2978609540548909)	(90, 0.47658471684085346)	(95, 0.29784877684411754)	(100, 0.297866172859508)	(105, 0.1787498568090483)	(110, 7.538273335877597e-05)	(115, 2.89933589841446e-05)	(120, 2.0875218468584114e-05)	(125, 5.6247116429240535e-05)	(130, 8.524047541338514e-05)	(135, 0.0001171331702959442)	(140, 8.929954567116538e-05)	(145, 2.89933589841446e-05)	(150, 0.0)	
/ | scratch | karcher | fastqc | 230727_PRISMA_Batch3_P3_for_Q | AAAWL5JHV_230321_MG_Batch3_P3_23s002006-1-1_Gross_lane1MG93 | AAAWL5JHV_230321_MG_Batch3_P3_23s002006-1-1_Gross_lane1MG93_1	(1, 0.004785099682358835)	(2, 0.011774611013638173)	(3, 2.8398217699458962e-05)	(4, 6.389598982378267e-05)	(5, 0.00020943685553350986)	(6, 6.389598982378267e-05)	(7, 7.454532146107979e-05)	(8, 2.1298663274594223e-05)	(9, 7.099554424864742e-05)	(10, 2.1298663274594223e-05)	(15, 0.05886879533553595)	(20, 1.1359287079783586e-05)	(25, 2.1298663274594223e-06)	(30, 0.0)	(35, 4.969688097405318e-06)	(40, 4.2597326549188445e-06)	(45, 0.0)	(50, 0.00013560148951491656)	(55, 1.4199108849729483e-06)	(60, 3.5497772124323703e-06)	(65, 1.0649331637297111e-05)	(70, 7.099554424864741e-06)	(75, 1.4199108849729481e-05)	(80, 1.3489153407243007e-05)	(85, 9.939376194810637e-06)	(90, 0.0600359620829837)	(95, 1.6328975177188905e-05)	(100, 2.5558395929513067e-05)	(105, 4.969688097405318e-06)	(110, 1.5619019734702432e-05)	(115, 3.1947994911891334e-05)	(120, 1.91687969471348e-05)	(125, 2.1298663274594223e-05)	(130, 2.768826225697249e-05)	(135, 1.4909064292215958e-05)	(140, 3.83375938942696e-05)	(145, 7.809509867351216e-06)	(150, 1.7748886062161855e-05)	
/ | scratch | karcher | fastqc | 230727_PRISMA_Batch3_P3_for_Q | AAAWL5JHV_230321_MG_Batch3_P3_23s002006-1-1_Gross_lane1MG93 | AAAWL5JHV_230321_MG_Batch3_P3_23s002006-1-1_Gross_lane1MG93_2	(1, 0.0)	(2, 0.0)	(3, 0.0)	(4, 0.0)	(5, 2.1298663274594223e-05)	(6, 2.4848440487026594e-05)	(7, 1.0649331637297111e-05)	(8, 0.0)	(9, 0.0001206924252227006)	(10, 1.4909064292215958e-05)	(15, 4.1887371106701976e-05)	(20, 3.478781668183723e-05)	(25, 3.5497772124323703e-06)	(30, 0.0)	(35, 0.0)	(40, 2.8398217699458965e-06)	(45, 2.1298663274594223e-06)	(50, 4.2597326549188445e-06)	(55, 7.809509867351216e-06)	(60, 1.4199108849729483e-06)	(65, 0.17845227015707266)	(70, 1.4199108849729481e-05)	(75, 1.4199108849729483e-06)	(80, 0.240292938974857)	(85, 0.3001301135339445)	(90, 0.47988231210620996)	(95, 0.30012017415774966)	(100, 0.30013082348938697)	(105, 0.1801000767390838)	(110, 5.253670274399909e-05)	(115, 1.91687969471348e-05)	(120, 1.5619019734702432e-05)	(125, 4.11774156642155e-05)	(130, 7.525527690356625e-05)	(135, 0.00011430282624032234)	(140, 7.738514323102568e-05)	(145, 1.6328975177188905e-05)	(150, 0.0)	
/ | scratch | karcher | fastqc | 230727_PRISMA_Batch3_P3_for_Q | AAAWL5JHV_230321_MG_Batch3_P3_23s002006-1-1_Gross_lane1MG94 | AAAWL5JHV_230321_MG_Batch3_P3_23s002006-1-1_Gross_lane1MG94_1	(1, 0.004906146237895035)	(2, 0.011511096574784196)	(3, 8.154259675171804e-05)	(4, 5.979790428459323e-05)	(5, 0.0002527820499303259)	(6, 7.882451019332743e-05)	(7, 4.348938493424962e-05)	(8, 1.3590432791953007e-05)	(9, 6.251599084298383e-05)	(10, 1.4677667415309248e-05)	(15, 0.05903955813480225)	(20, 9.241494298528044e-06)	(25, 5.4361731167812024e-06)	(30, 2.174469246712481e-06)	(35, 1.3046815480274887e-05)	(40, 5.9797904284593234e-06)	(45, 3.261703870068722e-06)	(50, 0.00012829368555603636)	(55, 5.4361731167812024e-06)	(60, 5.9797904284593234e-06)	(65, 3.3160656012365335e-05)	(70, 1.739575397369985e-05)	(75, 4.077129837585902e-05)	(80, 3.207342138900909e-05)	(85, 2.7180865583906015e-05)	(90, 0.05989195007951355)	(95, 6.523407740137443e-05)	(100, 4.56638541809621e-05)	(105, 2.4462779025515412e-05)	(110, 7.121386782983375e-05)	(115, 9.40457949203148e-05)	(120, 6.95830158947994e-05)	(125, 8.915323911521173e-05)	(130, 0.00011035431427065841)	(135, 7.121386782983375e-05)	(140, 0.00011579048738743961)	(145, 0.00014623305684141434)	(150, 2.4462779025515412e-05)	
/ | scratch | karcher | fastqc | 230727_PRISMA_Batch3_P3_for_Q | AAAWL5JHV_230321_MG_Batch3_P3_23s002006-1-1_Gross_lane1MG94 | AAAWL5JHV_230321_MG_Batch3_P3_23s002006-1-1_Gross_lane1MG94_2	(1, 0.0)	(2, 0.0)	(3, 0.0)	(4, 0.0)	(5, 8.969685642688984e-05)	(6, 2.7180865583906015e-05)	(7, 3.8053211817468414e-05)	(8, 1.0872346233562405e-05)	(9, 0.00022016501122963872)	(10, 6.414684277801818e-05)	(15, 0.00015438731651658616)	(20, 7.936812750500555e-05)	(25, 3.2617038700687216e-05)	(30, 1.3046815480274887e-05)	(35, 5.436173116781203e-07)	(40, 1.6308519350343608e-05)	(45, 1.4677667415309248e-05)	(50, 7.067025051815564e-06)	(55, 4.729470611599646e-05)	(60, 1.0328728921884285e-05)	(65, 0.1789936105123846)	(70, 1.5764902038665486e-05)	(75, 3.805321181746842e-06)	(80, 0.23961020246836506)	(85, 0.30005881667503703)	(90, 0.47984556484516)	(95, 0.30005338050192026)	(100, 0.3000593602923487)	(105, 0.18005475150478029)	(110, 6.088513890794947e-05)	(115, 3.2617038700687216e-05)	(120, 3.47915079473997e-05)	(125, 5.218726192109955e-05)	(130, 8.5891535245143e-05)	(135, 0.00013318624136113947)	(140, 0.0001152468700757615)	(145, 4.0227681064180895e-05)	(150, 0.0)	
/ | scratch | karcher | fastqc | 230727_PRISMA_Batch3_P3_for_Q | AAAWL5JHV_230321_MG_Batch3_P3_23s002006-1-1_Gross_lane1MG95 | AAAWL5JHV_230321_MG_Batch3_P3_23s002006-1-1_Gross_lane1MG95_1	(1, 0.004771285809699679)	(2, 0.011977572653315055)	(3, 6.855295703591492e-05)	(4, 6.306872047304173e-05)	(5, 0.00023856429048498394)	(6, 4.1131774221548955e-05)	(7, 4.935812906585874e-05)	(8, 0.0)	(9, 9.04899032874077e-05)	(10, 1.5904286032332262e-05)	(15, 0.05975788686003518)	(20, 8.774778500597111e-06)	(25, 1.645270968861958e-06)	(30, 0.0)	(35, 7.67793118802247e-06)	(40, 1.645270968861958e-06)	(45, 0.0)	(50, 0.00011516896782033706)	(55, 0.0)	(60, 3.290541937723916e-06)	(65, 7.67793118802247e-06)	(70, 5.484236562873195e-07)	(75, 8.226354844309791e-06)	(80, 1.864640431376886e-05)	(85, 9.871625813171749e-06)	(90, 0.05960981247283761)	(95, 1.9743251626343497e-05)	(100, 3.345384303352648e-05)	(105, 6.581083875447832e-06)	(110, 1.5904286032332262e-05)	(115, 2.9066453783227926e-05)	(120, 4.442231615927287e-05)	(125, 4.168019787783627e-05)	(130, 4.6067587128134825e-05)	(135, 4.7164434440709465e-05)	(140, 4.168019787783627e-05)	(145, 3.2905419377239164e-05)	(150, 0.0)	
/ | scratch | karcher | fastqc | 230727_PRISMA_Batch3_P3_for_Q | AAAWL5JHV_230321_MG_Batch3_P3_23s002006-1-1_Gross_lane1MG95 | AAAWL5JHV_230321_MG_Batch3_P3_23s002006-1-1_Gross_lane1MG95_2	(1, 0.0)	(2, 0.0)	(3, 0.0)	(4, 0.0)	(5, 0.0)	(6, 4.661601078442215e-05)	(7, 1.6452709688619582e-05)	(8, 0.0)	(9, 0.00010694261297602727)	(10, 3.455069034610112e-05)	(15, 5.4293941972444616e-05)	(20, 3.4002266689813805e-05)	(25, 5.484236562873194e-06)	(30, 1.645270968861958e-06)	(35, 0.0)	(40, 9.871625813171749e-06)	(45, 4.387389250298556e-06)	(50, 1.096847312574639e-06)	(55, 1.3710591407182984e-05)	(60, 5.484236562873195e-07)	(65, 0.17699770240651316)	(70, 1.2613744094608347e-05)	(75, 6.032660219160513e-06)	(80, 0.23832737146546779)	(85, 0.29664125883849846)	(90, 0.4750209888588557)	(95, 0.2966352261782793)	(100, 0.29665167888796795)	(105, 0.17803257784592733)	(110, 7.677931188022471e-05)	(115, 2.9066453783227926e-05)	(120, 2.687275915807865e-05)	(125, 6.745610972334029e-05)	(130, 8.77477850059711e-05)	(135, 0.00012942798288380738)	(140, 9.103832694369502e-05)	(145, 3.2905419377239164e-05)	(150, 0.0)	
/ | scratch | karcher | fastqc | 230727_PRISMA_Batch3_P3_for_Q | AAAWL5JHV_230321_MG_Batch3_P3_23s002006-1-1_Gross_lane1MG97 | AAAWL5JHV_230321_MG_Batch3_P3_23s002006-1-1_Gross_lane1MG97_1	(1, 0.005046607844384841)	(2, 0.011795999018104943)	(3, 6.824131663366495e-05)	(4, 8.123966265912495e-05)	(5, 0.00031196030461103975)	(6, 6.499173012729996e-05)	(7, 4.5494211089109966e-05)	(8, 1.299834602545999e-05)	(9, 6.174214362093495e-05)	(10, 1.299834602545999e-05)	(15, 0.05932185159099431)	(20, 9.098842217821993e-06)	(25, 5.199338410183996e-06)	(30, 1.9497519038189983e-06)	(35, 3.899503807637997e-06)	(40, 1.9497519038189983e-06)	(45, 6.499173012729994e-07)	(50, 0.00012023470073550491)	(55, 0.0)	(60, 6.499173012729995e-06)	(65, 1.2348428724186992e-05)	(70, 1.299834602545999e-06)	(75, 1.3648263326732991e-05)	(80, 2.0147436339462987e-05)	(85, 1.6897849833097988e-05)	(90, 0.060858906008504944)	(95, 2.2747105544554983e-05)	(100, 3.1196030461103974e-05)	(105, 7.799007615275993e-06)	(110, 2.2747105544554983e-05)	(115, 3.1196030461103974e-05)	(120, 3.4445616967468975e-05)	(125, 3.639536887128797e-05)	(130, 5.264330140311296e-05)	(135, 4.354445918529097e-05)	(140, 3.964495537765297e-05)	(145, 2.989619585855798e-05)	(150, 1.624793253182499e-05)	
/ | scratch | karcher | fastqc | 230727_PRISMA_Batch3_P3_for_Q | AAAWL5JHV_230321_MG_Batch3_P3_23s002006-1-1_Gross_lane1MG97 | AAAWL5JHV_230321_MG_Batch3_P3_23s002006-1-1_Gross_lane1MG97_2	(1, 0.0)	(2, 0.0)	(3, 0.0)	(4, 0.0)	(5, 1.9497519038189984e-05)	(6, 3.249586506364998e-05)	(7, 1.624793253182499e-05)	(8, 0.0)	(9, 9.748759519094992e-05)	(10, 1.9497519038189984e-05)	(15, 5.589288790947796e-05)	(20, 2.599669205091998e-05)	(25, 1.624793253182499e-05)	(30, 3.2495865063649977e-06)	(35, 0.0)	(40, 5.199338410183996e-06)	(45, 8.448924916548994e-06)	(50, 7.799007615275993e-06)	(55, 1.7547767134370987e-05)	(60, 1.9497519038189983e-06)	(65, 0.18082194131207774)	(70, 1.299834602545999e-05)	(75, 3.899503807637997e-06)	(80, 0.24180823111163222)	(85, 0.3011937745981513)	(90, 0.48341823744637613)	(95, 0.3011833759213309)	(100, 0.3012015736057665)	(105, 0.18074005173211735)	(110, 7.409057234512194e-05)	(115, 3.5095534268741974e-05)	(120, 2.5346774749646982e-05)	(125, 4.5494211089109966e-05)	(130, 8.513916646676294e-05)	(135, 0.0001403821370749679)	(140, 0.00010983602391513693)	(145, 2.794644395473898e-05)	(150, 0.0)	
/ | scratch | karcher | fastqc | 230727_PRISMA_Batch3_P3_for_Q | AAAWL5JHV_230321_MG_Batch3_P3_23s002006-1-1_Gross_lane1MG98 | AAAWL5JHV_230321_MG_Batch3_P3_23s002006-1-1_Gross_lane1MG98_1	(1, 0.004851017253608356)	(2, 0.011898982926469383)	(3, 5.540853516400178e-05)	(4, 5.817896192220187e-05)	(5, 0.00030197651664380973)	(6, 6.649024219680215e-05)	(7, 3.324512109840107e-05)	(8, 2.4933840823800803e-05)	(9, 0.00010804664356980348)	(10, 1.4960304494280482e-05)	(15, 0.059165233848121106)	(20, 9.419450977880303e-06)	(25, 2.770426758200089e-06)	(30, 1.1081707032800356e-06)	(35, 8.865365626240285e-06)	(40, 1.1081707032800356e-06)	(45, 5.540853516400178e-07)	(50, 0.00013741316720672443)	(55, 1.1081707032800356e-06)	(60, 2.770426758200089e-06)	(65, 4.986768164760161e-06)	(70, 2.770426758200089e-06)	(75, 1.1635792384440375e-05)	(80, 1.828481660412059e-05)	(85, 1.55143898459205e-05)	(90, 0.06090617002297404)	(95, 3.1582865043481016e-05)	(100, 3.4353291801681106e-05)	(105, 1.55143898459205e-05)	(110, 1.9947072659040643e-05)	(115, 3.546146250496114e-05)	(120, 3.823188926316123e-05)	(125, 3.823188926316123e-05)	(130, 3.934005996644126e-05)	(135, 5.208402305416168e-05)	(140, 4.820542559268155e-05)	(145, 3.4353291801681106e-05)	(150, 1.1081707032800357e-05)	
/ | scratch | karcher | fastqc | 230727_PRISMA_Batch3_P3_for_Q | AAAWL5JHV_230321_MG_Batch3_P3_23s002006-1-1_Gross_lane1MG98 | AAAWL5JHV_230321_MG_Batch3_P3_23s002006-1-1_Gross_lane1MG98_2	(1, 0.0)	(2, 0.0)	(3, 0.0)	(4, 0.0)	(5, 0.0)	(6, 1.3852133791000445e-05)	(7, 2.770426758200089e-05)	(8, 0.0)	(9, 0.00011912835060260385)	(10, 2.1055243362320676e-05)	(15, 5.928713262548191e-05)	(20, 2.9920608988560963e-05)	(25, 1.1635792384440375e-05)	(30, 2.2163414065600712e-06)	(35, 0.0)	(40, 5.540853516400178e-06)	(45, 4.986768164760161e-06)	(50, 1.1081707032800356e-06)	(55, 3.213695039512103e-05)	(60, 3.3245121098401066e-06)	(65, 0.18094709919972898)	(70, 1.4960304494280482e-05)	(75, 2.2163414065600712e-06)	(80, 0.24257579652124162)	(85, 0.30426267280467645)	(90, 0.48673793940422855)	(95, 0.30424882067088543)	(100, 0.3042654432314346)	(105, 0.18257666421890228)	(110, 7.480152247140241e-05)	(115, 2.9920608988560963e-05)	(120, 2.604201152708084e-05)	(125, 4.820542559268155e-05)	(130, 8.200463204272264e-05)	(135, 0.00012079060665752389)	(140, 8.366688809764269e-05)	(145, 3.878597461480125e-05)	(150, 0.0)	
/ | scratch | karcher | fastqc | 230727_PRISMA_Batch3_P3_for_Q | AAAWL5JHV_230321_MG_Batch3_P3_23s002006-1-1_Gross_lane1MG99 | AAAWL5JHV_230321_MG_Batch3_P3_23s002006-1-1_Gross_lane1MG99_1	(1, 0.0050105586058257125)	(2, 0.011709121233827408)	(3, 6.189348081311942e-05)	(4, 5.064012066527952e-05)	(5, 0.00028133400369599734)	(6, 9.284022121967912e-05)	(7, 3.094674040655971e-05)	(8, 1.1253360147839893e-05)	(9, 8.721354114575918e-05)	(10, 1.7442708229151835e-05)	(15, 0.059226997126088754)	(20, 1.5192036199583857e-05)	(25, 4.5013440591359575e-06)	(30, 2.2506720295679788e-06)	(35, 1.2941364170015878e-05)	(40, 2.2506720295679788e-06)	(45, 5.064012066527952e-06)	(50, 0.00012716296967059078)	(55, 4.5013440591359575e-06)	(60, 1.0690692140447899e-05)	(65, 1.7442708229151835e-05)	(70, 1.2378696162623885e-05)	(75, 3.5448084465695665e-05)	(80, 3.7698756495263646e-05)	(85, 2.7570732362207742e-05)	(90, 0.06202064378279)	(95, 4.445077258396758e-05)	(100, 4.7826780628319546e-05)	(105, 1.9693380258719812e-05)	(110, 3.826142450265564e-05)	(115, 6.47068208500794e-05)	(120, 8.49628691161912e-05)	(125, 8.777620915315117e-05)	(130, 7.933618904227124e-05)	(135, 7.877352103487925e-05)	(140, 9.396555723446311e-05)	(145, 8.946421317532715e-05)	(150, 1.4066700184799867e-05)	
/ | scratch | karcher | fastqc | 230727_PRISMA_Batch3_P3_for_Q | AAAWL5JHV_230321_MG_Batch3_P3_23s002006-1-1_Gross_lane1MG99 | AAAWL5JHV_230321_MG_Batch3_P3_23s002006-1-1_Gross_lane1MG99_2	(1, 0.0)	(2, 0.0)	(3, 0.0)	(4, 0.0)	(5, 2.532006033263976e-05)	(6, 2.532006033263976e-05)	(7, 3.6573420480479655e-05)	(8, 0.0)	(9, 0.00019412046255023815)	(10, 4.1637432547007606e-05)	(15, 0.00011703494553753488)	(20, 5.401612870963149e-05)	(25, 2.532006033263976e-05)	(30, 3.938676051743962e-06)	(35, 5.626680073919947e-07)	(40, 2.813340036959973e-06)	(45, 8.44002011087992e-06)	(50, 1.688004022175984e-06)	(55, 4.838944863571154e-05)	(60, 2.813340036959973e-06)	(65, 0.18117966104822966)	(70, 1.688004022175984e-05)	(75, 3.376008044351968e-06)	(80, 0.24342874804202083)	(85, 0.3067969817025147)	(90, 0.4914212962919981)	(95, 0.30679135502244076)	(100, 0.30680373371860337)	(105, 0.18411059869873458)	(110, 7.877352103487925e-05)	(115, 2.8133400369599734e-05)	(120, 2.925873638438372e-05)	(125, 5.401612870963149e-05)	(130, 7.933618904227124e-05)	(135, 0.00012997630970755077)	(140, 8.214952907923122e-05)	(145, 2.7570732362207742e-05)	(150, 0.0)	
/ | scratch | karcher | fastqc | 230804_PRISMA_Batch5_P3_for_Q | AAAWJV5HV_230321_MG_Batch5_23s001006-1-1_Gross_lane1127 | AAAWJV5HV_230321_MG_Batch5_23s001006-1-1_Gross_lane1127_1	(1, 0.0022518972234107236)	(2, 0.005239708572119069)	(3, 1.4718282505952443e-05)	(4, 0.28244384128922734)	(5, 0.0)	(6, 0.0)	(7, 0.0)	(8, 7.35914125297622e-05)	(9, 0.0)	(10, 1.1774626004761953e-05)	(15, 0.0)	(20, 2.9436565011904883e-06)	(25, 0.0)	(30, 0.05970618481364667)	(35, 5.887313002380977e-06)	(40, 1.1774626004761953e-05)	(45, 1.1774626004761953e-05)	(50, 1.1774626004761953e-05)	(55, 0.061310477606795484)	(60, 2.0605595508333418e-05)	(65, 2.9436565011904885e-05)	(70, 2.3549252009523907e-05)	(75, 0.11852044170743263)	(80, 1.766193900714293e-05)	(85, 0.06083654891010382)	(90, 0.060916027635635965)	(95, 2.6492908510714396e-05)	(100, 1.766193900714293e-05)	(105, 1.4718282505952443e-05)	(110, 0.0)	(115, 2.6492908510714396e-05)	(120, 5.887313002380977e-06)	(125, 5.887313002380977e-06)	(130, 0.0)	(135, 0.0)	(140, 2.0605595508333418e-05)	(145, 5.887313002380977e-06)	(150, 0.0)	
/ | scratch | karcher | fastqc | 230804_PRISMA_Batch5_P3_for_Q | AAAWJV5HV_230321_MG_Batch5_23s001006-1-1_Gross_lane1127 | AAAWJV5HV_230321_MG_Batch5_23s001006-1-1_Gross_lane1127_2	(1, 0.0)	(2, 0.0)	(3, 0.0)	(4, 0.0)	(5, 0.0)	(6, 0.0)	(7, 0.0)	(8, 0.0)	(9, 0.0)	(10, 0.0)	(15, 0.1774818814262781)	(20, 1.4718282505952443e-05)	(25, 5.887313002380977e-06)	(30, 0.11316298687526594)	(35, 1.4718282505952443e-05)	(40, 1.1774626004761953e-05)	(45, 3.8267534515476346e-05)	(50, 2.6492908510714396e-05)	(55, 1.4718282505952443e-05)	(60, 1.4718282505952443e-05)	(65, 1.1774626004761953e-05)	(70, 0.061713758547458586)	(75, 8.830969503571464e-06)	(80, 2.6492908510714396e-05)	(85, 8.830969503571464e-06)	(90, 1.1774626004761953e-05)	(95, 2.0605595508333418e-05)	(100, 0.12127276053604573)	(105, 1.1774626004761953e-05)	(110, 1.766193900714293e-05)	(115, 0.11897965212161835)	(120, 9.71406645392861e-05)	(125, 5.887313002380977e-06)	(130, 1.766193900714293e-05)	(135, 2.0605595508333418e-05)	(140, 7.35914125297622e-05)	(145, 2.9436565011904885e-05)	(150, 0.0)	
/ | scratch | karcher | fastqc | 230804_PRISMA_Batch5_P3_for_Q | AAAWJV5HV_230321_MG_Batch5_23s001006-1-1_Gross_lane1128 | AAAWJV5HV_230321_MG_Batch5_23s001006-1-1_Gross_lane1128_1	(1, 0.002288624167495568)	(2, 0.005043320733842818)	(3, 0.0)	(4, 0.28005386127417653)	(5, 0.0)	(6, 2.086891338141856e-05)	(7, 0.0)	(8, 3.478152230236426e-05)	(9, 2.086891338141856e-05)	(10, 1.8086391597229415e-05)	(15, 0.0)	(20, 4.173782676283711e-06)	(25, 1.3912608920945703e-06)	(30, 0.05924962761163147)	(35, 0.0)	(40, 1.3912608920945704e-05)	(45, 1.8086391597229415e-05)	(50, 8.347565352567422e-06)	(55, 0.05910215395706945)	(60, 1.2521348028851133e-05)	(65, 4.034656587074254e-05)	(70, 5.982421836006652e-05)	(75, 0.11798587995408005)	(80, 1.5303869813040275e-05)	(85, 0.059598834095547205)	(90, 0.05962944183517328)	(95, 2.2260174273513125e-05)	(100, 1.5303869813040275e-05)	(105, 2.2260174273513125e-05)	(110, 4.173782676283711e-06)	(115, 2.3651435165607695e-05)	(120, 1.1130087136756563e-05)	(125, 2.782521784189141e-05)	(130, 0.0)	(135, 1.3912608920945703e-06)	(140, 4.173782676283711e-06)	(145, 8.347565352567422e-06)	(150, 6.956304460472852e-06)	
/ | scratch | karcher | fastqc | 230804_PRISMA_Batch5_P3_for_Q | AAAWJV5HV_230321_MG_Batch5_23s001006-1-1_Gross_lane1128 | AAAWJV5HV_230321_MG_Batch5_23s001006-1-1_Gross_lane1128_2	(1, 0.0)	(2, 0.0)	(3, 0.0)	(4, 0.0)	(5, 0.0)	(6, 0.0)	(7, 0.0)	(8, 0.0)	(9, 0.0)	(10, 4.173782676283711e-06)	(15, 0.17523626566377162)	(20, 2.921647873398598e-05)	(25, 1.8086391597229415e-05)	(30, 0.11140938971714902)	(35, 1.8086391597229415e-05)	(40, 5.565043568378281e-06)	(45, 4.591160943912082e-05)	(50, 2.782521784189141e-05)	(55, 1.3912608920945704e-05)	(60, 2.5042696057702265e-05)	(65, 1.6695130705134845e-05)	(70, 0.059597442834655116)	(75, 6.956304460472852e-06)	(80, 1.6695130705134845e-05)	(85, 1.8086391597229415e-05)	(90, 1.6695130705134845e-05)	(95, 3.199900051817512e-05)	(100, 0.11942444371650582)	(105, 1.5303869813040275e-05)	(110, 1.1130087136756563e-05)	(115, 0.11748780855471018)	(120, 4.869413122330997e-05)	(125, 1.3912608920945704e-05)	(130, 2.921647873398598e-05)	(135, 1.6695130705134845e-05)	(140, 8.208439263357966e-05)	(145, 4.591160943912082e-05)	(150, 6.956304460472852e-06)	
/ | scratch | karcher | fastqc | 230804_PRISMA_Batch5_P3_for_Q | AAAWJV5HV_230321_MG_Batch5_23s001006-1-1_Gross_lane1133 | AAAWJV5HV_230321_MG_Batch5_23s001006-1-1_Gross_lane1133_1	(1, 0.002491598722517994)	(2, 0.004616014475401758)	(3, 0.0)	(4, 0.28894676974716565)	(5, 0.0)	(6, 0.0)	(7, 0.0)	(8, 2.6227354973873624e-05)	(9, 0.0)	(10, 2.0981883979098896e-05)	(15, 0.0)	(20, 5.245470994774724e-06)	(25, 5.245470994774724e-06)	(30, 0.06141921987781725)	(35, 0.0)	(40, 1.0490941989549448e-05)	(45, 1.0490941989549448e-05)	(50, 5.245470994774724e-06)	(55, 0.06017079778106086)	(60, 1.0490941989549448e-05)	(65, 1.5736412984324174e-05)	(70, 4.7209238952972516e-05)	(75, 0.1222771743591936)	(80, 1.5736412984324174e-05)	(85, 0.06245257766378787)	(90, 0.06055371716367942)	(95, 3.147282596864835e-05)	(100, 1.0490941989549448e-05)	(105, 5.245470994774724e-06)	(110, 0.0)	(115, 3.6718296963423066e-05)	(120, 1.0490941989549448e-05)	(125, 2.6227354973873624e-05)	(130, 5.245470994774724e-06)	(135, 2.0981883979098896e-05)	(140, 1.0490941989549448e-05)	(145, 0.0)	(150, 0.0)	
/ | scratch | karcher | fastqc | 230804_PRISMA_Batch5_P3_for_Q | AAAWJV5HV_230321_MG_Batch5_23s001006-1-1_Gross_lane1133 | AAAWJV5HV_230321_MG_Batch5_23s001006-1-1_Gross_lane1133_2	(1, 0.0)	(2, 0.0)	(3, 2.6227354973873624e-05)	(4, 0.0)	(5, 0.0)	(6, 0.0)	(7, 0.0)	(8, 0.0)	(9, 0.0)	(10, 0.0)	(15, 0.18410554097460327)	(20, 1.5736412984324174e-05)	(25, 1.5736412984324174e-05)	(30, 0.11792343343353057)	(35, 2.6227354973873624e-05)	(40, 1.0490941989549448e-05)	(45, 2.0981883979098896e-05)	(50, 3.147282596864835e-05)	(55, 5.245470994774724e-06)	(60, 3.147282596864835e-05)	(65, 1.0490941989549448e-05)	(70, 0.06182836661540967)	(75, 5.245470994774724e-06)	(80, 3.147282596864835e-05)	(85, 2.6227354973873624e-05)	(90, 0.0)	(95, 2.0981883979098896e-05)	(100, 0.11522201587122159)	(105, 0.0)	(110, 2.6227354973873624e-05)	(115, 0.12403440714244313)	(120, 7.868206492162086e-05)	(125, 1.5736412984324174e-05)	(130, 3.6718296963423066e-05)	(135, 2.0981883979098896e-05)	(140, 6.29456519372967e-05)	(145, 2.0981883979098896e-05)	(150, 0.0)	
/ | scratch | karcher | fastqc | 230804_PRISMA_Batch5_P3_for_Q | AAAWJV5HV_230321_MG_Batch5_23s001006-1-1_Gross_lane1139 | AAAWJV5HV_230321_MG_Batch5_23s001006-1-1_Gross_lane1139_1	(1, 0.0021329293473236195)	(2, 0.0049552084837062044)	(3, 0.0)	(4, 0.29377655010437564)	(5, 0.0)	(6, 1.6219995036681518e-05)	(7, 0.0)	(8, 3.2439990073363035e-05)	(9, 8.109997518340759e-06)	(10, 2.595199205869043e-05)	(15, 0.0)	(20, 1.621999503668152e-06)	(25, 0.0)	(30, 0.060012359636217955)	(35, 8.109997518340759e-06)	(40, 1.4597995533013367e-05)	(45, 9.73199702200891e-06)	(50, 1.1353996525677062e-05)	(55, 0.06226531694681301)	(60, 1.784199454034967e-05)	(65, 5.839198213205347e-05)	(70, 4.217198709537195e-05)	(75, 0.11964030539006656)	(80, 2.9195991066026735e-05)	(85, 0.061676531126981474)	(90, 0.06218259497212594)	(95, 2.9195991066026735e-05)	(100, 6.487998014672608e-06)	(105, 4.05499875917038e-05)	(110, 0.0)	(115, 2.7573991562358583e-05)	(120, 3.243999007336304e-06)	(125, 9.73199702200891e-06)	(130, 9.73199702200891e-06)	(135, 4.865998511004455e-06)	(140, 1.6219995036681518e-05)	(145, 4.865998511004455e-06)	(150, 0.0)	
/ | scratch | karcher | fastqc | 230804_PRISMA_Batch5_P3_for_Q | AAAWJV5HV_230321_MG_Batch5_23s001006-1-1_Gross_lane1139 | AAAWJV5HV_230321_MG_Batch5_23s001006-1-1_Gross_lane1139_2	(1, 0.0)	(2, 0.0)	(3, 0.0)	(4, 0.0)	(5, 0.0)	(6, 0.0)	(7, 0.0)	(8, 0.0)	(9, 0.0)	(10, 0.0)	(15, 0.18051070276372494)	(20, 1.6219995036681518e-05)	(25, 1.2975996029345216e-05)	(30, 0.1120136637238189)	(35, 3.892798808803564e-05)	(40, 2.595199205869043e-05)	(45, 4.05499875917038e-05)	(50, 2.1085993547685976e-05)	(55, 2.4329992555022276e-05)	(60, 2.1085993547685976e-05)	(65, 2.4329992555022276e-05)	(70, 0.06160029715030907)	(75, 1.621999503668152e-06)	(80, 4.865998511004455e-05)	(85, 1.784199454034967e-05)	(90, 8.109997518340759e-06)	(95, 1.784199454034967e-05)	(100, 0.12281942441725613)	(105, 1.784199454034967e-05)	(110, 1.2975996029345216e-05)	(115, 0.12049509912849965)	(120, 9.08319722054165e-05)	(125, 9.73199702200891e-06)	(130, 2.1085993547685976e-05)	(135, 2.1085993547685976e-05)	(140, 0.00011029596624943433)	(145, 3.7305988584367494e-05)	(150, 8.109997518340759e-06)	
/ | scratch | karcher | fastqc | 230804_PRISMA_Batch5_P3_for_Q | AAAWJV5HV_230321_MG_Batch5_23s001006-1-1_Gross_lane1151 | AAAWJV5HV_230321_MG_Batch5_23s001006-1-1_Gross_lane1151_1	(1, 0.0023503256071456865)	(2, 0.005184257306296658)	(3, 9.672121840105704e-06)	(4, 0.298665450300624)	(5, 0.0)	(6, 2.9016365520317113e-05)	(7, 0.0)	(8, 5.8032731040634226e-05)	(9, 9.672121840105704e-06)	(10, 2.514751678427483e-05)	(15, 0.0)	(20, 3.868848736042282e-06)	(25, 1.934424368021141e-06)	(30, 0.05986656534151827)	(35, 3.868848736042282e-06)	(40, 7.737697472084564e-06)	(45, 7.737697472084564e-06)	(50, 1.934424368021141e-05)	(55, 0.06325567683429131)	(60, 5.803273104063422e-06)	(65, 3.868848736042282e-05)	(70, 4.642618483250738e-05)	(75, 0.1220718497439741)	(80, 1.740981931219027e-05)	(85, 0.06353810279202239)	(90, 0.06132512131500621)	(95, 3.2885214256359393e-05)	(100, 1.740981931219027e-05)	(105, 1.1606546208126845e-05)	(110, 0.0)	(115, 2.7081941152295976e-05)	(120, 9.672121840105704e-06)	(125, 1.3540970576147988e-05)	(130, 0.0)	(135, 5.803273104063422e-06)	(140, 1.1606546208126845e-05)	(145, 1.1606546208126845e-05)	(150, 0.0)	
/ | scratch | karcher | fastqc | 230804_PRISMA_Batch5_P3_for_Q | AAAWJV5HV_230321_MG_Batch5_23s001006-1-1_Gross_lane1151 | AAAWJV5HV_230321_MG_Batch5_23s001006-1-1_Gross_lane1151_2	(1, 0.0)	(2, 0.0)	(3, 0.0)	(4, 0.0)	(5, 0.0)	(6, 0.0)	(7, 0.0)	(8, 0.0)	(9, 0.0)	(10, 1.934424368021141e-06)	(15, 0.18391152794087393)	(20, 1.740981931219027e-05)	(25, 1.547539494416913e-05)	(30, 0.1145140537381155)	(35, 1.547539494416913e-05)	(40, 1.547539494416913e-05)	(45, 4.642618483250738e-05)	(50, 2.514751678427483e-05)	(55, 2.514751678427483e-05)	(60, 1.934424368021141e-05)	(65, 2.321309241625369e-05)	(70, 0.06031341737053115)	(75, 3.868848736042282e-06)	(80, 1.547539494416913e-05)	(85, 1.934424368021141e-05)	(90, 9.672121840105704e-06)	(95, 1.547539494416913e-05)	(100, 0.12261542299138804)	(105, 1.3540970576147988e-05)	(110, 1.547539494416913e-05)	(115, 0.12147024376551953)	(120, 7.350812598480336e-05)	(125, 2.1278668048232552e-05)	(130, 2.9016365520317113e-05)	(135, 9.672121840105704e-06)	(140, 0.00011219661334522616)	(145, 2.514751678427483e-05)	(150, 0.0)	
/ | scratch | karcher | fastqc | 230804_PRISMA_Batch5_P3_for_Q | AAAWJV5HV_230321_MG_Batch5_23s001006-1-1_Gross_lane1154 | AAAWJV5HV_230321_MG_Batch5_23s001006-1-1_Gross_lane1154_1	(1, 0.0022794744911001368)	(2, 0.004750501460443982)	(3, 9.577623912185448e-06)	(4, 0.28585376328308687)	(5, 1.4366435868278173e-05)	(6, 9.577623912185448e-06)	(7, 0.0)	(8, 3.352168369264907e-05)	(9, 4.788811956092724e-06)	(10, 1.7239723041933806e-05)	(15, 0.0)	(20, 4.788811956092724e-06)	(25, 0.0)	(30, 0.058791286622559155)	(35, 2.8732871736556345e-06)	(40, 2.1070772606807985e-05)	(45, 1.4366435868278173e-05)	(50, 2.3944059780463623e-05)	(55, 0.06032083316133517)	(60, 3.543720847508616e-05)	(65, 4.69303571697087e-05)	(70, 5.938126825554977e-05)	(75, 0.11750786777860325)	(80, 2.2028534998026532e-05)	(85, 0.06094337871562723)	(90, 0.060793010020205915)	(95, 2.9690634127774886e-05)	(100, 1.2450911085841082e-05)	(105, 3.0648396518993436e-05)	(110, 0.0)	(115, 3.6394970866304706e-05)	(120, 7.662099129748359e-06)	(125, 2.3944059780463623e-05)	(130, 6.704336738529813e-06)	(135, 1.0535386303403992e-05)	(140, 1.8197485433152353e-05)	(145, 3.8310495648741796e-06)	(150, 9.577623912185448e-06)	
/ | scratch | karcher | fastqc | 230804_PRISMA_Batch5_P3_for_Q | AAAWJV5HV_230321_MG_Batch5_23s001006-1-1_Gross_lane1154 | AAAWJV5HV_230321_MG_Batch5_23s001006-1-1_Gross_lane1154_2	(1, 0.0)	(2, 0.0)	(3, 9.577623912185448e-06)	(4, 0.0)	(5, 0.0)	(6, 0.0)	(7, 0.0)	(8, 0.0)	(9, 9.577623912185448e-06)	(10, 0.0)	(15, 0.1771247455823928)	(20, 3.0648396518993436e-05)	(25, 1.8197485433152353e-05)	(30, 0.11126708803742323)	(35, 3.447944608386761e-05)	(40, 1.5324198259496718e-05)	(45, 3.8310495648741794e-05)	(50, 2.4901822171682163e-05)	(55, 9.577623912185448e-06)	(60, 4.118378282239743e-05)	(65, 1.8197485433152353e-05)	(70, 0.060270071754600585)	(75, 1.4366435868278173e-05)	(80, 3.0648396518993436e-05)	(85, 1.2450911085841082e-05)	(90, 1.1493148694622538e-05)	(95, 1.7239723041933806e-05)	(100, 0.12036295746682575)	(105, 1.4366435868278173e-05)	(110, 1.0535386303403992e-05)	(115, 0.11751840316490668)	(120, 0.00011972029890231811)	(125, 2.1070772606807985e-05)	(130, 3.543720847508616e-05)	(135, 4.597259477849015e-05)	(140, 0.00013217120998815918)	(145, 3.8310495648741794e-05)	(150, 9.577623912185448e-06)	
/ | scratch | karcher | fastqc | 230804_PRISMA_Batch5_P3_for_Q | AAAWJV5HV_230321_MG_Batch5_23s001006-1-1_Gross_lane1155 | AAAWJV5HV_230321_MG_Batch5_23s001006-1-1_Gross_lane1155_1	(1, 0.0024555005881611233)	(2, 0.004894828834358507)	(3, 0.0)	(4, 0.2897760233062855)	(5, 2.695390327289927e-06)	(6, 2.695390327289927e-06)	(7, 0.0)	(8, 2.6953903272899265e-05)	(9, 8.086170981869781e-06)	(10, 2.21022006837774e-05)	(15, 0.0)	(20, 3.7735464582058973e-06)	(25, 0.0)	(30, 0.058036066371075785)	(35, 1.6172341963739563e-06)	(40, 2.1563122618319415e-05)	(45, 2.1563122618319415e-05)	(50, 1.7250498094655534e-05)	(55, 0.06104627828859317)	(60, 1.9945888421945457e-05)	(65, 7.115830464045407e-05)	(70, 5.8759509134920405e-05)	(75, 0.11841173154623923)	(80, 4.096993297480689e-05)	(85, 0.060588061932953886)	(90, 0.06112228829582275)	(95, 2.4258512945609342e-05)	(100, 1.1859717440075677e-05)	(105, 3.8813620712974945e-05)	(110, 4.851702589121868e-06)	(115, 2.9110215534731207e-05)	(120, 8.086170981869781e-06)	(125, 1.7250498094655534e-05)	(130, 1.1320639374617693e-05)	(135, 8.625249047327767e-06)	(140, 1.0242483243701722e-05)	(145, 1.0242483243701722e-05)	(150, 0.0)	
/ | scratch | karcher | fastqc | 230804_PRISMA_Batch5_P3_for_Q | AAAWJV5HV_230321_MG_Batch5_23s001006-1-1_Gross_lane1155 | AAAWJV5HV_230321_MG_Batch5_23s001006-1-1_Gross_lane1155_2	(1, 0.0)	(2, 0.0)	(3, 0.0)	(4, 0.0)	(5, 0.0)	(6, 0.0)	(7, 0.0)	(8, 0.0)	(9, 0.0)	(10, 1.6172341963739563e-06)	(15, 0.1771421304656249)	(20, 3.1805605862021134e-05)	(25, 2.318035681469337e-05)	(30, 0.11105439410886864)	(35, 3.989177684389091e-05)	(40, 3.719638651660099e-05)	(45, 8.086170981869781e-05)	(50, 4.2048089105722856e-05)	(55, 1.1859717440075677e-05)	(60, 3.018837166564718e-05)	(65, 3.719638651660099e-05)	(70, 0.060365422691919746)	(75, 1.1859717440075677e-05)	(80, 3.6657308451143e-05)	(85, 2.9110215534731207e-05)	(90, 1.6172341963739562e-05)	(95, 3.0727449731105166e-05)	(100, 0.12171142838490756)	(105, 1.1320639374617693e-05)	(110, 2.3719434880151354e-05)	(115, 0.11777669758512974)	(120, 8.409617821144571e-05)	(125, 2.0484966487403444e-05)	(130, 4.150901104026487e-05)	(135, 1.8867732291029485e-05)	(140, 0.00014123845314999219)	(145, 5.229057234942458e-05)	(150, 1.0781561309159708e-05)	
/ | scratch | karcher | fastqc | 230804_PRISMA_Batch5_P3_for_Q | AAAWJV5HV_230321_MG_Batch5_23s001006-1-1_Gross_lane1156 | AAAWJV5HV_230321_MG_Batch5_23s001006-1-1_Gross_lane1156_1	(1, 0.002236665392920313)	(2, 0.0047108323688002055)	(3, 2.3058406112580546e-06)	(4, 0.284335511614842)	(5, 2.3058406112580546e-06)	(6, 1.8446724890064437e-05)	(7, 0.0)	(8, 4.6116812225161095e-05)	(9, 1.1529203056290274e-05)	(10, 2.1213733623574102e-05)	(15, 0.0)	(20, 3.2281768557612762e-06)	(25, 0.0)	(30, 0.05830640803251567)	(35, 2.767008733509666e-06)	(40, 2.0291397379070878e-05)	(45, 1.0145698689535439e-05)	(50, 1.1990371178541884e-05)	(55, 0.060391349113215205)	(60, 1.7985556767812828e-05)	(65, 3.36652729243676e-05)	(70, 4.842265283641915e-05)	(75, 0.11734653454753366)	(80, 1.5218548034303162e-05)	(85, 0.05997675897131101)	(90, 0.06016168738833391)	(95, 2.7208919212845046e-05)	(100, 1.4757379912051548e-05)	(105, 1.8446724890064437e-05)	(110, 1.8446724890064435e-06)	(115, 1.890789301231605e-05)	(120, 3.689344978012887e-06)	(125, 2.0291397379070878e-05)	(130, 1.8446724890064435e-06)	(135, 1.1529203056290274e-05)	(140, 1.5218548034303162e-05)	(145, 4.611681222516109e-06)	(150, 0.0)	
/ | scratch | karcher | fastqc | 230804_PRISMA_Batch5_P3_for_Q | AAAWJV5HV_230321_MG_Batch5_23s001006-1-1_Gross_lane1156 | AAAWJV5HV_230321_MG_Batch5_23s001006-1-1_Gross_lane1156_2	(1, 0.0)	(2, 0.0)	(3, 0.0)	(4, 0.0)	(5, 0.0)	(6, 0.0)	(7, 0.0)	(8, 0.0)	(9, 0.0)	(10, 0.0)	(15, 0.17636406382456132)	(20, 1.8446724890064437e-05)	(25, 1.5218548034303162e-05)	(30, 0.1109196955958352)	(35, 2.2136069868077327e-05)	(40, 2.0752565501322494e-05)	(45, 3.36652729243676e-05)	(50, 3.2281768557612766e-05)	(55, 1.9369061134567657e-05)	(60, 2.2597237990328935e-05)	(65, 1.3835043667548327e-05)	(70, 0.060027026296636435)	(75, 4.150513100264499e-06)	(80, 3.2742936679864374e-05)	(85, 1.7063220523309604e-05)	(90, 5.995185589270942e-06)	(95, 2.9053591701851488e-05)	(100, 0.12062405639237585)	(105, 1.3373875545296717e-05)	(110, 1.7524388645561216e-05)	(115, 0.11664924834668923)	(120, 8.669960698330286e-05)	(125, 1.8446724890064437e-05)	(130, 3.412644104661921e-05)	(135, 2.7670087335096655e-05)	(140, 9.500063318383186e-05)	(145, 3.6432281657877264e-05)	(150, 3.919929039138693e-05)	
/ | scratch | karcher | fastqc | 230804_PRISMA_Batch5_P3_for_Q | AAAWJV5HV_230321_MG_Batch5_23s001006-1-1_Gross_lane1157 | AAAWJV5HV_230321_MG_Batch5_23s001006-1-1_Gross_lane1157_1	(1, 0.0023873945880657902)	(2, 0.0048062799538801815)	(3, 3.936347218575087e-06)	(4, 0.28735334695598136)	(5, 0.0)	(6, 2.5586256920738067e-05)	(7, 0.0)	(8, 1.7713562483587893e-05)	(9, 1.3777215265012806e-05)	(10, 2.164990970216298e-05)	(15, 0.0)	(20, 4.329981940432596e-06)	(25, 0.0)	(30, 0.058782260284425486)	(35, 2.3618083311450525e-06)	(40, 1.2989945821297786e-05)	(45, 1.3777215265012806e-05)	(50, 1.2596311099440279e-05)	(55, 0.06037057638712054)	(60, 2.0862640258447962e-05)	(65, 7.203515409992409e-05)	(70, 3.936347218575087e-05)	(75, 0.11863402610813785)	(80, 2.5979891642595573e-05)	(85, 0.060206824342827814)	(90, 0.06021548430670868)	(95, 2.3224448589593013e-05)	(100, 8.659963880865192e-06)	(105, 2.0469005536590453e-05)	(110, 3.1490777748600697e-06)	(115, 2.676716108631059e-05)	(120, 6.2981555497201395e-06)	(125, 1.6532658318015366e-05)	(130, 8.659963880865192e-06)	(135, 8.659963880865192e-06)	(140, 1.3777215265012806e-05)	(145, 4.329981940432596e-06)	(150, 0.0)	
/ | scratch | karcher | fastqc | 230804_PRISMA_Batch5_P3_for_Q | AAAWJV5HV_230321_MG_Batch5_23s001006-1-1_Gross_lane1157 | AAAWJV5HV_230321_MG_Batch5_23s001006-1-1_Gross_lane1157_2	(1, 0.0)	(2, 0.0)	(3, 0.0)	(4, 0.0)	(5, 0.0)	(6, 0.0)	(7, 0.0)	(8, 0.0)	(9, 0.0)	(10, 0.0)	(15, 0.1773265376759798)	(20, 2.71607958081681e-05)	(25, 1.1415406933867752e-05)	(30, 0.11187295612551326)	(35, 3.385258607974575e-05)	(40, 2.676716108631059e-05)	(45, 4.7629801344758556e-05)	(50, 2.834169997374063e-05)	(55, 1.4958119430585331e-05)	(60, 1.6532658318015366e-05)	(65, 3.778893329832084e-05)	(70, 0.06025760322194743)	(75, 5.510886106005122e-06)	(80, 3.4246220801603256e-05)	(85, 2.440535275516554e-05)	(90, 1.0234502768295226e-05)	(95, 1.4958119430585331e-05)	(100, 0.12029122828715795)	(105, 1.220267637758277e-05)	(110, 1.6926293039872875e-05)	(115, 0.11835651362922829)	(120, 8.030148325893178e-05)	(125, 1.7319927761730384e-05)	(130, 2.7554430530025612e-05)	(135, 2.5979891642595573e-05)	(140, 0.0001228140332195427)	(145, 3.857620274203586e-05)	(150, 1.1809041655725263e-05)	
/ | scratch | karcher | fastqc | 230804_PRISMA_Batch5_P3_for_Q | AAAWJV5HV_230321_MG_Batch5_23s001006-1-1_Gross_lane1158 | AAAWJV5HV_230321_MG_Batch5_23s001006-1-1_Gross_lane1158_1	(1, 0.002404620473371931)	(2, 0.00516701342608159)	(3, 9.73530556021025e-06)	(4, 0.28585534333806345)	(5, 2.4338263900525623e-06)	(6, 2.6772090290578183e-05)	(7, 2.4338263900525623e-06)	(8, 1.7036784730367934e-05)	(9, 1.4602958340315374e-05)	(10, 2.3364733344504597e-05)	(15, 0.0)	(20, 2.4338263900525623e-06)	(25, 6.3279486141366615e-06)	(30, 0.05899741199070814)	(35, 1.94706111204205e-06)	(40, 2.628532501256767e-05)	(45, 2.190443751047306e-05)	(50, 2.190443751047306e-05)	(55, 0.060001608759243825)	(60, 2.0444141676441523e-05)	(65, 3.94279875188515e-05)	(70, 7.106773058953481e-05)	(75, 0.11831706259545922)	(80, 2.3851498622515106e-05)	(85, 0.060281498794099865)	(90, 0.060157373648207196)	(95, 3.310003890471485e-05)	(100, 2.6772090290578183e-05)	(105, 1.5089723618325885e-05)	(110, 8.761775004189225e-06)	(115, 3.7967691684819966e-05)	(120, 2.72588555685887e-05)	(125, 3.8941222240841e-05)	(130, 0.0)	(135, 4.867652780105125e-06)	(140, 1.4602958340315374e-05)	(145, 1.2655897228273323e-05)	(150, 7.301479170157687e-06)	
/ | scratch | karcher | fastqc | 230804_PRISMA_Batch5_P3_for_Q | AAAWJV5HV_230321_MG_Batch5_23s001006-1-1_Gross_lane1158 | AAAWJV5HV_230321_MG_Batch5_23s001006-1-1_Gross_lane1158_2	(1, 0.0)	(2, 7.301479170157687e-06)	(3, 0.0)	(4, 0.0)	(5, 0.0)	(6, 0.0)	(7, 0.0)	(8, 0.0)	(9, 0.0)	(10, 9.248540282199737e-06)	(15, 0.1766295958400066)	(20, 2.72588555685887e-05)	(25, 2.5311794456546646e-05)	(30, 0.11163134150198484)	(35, 1.8983845842409983e-05)	(40, 2.2877968066494085e-05)	(45, 6.181919030733508e-05)	(50, 2.9205916680630748e-05)	(55, 3.407356946073587e-05)	(60, 4.429564029895663e-05)	(65, 2.7745620846599208e-05)	(70, 0.06042606808166899)	(75, 1.3142662506283835e-05)	(80, 1.752355000837845e-05)	(85, 2.5798559734557155e-05)	(90, 3.6507395850788436e-05)	(95, 8.031627087173454e-05)	(100, 0.1199457792156824)	(105, 2.4825029178536134e-05)	(110, 1.995737639843101e-05)	(115, 0.11772077512989636)	(120, 8.128980142775557e-05)	(125, 2.0930906954452035e-05)	(130, 4.867652780105124e-05)	(135, 3.6020630572777917e-05)	(140, 0.00011098248338639683)	(145, 3.50471000167569e-05)	(150, 7.301479170157687e-06)	
/ | scratch | karcher | fastqc | 230804_PRISMA_Batch5_P3_for_Q | AAAWJV5HV_230321_MG_Batch5_23s001006-1-1_Gross_lane1159 | AAAWJV5HV_230321_MG_Batch5_23s001006-1-1_Gross_lane1159_1	(1, 0.0023755463896631803)	(2, 0.004923493412694942)	(3, 2.2389692645270315e-06)	(4, 0.2879269694796472)	(5, 1.1194846322635157e-05)	(6, 2.686763117432438e-05)	(7, 2.2389692645270315e-06)	(8, 3.806247749695954e-05)	(9, 8.955877058108126e-06)	(10, 2.5972043468513566e-05)	(15, 0.0)	(20, 2.2389692645270315e-06)	(25, 4.0301446761486564e-06)	(30, 0.05868204104169478)	(35, 3.5823508232432503e-06)	(40, 2.3285280351081127e-05)	(45, 2.8211012733040596e-05)	(50, 2.059851723364869e-05)	(55, 0.06075040084826485)	(60, 1.4777197145878408e-05)	(65, 4.97051176725001e-05)	(70, 6.40345209654731e-05)	(75, 0.11852700271938489)	(80, 2.776321888013519e-05)	(85, 0.06020364455386735)	(90, 0.06061874945551066)	(95, 3.9405859055675756e-05)	(100, 2.1941898792364908e-05)	(105, 3.492792052662169e-05)	(110, 7.164701646486501e-06)	(115, 3.9405859055675756e-05)	(120, 1.567278485168922e-05)	(125, 3.9405859055675756e-05)	(130, 1.3433815587162188e-06)	(135, 2.2389692645270315e-06)	(140, 2.059851723364869e-05)	(145, 1.343381558716219e-05)	(150, 0.0)	
/ | scratch | karcher | fastqc | 230804_PRISMA_Batch5_P3_for_Q | AAAWJV5HV_230321_MG_Batch5_23s001006-1-1_Gross_lane1159 | AAAWJV5HV_230321_MG_Batch5_23s001006-1-1_Gross_lane1159_2	(1, 0.0)	(2, 6.716907793581095e-06)	(3, 0.0)	(4, 0.0)	(5, 0.0)	(6, 0.0)	(7, 0.0)	(8, 0.0)	(9, 0.0)	(10, 5.821320087770282e-06)	(15, 0.17818254759729604)	(20, 4.0749240614391976e-05)	(25, 2.5076455762702753e-05)	(30, 0.11178233170692367)	(35, 3.089777585047303e-05)	(40, 1.567278485168922e-05)	(45, 6.089996399513526e-05)	(50, 3.224115740918925e-05)	(55, 2.5972043468513566e-05)	(60, 3.671909593824332e-05)	(65, 2.6419837321418973e-05)	(70, 0.06054665464519289)	(75, 9.851464763918939e-06)	(80, 3.492792052662169e-05)	(85, 2.3285280351081127e-05)	(90, 2.0150723380743285e-05)	(95, 4.343600373182441e-05)	(100, 0.12126660551146018)	(105, 2.9554394291756816e-05)	(110, 1.5224990998783814e-05)	(115, 0.11808816474353762)	(120, 8.284186278750016e-05)	(125, 2.14941049394595e-05)	(130, 3.5823508232432504e-05)	(135, 3.671909593824332e-05)	(140, 0.000128964629636757)	(145, 5.1496293084121726e-05)	(150, 1.7911754116216252e-05)	
/ | scratch | karcher | fastqc | 230804_PRISMA_Batch5_P3_for_Q | AAAWJV5HV_230321_MG_Batch5_23s001006-1-1_Gross_lane1160 | AAAWJV5HV_230321_MG_Batch5_23s001006-1-1_Gross_lane1160_1	(1, 0.0024359237668984354)	(2, 0.004590295973536164)	(3, 0.0)	(4, 0.2973058783692232)	(5, 0.0)	(6, 2.262467894952107e-05)	(7, 0.0)	(8, 3.016623859936143e-05)	(9, 5.027706433226905e-06)	(10, 2.161913766287569e-05)	(15, 0.0)	(20, 4.022165146581524e-06)	(25, 3.519394503258834e-06)	(30, 0.05875880508512284)	(35, 1.5083119299680714e-06)	(40, 1.9608055089584932e-05)	(45, 2.1116367019553003e-05)	(50, 1.3072036726389953e-05)	(55, 0.06344311916896035)	(60, 1.860251380293955e-05)	(65, 5.429922947885058e-05)	(70, 5.1282605618914435e-05)	(75, 0.11934216483486372)	(80, 2.3630220236166454e-05)	(85, 0.06264522215800725)	(90, 0.06292074047054808)	(95, 2.7652385382747977e-05)	(100, 1.5083119299680716e-05)	(105, 2.262467894952107e-05)	(110, 5.027706433226905e-06)	(115, 2.5641302809457217e-05)	(120, 1.2066495439744571e-05)	(125, 2.5641302809457217e-05)	(130, 3.519394503258834e-06)	(135, 7.541559649840358e-06)	(140, 1.005541286645381e-05)	(145, 6.536018363194976e-06)	(150, 0.0)	
/ | scratch | karcher | fastqc | 230804_PRISMA_Batch5_P3_for_Q | AAAWJV5HV_230321_MG_Batch5_23s001006-1-1_Gross_lane1160 | AAAWJV5HV_230321_MG_Batch5_23s001006-1-1_Gross_lane1160_2	(1, 0.0)	(2, 2.5138532166134525e-06)	(3, 0.0)	(4, 0.0)	(5, 0.0)	(6, 0.0)	(7, 0.0)	(8, 0.0)	(9, 0.0)	(10, 6.033247719872286e-06)	(15, 0.18222670581909256)	(20, 2.916069731271605e-05)	(25, 2.4635761522811834e-05)	(30, 0.11181267168046312)	(35, 2.8155156026070672e-05)	(40, 2.1116367019553003e-05)	(45, 6.184078912869093e-05)	(50, 3.569671567591102e-05)	(55, 1.759697251629417e-05)	(60, 2.6144073452779906e-05)	(65, 3.16745505293295e-05)	(70, 0.062445119441964805)	(75, 8.547100936485739e-06)	(80, 3.117177988600681e-05)	(85, 2.262467894952107e-05)	(90, 1.9608055089584932e-05)	(95, 3.569671567591102e-05)	(100, 0.12506118090265933)	(105, 1.759697251629417e-05)	(110, 1.5585889943003406e-05)	(115, 0.11962472193641108)	(120, 7.239897263846744e-05)	(125, 1.9608055089584932e-05)	(130, 3.569671567591102e-05)	(135, 2.2121908306198383e-05)	(140, 0.00010859845895770115)	(145, 4.27355046824287e-05)	(150, 1.005541286645381e-05)	
/ | scratch | karcher | fastqc | 230804_PRISMA_Batch5_P3_for_Q | AAAWJV5HV_230321_MG_Batch5_23s001006-1-1_Gross_lane1161 | AAAWJV5HV_230321_MG_Batch5_23s001006-1-1_Gross_lane1161_1	(1, 0.0023508941158423185)	(2, 0.005153556438283252)	(3, 0.0)	(4, 0.28510397579813984)	(5, 2.832402549207613e-06)	(6, 2.690782421747232e-05)	(7, 0.0)	(8, 3.257262931588755e-05)	(9, 9.913408922226645e-06)	(10, 1.6994415295245676e-05)	(15, 0.0)	(20, 4.248603823811419e-06)	(25, 1.4162012746038064e-06)	(30, 0.05815828802338976)	(35, 3.682123313969897e-06)	(40, 2.4641902178106232e-05)	(45, 2.3508941158423184e-05)	(50, 1.4162012746038065e-05)	(55, 0.060442620679325695)	(60, 1.8693856824770245e-05)	(65, 4.3902239512717996e-05)	(70, 6.684470016129966e-05)	(75, 0.11806105277683647)	(80, 2.2659220393660903e-05)	(85, 0.06032337653200405)	(90, 0.060742288869031866)	(95, 4.220279798319343e-05)	(100, 1.6144694530483394e-05)	(105, 2.0676538609215574e-05)	(110, 4.248603823811419e-06)	(115, 2.3508941158423184e-05)	(120, 1.104636994190969e-05)	(125, 2.4358661923185473e-05)	(130, 1.6994415295245675e-06)	(135, 7.647486882860555e-06)	(140, 1.6144694530483394e-05)	(145, 4.815084333652942e-06)	(150, 0.0)	
/ | scratch | karcher | fastqc | 230804_PRISMA_Batch5_P3_for_Q | AAAWJV5HV_230321_MG_Batch5_23s001006-1-1_Gross_lane1161 | AAAWJV5HV_230321_MG_Batch5_23s001006-1-1_Gross_lane1161_2	(1, 0.0)	(2, 0.0)	(3, 0.0)	(4, 0.0)	(5, 0.0)	(6, 0.0)	(7, 0.0)	(8, 0.0)	(9, 0.0)	(10, 8.497207647622837e-07)	(15, 0.17702657552675038)	(20, 2.237598013874014e-05)	(25, 2.0959778864136333e-05)	(30, 0.11070785251883859)	(35, 3.0023467021600693e-05)	(40, 1.8127376314928723e-05)	(45, 5.183296665049931e-05)	(50, 3.4555311100332877e-05)	(55, 1.6994415295245676e-05)	(60, 3.058994753144222e-05)	(65, 3.5121791610174395e-05)	(70, 0.06038059106349805)	(75, 6.231285608256748e-06)	(80, 2.9740226766679934e-05)	(85, 2.5491622942868517e-05)	(90, 1.4728493255879587e-05)	(95, 4.475196027748028e-05)	(100, 0.12118462630810263)	(105, 1.586145427556263e-05)	(110, 1.6427934785404153e-05)	(115, 0.11720028564213228)	(120, 7.845755061305088e-05)	(125, 2.0676538609215574e-05)	(130, 3.6254752629857446e-05)	(135, 3.0023467021600693e-05)	(140, 0.00011018045916417613)	(145, 4.418547976763876e-05)	(150, 2.1243019119057096e-05)	
/ | scratch | karcher | fastqc | 230804_PRISMA_Batch5_P3_for_Q | AAAWJV5HV_230321_MG_Batch5_23s001006-1-1_Gross_lane1163 | AAAWJV5HV_230321_MG_Batch5_23s001006-1-1_Gross_lane1163_1	(1, 0.002299676978751708)	(2, 0.005090119496060553)	(3, 0.0)	(4, 0.2925497418400241)	(5, 6.291865878937642e-06)	(6, 2.831339645521939e-05)	(7, 0.0)	(8, 1.8875597636812927e-05)	(9, 1.2583731757875283e-05)	(10, 2.5167463515750567e-05)	(15, 0.0)	(20, 5.033492703150113e-06)	(25, 1.2583731757875283e-06)	(30, 0.058124886176213836)	(35, 2.5167463515750567e-06)	(40, 2.390909033996304e-05)	(45, 2.831339645521939e-05)	(50, 1.2583731757875283e-05)	(55, 0.06215105115214603)	(60, 2.5167463515750567e-05)	(65, 5.5997606322545014e-05)	(70, 6.669377831673901e-05)	(75, 0.11888228903617518)	(80, 2.1392343988387983e-05)	(85, 0.0616193884853758)	(90, 0.062199498519413844)	(95, 3.7122008685732094e-05)	(100, 2.076315740049422e-05)	(105, 2.2650717164175514e-05)	(110, 6.291865878937642e-06)	(115, 3.1459329394688214e-05)	(120, 6.291865878937642e-06)	(125, 2.2650717164175514e-05)	(130, 1.8875597636812925e-06)	(135, 6.291865878937642e-06)	(140, 2.579665010364433e-05)	(145, 4.404306115256349e-06)	(150, 0.0)	
/ | scratch | karcher | fastqc | 230804_PRISMA_Batch5_P3_for_Q | AAAWJV5HV_230321_MG_Batch5_23s001006-1-1_Gross_lane1163 | AAAWJV5HV_230321_MG_Batch5_23s001006-1-1_Gross_lane1163_2	(1, 0.0)	(2, 0.0)	(3, 0.0)	(4, 0.0)	(5, 0.0)	(6, 0.0)	(7, 0.0)	(8, 0.0)	(9, 0.0)	(10, 3.145932939468821e-06)	(15, 0.18008389762718952)	(20, 2.0133970812600453e-05)	(25, 2.0133970812600453e-05)	(30, 0.11089728204921542)	(35, 3.586363550994457e-05)	(40, 2.579665010364433e-05)	(45, 5.0334927031501134e-05)	(50, 2.579665010364433e-05)	(55, 1.7617224461025397e-05)	(60, 2.64258366915381e-05)	(65, 3.4605262334157034e-05)	(70, 0.06172572101872985)	(75, 6.291865878937642e-06)	(80, 3.7751195273625854e-05)	(85, 1.7617224461025397e-05)	(90, 1.7617224461025397e-05)	(95, 2.579665010364433e-05)	(100, 0.12301541573204933)	(105, 1.635885128523787e-05)	(110, 2.2021530576281747e-05)	(115, 0.11840096129643646)	(120, 8.053588325040181e-05)	(125, 2.3279903752069277e-05)	(130, 3.4605262334157034e-05)	(135, 2.7684209867325627e-05)	(140, 0.00010696171994193992)	(145, 3.900956844941338e-05)	(150, 2.2021530576281747e-05)	
/ | scratch | karcher | fastqc | 230804_PRISMA_Batch5_P3_for_Q | AAAWJV5HV_230321_MG_Batch5_23s001006-1-1_Gross_lane1164 | AAAWJV5HV_230321_MG_Batch5_23s001006-1-1_Gross_lane1164_1	(1, 0.0021833097819423607)	(2, 0.005007435162221051)	(3, 5.670934498551587e-06)	(4, 0.28833866457885543)	(5, 0.0)	(6, 3.402560699130952e-05)	(7, 0.0)	(8, 2.2683737994206347e-05)	(9, 2.2683737994206347e-05)	(10, 1.4744429696234127e-05)	(15, 0.0)	(20, 2.2683737994206345e-06)	(25, 5.670934498551587e-06)	(30, 0.05865560970541877)	(35, 2.2683737994206345e-06)	(40, 1.9281177295075394e-05)	(45, 1.5878616595944444e-05)	(50, 2.6086298693337297e-05)	(55, 0.06234058294257759)	(60, 1.701280349565476e-05)	(65, 2.7220485593047618e-05)	(70, 5.6709344985515864e-05)	(75, 0.1186597676345931)	(80, 2.2683737994206347e-05)	(85, 0.06223396937400482)	(90, 0.0626819731993904)	(95, 5.103841048696427e-05)	(100, 1.4744429696234127e-05)	(105, 1.5878616595944444e-05)	(110, 7.939308297972222e-06)	(115, 4.1964915289281745e-05)	(120, 1.5878616595944444e-05)	(125, 3.856235459015079e-05)	(130, 3.4025606991309522e-06)	(135, 6.8051213982619045e-06)	(140, 2.7220485593047618e-05)	(145, 7.939308297972222e-06)	(150, 0.0)	
/ | scratch | karcher | fastqc | 230804_PRISMA_Batch5_P3_for_Q | AAAWJV5HV_230321_MG_Batch5_23s001006-1-1_Gross_lane1164 | AAAWJV5HV_230321_MG_Batch5_23s001006-1-1_Gross_lane1164_2	(1, 0.0)	(2, 5.670934498551587e-06)	(3, 0.0)	(4, 0.0)	(5, 0.0)	(6, 0.0)	(7, 0.0)	(8, 0.0)	(9, 0.0)	(10, 5.670934498551587e-06)	(15, 0.18202905809520797)	(20, 1.8146990395365076e-05)	(25, 2.2683737994206347e-05)	(30, 0.11221078092284024)	(35, 1.9281177295075394e-05)	(40, 1.3610242796523809e-05)	(45, 3.742816769044047e-05)	(50, 4.423328908870238e-05)	(55, 2.154955109449603e-05)	(60, 3.629398079073015e-05)	(65, 2.8354672492757932e-05)	(70, 0.06262412966750518)	(75, 1.0207682097392856e-05)	(80, 3.28914200915992e-05)	(85, 2.381792489391666e-05)	(90, 2.381792489391666e-05)	(95, 3.629398079073015e-05)	(100, 0.12391105298025187)	(105, 2.4952111793626983e-05)	(110, 1.5878616595944444e-05)	(115, 0.12088390814492503)	(120, 0.00010547938167305952)	(125, 1.2476055896813491e-05)	(130, 3.28914200915992e-05)	(135, 3.175723319188889e-05)	(140, 0.00010547938167305952)	(145, 4.650166288812301e-05)	(150, 5.670934498551587e-06)	
/ | scratch | karcher | fastqc | 230804_PRISMA_Batch5_P3_for_Q | AAAWJV5HV_230321_MG_Batch5_23s001006-1-1_Gross_lane1165 | AAAWJV5HV_230321_MG_Batch5_23s001006-1-1_Gross_lane1165_1	(1, 0.0022827334715816777)	(2, 0.0049687839780526745)	(3, 4.094589186693592e-06)	(4, 0.286500452687544)	(5, 2.047294593346796e-06)	(6, 3.070941890020194e-05)	(7, 2.047294593346796e-06)	(8, 3.4804008086895534e-05)	(9, 1.2283767560080776e-05)	(10, 1.596889782810501e-05)	(15, 0.0)	(20, 4.094589186693592e-06)	(25, 0.0)	(30, 0.05826109061962579)	(35, 2.047294593346796e-06)	(40, 2.0063487014798604e-05)	(45, 3.275671349354874e-05)	(50, 2.4158076201492193e-05)	(55, 0.06048895659610577)	(60, 5.200128267100862e-05)	(65, 7.984448914052504e-05)	(70, 6.878909833645235e-05)	(75, 0.11802243871725611)	(80, 3.848913835491977e-05)	(85, 0.06025515555354556)	(90, 0.06022362721680803)	(95, 3.4394549168226176e-05)	(100, 1.7197274584113088e-05)	(105, 4.258372754161336e-05)	(110, 3.6851302680242334e-06)	(115, 5.8962084288387734e-05)	(120, 7.779719454717826e-06)	(125, 3.398509024955682e-05)	(130, 1.5149979990766291e-05)	(135, 1.2693226478750137e-05)	(140, 2.6614829713508348e-05)	(145, 8.598637292056544e-06)	(150, 4.094589186693592e-06)	
/ | scratch | karcher | fastqc | 230804_PRISMA_Batch5_P3_for_Q | AAAWJV5HV_230321_MG_Batch5_23s001006-1-1_Gross_lane1165 | AAAWJV5HV_230321_MG_Batch5_23s001006-1-1_Gross_lane1165_2	(1, 0.0)	(2, 0.0)	(3, 0.0)	(4, 0.0)	(5, 0.0)	(6, 0.0)	(7, 0.0)	(8, 0.0)	(9, 6.141883780040388e-06)	(10, 4.094589186693592e-06)	(15, 0.17684817318572693)	(20, 4.258372754161336e-05)	(25, 1.8016192421451807e-05)	(30, 0.11085813601729833)	(35, 3.6032384842903615e-05)	(40, 2.7024288632177706e-05)	(45, 6.878909833645235e-05)	(50, 3.971751511092785e-05)	(55, 1.678781566544373e-05)	(60, 4.258372754161336e-05)	(65, 4.42215632162908e-05)	(70, 0.060464798519904286)	(75, 2.2520240526814758e-05)	(80, 3.0299959981532583e-05)	(85, 3.234725457487938e-05)	(90, 2.2520240526814758e-05)	(95, 3.1528336737540664e-05)	(100, 0.1210024807273317)	(105, 1.3102685397419495e-05)	(110, 2.2520240526814758e-05)	(115, 0.11730383831499139)	(120, 0.00013839711451024342)	(125, 2.4158076201492193e-05)	(130, 5.1591823752339264e-05)	(135, 4.872561132165375e-05)	(140, 0.0001486335874769774)	(145, 6.551342698709747e-05)	(150, 1.0236472966733981e-05)	
/ | scratch | karcher | fastqc | 230804_PRISMA_Batch5_P3_for_Q | AAAWJV5HV_230321_MG_Batch5_23s001006-1-1_Gross_lane1166 | AAAWJV5HV_230321_MG_Batch5_23s001006-1-1_Gross_lane1166_1	(1, 0.002264295434904407)	(2, 0.004939768896545186)	(3, 0.0)	(4, 0.2976365656000464)	(5, 5.632575708717431e-06)	(6, 2.2530302834869722e-05)	(7, 0.0)	(8, 2.8162878543587152e-05)	(9, 1.689772712615229e-05)	(10, 1.8024242267895777e-05)	(15, 0.0)	(20, 3.3795454252304585e-06)	(25, 2.253030283486972e-06)	(30, 0.058864922216664124)	(35, 0.0)	(40, 1.5771211984408805e-05)	(45, 1.464469684266532e-05)	(50, 1.464469684266532e-05)	(55, 0.06427219489703286)	(60, 1.8024242267895777e-05)	(65, 4.956666623671339e-05)	(70, 5.294621166194384e-05)	(75, 0.1191796694207521)	(80, 2.365681797661321e-05)	(85, 0.06339576611675643)	(90, 0.0639601502027699)	(95, 3.4921969394048066e-05)	(100, 1.1265151417434861e-05)	(105, 2.365681797661321e-05)	(110, 6.759090850460917e-06)	(115, 3.379545425230458e-05)	(120, 2.1403787693126235e-05)	(125, 3.0415908827074123e-05)	(130, 3.3795454252304585e-06)	(135, 1.2391666559178347e-05)	(140, 1.9150757409639264e-05)	(145, 1.3518181700921834e-05)	(150, 0.0)	
/ | scratch | karcher | fastqc | 230804_PRISMA_Batch5_P3_for_Q | AAAWJV5HV_230321_MG_Batch5_23s001006-1-1_Gross_lane1166 | AAAWJV5HV_230321_MG_Batch5_23s001006-1-1_Gross_lane1166_2	(1, 0.0)	(2, 0.0)	(3, 0.0)	(4, 0.0)	(5, 0.0)	(6, 0.0)	(7, 0.0)	(8, 0.0)	(9, 0.0)	(10, 4.506060566973944e-06)	(15, 0.1829009984134724)	(20, 3.154242396881761e-05)	(25, 2.4783333118356694e-05)	(30, 0.11157005963827486)	(35, 2.5909848260100178e-05)	(40, 1.9150757409639264e-05)	(45, 6.083181765414825e-05)	(50, 3.379545425230458e-05)	(55, 1.689772712615229e-05)	(60, 3.154242396881761e-05)	(65, 2.8162878543587152e-05)	(70, 0.06345096535870184)	(75, 9.012121133947888e-06)	(80, 2.8162878543587152e-05)	(85, 2.1403787693126235e-05)	(90, 1.8024242267895777e-05)	(95, 3.379545425230458e-05)	(100, 0.12545548527540507)	(105, 1.8024242267895777e-05)	(110, 1.689772712615229e-05)	(115, 0.12053599365141127)	(120, 9.012121133947889e-05)	(125, 1.9150757409639264e-05)	(130, 3.4921969394048066e-05)	(135, 3.0415908827074123e-05)	(140, 0.00012616969587527044)	(145, 4.0554545102765496e-05)	(150, 0.0)	
/ | scratch | karcher | fastqc | 230804_PRISMA_Batch5_P3_for_Q | AAAWJV5HV_230321_MG_Batch5_23s001006-1-1_Gross_lane1167 | AAAWJV5HV_230321_MG_Batch5_23s001006-1-1_Gross_lane1167_1	(1, 0.0021603217535459407)	(2, 0.004653855088615676)	(3, 1.1107052717459849e-05)	(4, 0.28146382291315003)	(5, 0.0)	(6, 5.553526358729924e-06)	(7, 0.0)	(8, 2.2214105434919697e-05)	(9, 5.553526358729924e-06)	(10, 2.6656926521903633e-05)	(15, 0.0)	(20, 1.1107052717459849e-06)	(25, 1.1107052717459849e-06)	(30, 0.05922613720531115)	(35, 6.664231630475908e-06)	(40, 1.9992694891427726e-05)	(45, 2.2214105434919697e-05)	(50, 1.7771284347935758e-05)	(55, 0.05983924651531493)	(60, 1.7771284347935758e-05)	(65, 6.219949521777514e-05)	(70, 4.4428210869839394e-05)	(75, 0.11863443007518865)	(80, 3.221045288063356e-05)	(85, 0.05925057272128956)	(90, 0.06028241791874159)	(95, 3.998538978285545e-05)	(100, 1.2217757989205834e-05)	(105, 2.6656926521903633e-05)	(110, 0.0)	(115, 2.8878337065395604e-05)	(120, 7.774936902221893e-06)	(125, 2.443551597841167e-05)	(130, 1.1107052717459849e-06)	(135, 1.1107052717459849e-05)	(140, 2.2214105434919697e-05)	(145, 3.332115815237954e-06)	(150, 0.0)	
/ | scratch | karcher | fastqc | 230804_PRISMA_Batch5_P3_for_Q | AAAWJV5HV_230321_MG_Batch5_23s001006-1-1_Gross_lane1167 | AAAWJV5HV_230321_MG_Batch5_23s001006-1-1_Gross_lane1167_2	(1, 0.0)	(2, 0.0)	(3, 0.0)	(4, 0.0)	(5, 0.0)	(6, 0.0)	(7, 0.0)	(8, 0.0)	(9, 0.0)	(10, 2.2214105434919697e-06)	(15, 0.1756124998104859)	(20, 2.1103400163173713e-05)	(25, 1.7771284347935758e-05)	(30, 0.11129488963949118)	(35, 2.8878337065395604e-05)	(40, 3.6653273967617496e-05)	(45, 5.886737940253719e-05)	(50, 2.6656926521903633e-05)	(55, 2.776763179364962e-05)	(60, 2.332481070666568e-05)	(65, 4.331750559809341e-05)	(70, 0.06006027686439238)	(75, 8.885642173967879e-06)	(80, 3.332115815237955e-05)	(85, 1.5549873804443786e-05)	(90, 2.1103400163173713e-05)	(95, 2.554622125015765e-05)	(100, 0.1202349563717746)	(105, 2.332481070666568e-05)	(110, 1.888198961968174e-05)	(115, 0.11749484646637726)	(120, 9.440994809840871e-05)	(125, 1.4439168532697802e-05)	(130, 2.6656926521903633e-05)	(135, 2.6656926521903633e-05)	(140, 0.00011773475880507438)	(145, 4.664962141333136e-05)	(150, 2.776763179364962e-05)	
/ | scratch | karcher | fastqc | 230804_PRISMA_Batch5_P3_for_Q | AAAWJV5HV_230321_MG_Batch5_23s001006-1-1_Gross_lane1168 | AAAWJV5HV_230321_MG_Batch5_23s001006-1-1_Gross_lane1168_1	(1, 0.0023730355279814788)	(2, 0.004800145485172001)	(3, 4.159571477618718e-06)	(4, 0.28427759349489606)	(5, 4.159571477618718e-06)	(6, 1.6638285910474873e-05)	(7, 0.0)	(8, 3.535635755975911e-05)	(9, 1.0398928694046796e-05)	(10, 1.747020020599862e-05)	(15, 0.0)	(20, 3.743614329856847e-06)	(25, 4.1595714776187183e-07)	(30, 0.057821787153230046)	(35, 1.2478714432856155e-06)	(40, 1.580637161495113e-05)	(45, 2.038190024033172e-05)	(50, 1.123084298957054e-05)	(55, 0.0600554770367113)	(60, 2.287764312690295e-05)	(65, 4.492337195828216e-05)	(70, 4.7419114844853396e-05)	(75, 0.11774374194550978)	(80, 2.038190024033172e-05)	(85, 0.06002760790781125)	(90, 0.06005422916526801)	(95, 2.8701043195569156e-05)	(100, 1.4558500171665514e-05)	(105, 2.5373386013474182e-05)	(110, 4.1595714776187183e-07)	(115, 2.412551457018857e-05)	(120, 7.487228659713694e-06)	(125, 1.4974457319427388e-05)	(130, 2.079785738809359e-06)	(135, 8.319142955237437e-06)	(140, 1.2478714432856155e-05)	(145, 4.159571477618718e-06)	(150, 0.0)	
/ | scratch | karcher | fastqc | 230804_PRISMA_Batch5_P3_for_Q | AAAWJV5HV_230321_MG_Batch5_23s001006-1-1_Gross_lane1168 | AAAWJV5HV_230321_MG_Batch5_23s001006-1-1_Gross_lane1168_2	(1, 0.0)	(2, 0.0)	(3, 0.0)	(4, 0.0)	(5, 0.0)	(6, 0.0)	(7, 0.0)	(8, 0.0)	(9, 0.0)	(10, 0.0)	(15, 0.175238586780599)	(20, 2.162977168361734e-05)	(25, 1.4142543023903644e-05)	(30, 0.11032722600091562)	(35, 1.830211450152236e-05)	(40, 1.123084298957054e-05)	(45, 4.617124340156778e-05)	(50, 2.9117000343331028e-05)	(55, 1.4142543023903644e-05)	(60, 2.162977168361734e-05)	(65, 2.9117000343331028e-05)	(70, 0.06007211532262178)	(75, 4.159571477618718e-06)	(80, 2.6621257456759797e-05)	(85, 2.079785738809359e-05)	(90, 1.580637161495113e-05)	(95, 2.246168597914108e-05)	(100, 0.12131140640186336)	(105, 1.123084298957054e-05)	(110, 1.580637161495113e-05)	(115, 0.11593765600992773)	(120, 8.693504388223122e-05)	(125, 1.081488584180867e-05)	(130, 2.7869128900045416e-05)	(135, 2.495742886571231e-05)	(140, 9.234248680313555e-05)	(145, 3.660422900304472e-05)	(150, 4.159571477618718e-06)	
/ | scratch | karcher | fastqc | 230804_PRISMA_Batch5_P3_for_Q | AAAWJV5HV_230321_MG_Batch5_23s001006-1-1_Gross_lane1169 | AAAWJV5HV_230321_MG_Batch5_23s001006-1-1_Gross_lane1169_1	(1, 0.002394648071773514)	(2, 0.004859432279540395)	(3, 5.00972399952618e-06)	(4, 0.2862080369549304)	(5, 1.001944799905236e-05)	(6, 2.2543757997867812e-05)	(7, 2.50486199976309e-06)	(8, 3.256320599692017e-05)	(9, 1.252430999881545e-05)	(10, 1.6031116798483777e-05)	(15, 0.0)	(20, 7.0136135993366515e-06)	(25, 0.0)	(30, 0.0578187275957315)	(35, 0.0)	(40, 1.5029171998578542e-05)	(45, 1.8535978798246868e-05)	(50, 6.512641199384035e-06)	(55, 0.06049241729427862)	(60, 8.516530799194506e-06)	(65, 3.4066123196778024e-05)	(70, 5.2602101995024896e-05)	(75, 0.1181062471784295)	(80, 1.553014439853116e-05)	(85, 0.059947860295530134)	(90, 0.060571570933471146)	(95, 2.8054454397346606e-05)	(100, 1.4027227198673303e-05)	(105, 1.7033061598389012e-05)	(110, 1.001944799905236e-06)	(115, 1.4027227198673303e-05)	(120, 7.0136135993366515e-06)	(125, 1.6031116798483777e-05)	(130, 0.0)	(135, 2.003889599810472e-06)	(140, 7.0136135993366515e-06)	(145, 4.007779199620944e-06)	(150, 0.0)	
/ | scratch | karcher | fastqc | 230804_PRISMA_Batch5_P3_for_Q | AAAWJV5HV_230321_MG_Batch5_23s001006-1-1_Gross_lane1169 | AAAWJV5HV_230321_MG_Batch5_23s001006-1-1_Gross_lane1169_2	(1, 0.0)	(2, 0.0)	(3, 0.0)	(4, 0.0)	(5, 0.0)	(6, 0.0)	(7, 0.0)	(8, 0.0)	(9, 0.0)	(10, 0.0)	(15, 0.1760477130121494)	(20, 1.8535978798246868e-05)	(25, 1.3526254798720687e-05)	(30, 0.11070037218992995)	(35, 1.553014439853116e-05)	(40, 8.516530799194506e-06)	(45, 3.256320599692017e-05)	(50, 2.6551537197488753e-05)	(55, 9.017503199147125e-06)	(60, 2.053986839805734e-05)	(65, 1.803500639829425e-05)	(70, 0.06035515085669162)	(75, 3.005834399715708e-06)	(80, 2.7052509597441374e-05)	(85, 1.3526254798720687e-05)	(90, 4.007779199620944e-06)	(95, 2.2543757997867812e-05)	(100, 0.12102641529775332)	(105, 7.514585999289271e-06)	(110, 1.3526254798720687e-05)	(115, 0.11684028992374924)	(120, 5.3604046794930124e-05)	(125, 7.0136135993366515e-06)	(130, 2.8555426797299227e-05)	(135, 1.5029171998578542e-05)	(140, 8.165850119227674e-05)	(145, 2.4547647597678286e-05)	(150, 1.001944799905236e-05)	
/ | scratch | karcher | fastqc | 230804_PRISMA_Batch5_P3_for_Q | AAAWJV5HV_230321_MG_Batch5_23s001006-1-1_Gross_lane1170 | AAAWJV5HV_230321_MG_Batch5_23s001006-1-1_Gross_lane1170_1	(1, 0.0019521165253001908)	(2, 0.00488451667369485)	(3, 0.0)	(4, 0.28835549816577105)	(5, 1.690144177749083e-05)	(6, 4.2253604443727075e-05)	(7, 0.0)	(8, 2.5352162666236242e-05)	(9, 0.0)	(10, 1.8591585955239914e-05)	(15, 0.0)	(20, 5.070432533247249e-06)	(25, 0.0)	(30, 0.06064068295345935)	(35, 0.0)	(40, 1.183100924424358e-05)	(45, 1.3521153421992663e-05)	(50, 1.5211297599741746e-05)	(55, 0.06023504835079957)	(60, 1.183100924424358e-05)	(65, 3.5493027732730745e-05)	(70, 5.408461368797065e-05)	(75, 0.12105995701963355)	(80, 1.183100924424358e-05)	(85, 0.06039730219186348)	(90, 0.060863781984922226)	(95, 3.042259519948349e-05)	(100, 1.5211297599741746e-05)	(105, 2.366201848848716e-05)	(110, 0.0)	(115, 2.366201848848716e-05)	(120, 1.183100924424358e-05)	(125, 2.366201848848716e-05)	(130, 5.070432533247249e-06)	(135, 6.7605767109963315e-06)	(140, 3.3802883554981658e-06)	(145, 0.0)	(150, 0.0)	
/ | scratch | karcher | fastqc | 230804_PRISMA_Batch5_P3_for_Q | AAAWJV5HV_230321_MG_Batch5_23s001006-1-1_Gross_lane1170 | AAAWJV5HV_230321_MG_Batch5_23s001006-1-1_Gross_lane1170_2	(1, 0.0)	(2, 0.0)	(3, 0.0)	(4, 0.0)	(5, 0.0)	(6, 0.0)	(7, 0.0)	(8, 0.0)	(9, 0.0)	(10, 0.0)	(15, 0.17927190278966748)	(20, 3.2112739377232576e-05)	(25, 1.3521153421992663e-05)	(30, 0.11526614277830971)	(35, 1.8591585955239914e-05)	(40, 8.450720888745415e-06)	(45, 4.563389279922524e-05)	(50, 3.2112739377232576e-05)	(55, 6.7605767109963315e-06)	(60, 2.0281730132988995e-05)	(65, 2.366201848848716e-05)	(70, 0.06251167255822758)	(75, 5.070432533247249e-06)	(80, 5.239446951022157e-05)	(85, 3.5493027732730745e-05)	(90, 3.3802883554981658e-06)	(95, 3.2112739377232576e-05)	(100, 0.1200830536848946)	(105, 8.450720888745415e-06)	(110, 1.0140865066494498e-05)	(115, 0.12087742144843666)	(120, 6.422547875446515e-05)	(125, 1.690144177749083e-05)	(130, 3.718317191047983e-05)	(135, 1.5211297599741746e-05)	(140, 0.00010140865066494497)	(145, 6.591562293221423e-05)	(150, 0.0)	
/ | scratch | karcher | fastqc | 230804_PRISMA_Batch5_P3_for_Q | AAAWJV5HV_230321_MG_Batch5_23s001006-1-1_Gross_lane1171 | AAAWJV5HV_230321_MG_Batch5_23s001006-1-1_Gross_lane1171_1	(1, 0.002445420378032466)	(2, 0.004788145937039945)	(3, 8.557901585415452e-06)	(4, 0.2848711490245169)	(5, 8.557901585415452e-06)	(6, 1.4976327774477043e-05)	(7, 0.0)	(8, 4.06500325307234e-05)	(9, 1.925527856718477e-05)	(10, 1.9683173646455543e-05)	(15, 0.0)	(20, 3.423160634166181e-06)	(25, 1.7115803170830905e-06)	(30, 0.05832209930460631)	(35, 1.7115803170830905e-06)	(40, 1.8827383487913995e-05)	(45, 1.7115803170830904e-05)	(50, 1.283685237812318e-05)	(55, 0.0601333791751595)	(60, 1.454843269520627e-05)	(65, 3.679897681728645e-05)	(70, 5.134740951249272e-05)	(75, 0.11789365224068328)	(80, 1.8399488408643225e-05)	(85, 0.05993526375345713)	(90, 0.06026474296449562)	(95, 3.5087396500203355e-05)	(100, 1.3692642536664724e-05)	(105, 2.396212443916327e-05)	(110, 2.567370475624636e-06)	(115, 3.080844570749563e-05)	(120, 1.3692642536664724e-05)	(125, 2.781318015260022e-05)	(130, 1.7115803170830905e-06)	(135, 7.702111426873908e-06)	(140, 1.1553167140310862e-05)	(145, 9.413691743956998e-06)	(150, 0.0)	
/ | scratch | karcher | fastqc | 230804_PRISMA_Batch5_P3_for_Q | AAAWJV5HV_230321_MG_Batch5_23s001006-1-1_Gross_lane1171 | AAAWJV5HV_230321_MG_Batch5_23s001006-1-1_Gross_lane1171_2	(1, 0.0)	(2, 2.139475396353863e-06)	(3, 0.0)	(4, 0.0)	(5, 0.0)	(6, 0.0)	(7, 0.0)	(8, 0.0)	(9, 0.0)	(10, 2.995265554895409e-06)	(15, 0.1763312832166927)	(20, 1.9683173646455543e-05)	(25, 1.6687908091560133e-05)	(30, 0.11083637869827043)	(35, 1.5404222853747815e-05)	(40, 1.2408957298852406e-05)	(45, 4.492898332343113e-05)	(50, 3.1236340786766404e-05)	(55, 2.3106334280621723e-05)	(60, 2.866897031114177e-05)	(65, 2.0538963804997087e-05)	(70, 0.059737576226834024)	(75, 5.134740951249272e-06)	(80, 2.6529494914787906e-05)	(85, 2.481791459770481e-05)	(90, 2.0111068725726313e-05)	(95, 2.866897031114177e-05)	(100, 0.12048926379153979)	(105, 1.925527856718477e-05)	(110, 1.5404222853747815e-05)	(115, 0.11709819528831893)	(120, 7.231426839676059e-05)	(125, 1.1553167140310862e-05)	(130, 3.8082662055098765e-05)	(135, 2.5245809676975585e-05)	(140, 0.00010996903537258857)	(145, 4.450108824416036e-05)	(150, 6.41842618906159e-06)	
/ | scratch | karcher | fastqc | 230804_PRISMA_Batch5_P3_for_Q | AAAWJV5HV_230321_MG_Batch5_23s001006-1-1_Gross_lane1172 | AAAWJV5HV_230321_MG_Batch5_23s001006-1-1_Gross_lane1172_1	(1, 0.0022212830530246057)	(2, 0.005108119080738232)	(3, 1.663882436722551e-05)	(4, 0.3012459151686178)	(5, 8.319412183612755e-06)	(6, 3.327764873445102e-05)	(7, 0.0)	(8, 4.1597060918063774e-05)	(9, 1.663882436722551e-05)	(10, 1.3311059493780408e-05)	(15, 0.0)	(20, 1.663882436722551e-06)	(25, 6.655529746890204e-06)	(30, 0.059027893325169216)	(35, 4.991647310167653e-06)	(40, 2.4958236550838264e-05)	(45, 2.3294354114115713e-05)	(50, 2.828600142428337e-05)	(55, 0.06489640667948966)	(60, 2.3294354114115713e-05)	(65, 5.324423797512163e-05)	(70, 7.820247452595989e-05)	(75, 0.12168138647995687)	(80, 2.4958236550838264e-05)	(85, 0.06414266793565435)	(90, 0.06498625633107268)	(95, 3.660541360789612e-05)	(100, 2.9949883861005914e-05)	(105, 2.3294354114115713e-05)	(110, 6.655529746890204e-06)	(115, 3.660541360789612e-05)	(120, 2.3294354114115713e-05)	(125, 3.826929604461867e-05)	(130, 3.327764873445102e-06)	(135, 1.3311059493780408e-05)	(140, 2.6622118987560815e-05)	(145, 9.983294620335306e-06)	(150, 0.0)	
/ | scratch | karcher | fastqc | 230804_PRISMA_Batch5_P3_for_Q | AAAWJV5HV_230321_MG_Batch5_23s001006-1-1_Gross_lane1172 | AAAWJV5HV_230321_MG_Batch5_23s001006-1-1_Gross_lane1172_2	(1, 0.0)	(2, 0.0)	(3, 0.0)	(4, 0.0)	(5, 0.0)	(6, 0.0)	(7, 0.0)	(8, 8.319412183612755e-06)	(9, 0.0)	(10, 3.327764873445102e-06)	(15, 0.18665433175153576)	(20, 4.1597060918063774e-05)	(25, 2.1630471677393163e-05)	(30, 0.11464815541993065)	(35, 2.3294354114115713e-05)	(40, 3.826929604461867e-05)	(45, 7.321082721579224e-05)	(50, 5.158035553839908e-05)	(55, 3.660541360789612e-05)	(60, 3.993317848134122e-05)	(65, 2.828600142428337e-05)	(70, 0.06380157203612621)	(75, 1.1647177057057857e-05)	(80, 2.4958236550838264e-05)	(85, 2.9949883861005914e-05)	(90, 1.663882436722551e-05)	(95, 4.4924825791508876e-05)	(100, 0.12558319079407126)	(105, 1.4974941930502957e-05)	(110, 1.996658924067061e-05)	(115, 0.12260317734990116)	(120, 0.00011480788813385601)	(125, 2.828600142428337e-05)	(130, 5.657200284856674e-05)	(135, 4.825259066495398e-05)	(140, 0.00014642165443158448)	(145, 4.4924825791508876e-05)	(150, 1.663882436722551e-05)	
/ | scratch | karcher | fastqc | 230804_PRISMA_Batch5_P3_for_Q | AAAWJV5HV_230321_MG_Batch5_23s001006-1-1_Gross_lane1173 | AAAWJV5HV_230321_MG_Batch5_23s001006-1-1_Gross_lane1173_1	(1, 0.0022224944336932378)	(2, 0.004843847243433209)	(3, 1.984370030083248e-06)	(4, 0.2844753187726743)	(5, 3.968740060166496e-06)	(6, 1.984370030083248e-05)	(7, 0.0)	(8, 2.5796810391082224e-05)	(9, 3.968740060166496e-06)	(10, 2.103432231888243e-05)	(15, 0.0)	(20, 4.762488072199795e-06)	(25, 7.937480120332992e-07)	(30, 0.0586242437987494)	(35, 0.0)	(40, 1.7065582258715933e-05)	(45, 1.6668708252699283e-05)	(50, 1.1509346174482838e-05)	(55, 0.06020261172067762)	(60, 1.3493716204566087e-05)	(65, 3.174992048133197e-05)	(70, 4.762488072199795e-05)	(75, 0.118016041925135)	(80, 2.103432231888243e-05)	(85, 0.05994265924673671)	(90, 0.06034905822889776)	(95, 3.095617246929867e-05)	(100, 9.128102138382941e-06)	(105, 3.214679448734862e-05)	(110, 0.0)	(115, 1.984370030083248e-05)	(120, 8.334354126349642e-06)	(125, 1.7462456264732583e-05)	(130, 7.937480120332992e-07)	(135, 3.968740060166496e-06)	(140, 5.953110090249744e-06)	(145, 1.1112472168466189e-05)	(150, 0.0)	
/ | scratch | karcher | fastqc | 230804_PRISMA_Batch5_P3_for_Q | AAAWJV5HV_230321_MG_Batch5_23s001006-1-1_Gross_lane1173 | AAAWJV5HV_230321_MG_Batch5_23s001006-1-1_Gross_lane1173_2	(1, 0.0)	(2, 0.0)	(3, 0.0)	(4, 0.0)	(5, 0.0)	(6, 0.0)	(7, 0.0)	(8, 0.0)	(9, 0.0)	(10, 0.0)	(15, 0.17614816195642374)	(20, 1.904995228879918e-05)	(25, 1.2699968192532787e-05)	(30, 0.11101637508101934)	(35, 1.8256204276765882e-05)	(40, 8.334354126349642e-06)	(45, 4.5243636685898055e-05)	(50, 3.3734290511415216e-05)	(55, 1.230309418651614e-05)	(60, 2.460618837303228e-05)	(65, 1.6668708252699283e-05)	(70, 0.06028079589986289)	(75, 7.937480120332992e-06)	(80, 2.460618837303228e-05)	(85, 1.984370030083248e-05)	(90, 7.540606114316343e-06)	(95, 2.1431196324899082e-05)	(100, 0.12054809808352122)	(105, 9.92185015041624e-06)	(110, 1.3096842198549439e-05)	(115, 0.11702147566605726)	(120, 6.389671496868059e-05)	(125, 1.230309418651614e-05)	(130, 2.857492843319877e-05)	(135, 1.5874960240665984e-05)	(140, 9.802787948611245e-05)	(145, 3.968740060166496e-05)	(150, 3.968740060166496e-06)	
/ | scratch | karcher | fastqc | 230804_PRISMA_Batch5_P3_for_Q | AAAWJV5HV_230321_MG_Batch5_23s001006-1-1_Gross_lane1174 | AAAWJV5HV_230321_MG_Batch5_23s001006-1-1_Gross_lane1174_1	(1, 0.002209534089945664)	(2, 0.004960279900799367)	(3, 0.0)	(4, 0.28606515121592024)	(5, 2.4826225729726563e-06)	(6, 1.986098058378125e-05)	(7, 0.0)	(8, 4.9652451459453126e-05)	(9, 9.930490291890625e-06)	(10, 1.7874882525403124e-05)	(15, 0.0)	(20, 2.9791470875671875e-06)	(25, 5.461769660539844e-06)	(30, 0.058369932362189306)	(35, 9.930490291890626e-07)	(40, 2.284012767134844e-05)	(45, 1.6881833496214064e-05)	(50, 1.886793155459219e-05)	(55, 0.05970905897805076)	(60, 1.3406161894052343e-05)	(65, 2.0357505098375782e-05)	(70, 6.107251529512734e-05)	(75, 0.11792556526523036)	(80, 1.8371407039997656e-05)	(85, 0.060092375903317743)	(90, 0.060348582552848515)	(95, 3.872891213837344e-05)	(100, 2.38331767005375e-05)	(105, 1.539225995243047e-05)	(110, 7.9443922335125e-06)	(115, 3.773586310918438e-05)	(120, 1.7874882525403124e-05)	(125, 3.376366699242813e-05)	(130, 4.965245145945313e-07)	(135, 3.97219611675625e-06)	(140, 1.3406161894052343e-05)	(145, 9.930490291890625e-06)	(150, 4.965245145945313e-06)	
/ | scratch | karcher | fastqc | 230804_PRISMA_Batch5_P3_for_Q | AAAWJV5HV_230321_MG_Batch5_23s001006-1-1_Gross_lane1174 | AAAWJV5HV_230321_MG_Batch5_23s001006-1-1_Gross_lane1174_2	(1, 0.0)	(2, 4.965245145945313e-06)	(3, 0.0)	(4, 0.0)	(5, 0.0)	(6, 0.0)	(7, 0.0)	(8, 0.0)	(9, 0.0)	(10, 6.951343204323437e-06)	(15, 0.17635110837305426)	(20, 2.5322750244321094e-05)	(25, 2.4826225729726563e-05)	(30, 0.11072546327909508)	(35, 1.142006383567422e-05)	(40, 8.937441262701562e-06)	(45, 4.3694157284318753e-05)	(50, 3.2770617963239065e-05)	(55, 2.2343603156753908e-05)	(60, 3.0287995390266407e-05)	(65, 2.581927475891563e-05)	(70, 0.059898731342625876)	(75, 9.930490291890625e-06)	(80, 2.581927475891563e-05)	(85, 2.4329701215132028e-05)	(90, 2.0854029612970314e-05)	(95, 4.3694157284318753e-05)	(100, 0.12044443412776841)	(105, 2.38331767005375e-05)	(110, 1.489573543783594e-05)	(115, 0.1174583356969969)	(120, 8.738831456863751e-05)	(125, 1.886793155459219e-05)	(130, 4.2701108255129683e-05)	(135, 2.979147087567188e-05)	(140, 9.384313325836641e-05)	(145, 3.872891213837344e-05)	(150, 2.2343603156753908e-05)	
/ | scratch | karcher | fastqc | 230804_PRISMA_Batch5_P3_for_Q | AAAWJV5HV_230321_MG_Batch5_23s001006-1-1_Gross_lane1175 | AAAWJV5HV_230321_MG_Batch5_23s001006-1-1_Gross_lane1175_1	(1, 0.002200036870121448)	(2, 0.004725788418709457)	(3, 5.851161888620871e-06)	(4, 0.28683955887856477)	(5, 1.950387296206957e-06)	(6, 2.7305422146897395e-05)	(7, 0.0)	(8, 2.7305422146897395e-05)	(9, 9.751936481034785e-06)	(10, 2.4574879932207656e-05)	(15, 0.0)	(20, 3.1206196739311314e-06)	(25, 2.3404647554483485e-06)	(30, 0.058157428553217524)	(35, 2.3404647554483485e-06)	(40, 2.2624492636000704e-05)	(45, 2.5355034850690442e-05)	(50, 1.716340820662122e-05)	(55, 0.06076509636824623)	(60, 1.911379550282818e-05)	(65, 4.485890781276001e-05)	(70, 6.35826258563468e-05)	(75, 0.11727522781108735)	(80, 2.4574879932207656e-05)	(85, 0.06056537670911464)	(90, 0.06075144365717278)	(95, 3.276650657627688e-05)	(100, 1.638325328813844e-05)	(105, 2.5745112309931834e-05)	(110, 3.5106971331725226e-06)	(115, 3.4716893872483835e-05)	(120, 1.404278853269009e-05)	(125, 3.705735862793218e-05)	(130, 4.680929510896697e-06)	(135, 6.241239347862263e-06)	(140, 2.2624492636000704e-05)	(145, 7.021394266345045e-06)	(150, 0.0)	
/ | scratch | karcher | fastqc | 230804_PRISMA_Batch5_P3_for_Q | AAAWJV5HV_230321_MG_Batch5_23s001006-1-1_Gross_lane1175 | AAAWJV5HV_230321_MG_Batch5_23s001006-1-1_Gross_lane1175_2	(1, 0.0)	(2, 0.0)	(3, 3.900774592413914e-06)	(4, 0.0)	(5, 0.0)	(6, 0.0)	(7, 0.0)	(8, 0.0)	(9, 0.0)	(10, 3.5106971331725226e-06)	(15, 0.17706669084106708)	(20, 3.393673895400105e-05)	(25, 2.223441517675931e-05)	(30, 0.11117363619363352)	(35, 2.4184802472966265e-05)	(40, 1.716340820662122e-05)	(45, 4.719937256820836e-05)	(50, 3.62772037094494e-05)	(55, 1.911379550282818e-05)	(60, 3.588712625020801e-05)	(65, 2.808557706538018e-05)	(70, 0.06061530662389754)	(75, 8.58170410331061e-06)	(80, 4.173828813882888e-05)	(85, 2.7305422146897395e-05)	(90, 1.638325328813844e-05)	(95, 3.939782338338053e-05)	(100, 0.12232087974637475)	(105, 2.4184802472966265e-05)	(110, 1.4822943451172875e-05)	(115, 0.11748040855464834)	(120, 0.00010688122383214124)	(125, 2.223441517675931e-05)	(130, 4.251844305731166e-05)	(135, 3.4716893872483835e-05)	(140, 0.00010883161112834819)	(145, 4.953983732365671e-05)	(150, 1.1702323777241741e-05)	
/ | scratch | karcher | fastqc | 230804_PRISMA_Batch5_P3_for_Q | AAAWJV5HV_230321_MG_Batch5_23s001006-1-1_Gross_lane1176 | AAAWJV5HV_230321_MG_Batch5_23s001006-1-1_Gross_lane1176_1	(1, 0.0022509098260599047)	(2, 0.004960309828583139)	(3, 6.154230556554764e-06)	(4, 0.28807953235232847)	(5, 1.538557639138691e-06)	(6, 4.3079613895883345e-05)	(7, 0.0)	(8, 2.7694037504496436e-05)	(9, 1.0769903473970836e-05)	(10, 1.7231845558353337e-05)	(15, 0.0)	(20, 4.000249861760596e-06)	(25, 3.3848268061051196e-06)	(30, 0.058346721349056566)	(35, 2.4616922226219056e-06)	(40, 2.3078364587080363e-05)	(45, 2.4001499170563577e-05)	(50, 1.5693287919214648e-05)	(55, 0.06083703074376645)	(60, 1.2308461113109528e-05)	(65, 3.169428736625703e-05)	(70, 7.631245890127906e-05)	(75, 0.11812122418723384)	(80, 2.7078614448840956e-05)	(85, 0.06081272153306807)	(90, 0.06091857429864081)	(95, 4.5849017646332984e-05)	(100, 2.2462941531424887e-05)	(105, 1.9385826253147503e-05)	(110, 4.923384445243811e-06)	(115, 4.523359459067751e-05)	(120, 2.000124930880298e-05)	(125, 4.3079613895883345e-05)	(130, 3.077115278277382e-07)	(135, 2.153980694794167e-06)	(140, 2.061667236445846e-05)	(145, 1.0154480418315359e-05)	(150, 0.0)	
/ | scratch | karcher | fastqc | 230804_PRISMA_Batch5_P3_for_Q | AAAWJV5HV_230321_MG_Batch5_23s001006-1-1_Gross_lane1176 | AAAWJV5HV_230321_MG_Batch5_23s001006-1-1_Gross_lane1176_2	(1, 0.0)	(2, 3.077115278277382e-06)	(3, 1.69241340305256e-05)	(4, 0.0)	(5, 0.0)	(6, 0.0)	(7, 0.0)	(8, 0.0)	(9, 0.0)	(10, 5.846519028727025e-06)	(15, 0.17729815123836964)	(20, 3.846394097846727e-05)	(25, 2.6463191393185484e-05)	(30, 0.11100385654857826)	(35, 1.5693287919214648e-05)	(40, 1.5693287919214648e-05)	(45, 5.138782514723228e-05)	(50, 3.169428736625703e-05)	(55, 2.7694037504496436e-05)	(60, 4.154105625674465e-05)	(65, 2.677090292101322e-05)	(70, 0.060937960124893956)	(75, 9.846768890487622e-06)	(80, 3.200199889408477e-05)	(85, 2.33860761149081e-05)	(90, 1.9693537780975245e-05)	(95, 4.5849017646332984e-05)	(100, 0.12149281939764238)	(105, 2.677090292101322e-05)	(110, 1.4770153335731432e-05)	(115, 0.11724947742889787)	(120, 0.00010831445779536383)	(125, 2.061667236445846e-05)	(130, 4.215647931240013e-05)	(135, 3.538682570018989e-05)	(140, 0.00011754580363019599)	(145, 4.738757528547168e-05)	(150, 6.154230556554764e-06)	
/ | scratch | karcher | fastqc | 230804_PRISMA_Batch5_P3_for_Q | AAAWJV5HV_230321_MG_Batch5_23s001006-1-1_Gross_lane1177 | AAAWJV5HV_230321_MG_Batch5_23s001006-1-1_Gross_lane1177_1	(1, 0.002383568497603406)	(2, 0.004898934312133118)	(3, 8.412594697423786e-06)	(4, 0.30356006706183986)	(5, 2.8041982324745952e-06)	(6, 2.804198232474595e-05)	(7, 0.0)	(8, 3.3650378789695144e-05)	(9, 5.6083964649491905e-06)	(10, 1.6825189394847572e-05)	(15, 0.0)	(20, 8.973434343918705e-06)	(25, 7.851755050928867e-06)	(30, 0.05753710017356024)	(35, 2.243358585979676e-06)	(40, 2.2994425506291684e-05)	(45, 2.6920303031756114e-05)	(50, 2.8602821971240873e-05)	(55, 0.06523125928382403)	(60, 3.925877525464434e-05)	(65, 6.281404040743094e-05)	(70, 7.68350315698039e-05)	(75, 0.11930573547992464)	(80, 4.318465278010877e-05)	(85, 0.06435578859564547)	(90, 0.0649469135830511)	(95, 3.3089539143200226e-05)	(100, 3.53328977291799e-05)	(105, 2.411610479928152e-05)	(110, 5.047556818454271e-06)	(115, 4.262381313361385e-05)	(120, 1.5142670455362815e-05)	(125, 4.4867171719593524e-05)	(130, 2.1311906566806925e-05)	(135, 2.35552651527866e-05)	(140, 2.8602821971240873e-05)	(145, 1.0655953283403462e-05)	(150, 3.0846180557220545e-05)	
/ | scratch | karcher | fastqc | 230804_PRISMA_Batch5_P3_for_Q | AAAWJV5HV_230321_MG_Batch5_23s001006-1-1_Gross_lane1177 | AAAWJV5HV_230321_MG_Batch5_23s001006-1-1_Gross_lane1177_2	(1, 0.0)	(2, 0.0)	(3, 1.1216792929898381e-05)	(4, 0.0)	(5, 0.0)	(6, 0.0)	(7, 0.0)	(8, 2.523778409227136e-05)	(9, 3.645457702216974e-05)	(10, 4.486717171959352e-06)	(15, 0.18406196358316748)	(20, 4.150213384062401e-05)	(25, 2.7481142678251033e-05)	(30, 0.11071647629385496)	(35, 3.869793560814941e-05)	(40, 4.71105303055732e-05)	(45, 8.24434280347531e-05)	(50, 5.1036407831037635e-05)	(55, 2.4676944445776436e-05)	(60, 4.4306332073098605e-05)	(65, 3.81370959616545e-05)	(70, 0.0641415478506844)	(75, 2.35552651527866e-05)	(80, 5.159724747753256e-05)	(85, 3.9819614901139256e-05)	(90, 4.542801136608844e-05)	(95, 3.140702020371547e-05)	(100, 0.12713898282251918)	(105, 2.2433585859796762e-05)	(110, 2.0751066920312006e-05)	(115, 0.11976169811252502)	(120, 0.0001267497601078517)	(125, 4.318465278010877e-05)	(130, 6.337488005392584e-05)	(135, 3.9819614901139256e-05)	(140, 0.0001469399873816688)	(145, 4.823220959856304e-05)	(150, 2.2433585859796762e-05)	
/ | scratch | karcher | fastqc | 230804_PRISMA_Batch5_P3_for_Q | AAAWJV5HV_230321_MG_Batch5_23s001006-1-1_Gross_lane1178 | AAAWJV5HV_230321_MG_Batch5_23s001006-1-1_Gross_lane1178_1	(1, 0.0022893764457158905)	(2, 0.004915019451868924)	(3, 9.212782477729942e-06)	(4, 0.2857160229818387)	(5, 2.3031956194324854e-06)	(6, 3.2244738672054796e-05)	(7, 2.3031956194324854e-06)	(8, 3.2244738672054796e-05)	(9, 1.8425564955459883e-05)	(10, 1.980748232711937e-05)	(15, 0.0)	(20, 3.6851129910919762e-06)	(25, 3.224473867205479e-06)	(30, 0.05784982501240962)	(35, 1.8425564955459881e-06)	(40, 1.9346843203232877e-05)	(45, 1.704364758380039e-05)	(50, 1.5201091088254402e-05)	(55, 0.060188950483505255)	(60, 1.6583008459913895e-05)	(65, 2.1650038822665363e-05)	(70, 5.481605574249315e-05)	(75, 0.11774258453925585)	(80, 2.2110677946551857e-05)	(85, 0.05989598400071344)	(90, 0.060574505430198246)	(95, 3.2244738672054796e-05)	(100, 1.8425564955459883e-05)	(105, 2.1650038822665363e-05)	(110, 5.067030362751468e-06)	(115, 3.0402182176508804e-05)	(120, 1.1976617221048922e-05)	(125, 3.500857341537378e-05)	(130, 9.212782477729941e-07)	(135, 3.6851129910919762e-06)	(140, 2.349259531821135e-05)	(145, 6.448947734410958e-06)	(150, 2.3031956194324854e-06)	
/ | scratch | karcher | fastqc | 230804_PRISMA_Batch5_P3_for_Q | AAAWJV5HV_230321_MG_Batch5_23s001006-1-1_Gross_lane1178 | AAAWJV5HV_230321_MG_Batch5_23s001006-1-1_Gross_lane1178_2	(1, 0.0)	(2, 2.3031956194324854e-06)	(3, 6.909586858297455e-06)	(4, 0.0)	(5, 0.0)	(6, 0.0)	(7, 0.0)	(8, 0.0)	(9, 0.0)	(10, 4.145752114978474e-06)	(15, 0.17586695046950182)	(20, 2.303195619432485e-05)	(25, 1.9346843203232877e-05)	(30, 0.11074179113442888)	(35, 1.8425564955459883e-05)	(40, 1.2897895468821917e-05)	(45, 4.744582976030919e-05)	(50, 3.2244738672054796e-05)	(55, 2.349259531821135e-05)	(60, 3.5469212539260275e-05)	(65, 2.1189399698778862e-05)	(70, 0.06010972055419678)	(75, 8.291504229956947e-06)	(80, 3.7772408158692754e-05)	(85, 1.980748232711937e-05)	(90, 3.13234604242818e-05)	(95, 3.362665604371429e-05)	(100, 0.12062019714617479)	(105, 2.026812145100587e-05)	(110, 1.6122369336027398e-05)	(115, 0.11728701244573211)	(120, 9.903741163559686e-05)	(125, 1.56617302121409e-05)	(130, 4.3300077645330726e-05)	(135, 3.08628213003953e-05)	(140, 0.00010686827674166732)	(145, 4.1918160273671234e-05)	(150, 1.1515978097162425e-05)	
/ | scratch | karcher | fastqc | 230804_PRISMA_Batch5_P3_for_Q | AAAWJV5HV_230321_MG_Batch5_23s001006-1-1_Gross_lane1179 | AAAWJV5HV_230321_MG_Batch5_23s001006-1-1_Gross_lane1179_1	(1, 0.002336226837109261)	(2, 0.005071028859172414)	(3, 4.802110662095089e-06)	(4, 0.2851709406131858)	(5, 7.203165993142633e-06)	(6, 2.4010553310475446e-05)	(7, 0.0)	(8, 3.3614774634665624e-05)	(9, 9.604221324190178e-06)	(10, 1.728759838354232e-05)	(15, 0.0)	(20, 3.841688529676071e-06)	(25, 2.8812663972570536e-06)	(30, 0.05771608783665467)	(35, 1.4406331986285268e-06)	(40, 2.4010553310475446e-05)	(45, 2.1129286913218394e-05)	(50, 1.5366754118704286e-05)	(55, 0.06057862600232955)	(60, 1.6807387317332812e-05)	(65, 3.601582996571317e-05)	(70, 5.858575007756009e-05)	(75, 0.11758976399378868)	(80, 2.8812663972570533e-05)	(85, 0.060493148432544254)	(90, 0.06053396637317207)	(95, 3.6496041031922676e-05)	(100, 1.6807387317332812e-05)	(105, 3.3614774634665624e-05)	(110, 2.4010553310475444e-06)	(115, 3.409498570087513e-05)	(120, 1.6327176251123303e-05)	(125, 3.3134563568456115e-05)	(130, 3.3614774634665627e-06)	(135, 7.683377059352143e-06)	(140, 1.1525065589028214e-05)	(145, 1.5366754118704286e-05)	(150, 0.0)	
/ | scratch | karcher | fastqc | 230804_PRISMA_Batch5_P3_for_Q | AAAWJV5HV_230321_MG_Batch5_23s001006-1-1_Gross_lane1179 | AAAWJV5HV_230321_MG_Batch5_23s001006-1-1_Gross_lane1179_2	(1, 0.0)	(2, 0.0)	(3, 0.0)	(4, 0.0)	(5, 0.0)	(6, 0.0)	(7, 0.0)	(8, 0.0)	(9, 0.0)	(10, 2.4010553310475444e-06)	(15, 0.17676089136105813)	(20, 3.21741414360371e-05)	(25, 1.872823158217085e-05)	(30, 0.11094028135998558)	(35, 2.0168864780799373e-05)	(40, 1.0564643456609197e-05)	(45, 5.618469474651255e-05)	(50, 4.6580473422322366e-05)	(55, 2.0649075847008885e-05)	(60, 3.697625209813219e-05)	(65, 2.4010553310475446e-05)	(70, 0.06017332786244872)	(75, 1.1525065589028214e-05)	(80, 2.9292875038780045e-05)	(85, 3.169393036982759e-05)	(90, 2.5451186509103975e-05)	(95, 3.697625209813219e-05)	(100, 0.12091810689368676)	(105, 1.9208442648380355e-05)	(110, 1.728759838354232e-05)	(115, 0.11740248167796696)	(120, 9.700263537432081e-05)	(125, 2.737203077394201e-05)	(130, 4.802110662095089e-05)	(135, 2.8812663972570533e-05)	(140, 0.0001286965657441484)	(145, 5.4263850481674505e-05)	(150, 7.203165993142633e-06)	
/ | scratch | karcher | fastqc | 230804_PRISMA_Batch5_P3_for_Q | AAAWJV5HV_230321_MG_Batch5_23s001006-1-1_Gross_lane1180 | AAAWJV5HV_230321_MG_Batch5_23s001006-1-1_Gross_lane1180_1	(1, 0.0023530430493931974)	(2, 0.004786761860479875)	(3, 0.0)	(4, 0.2928530149473362)	(5, 0.0)	(6, 6.722980141123421e-06)	(7, 0.0)	(8, 1.3445960282246842e-05)	(9, 0.0)	(10, 1.2101364254022158e-05)	(15, 0.0)	(20, 1.3445960282246842e-06)	(25, 0.0)	(30, 0.059018353466866055)	(35, 2.6891920564493683e-06)	(40, 2.1513536451594947e-05)	(45, 2.4202728508044315e-05)	(50, 1.7479748366920896e-05)	(55, 0.06299029013424177)	(60, 1.7479748366920896e-05)	(65, 7.395278155235762e-05)	(70, 4.571626495963926e-05)	(75, 0.11954130988931554)	(80, 2.1513536451594947e-05)	(85, 0.06264607355101626)	(90, 0.06224941772268997)	(95, 1.613515233869621e-05)	(100, 1.3445960282246842e-05)	(105, 6.722980141123421e-06)	(110, 2.6891920564493683e-06)	(115, 3.0925708649167734e-05)	(120, 1.0756768225797473e-05)	(125, 1.613515233869621e-05)	(130, 1.2101364254022158e-05)	(135, 1.3445960282246842e-05)	(140, 1.7479748366920896e-05)	(145, 1.2101364254022158e-05)	(150, 2.016894042337026e-05)	
/ | scratch | karcher | fastqc | 230804_PRISMA_Batch5_P3_for_Q | AAAWJV5HV_230321_MG_Batch5_23s001006-1-1_Gross_lane1180 | AAAWJV5HV_230321_MG_Batch5_23s001006-1-1_Gross_lane1180_2	(1, 0.0)	(2, 0.0)	(3, 0.0)	(4, 0.0)	(5, 0.0)	(6, 0.0)	(7, 0.0)	(8, 0.0)	(9, 0.0)	(10, 4.0337880846740525e-06)	(15, 0.18141692991615904)	(20, 1.0756768225797473e-05)	(25, 2.4202728508044315e-05)	(30, 0.11187173414432194)	(35, 3.495949673384179e-05)	(40, 4.168247687496521e-05)	(45, 6.722980141123421e-05)	(50, 2.6891920564493683e-05)	(55, 1.3445960282246842e-05)	(60, 1.613515233869621e-05)	(65, 5.647303318543674e-05)	(70, 0.0618097348214605)	(75, 1.3445960282246842e-05)	(80, 3.8993284818515836e-05)	(85, 2.285813247981963e-05)	(90, 2.4202728508044315e-05)	(95, 1.613515233869621e-05)	(100, 0.1249156602141296)	(105, 8.067576169348105e-06)	(110, 2.016894042337026e-05)	(115, 0.11979409394262178)	(120, 7.529737758058231e-05)	(125, 2.5547324536269e-05)	(130, 3.0925708649167734e-05)	(135, 1.3445960282246842e-05)	(140, 0.00013445960282246842)	(145, 2.5547324536269e-05)	(150, 2.016894042337026e-05)	
/ | scratch | karcher | fastqc | 230804_PRISMA_Batch5_P3_for_Q | AAAWJV5HV_230321_MG_Batch5_23s001006-1-1_Gross_lane1181 | AAAWJV5HV_230321_MG_Batch5_23s001006-1-1_Gross_lane1181_1	(1, 0.0023068250163181384)	(2, 0.005157848836068322)	(3, 4.815918614442877e-06)	(4, 0.2860848293723647)	(5, 2.4079593072214385e-06)	(6, 3.13034709938787e-05)	(7, 0.0)	(8, 3.371143030110014e-05)	(9, 1.9263674457771508e-05)	(10, 2.4561184933658672e-05)	(15, 0.0)	(20, 4.33432675299859e-06)	(25, 0.0)	(30, 0.05855290169811939)	(35, 2.8895511686657265e-06)	(40, 2.35980012107701e-05)	(45, 1.6374123289105785e-05)	(50, 2.8413919825212973e-05)	(55, 0.060325159748234373)	(60, 4.1898491945653035e-05)	(65, 9.583678042741325e-05)	(70, 5.4901472204648804e-05)	(75, 0.11825151043461475)	(80, 4.671441056009591e-05)	(85, 0.06028904035862605)	(90, 0.06049805122649287)	(95, 3.274824657821157e-05)	(100, 1.4447755843328633e-05)	(105, 3.611938960832158e-05)	(110, 4.33432675299859e-06)	(115, 4.141690008420875e-05)	(120, 6.742286060220028e-06)	(125, 2.6969144240880113e-05)	(130, 1.9745266319215797e-05)	(135, 1.685571515055007e-05)	(140, 2.552436865654725e-05)	(145, 9.150245367441467e-06)	(150, 9.631837228885754e-06)	
/ | scratch | karcher | fastqc | 230804_PRISMA_Batch5_P3_for_Q | AAAWJV5HV_230321_MG_Batch5_23s001006-1-1_Gross_lane1181 | AAAWJV5HV_230321_MG_Batch5_23s001006-1-1_Gross_lane1181_2	(1, 0.0)	(2, 0.0)	(3, 0.0)	(4, 0.0)	(5, 0.0)	(6, 0.0)	(7, 0.0)	(8, 2.4079593072214385e-06)	(9, 0.0)	(10, 4.815918614442877e-06)	(15, 0.1766604161661623)	(20, 2.7450736102324402e-05)	(25, 1.6374123289105785e-05)	(30, 0.1115145218848706)	(35, 4.2861675668541606e-05)	(40, 3.804575705409873e-05)	(45, 6.405171757209026e-05)	(50, 3.563779774687729e-05)	(55, 1.8300490734882934e-05)	(60, 3.371143030110014e-05)	(65, 4.71960024215402e-05)	(70, 0.06017827423049386)	(75, 2.5042776795102964e-05)	(80, 5.345669662031594e-05)	(85, 3.9490532638431594e-05)	(90, 2.4079593072214387e-05)	(95, 3.0821879132434414e-05)	(100, 0.1217069320404775)	(105, 1.3966163981884344e-05)	(110, 1.7818898873438645e-05)	(115, 0.1175300858261712)	(120, 0.0001223243328068491)	(125, 3.0821879132434414e-05)	(130, 4.6232818698651625e-05)	(135, 4.3824859391430184e-05)	(140, 0.0001483302933248406)	(145, 5.441988034320452e-05)	(150, 2.6487552379435824e-05)	
/ | scratch | karcher | fastqc | 230804_PRISMA_Batch5_P3_for_Q | AAAWJV5HV_230321_MG_Batch5_23s001006-1-1_Gross_lane1182 | AAAWJV5HV_230321_MG_Batch5_23s001006-1-1_Gross_lane1182_1	(1, 0.0022546733346977114)	(2, 0.004987337416351338)	(3, 1.8037386677581688e-05)	(4, 0.2852026487992523)	(5, 2.254673334697711e-06)	(6, 2.0292060012279402e-05)	(7, 0.0)	(8, 4.283879335925652e-05)	(9, 1.5782713342883978e-05)	(10, 2.435047201473528e-05)	(15, 0.0)	(20, 5.411216003274507e-06)	(25, 4.058412002455881e-06)	(30, 0.058060543976467704)	(35, 3.6074773355163384e-06)	(40, 2.8408884017191162e-05)	(45, 2.4801406681674822e-05)	(50, 2.1193929346158486e-05)	(55, 0.060296728989820886)	(60, 2.1644864013098028e-05)	(65, 3.111449201882842e-05)	(70, 8.522665205157349e-05)	(75, 0.11755280552046844)	(80, 2.7507014683312078e-05)	(85, 0.05995762612028236)	(90, 0.060545193991304584)	(95, 4.5093466693954224e-05)	(100, 2.3448602680856196e-05)	(105, 1.758645201064215e-05)	(110, 4.960281336334965e-06)	(115, 3.51729040212843e-05)	(120, 1.7135517343702607e-05)	(125, 5.0955617364168274e-05)	(130, 1.3528040008186267e-06)	(135, 1.3528040008186267e-06)	(140, 2.615421068249345e-05)	(145, 8.567758671851304e-06)	(150, 2.254673334697711e-06)	
/ | scratch | karcher | fastqc | 230804_PRISMA_Batch5_P3_for_Q | AAAWJV5HV_230321_MG_Batch5_23s001006-1-1_Gross_lane1182 | AAAWJV5HV_230321_MG_Batch5_23s001006-1-1_Gross_lane1182_2	(1, 0.0)	(2, 4.509346669395422e-06)	(3, 0.0)	(4, 0.0)	(5, 0.0)	(6, 0.0)	(7, 0.0)	(8, 0.0)	(9, 0.0)	(10, 6.313085337153592e-06)	(15, 0.17550151769953515)	(20, 3.382010002046567e-05)	(25, 2.795794935025162e-05)	(30, 0.11095472947380908)	(35, 1.8939256011460772e-05)	(40, 1.8939256011460772e-05)	(45, 5.817057203520095e-05)	(50, 3.20163613527075e-05)	(55, 3.021262268494933e-05)	(60, 4.779907469559148e-05)	(65, 2.795794935025162e-05)	(70, 0.060135745313723475)	(75, 1.4429909342065354e-05)	(80, 3.382010002046567e-05)	(85, 2.615421068249345e-05)	(90, 2.660514534943299e-05)	(95, 4.779907469559148e-05)	(100, 0.12131675718541281)	(105, 2.931075335107025e-05)	(110, 1.9390190678400318e-05)	(115, 0.1164904034451589)	(120, 0.000101460300061397)	(125, 1.397897467512581e-05)	(130, 4.37406626931356e-05)	(135, 4.644627069477285e-05)	(140, 0.00012626170674307182)	(145, 4.148598935843789e-05)	(150, 1.8037386677581688e-05)	
/ | scratch | karcher | fastqc | 230804_PRISMA_Batch5_P3_for_Q | AAAWJV5HV_230321_MG_Batch5_23s001006-1-1_Gross_lane1183 | AAAWJV5HV_230321_MG_Batch5_23s001006-1-1_Gross_lane1183_1	(1, 0.0022889640722779225)	(2, 0.004809448448562377)	(3, 6.173874773507546e-06)	(4, 0.2896890086538277)	(5, 6.173874773507546e-06)	(6, 2.3152030400653293e-05)	(7, 0.0)	(8, 2.4695499094030183e-05)	(9, 1.2347749547015091e-05)	(10, 2.160856170727641e-05)	(15, 0.0)	(20, 5.247793557481413e-06)	(25, 3.086937386753773e-07)	(30, 0.058185065415444506)	(35, 2.469549909403018e-06)	(40, 1.6052074411119615e-05)	(45, 1.018689337628745e-05)	(50, 1.821293058184726e-05)	(55, 0.061592735596682)	(60, 2.2534642923302543e-05)	(65, 2.6238967787407066e-05)	(70, 5.1551854358788e-05)	(75, 0.11868193823982892)	(80, 1.4817299456418108e-05)	(85, 0.060958678657442776)	(90, 0.06152513166791209)	(95, 3.303023003826537e-05)	(100, 1.6669461888470372e-05)	(105, 1.3273830763041221e-05)	(110, 6.173874773507545e-07)	(115, 2.8091130219459333e-05)	(120, 4.321712341455282e-06)	(125, 2.376941787800405e-05)	(130, 3.39563112542915e-06)	(135, 7.408649728209054e-06)	(140, 1.4199911979067355e-05)	(145, 3.086937386753773e-06)	(150, 0.0)	
/ | scratch | karcher | fastqc | 230804_PRISMA_Batch5_P3_for_Q | AAAWJV5HV_230321_MG_Batch5_23s001006-1-1_Gross_lane1183 | AAAWJV5HV_230321_MG_Batch5_23s001006-1-1_Gross_lane1183_2	(1, 0.0)	(2, 0.0)	(3, 0.0)	(4, 0.0)	(5, 0.0)	(6, 0.0)	(7, 0.0)	(8, 0.0)	(9, 0.0)	(10, 0.0)	(15, 0.17853641939402987)	(20, 1.6052074411119615e-05)	(25, 1.5743380672444242e-05)	(30, 0.11146560471081463)	(35, 2.3460724139328673e-05)	(40, 1.3273830763041221e-05)	(45, 3.611716742501914e-05)	(50, 3.117806760621311e-05)	(55, 1.9139011797873392e-05)	(60, 2.6238967787407066e-05)	(65, 1.4817299456418108e-05)	(70, 0.061224155272703605)	(75, 4.321712341455282e-06)	(80, 3.056068012886235e-05)	(85, 2.2225949184627162e-05)	(90, 1.450860571774273e-05)	(95, 2.7782436480783956e-05)	(100, 0.12249060158760572)	(105, 1.0804280853638205e-05)	(110, 1.2965137024365845e-05)	(115, 0.11812289387908781)	(120, 9.538636525069157e-05)	(125, 2.0991174229925652e-05)	(130, 4.1982348459851305e-05)	(135, 2.839982395813471e-05)	(140, 9.446028403466544e-05)	(145, 3.7660636118396024e-05)	(150, 2.932590517416084e-05)	
/ | scratch | karcher | fastqc | 230804_PRISMA_Batch5_P3_for_Q | AAAWJV5HV_230321_MG_Batch5_23s001006-1-1_Gross_lane1184 | AAAWJV5HV_230321_MG_Batch5_23s001006-1-1_Gross_lane1184_1	(1, 0.0022261627901362284)	(2, 0.005207086252270699)	(3, 0.0)	(4, 0.29190686649747494)	(5, 7.623845171699412e-06)	(6, 2.5412817238998042e-05)	(7, 0.0)	(8, 2.7954098962897847e-05)	(9, 2.5412817238998042e-05)	(10, 2.388804820465816e-05)	(15, 0.0)	(20, 4.066050758239687e-06)	(25, 5.082563447799609e-07)	(30, 0.058139951535724495)	(35, 3.0495380686797653e-06)	(40, 2.5412817238998042e-05)	(45, 1.2198152274719061e-05)	(50, 2.5412817238998042e-05)	(55, 0.06205606667225409)	(60, 2.5921073583778005e-05)	(65, 4.066050758239686e-05)	(70, 4.9809121788436165e-05)	(75, 0.11838764213325151)	(80, 2.2871535515098237e-05)	(85, 0.06161794970305377)	(90, 0.06157576442643704)	(95, 3.9643994892836944e-05)	(100, 1.16898959299391e-05)	(105, 1.778897206729863e-05)	(110, 5.082563447799609e-07)	(115, 3.2528406065917495e-05)	(120, 4.574307103019647e-06)	(125, 2.7445842618117884e-05)	(130, 5.590819792579569e-06)	(135, 4.574307103019647e-06)	(140, 1.6772459377738707e-05)	(145, 2.541281723899804e-06)	(150, 7.623845171699412e-06)	
/ | scratch | karcher | fastqc | 230804_PRISMA_Batch5_P3_for_Q | AAAWJV5HV_230321_MG_Batch5_23s001006-1-1_Gross_lane1184 | AAAWJV5HV_230321_MG_Batch5_23s001006-1-1_Gross_lane1184_2	(1, 0.0)	(2, 0.0)	(3, 1.778897206729863e-05)	(4, 0.0)	(5, 0.0)	(6, 0.0)	(7, 0.0)	(8, 0.0)	(9, 5.082563447799608e-06)	(10, 5.082563447799609e-07)	(15, 0.17929657423533724)	(20, 2.33797918598782e-05)	(25, 1.778897206729863e-05)	(30, 0.11147738886962315)	(35, 2.2871535515098237e-05)	(40, 2.1346766480758354e-05)	(45, 4.93008654436562e-05)	(50, 2.6937586273337925e-05)	(55, 1.829722841207859e-05)	(60, 3.50696877898173e-05)	(65, 2.0838510135978395e-05)	(70, 0.061623540522846354)	(75, 1.0165126895599216e-05)	(80, 3.76109695137171e-05)	(85, 1.2706408619499021e-05)	(90, 2.33797918598782e-05)	(95, 3.3036662410697454e-05)	(100, 0.1236201412027612)	(105, 1.2198152274719061e-05)	(110, 7.115588826919452e-06)	(115, 0.11882474258976226)	(120, 0.0001219815227471906)	(125, 1.778897206729863e-05)	(130, 3.151189337635757e-05)	(135, 3.557794413459726e-05)	(140, 0.00011486593392027113)	(145, 3.3544918755477414e-05)	(150, 7.623845171699412e-06)	
/ | scratch | karcher | fastqc | 230804_PRISMA_Batch5_P3_for_Q | AAAWJV5HV_230321_MG_Batch5_23s001006-1-1_Gross_lane1185 | AAAWJV5HV_230321_MG_Batch5_23s001006-1-1_Gross_lane1185_1	(1, 0.0023889377362679106)	(2, 0.0050520619696354345)	(3, 4.218253801532508e-06)	(4, 0.2957769261404569)	(5, 8.436507603065016e-06)	(6, 3.0933861211238394e-05)	(7, 1.406084600510836e-06)	(8, 3.9370368814303415e-05)	(9, 1.6873015206130032e-05)	(10, 2.4747088968990716e-05)	(15, 0.0)	(20, 3.3746030412260068e-06)	(25, 3.0933861211238394e-06)	(30, 0.058294861452578756)	(35, 2.530952280919505e-06)	(40, 3.768306729369041e-05)	(45, 4.7244442577164096e-05)	(50, 3.712063345348607e-05)	(55, 0.06299962052588802)	(60, 6.52423254637028e-05)	(65, 0.00010123809123678021)	(70, 7.789708686830032e-05)	(75, 0.11933580612995519)	(80, 7.930317146881116e-05)	(85, 0.06243549938416307)	(90, 0.062299671611753725)	(95, 3.458968117256657e-05)	(100, 2.2497353608173377e-05)	(105, 6.243015626268112e-05)	(110, 5.624338402043344e-06)	(115, 7.536613458738081e-05)	(120, 2.024761824735604e-05)	(125, 5.2587564059105274e-05)	(130, 2.9808993530829723e-05)	(135, 1.4904496765414862e-05)	(140, 3.571454885297524e-05)	(145, 2.5871956649399383e-05)	(150, 2.8121692010216722e-05)	
/ | scratch | karcher | fastqc | 230804_PRISMA_Batch5_P3_for_Q | AAAWJV5HV_230321_MG_Batch5_23s001006-1-1_Gross_lane1185 | AAAWJV5HV_230321_MG_Batch5_23s001006-1-1_Gross_lane1185_2	(1, 0.0)	(2, 0.0)	(3, 1.406084600510836e-06)	(4, 0.0)	(5, 0.0)	(6, 0.0)	(7, 0.0)	(8, 2.812169201021672e-06)	(9, 1.1248676804086688e-05)	(10, 1.2654761404597526e-05)	(15, 0.18194059810001972)	(20, 3.627698269317957e-05)	(25, 2.840290893031889e-05)	(30, 0.11199182626148707)	(35, 6.074285474206812e-05)	(40, 4.274497185552942e-05)	(45, 9.926957279606503e-05)	(50, 4.752565949726626e-05)	(55, 2.137248592776471e-05)	(60, 6.552354238380497e-05)	(65, 6.889814542503098e-05)	(70, 0.06244421710868624)	(75, 4.8088093337470597e-05)	(80, 5.286878097920744e-05)	(85, 3.121507813134056e-05)	(90, 6.383624086319196e-05)	(95, 5.399364865961611e-05)	(100, 0.12394776361963071)	(105, 2.5590739729297216e-05)	(110, 4.190132109522292e-05)	(115, 0.1198315915600953)	(120, 0.00013498412164904025)	(125, 2.9808993530829723e-05)	(130, 5.399364865961611e-05)	(135, 6.046163782196596e-05)	(140, 0.00017885396118497835)	(145, 6.158650550237462e-05)	(150, 3.0933861211238394e-05)	
/ | scratch | karcher | fastqc | 230804_PRISMA_Batch5_P3_for_Q | AAAWJV5HV_230321_MG_Batch5_23s001006-1-1_Gross_lane1MG18 | AAAWJV5HV_230321_MG_Batch5_23s001006-1-1_Gross_lane1MG18_1	(1, 0.002331337554771184)	(2, 0.005001532312270737)	(3, 0.0)	(4, 0.28882832531755326)	(5, 0.0)	(6, 2.0331432163702186e-05)	(7, 0.0)	(8, 2.0331432163702186e-05)	(9, 6.777144054567395e-06)	(10, 1.8976003352788705e-05)	(15, 0.0)	(20, 5.421715243653916e-06)	(25, 4.0662864327404375e-06)	(30, 0.058240065147330364)	(35, 0.0)	(40, 2.9819433840096538e-05)	(45, 2.0331432163702186e-05)	(50, 1.0843430487307832e-05)	(55, 0.06282412538583974)	(60, 4.0662864327404375e-06)	(65, 4.608457957105829e-05)	(70, 5.286172362562568e-05)	(75, 0.11907848732518188)	(80, 2.439771859644262e-05)	(85, 0.06245951503570403)	(90, 0.06199053666712796)	(95, 2.57531474073561e-05)	(100, 1.626514573096175e-05)	(105, 3.25302914619235e-05)	(110, 6.777144054567395e-06)	(115, 3.795200670557741e-05)	(120, 1.4909716920048269e-05)	(125, 3.117486265101002e-05)	(130, 4.0662864327404375e-06)	(135, 6.777144054567395e-06)	(140, 6.777144054567395e-06)	(145, 1.0843430487307832e-05)	(150, 1.355428810913479e-05)	
/ | scratch | karcher | fastqc | 230804_PRISMA_Batch5_P3_for_Q | AAAWJV5HV_230321_MG_Batch5_23s001006-1-1_Gross_lane1MG18 | AAAWJV5HV_230321_MG_Batch5_23s001006-1-1_Gross_lane1MG18_2	(1, 0.0)	(2, 0.0)	(3, 0.0)	(4, 0.0)	(5, 0.0)	(6, 0.0)	(7, 0.0)	(8, 0.0)	(9, 0.0)	(10, 4.0662864327404375e-06)	(15, 0.1799792592283354)	(20, 3.5241149083750455e-05)	(25, 2.0331432163702186e-05)	(30, 0.11005539773093083)	(35, 1.626514573096175e-05)	(40, 1.219885929822131e-05)	(45, 5.421715243653916e-05)	(50, 4.4729150760144804e-05)	(55, 1.7620574541875227e-05)	(60, 2.710857621826958e-05)	(65, 1.7620574541875227e-05)	(70, 0.06264927506923192)	(75, 1.219885929822131e-05)	(80, 2.710857621826958e-05)	(85, 2.3042289785529144e-05)	(90, 1.7620574541875227e-05)	(95, 3.117486265101002e-05)	(100, 0.12460728144489797)	(105, 1.355428810913479e-05)	(110, 1.626514573096175e-05)	(115, 0.1182570974657683)	(120, 9.488001676394353e-05)	(125, 2.1686860974615663e-05)	(130, 4.2018293138317856e-05)	(135, 2.439771859644262e-05)	(140, 8.268115746572221e-05)	(145, 6.370515411293352e-05)	(150, 6.777144054567395e-06)	
/ | scratch | karcher | fastqc | 230804_PRISMA_Batch5_P3_for_Q | AAAWJV5HV_230321_MG_Batch5_23s001006-1-1_Gross_lane1MG23 | AAAWJV5HV_230321_MG_Batch5_23s001006-1-1_Gross_lane1MG23_1	(1, 0.0026470163713800594)	(2, 0.00447828555912727)	(3, 3.329580341358565e-05)	(4, 0.2817490884857618)	(5, 1.6647901706792826e-05)	(6, 3.329580341358565e-05)	(7, 0.0)	(8, 1.6647901706792826e-05)	(9, 0.0)	(10, 3.662538375494422e-05)	(15, 0.0)	(20, 0.0)	(25, 0.0)	(30, 0.05956286272656337)	(35, 0.0)	(40, 2.663664273086852e-05)	(45, 1.331832136543426e-05)	(50, 3.329580341358565e-06)	(55, 0.059626124753049195)	(60, 2.3307062389509956e-05)	(65, 4.328454443766135e-05)	(70, 5.660286580309561e-05)	(75, 0.11910241839073724)	(80, 1.6647901706792826e-05)	(85, 0.059865854537627)	(90, 0.06012556180425298)	(95, 2.3307062389509956e-05)	(100, 3.329580341358565e-06)	(105, 3.995496409630278e-05)	(110, 0.0)	(115, 4.661412477901991e-05)	(120, 3.329580341358565e-06)	(125, 2.663664273086852e-05)	(130, 3.329580341358565e-06)	(135, 1.331832136543426e-05)	(140, 2.3307062389509956e-05)	(145, 9.988741024075695e-06)	(150, 0.0)	
/ | scratch | karcher | fastqc | 230804_PRISMA_Batch5_P3_for_Q | AAAWJV5HV_230321_MG_Batch5_23s001006-1-1_Gross_lane1MG23 | AAAWJV5HV_230321_MG_Batch5_23s001006-1-1_Gross_lane1MG23_2	(1, 0.0)	(2, 0.0)	(3, 0.0)	(4, 0.0)	(5, 0.0)	(6, 0.0)	(7, 0.0)	(8, 0.0)	(9, 0.0)	(10, 0.0)	(15, 0.17643779186893174)	(20, 1.331832136543426e-05)	(25, 1.997748204815139e-05)	(30, 0.1124998605738232)	(35, 2.663664273086852e-05)	(40, 9.988741024075695e-06)	(45, 4.661412477901991e-05)	(50, 4.661412477901991e-05)	(55, 0.0)	(60, 4.661412477901991e-05)	(65, 1.331832136543426e-05)	(70, 0.06056173682897094)	(75, 9.988741024075695e-06)	(80, 3.329580341358565e-05)	(85, 2.3307062389509956e-05)	(90, 1.331832136543426e-05)	(95, 3.662538375494422e-05)	(100, 0.12023780528714052)	(105, 1.331832136543426e-05)	(110, 1.331832136543426e-05)	(115, 0.11886601818650079)	(120, 9.65578298993984e-05)	(125, 9.988741024075695e-06)	(130, 2.996622307222709e-05)	(135, 2.996622307222709e-05)	(140, 9.65578298993984e-05)	(145, 6.992118716852987e-05)	(150, 3.329580341358565e-05)	
/ | scratch | karcher | fastqc | 230804_PRISMA_Batch5_P3_for_Q | AAAWJV5HV_230321_MG_Batch5_23s001006-1-1_Gross_lane1MG29 | AAAWJV5HV_230321_MG_Batch5_23s001006-1-1_Gross_lane1MG29_1	(1, 0.002448045138035473)	(2, 0.005124574488954257)	(3, 0.0)	(4, 0.2978454917943159)	(5, 0.0)	(6, 0.0)	(7, 0.0)	(8, 6.528120368094594e-05)	(9, 0.0)	(10, 1.9584361104283784e-05)	(15, 0.0)	(20, 6.528120368094595e-06)	(25, 0.0)	(30, 0.058857533238740864)	(35, 0.0)	(40, 6.528120368094595e-06)	(45, 1.9584361104283784e-05)	(50, 2.611248147237838e-05)	(55, 0.06361000486671374)	(60, 1.305624073618919e-05)	(65, 5.222496294475676e-05)	(70, 3.916872220856757e-05)	(75, 0.12041118018950481)	(80, 3.916872220856757e-05)	(85, 0.06370139855186706)	(90, 0.062193402746837205)	(95, 4.5696842576662166e-05)	(100, 6.528120368094595e-06)	(105, 2.611248147237838e-05)	(110, 0.0)	(115, 3.264060184047297e-05)	(120, 6.528120368094595e-06)	(125, 1.9584361104283784e-05)	(130, 6.528120368094595e-06)	(135, 0.0)	(140, 1.305624073618919e-05)	(145, 6.528120368094595e-06)	(150, 0.0)	
/ | scratch | karcher | fastqc | 230804_PRISMA_Batch5_P3_for_Q | AAAWJV5HV_230321_MG_Batch5_23s001006-1-1_Gross_lane1MG29 | AAAWJV5HV_230321_MG_Batch5_23s001006-1-1_Gross_lane1MG29_2	(1, 0.0)	(2, 0.0)	(3, 0.0)	(4, 0.0)	(5, 0.0)	(6, 0.0)	(7, 0.0)	(8, 0.0)	(9, 0.0)	(10, 0.0)	(15, 0.1835903291119243)	(20, 1.305624073618919e-05)	(25, 6.528120368094595e-06)	(30, 0.11375249741404832)	(35, 4.5696842576662166e-05)	(40, 1.9584361104283784e-05)	(45, 4.5696842576662166e-05)	(50, 3.916872220856757e-05)	(55, 1.305624073618919e-05)	(60, 2.611248147237838e-05)	(65, 3.916872220856757e-05)	(70, 0.061455725145242515)	(75, 6.528120368094595e-06)	(80, 3.916872220856757e-05)	(85, 6.528120368094595e-06)	(90, 1.305624073618919e-05)	(95, 2.611248147237838e-05)	(100, 0.12386455586422686)	(105, 1.305624073618919e-05)	(110, 1.305624073618919e-05)	(115, 0.12152096065208089)	(120, 7.833744441713514e-05)	(125, 1.9584361104283784e-05)	(130, 3.264060184047297e-05)	(135, 1.305624073618919e-05)	(140, 0.00011097804625760812)	(145, 1.305624073618919e-05)	(150, 0.0)	
/ | scratch | karcher | fastqc | 230804_PRISMA_Batch5_P3_for_Q | AAAWJV5HV_230321_MG_Batch5_23s001006-1-1_Gross_lane1MG73 | AAAWJV5HV_230321_MG_Batch5_23s001006-1-1_Gross_lane1MG73_1	(1, 0.00236853431765672)	(2, 0.004996127076307144)	(3, 3.700834871338625e-05)	(4, 0.292328946487038)	(5, 0.0)	(6, 7.40166974267725e-05)	(7, 0.0)	(8, 0.0)	(9, 3.700834871338625e-05)	(10, 1.48033394853545e-05)	(15, 0.0)	(20, 1.48033394853545e-05)	(25, 0.0)	(30, 0.06212961582003284)	(35, 0.0)	(40, 2.2205009228031752e-05)	(45, 2.2205009228031752e-05)	(50, 2.9606678970709e-05)	(55, 0.06032360840281959)	(60, 1.48033394853545e-05)	(65, 4.4410018456063504e-05)	(70, 5.181168819874076e-05)	(75, 0.12459970844822883)	(80, 2.2205009228031752e-05)	(85, 0.061485670552419915)	(90, 0.06262552769279221)	(95, 2.9606678970709e-05)	(100, 3.700834871338625e-05)	(105, 7.40166974267725e-06)	(110, 7.40166974267725e-06)	(115, 2.2205009228031752e-05)	(120, 7.40166974267725e-06)	(125, 7.40166974267725e-06)	(130, 0.0)	(135, 7.40166974267725e-06)	(140, 2.2205009228031752e-05)	(145, 0.0)	(150, 3.700834871338625e-05)	
/ | scratch | karcher | fastqc | 230804_PRISMA_Batch5_P3_for_Q | AAAWJV5HV_230321_MG_Batch5_23s001006-1-1_Gross_lane1MG73 | AAAWJV5HV_230321_MG_Batch5_23s001006-1-1_Gross_lane1MG73_2	(1, 0.0)	(2, 0.0)	(3, 0.0)	(4, 0.0)	(5, 0.0)	(6, 0.0)	(7, 0.0)	(8, 0.0)	(9, 0.0)	(10, 0.0)	(15, 0.18755090960969883)	(20, 7.40166974267725e-06)	(25, 7.40166974267725e-06)	(30, 0.11930751458221461)	(35, 1.48033394853545e-05)	(40, 2.9606678970709e-05)	(45, 3.700834871338625e-05)	(50, 6.661502768409525e-05)	(55, 1.48033394853545e-05)	(60, 2.2205009228031752e-05)	(65, 2.2205009228031752e-05)	(70, 0.06285497945481522)	(75, 0.0)	(80, 2.2205009228031752e-05)	(85, 0.0)	(90, 2.9606678970709e-05)	(95, 3.700834871338625e-05)	(100, 0.12078044686100738)	(105, 7.40166974267725e-06)	(110, 1.48033394853545e-05)	(115, 0.12553972050554885)	(120, 0.000118426715882836)	(125, 7.40166974267725e-06)	(130, 2.9606678970709e-05)	(135, 0.0)	(140, 9.622170665480425e-05)	(145, 3.700834871338625e-05)	(150, 0.0)	
/ | scratch | karcher | fastqc | 230804_PRISMA_Batch5_P3_for_Q | AAAWJV5HV_230321_MG_Batch5_23s001006-1-1_Gross_lane1MG82 | AAAWJV5HV_230321_MG_Batch5_23s001006-1-1_Gross_lane1MG82_1	(1, 0.0022140887874011026)	(2, 0.004997680727467055)	(3, 0.0)	(4, 0.29468882522076095)	(5, 5.811256659845414e-06)	(6, 2.3245026639381654e-05)	(7, 0.0)	(8, 1.1622513319690827e-05)	(9, 2.905628329922707e-05)	(10, 1.5109267315598077e-05)	(15, 0.0)	(20, 2.3245026639381656e-06)	(25, 0.0)	(30, 0.05879829488431589)	(35, 0.0)	(40, 1.5109267315598077e-05)	(45, 1.278476465165991e-05)	(50, 4.649005327876331e-06)	(55, 0.06223972107827634)	(60, 1.743376997953624e-05)	(65, 3.486753995907248e-05)	(70, 4.06787966189179e-05)	(75, 0.11987692688195514)	(80, 6.973507991814497e-06)	(85, 0.06257793621587936)	(90, 0.06315441287653602)	(95, 1.9758272643474406e-05)	(100, 6.973507991814497e-06)	(105, 1.1622513319690827e-05)	(110, 1.1622513319690828e-06)	(115, 2.092052397544349e-05)	(120, 4.649005327876331e-06)	(125, 1.8596021311505325e-05)	(130, 2.3245026639381656e-06)	(135, 5.811256659845414e-06)	(140, 5.811256659845414e-06)	(145, 5.811256659845414e-06)	(150, 0.0)	
/ | scratch | karcher | fastqc | 230804_PRISMA_Batch5_P3_for_Q | AAAWJV5HV_230321_MG_Batch5_23s001006-1-1_Gross_lane1MG82 | AAAWJV5HV_230321_MG_Batch5_23s001006-1-1_Gross_lane1MG82_2	(1, 0.0)	(2, 0.0)	(3, 0.0)	(4, 0.0)	(5, 0.0)	(6, 0.0)	(7, 0.0)	(8, 0.0)	(9, 0.0)	(10, 0.0)	(15, 0.18121009192129559)	(20, 1.3947015983628994e-05)	(25, 1.278476465165991e-05)	(30, 0.11297082946739483)	(35, 2.208277530741257e-05)	(40, 1.8596021311505325e-05)	(45, 4.300329928285606e-05)	(50, 3.0218534631196154e-05)	(55, 2.3245026639381656e-06)	(60, 1.9758272643474406e-05)	(65, 1.8596021311505325e-05)	(70, 0.06263721103380977)	(75, 3.4867539959072484e-06)	(80, 1.0460261987721746e-05)	(85, 2.092052397544349e-05)	(90, 5.811256659845414e-06)	(95, 2.092052397544349e-05)	(100, 0.12349269077571094)	(105, 5.811256659845414e-06)	(110, 9.298010655752662e-06)	(115, 0.12018841023892285)	(120, 5.927481793042322e-05)	(125, 2.208277530741257e-05)	(130, 2.905628329922707e-05)	(135, 2.3245026639381654e-05)	(140, 9.995361454934111e-05)	(145, 2.4407277971350736e-05)	(150, 2.905628329922707e-05)	
/ | scratch | karcher | fastqc | 240813_MG011_PRISMA_NovaSeq_final_for_Q | H5YFCDSXC_240813_MG_PRISMA_24s001116-1-1_Gross_lane1MG186 | H5YFCDSXC_240813_MG_PRISMA_24s001116-1-1_Gross_lane1MG186_1	(1, 0.00021358537394698137)	(2, 0.04832440280675103)	(3, 0.0)	(4, 0.0)	(5, 0.0)	(6, 0.0)	(7, 0.0)	(8, 0.0)	(9, 0.0)	(10, 2.676936686802167e-05)	(15, 0.00020333327599752628)	(20, 9.511668653105571e-05)	(25, 0.0004340054798602662)	(30, 0.0013527073683308822)	(35, 9.226888154509596e-05)	(40, 5.695609971919503e-06)	(45, 0.0)	(50, 0.0)	(55, 9.682536952263156e-06)	(60, 5.012136775289163e-05)	(65, 2.2212878890486065e-05)	(70, 0.0)	(75, 3.986926980343653e-06)	(80, 6.037346570234674e-05)	(85, 7.290380764056965e-05)	(90, 3.8730147809052626e-05)	(95, 0.0)	(100, 0.0)	(105, 2.2782439887678014e-06)	(110, 0.0)	(115, 0.0)	(120, 0.0)	(125, 0.0)	(130, 5.695609971919503e-06)	(135, 0.0)	(140, 0.0)	(145, 0.0)	(150, 0.0)	
/ | scratch | karcher | fastqc | 240813_MG011_PRISMA_NovaSeq_final_for_Q | H5YFCDSXC_240813_MG_PRISMA_24s001116-1-1_Gross_lane1MG186 | H5YFCDSXC_240813_MG_PRISMA_24s001116-1-1_Gross_lane1MG186_2	(1, 0.0018624644608176777)	(2, 0.0003730624531607275)	(3, 2.8478049859597517e-06)	(4, 0.0)	(5, 0.0)	(6, 0.0)	(7, 0.0)	(8, 0.0)	(9, 0.0)	(10, 0.0)	(15, 0.0)	(20, 0.0)	(25, 2.2782439887678014e-06)	(30, 0.0)	(35, 0.0)	(40, 0.0)	(45, 0.0)	(50, 0.0)	(55, 0.0)	(60, 1.537814692418266e-05)	(65, 0.0)	(70, 0.0)	(75, 2.2782439887678014e-06)	(80, 1.7086829915758512e-06)	(85, 1.7086829915758512e-06)	(90, 0.0)	(95, 0.0)	(100, 1.822595191014241e-05)	(105, 1.1391219943839007e-06)	(110, 1.7086829915758512e-06)	(115, 5.695609971919504e-07)	(120, 0.0)	(125, 2.619980587082972e-05)	(130, 1.309990293541486e-05)	(135, 0.0)	(140, 0.0)	(145, 0.0)	(150, 0.0)	
/ | scratch | karcher | fastqc | 240813_MG011_PRISMA_NovaSeq_final_for_Q | H5YFCDSXC_240813_MG_PRISMA_24s001116-1-1_Gross_lane1MG187 | H5YFCDSXC_240813_MG_PRISMA_24s001116-1-1_Gross_lane1MG187_1	(1, 0.0003033628385054073)	(2, 0.04903341879589299)	(3, 0.0)	(4, 0.0)	(5, 0.0)	(6, 0.0)	(7, 0.0)	(8, 0.0)	(9, 0.0)	(10, 3.379231618794411e-05)	(15, 0.00018278571028933403)	(20, 9.369687670293593e-05)	(25, 0.00039705971520834324)	(30, 0.0012687478714200834)	(35, 9.062484795857738e-05)	(40, 7.680071860896388e-06)	(45, 0.0)	(50, 0.0)	(55, 1.6896158093972055e-05)	(60, 5.3760503026274714e-05)	(65, 1.996818683833061e-05)	(70, 0.0)	(75, 5.3760503026274714e-06)	(80, 6.220858207326075e-05)	(85, 7.372868986460532e-05)	(90, 5.606452458454363e-05)	(95, 0.0)	(100, 0.0)	(105, 3.840035930448194e-06)	(110, 0.0)	(115, 0.0)	(120, 0.0)	(125, 0.0)	(130, 1.1520107791344582e-05)	(135, 0.0)	(140, 0.0)	(145, 0.0)	(150, 0.0)	
/ | scratch | karcher | fastqc | 240813_MG011_PRISMA_NovaSeq_final_for_Q | H5YFCDSXC_240813_MG_PRISMA_24s001116-1-1_Gross_lane1MG187 | H5YFCDSXC_240813_MG_PRISMA_24s001116-1-1_Gross_lane1MG187_2	(1, 0.0018201770310324438)	(2, 0.00029568276664451097)	(3, 0.0)	(4, 0.0)	(5, 0.0)	(6, 0.0)	(7, 0.0)	(8, 0.0)	(9, 0.0)	(10, 0.0)	(15, 0.0)	(20, 0.0)	(25, 3.840035930448194e-06)	(30, 0.0)	(35, 0.0)	(40, 0.0)	(45, 0.0)	(50, 0.0)	(55, 0.0)	(60, 1.920017965224097e-05)	(65, 0.0)	(70, 0.0)	(75, 1.5360143721792775e-06)	(80, 1.5360143721792775e-06)	(85, 7.680071860896388e-07)	(90, 0.0)	(95, 0.0)	(100, 2.6112244327047716e-05)	(105, 7.680071860896388e-07)	(110, 3.840035930448194e-06)	(115, 1.5360143721792775e-06)	(120, 0.0)	(125, 3.225630181576483e-05)	(130, 1.7664165280061693e-05)	(135, 0.0)	(140, 0.0)	(145, 0.0)	(150, 0.0)	
/ | scratch | karcher | fastqc | 240813_MG011_PRISMA_NovaSeq_final_for_Q | H5YFCDSXC_240813_MG_PRISMA_24s001116-1-1_Gross_lane1MG188 | H5YFCDSXC_240813_MG_PRISMA_24s001116-1-1_Gross_lane1MG188_1	(1, 0.00026962019412114736)	(2, 0.04876230999677684)	(3, 0.0)	(4, 0.0)	(5, 0.0)	(6, 0.0)	(7, 0.0)	(8, 0.0)	(9, 0.0)	(10, 3.0556955333730035e-05)	(15, 0.00018274257601544433)	(20, 9.886073784442069e-05)	(25, 0.00044457374230642523)	(30, 0.0013660756502138134)	(35, 9.766242587054894e-05)	(40, 8.388183817102363e-06)	(45, 0.0)	(50, 0.0)	(55, 1.0784807764845894e-05)	(60, 5.99155986935883e-05)	(65, 2.396623947743532e-05)	(70, 0.0)	(75, 5.99155986935883e-06)	(80, 7.42953423800495e-05)	(85, 8.80759300795748e-05)	(90, 5.152741487648594e-05)	(95, 0.0)	(100, 0.0)	(105, 1.797467960807649e-06)	(110, 0.0)	(115, 0.0)	(120, 0.0)	(125, 0.0)	(130, 1.0185651777910011e-05)	(135, 0.0)	(140, 0.0)	(145, 0.0)	(150, 0.0)	
/ | scratch | karcher | fastqc | 240813_MG011_PRISMA_NovaSeq_final_for_Q | H5YFCDSXC_240813_MG_PRISMA_24s001116-1-1_Gross_lane1MG188 | H5YFCDSXC_240813_MG_PRISMA_24s001116-1-1_Gross_lane1MG188_2	(1, 0.0017914764009382903)	(2, 0.00033253157274941507)	(3, 0.0)	(4, 0.0)	(5, 0.0)	(6, 0.0)	(7, 0.0)	(8, 0.0)	(9, 0.0)	(10, 0.0)	(15, 0.0)	(20, 0.0)	(25, 4.194091908551181e-06)	(30, 0.0)	(35, 0.0)	(40, 0.0)	(45, 0.0)	(50, 0.0)	(55, 0.0)	(60, 1.8573835595012376e-05)	(65, 0.0)	(70, 0.0)	(75, 1.797467960807649e-06)	(80, 4.793247895487064e-06)	(85, 1.198311973871766e-06)	(90, 0.0)	(95, 0.0)	(100, 2.396623947743532e-05)	(105, 3.594935921615298e-06)	(110, 1.797467960807649e-06)	(115, 1.797467960807649e-06)	(120, 0.0)	(125, 3.235442329453769e-05)	(130, 1.9172991581948257e-05)	(135, 0.0)	(140, 0.0)	(145, 0.0)	(150, 0.0)	
/ | scratch | karcher | fastqc | 240813_MG011_PRISMA_NovaSeq_final_for_Q | H5YFCDSXC_240813_MG_PRISMA_24s001116-1-1_Gross_lane1MG189 | H5YFCDSXC_240813_MG_PRISMA_24s001116-1-1_Gross_lane1MG189_1	(1, 0.00024380540620710787)	(2, 0.04888806322382111)	(3, 0.0)	(4, 0.0)	(5, 0.0)	(6, 0.0)	(7, 0.0)	(8, 0.0)	(9, 0.0)	(10, 2.4888468550308927e-05)	(15, 0.0001777747753593495)	(20, 8.380810838369333e-05)	(25, 0.00037739045169141904)	(30, 0.0013023272114896344)	(35, 8.990324353887102e-05)	(40, 9.650630662364687e-06)	(45, 0.0)	(50, 0.0)	(55, 1.2698198239953534e-05)	(60, 6.603063084775838e-05)	(65, 2.2856756831916364e-05)	(70, 0.0)	(75, 7.618918943972121e-06)	(80, 7.212576600293607e-05)	(85, 7.923675701731006e-05)	(90, 4.8253153311823435e-05)	(95, 0.0)	(100, 0.0)	(105, 5.079279295981414e-06)	(110, 5.079279295981413e-07)	(115, 0.0)	(120, 0.0)	(125, 0.0)	(130, 1.066648652156097e-05)	(135, 0.0)	(140, 0.0)	(145, 0.0)	(150, 0.0)	
/ | scratch | karcher | fastqc | 240813_MG011_PRISMA_NovaSeq_final_for_Q | H5YFCDSXC_240813_MG_PRISMA_24s001116-1-1_Gross_lane1MG189 | H5YFCDSXC_240813_MG_PRISMA_24s001116-1-1_Gross_lane1MG189_2	(1, 0.0016863207262658294)	(2, 0.0003733270282546339)	(3, 2.539639647990707e-06)	(4, 0.0)	(5, 0.0)	(6, 0.0)	(7, 0.0)	(8, 0.0)	(9, 0.0)	(10, 0.0)	(15, 0.0)	(20, 0.0)	(25, 5.079279295981414e-06)	(30, 5.079279295981413e-07)	(35, 0.0)	(40, 0.0)	(45, 0.0)	(50, 1.0158558591962827e-06)	(55, 0.0)	(60, 1.828540546553309e-05)	(65, 0.0)	(70, 0.0)	(75, 4.063423436785131e-06)	(80, 4.063423436785131e-06)	(85, 5.079279295981414e-06)	(90, 0.0)	(95, 0.0)	(100, 2.438054062071079e-05)	(105, 4.063423436785131e-06)	(110, 3.5554955071869897e-06)	(115, 2.539639647990707e-06)	(120, 0.0)	(125, 2.9459819916692202e-05)	(130, 1.828540546553309e-05)	(135, 1.5237837887944243e-06)	(140, 0.0)	(145, 0.0)	(150, 0.0)	
/ | scratch | karcher | fastqc | 240813_MG011_PRISMA_NovaSeq_final_for_Q | H5YFCDSXC_240813_MG_PRISMA_24s001116-1-1_Gross_lane1MG190 | H5YFCDSXC_240813_MG_PRISMA_24s001116-1-1_Gross_lane1MG190_1	(1, 0.00023039362823381755)	(2, 0.04770228074572369)	(3, 0.0)	(4, 0.0)	(5, 0.0)	(6, 0.0)	(7, 0.0)	(8, 0.0)	(9, 0.0)	(10, 2.7359243352765836e-05)	(15, 0.000200154464528129)	(20, 0.0001000772322640645)	(25, 0.00040174888923271936)	(30, 0.0013398829441972954)	(35, 8.567763049945091e-05)	(40, 5.039860617614759e-06)	(45, 0.0)	(50, 0.0)	(55, 9.35974114699884e-06)	(60, 5.327852652907031e-05)	(65, 1.9439462382228356e-05)	(70, 0.0)	(75, 3.599900441153399e-06)	(80, 5.183856635260895e-05)	(85, 6.0478327411377116e-05)	(90, 3.6718984499764673e-05)	(95, 0.0)	(100, 0.0)	(105, 2.1599402646920397e-06)	(110, 0.0)	(115, 0.0)	(120, 0.0)	(125, 0.0)	(130, 7.919780970537478e-06)	(135, 0.0)	(140, 7.199800882306799e-07)	(145, 0.0)	(150, 0.0)	
/ | scratch | karcher | fastqc | 240813_MG011_PRISMA_NovaSeq_final_for_Q | H5YFCDSXC_240813_MG_PRISMA_24s001116-1-1_Gross_lane1MG190 | H5YFCDSXC_240813_MG_PRISMA_24s001116-1-1_Gross_lane1MG190_2	(1, 0.0018395491254293871)	(2, 0.00027359243352765834)	(3, 3.599900441153399e-06)	(4, 0.0)	(5, 0.0)	(6, 0.0)	(7, 0.0)	(8, 0.0)	(9, 0.0)	(10, 0.0)	(15, 0.0)	(20, 0.0)	(25, 2.8799203529227194e-06)	(30, 0.0)	(35, 0.0)	(40, 0.0)	(45, 0.0)	(50, 0.0)	(55, 0.0)	(60, 1.1519681411690878e-05)	(65, 0.0)	(70, 0.0)	(75, 1.4399601764613597e-06)	(80, 2.1599402646920397e-06)	(85, 2.1599402646920397e-06)	(90, 0.0)	(95, 0.0)	(100, 1.6559542029305637e-05)	(105, 1.4399601764613597e-06)	(110, 2.1599402646920397e-06)	(115, 0.0)	(120, 0.0)	(125, 2.231938273515108e-05)	(130, 1.0799701323460197e-05)	(135, 0.0)	(140, 0.0)	(145, 0.0)	(150, 0.0)	
/ | scratch | karcher | fastqc | 240813_MG011_PRISMA_NovaSeq_final_for_Q | H5YFCDSXC_240813_MG_PRISMA_24s001116-1-1_Gross_lane1MG191 | H5YFCDSXC_240813_MG_PRISMA_24s001116-1-1_Gross_lane1MG191_1	(1, 0.00021986571809991853)	(2, 0.04853233713706663)	(3, 0.0)	(4, 0.0)	(5, 0.0)	(6, 0.0)	(7, 0.0)	(8, 0.0)	(9, 0.0)	(10, 2.3194625206145253e-05)	(15, 0.00017830868127224162)	(20, 0.0001106576910876513)	(25, 0.00043199989446445527)	(30, 0.0013868452987841017)	(35, 9.084561539073558e-05)	(40, 1.2563755319995346e-05)	(45, 0.0)	(50, 0.0)	(55, 1.9328854338454377e-05)	(60, 6.813421154305168e-05)	(65, 2.8510060149220206e-05)	(70, 0.0)	(75, 8.214763093843109e-06)	(80, 8.408051637227653e-05)	(85, 9.712749305073324e-05)	(90, 6.040266980766993e-05)	(95, 0.0)	(100, 0.0)	(105, 6.281877659997673e-06)	(110, 9.664427169227186e-07)	(115, 0.0)	(120, 0.0)	(125, 0.0)	(130, 1.0630869886149907e-05)	(135, 0.0)	(140, 1.4496640753840783e-06)	(145, 0.0)	(150, 0.0)	
/ | scratch | karcher | fastqc | 240813_MG011_PRISMA_NovaSeq_final_for_Q | H5YFCDSXC_240813_MG_PRISMA_24s001116-1-1_Gross_lane1MG191 | H5YFCDSXC_240813_MG_PRISMA_24s001116-1-1_Gross_lane1MG191_2	(1, 0.0017758384923454958)	(2, 0.00035275159167679236)	(3, 1.2080533961533986e-05)	(4, 0.0)	(5, 1.2080533961533986e-05)	(6, 0.0)	(7, 0.0)	(8, 0.0)	(9, 0.0)	(10, 0.0)	(15, 0.0)	(20, 0.0)	(25, 8.697984452304469e-06)	(30, 0.0)	(35, 0.0)	(40, 0.0)	(45, 0.0)	(50, 2.416106792306797e-06)	(55, 0.0)	(60, 2.0778518413838455e-05)	(65, 0.0)	(70, 0.0)	(75, 7.248320376920392e-06)	(80, 9.664427169227189e-06)	(85, 7.248320376920392e-06)	(90, 0.0)	(95, 0.0)	(100, 3.0442945583065642e-05)	(105, 6.281877659997673e-06)	(110, 4.832213584613594e-06)	(115, 5.315434943074953e-06)	(120, 0.0)	(125, 3.575838052614059e-05)	(130, 2.8510060149220206e-05)	(135, 1.4496640753840783e-06)	(140, 0.0)	(145, 0.0)	(150, 0.0)	
/ | scratch | karcher | fastqc | 240813_MG011_PRISMA_NovaSeq_final_for_Q | H5YFCDSXC_240813_MG_PRISMA_24s001116-1-1_Gross_lane1MG192 | H5YFCDSXC_240813_MG_PRISMA_24s001116-1-1_Gross_lane1MG192_1	(1, 0.00020089463402898962)	(2, 0.04867300305083613)	(3, 0.0)	(4, 0.0)	(5, 0.0)	(6, 0.0)	(7, 0.0)	(8, 0.0)	(9, 0.0)	(10, 2.2600646328261328e-05)	(15, 0.00020780038707373614)	(20, 8.600801519366117e-05)	(25, 0.0004030448595206604)	(30, 0.001289492432173577)	(35, 8.475242373097998e-05)	(40, 6.905753044746518e-06)	(45, 0.0)	(50, 0.0)	(55, 8.161344507427702e-06)	(60, 5.650161582065333e-05)	(65, 2.2600646328261328e-05)	(70, 0.0)	(75, 3.766774388043555e-06)	(80, 6.71741432534434e-05)	(85, 7.345210056684932e-05)	(90, 4.708467985054444e-05)	(95, 0.0)	(100, 0.0)	(105, 6.277957313405925e-07)	(110, 0.0)	(115, 0.0)	(120, 0.0)	(125, 0.0)	(130, 5.650161582065332e-06)	(135, 0.0)	(140, 0.0)	(145, 0.0)	(150, 0.0)	
/ | scratch | karcher | fastqc | 240813_MG011_PRISMA_NovaSeq_final_for_Q | H5YFCDSXC_240813_MG_PRISMA_24s001116-1-1_Gross_lane1MG192 | H5YFCDSXC_240813_MG_PRISMA_24s001116-1-1_Gross_lane1MG192_2	(1, 0.0017327162185000354)	(2, 0.0002950639937300785)	(3, 0.0)	(4, 0.0)	(5, 0.0)	(6, 0.0)	(7, 0.0)	(8, 0.0)	(9, 0.0)	(10, 0.0)	(15, 0.0)	(20, 0.0)	(25, 3.138978656702963e-06)	(30, 0.0)	(35, 0.0)	(40, 0.0)	(45, 0.0)	(50, 6.277957313405925e-07)	(55, 0.0)	(60, 1.506709755217422e-05)	(65, 0.0)	(70, 0.0)	(75, 1.255591462681185e-06)	(80, 1.8833871940217776e-06)	(85, 1.8833871940217776e-06)	(90, 0.0)	(95, 0.0)	(100, 1.9461667671558366e-05)	(105, 1.8833871940217776e-06)	(110, 1.255591462681185e-06)	(115, 6.277957313405925e-07)	(120, 0.0)	(125, 3.138978656702962e-05)	(130, 1.569489328351481e-05)	(135, 0.0)	(140, 0.0)	(145, 0.0)	(150, 0.0)	
/ | scratch | karcher | fastqc | 240813_MG011_PRISMA_NovaSeq_final_for_Q | H5YFCDSXC_240813_MG_PRISMA_24s001116-1-1_Gross_lane1MG193 | H5YFCDSXC_240813_MG_PRISMA_24s001116-1-1_Gross_lane1MG193_1	(1, 0.00021628965153892314)	(2, 0.04787316978400489)	(3, 0.0)	(4, 0.0)	(5, 0.0)	(6, 0.0)	(7, 0.0)	(8, 0.0)	(9, 0.0)	(10, 3.1171155662962457e-05)	(15, 0.0001774847434687046)	(20, 8.587971458163125e-05)	(25, 0.0003950466870755038)	(30, 0.0012735643599438946)	(35, 0.00010560024163370953)	(40, 7.633752407256111e-06)	(45, 0.0)	(50, 0.0)	(55, 1.0178336543008147e-05)	(60, 5.852543512229684e-05)	(65, 1.9720527052078285e-05)	(70, 0.0)	(75, 5.725314305442082e-06)	(80, 5.916158115623486e-05)	(85, 6.997606373318101e-05)	(90, 3.8804908070218564e-05)	(95, 0.0)	(100, 0.0)	(105, 1.9084381018140277e-06)	(110, 0.0)	(115, 0.0)	(120, 0.0)	(125, 0.0)	(130, 8.26989844119412e-06)	(135, 0.0)	(140, 0.0)	(145, 0.0)	(150, 0.0)	
/ | scratch | karcher | fastqc | 240813_MG011_PRISMA_NovaSeq_final_for_Q | H5YFCDSXC_240813_MG_PRISMA_24s001116-1-1_Gross_lane1MG193 | H5YFCDSXC_240813_MG_PRISMA_24s001116-1-1_Gross_lane1MG193_2	(1, 0.0017303172123113851)	(2, 0.0002989886359508643)	(3, 0.0)	(4, 0.0)	(5, 0.0)	(6, 0.0)	(7, 0.0)	(8, 0.0)	(9, 0.0)	(10, 0.0)	(15, 0.0)	(20, 0.0)	(25, 2.544584135752037e-06)	(30, 0.0)	(35, 0.0)	(40, 0.0)	(45, 0.0)	(50, 0.0)	(55, 0.0)	(60, 1.2722920678760185e-05)	(65, 0.0)	(70, 0.0)	(75, 2.544584135752037e-06)	(80, 2.544584135752037e-06)	(85, 2.544584135752037e-06)	(90, 0.0)	(95, 0.0)	(100, 1.5267504814512222e-05)	(105, 1.2722920678760184e-06)	(110, 1.9084381018140277e-06)	(115, 0.0)	(120, 0.0)	(125, 2.417354928964435e-05)	(130, 1.3359066712698195e-05)	(135, 0.0)	(140, 0.0)	(145, 0.0)	(150, 0.0)	
/ | scratch | karcher | fastqc | 240813_MG011_PRISMA_NovaSeq_final_for_Q | H5YFCDSXC_240813_MG_PRISMA_24s001116-1-1_Gross_lane1MG194 | H5YFCDSXC_240813_MG_PRISMA_24s001116-1-1_Gross_lane1MG194_1	(1, 0.00019731163431520223)	(2, 0.047906731537043765)	(3, 0.0)	(4, 0.0)	(5, 0.0)	(6, 0.0)	(7, 0.0)	(8, 0.0)	(9, 0.0)	(10, 3.0396657178287915e-05)	(15, 0.00019997800775189414)	(20, 8.799032341083344e-05)	(25, 0.00038502432425831354)	(30, 0.0012409301974364206)	(35, 9.438961965889404e-05)	(40, 5.866021560722228e-06)	(45, 0.0)	(50, 0.0)	(55, 9.59894437209092e-06)	(60, 5.546056748319198e-05)	(65, 1.9731163431520224e-05)	(70, 0.0)	(75, 4.79947218604546e-06)	(80, 5.866021560722229e-05)	(85, 6.50595118552829e-05)	(90, 3.999560155037884e-05)	(95, 0.0)	(100, 0.0)	(105, 3.1996481240303063e-06)	(110, 5.332746873383844e-07)	(115, 0.0)	(120, 0.0)	(125, 0.0)	(130, 6.932570935398998e-06)	(135, 0.0)	(140, 0.0)	(145, 0.0)	(150, 0.0)	
/ | scratch | karcher | fastqc | 240813_MG011_PRISMA_NovaSeq_final_for_Q | H5YFCDSXC_240813_MG_PRISMA_24s001116-1-1_Gross_lane1MG194 | H5YFCDSXC_240813_MG_PRISMA_24s001116-1-1_Gross_lane1MG194_2	(1, 0.0018931251400512647)	(2, 0.00035196129364333374)	(3, 0.0)	(4, 0.0)	(5, 0.0)	(6, 0.0)	(7, 0.0)	(8, 0.0)	(9, 0.0)	(10, 0.0)	(15, 0.0)	(20, 0.0)	(25, 3.732922811368691e-06)	(30, 5.332746873383844e-07)	(35, 0.0)	(40, 0.0)	(45, 0.0)	(50, 5.332746873383844e-07)	(55, 0.0)	(60, 1.3331867183459613e-05)	(65, 0.0)	(70, 0.0)	(75, 3.1996481240303063e-06)	(80, 2.6663734366919224e-06)	(85, 3.732922811368691e-06)	(90, 0.0)	(95, 0.0)	(100, 2.026443811885861e-05)	(105, 1.5998240620151532e-06)	(110, 2.1330987493535375e-06)	(115, 1.0665493746767688e-06)	(120, 0.0)	(125, 2.559718499224245e-05)	(130, 1.066549374676769e-05)	(135, 2.1330987493535375e-06)	(140, 0.0)	(145, 0.0)	(150, 0.0)	
/ | scratch | karcher | fastqc | 240813_MG011_PRISMA_NovaSeq_final_for_Q | H5YFCDSXC_240813_MG_PRISMA_24s001116-1-1_Gross_lane1MG195 | H5YFCDSXC_240813_MG_PRISMA_24s001116-1-1_Gross_lane1MG195_1	(1, 0.00023471044188726922)	(2, 0.04821665520744927)	(3, 0.0)	(4, 0.0)	(5, 0.0)	(6, 0.0)	(7, 0.0)	(8, 0.0)	(9, 0.0)	(10, 3.089858981807089e-05)	(15, 0.00018776835350981538)	(20, 9.447838040525521e-05)	(25, 0.00041297153699152437)	(30, 0.0013048712161631475)	(35, 8.200010374795734e-05)	(40, 5.347832853127653e-06)	(45, 0.0)	(50, 0.0)	(55, 5.94203650347517e-06)	(60, 5.704355043336163e-05)	(65, 1.9014516811120545e-05)	(70, 0.0)	(75, 2.971018251737585e-06)	(80, 5.644934678301412e-05)	(85, 6.95218270906595e-05)	(90, 3.0304386167723368e-05)	(95, 0.0)	(100, 0.0)	(105, 2.376814601390068e-06)	(110, 0.0)	(115, 0.0)	(120, 0.0)	(125, 0.0)	(130, 4.159425552432619e-06)	(135, 0.0)	(140, 0.0)	(145, 0.0)	(150, 0.0)	
/ | scratch | karcher | fastqc | 240813_MG011_PRISMA_NovaSeq_final_for_Q | H5YFCDSXC_240813_MG_PRISMA_24s001116-1-1_Gross_lane1MG195 | H5YFCDSXC_240813_MG_PRISMA_24s001116-1-1_Gross_lane1MG195_2	(1, 0.0017736978962873383)	(2, 0.0003446381172015599)	(3, 0.0)	(4, 0.0)	(5, 0.0)	(6, 0.0)	(7, 0.0)	(8, 0.0)	(9, 0.0)	(10, 0.0)	(15, 0.0)	(20, 0.0)	(25, 1.782610951042551e-06)	(30, 0.0)	(35, 0.0)	(40, 0.0)	(45, 0.0)	(50, 5.94203650347517e-07)	(55, 0.0)	(60, 1.188407300695034e-05)	(65, 0.0)	(70, 0.0)	(75, 1.782610951042551e-06)	(80, 1.782610951042551e-06)	(85, 1.782610951042551e-06)	(90, 0.0)	(95, 0.0)	(100, 1.782610951042551e-05)	(105, 1.188407300695034e-06)	(110, 1.782610951042551e-06)	(115, 1.188407300695034e-06)	(120, 0.0)	(125, 1.960872046146806e-05)	(130, 8.913054755212755e-06)	(135, 0.0)	(140, 0.0)	(145, 0.0)	(150, 0.0)	
/ | scratch | karcher | fastqc | 240813_MG011_PRISMA_NovaSeq_final_for_Q | H5YFCDSXC_240813_MG_PRISMA_24s001116-1-1_Gross_lane1MG196 | H5YFCDSXC_240813_MG_PRISMA_24s001116-1-1_Gross_lane1MG196_1	(1, 0.000241386642117262)	(2, 0.048886542329748345)	(3, 0.0)	(4, 0.0)	(5, 0.0)	(6, 0.0)	(7, 0.0)	(8, 0.0)	(9, 0.0)	(10, 3.505853611703091e-05)	(15, 0.00019023566319241363)	(20, 8.333586454048331e-05)	(25, 0.0003701261845798017)	(30, 0.0012678546012159049)	(35, 9.080735584411286e-05)	(40, 5.747301002791953e-06)	(45, 0.0)	(50, 0.0)	(55, 1.091987190530471e-05)	(60, 6.666869163238665e-05)	(65, 2.41386642117262e-05)	(70, 0.0)	(75, 4.5978408022335615e-06)	(80, 7.184126253489941e-05)	(85, 8.391059464076251e-05)	(90, 4.1955297320381254e-05)	(95, 0.0)	(100, 0.0)	(105, 5.172570902512757e-06)	(110, 5.747301002791952e-07)	(115, 0.0)	(120, 0.0)	(125, 0.0)	(130, 9.195681604467123e-06)	(135, 0.0)	(140, 0.0)	(145, 0.0)	(150, 0.0)	
/ | scratch | karcher | fastqc | 240813_MG011_PRISMA_NovaSeq_final_for_Q | H5YFCDSXC_240813_MG_PRISMA_24s001116-1-1_Gross_lane1MG196 | H5YFCDSXC_240813_MG_PRISMA_24s001116-1-1_Gross_lane1MG196_2	(1, 0.0017012010968264178)	(2, 0.0003304698076605373)	(3, 0.0)	(4, 0.0)	(5, 0.0)	(6, 0.0)	(7, 0.0)	(8, 0.0)	(9, 0.0)	(10, 0.0)	(15, 0.0)	(20, 0.0)	(25, 4.5978408022335615e-06)	(30, 5.747301002791952e-07)	(35, 0.0)	(40, 0.0)	(45, 0.0)	(50, 1.1494602005583904e-06)	(55, 0.0)	(60, 1.8391363208934246e-05)	(65, 0.0)	(70, 0.0)	(75, 4.023110701954367e-06)	(80, 5.172570902512757e-06)	(85, 4.023110701954367e-06)	(90, 0.0)	(95, 0.0)	(100, 2.41386642117262e-05)	(105, 2.2989204011167808e-06)	(110, 3.4483806016751714e-06)	(115, 2.8736505013959765e-06)	(120, 0.0)	(125, 2.8736505013959766e-05)	(130, 1.3218792306421491e-05)	(135, 2.2989204011167808e-06)	(140, 0.0)	(145, 0.0)	(150, 0.0)	
/ | scratch | karcher | fastqc | 240813_MG011_PRISMA_NovaSeq_final_for_Q | H5YFCDSXC_240813_MG_PRISMA_24s001116-1-1_Gross_lane1MG197 | H5YFCDSXC_240813_MG_PRISMA_24s001116-1-1_Gross_lane1MG197_1	(1, 0.0002500279283773605)	(2, 0.04815744109148687)	(3, 0.0)	(4, 0.0)	(5, 0.0)	(6, 0.0)	(7, 0.0)	(8, 0.0)	(9, 0.0)	(10, 3.35088976175844e-05)	(15, 0.0001989912996982704)	(20, 9.846460684551723e-05)	(25, 0.0004392243195412601)	(30, 0.0013645854152883985)	(35, 8.660761230391043e-05)	(40, 5.155215018089907e-06)	(45, 0.0)	(50, 0.0)	(55, 1.0310430036179814e-05)	(60, 5.773840820260696e-05)	(65, 1.8043252563314677e-05)	(70, 0.0)	(75, 5.155215018089907e-06)	(80, 6.134705871526989e-05)	(85, 6.804883823878678e-05)	(90, 3.917963413748329e-05)	(95, 0.0)	(100, 0.0)	(105, 2.062086007235963e-06)	(110, 0.0)	(115, 0.0)	(120, 0.0)	(125, 0.0)	(130, 7.732822527134861e-06)	(135, 0.0)	(140, 0.0)	(145, 0.0)	(150, 0.0)	
/ | scratch | karcher | fastqc | 240813_MG011_PRISMA_NovaSeq_final_for_Q | H5YFCDSXC_240813_MG_PRISMA_24s001116-1-1_Gross_lane1MG197 | H5YFCDSXC_240813_MG_PRISMA_24s001116-1-1_Gross_lane1MG197_2	(1, 0.0018197909013857373)	(2, 0.0004149948089562375)	(3, 0.0)	(4, 0.0)	(5, 0.0)	(6, 0.0)	(7, 0.0)	(8, 0.0)	(9, 0.0)	(10, 0.0)	(15, 0.0)	(20, 0.0)	(25, 4.124172014471926e-06)	(30, 0.0)	(35, 0.0)	(40, 0.0)	(45, 0.0)	(50, 5.155215018089907e-07)	(55, 0.0)	(60, 1.443460205065174e-05)	(65, 0.0)	(70, 0.0)	(75, 1.5465645054269722e-06)	(80, 2.5776075090449534e-06)	(85, 2.062086007235963e-06)	(90, 0.0)	(95, 0.0)	(100, 2.268294607959559e-05)	(105, 1.5465645054269722e-06)	(110, 1.5465645054269722e-06)	(115, 5.155215018089907e-07)	(120, 0.0)	(125, 2.3713989083213574e-05)	(130, 1.3403559047033759e-05)	(135, 1.0310430036179815e-06)	(140, 0.0)	(145, 0.0)	(150, 0.0)	
/ | scratch | karcher | fastqc | 240813_MG011_PRISMA_NovaSeq_final_for_Q | H5YFCDSXC_240813_MG_PRISMA_24s001116-1-1_Gross_lane1MG198 | H5YFCDSXC_240813_MG_PRISMA_24s001116-1-1_Gross_lane1MG198_1	(1, 0.00022016078010021598)	(2, 0.04871886632519026)	(3, 0.0)	(4, 0.0)	(5, 0.0)	(6, 0.0)	(7, 0.0)	(8, 0.0)	(9, 0.0)	(10, 2.9555830753179682e-05)	(15, 0.0001906049493470363)	(20, 8.927067247899169e-05)	(25, 0.00038181307891352524)	(30, 0.001281757966336874)	(35, 8.384205050391788e-05)	(40, 7.238162633431758e-06)	(45, 0.0)	(50, 0.0)	(55, 1.3873145047410871e-05)	(60, 5.247667909238025e-05)	(65, 2.1111307680842628e-05)	(70, 0.0)	(75, 6.634982413979112e-06)	(80, 6.152438238416994e-05)	(85, 7.238162633431758e-05)	(90, 4.8857597775664367e-05)	(95, 0.0)	(100, 0.0)	(105, 3.619081316715879e-06)	(110, 0.0)	(115, 0.0)	(120, 0.0)	(125, 0.0)	(130, 9.650883511242344e-06)	(135, 0.0)	(140, 6.031802194526465e-07)	(145, 0.0)	(150, 0.0)	
/ | scratch | karcher | fastqc | 240813_MG011_PRISMA_NovaSeq_final_for_Q | H5YFCDSXC_240813_MG_PRISMA_24s001116-1-1_Gross_lane1MG198 | H5YFCDSXC_240813_MG_PRISMA_24s001116-1-1_Gross_lane1MG198_2	(1, 0.0018095406583579395)	(2, 0.0003528604283797982)	(3, 9.047703291789697e-06)	(4, 0.0)	(5, 3.0159010972632327e-06)	(6, 0.0)	(7, 0.0)	(8, 0.0)	(9, 0.0)	(10, 0.0)	(15, 0.0)	(20, 0.0)	(25, 4.825441755621172e-06)	(30, 0.0)	(35, 0.0)	(40, 0.0)	(45, 0.0)	(50, 0.0)	(55, 0.0)	(60, 1.568268570576881e-05)	(65, 0.0)	(70, 0.0)	(75, 3.0159010972632327e-06)	(80, 3.0159010972632327e-06)	(85, 3.0159010972632327e-06)	(90, 0.0)	(95, 0.0)	(100, 2.1111307680842628e-05)	(105, 2.412720877810586e-06)	(110, 2.412720877810586e-06)	(115, 1.206360438905293e-06)	(120, 0.0)	(125, 2.9555830753179682e-05)	(130, 1.6285865925221458e-05)	(135, 0.0)	(140, 0.0)	(145, 0.0)	(150, 0.0)	
/ | scratch | karcher | fastqc | 240813_MG011_PRISMA_NovaSeq_final_for_Q | H5YFCDSXC_240813_MG_PRISMA_24s001116-1-1_Gross_lane1MG199 | H5YFCDSXC_240813_MG_PRISMA_24s001116-1-1_Gross_lane1MG199_1	(1, 0.00023512792495464772)	(2, 0.048863857858756785)	(3, 0.0)	(4, 0.0)	(5, 0.0)	(6, 0.0)	(7, 0.0)	(8, 0.0)	(9, 0.0)	(10, 2.6719082381209963e-05)	(15, 0.00016833021900162278)	(20, 0.00010153251304859787)	(25, 0.00039811432748002853)	(30, 0.0012638125966312314)	(35, 8.977611680086549e-05)	(40, 1.0687632952483987e-05)	(45, 0.0)	(50, 0.0)	(55, 1.4428304485853382e-05)	(60, 5.878198123866193e-05)	(65, 2.2444029200216373e-05)	(70, 0.0)	(75, 6.946961419114591e-06)	(80, 7.053837748639431e-05)	(85, 7.85541022007573e-05)	(90, 4.649120334330534e-05)	(95, 0.0)	(100, 0.0)	(105, 4.809434828617793e-06)	(110, 0.0)	(115, 0.0)	(120, 0.0)	(125, 0.0)	(130, 9.084488009611388e-06)	(135, 0.0)	(140, 5.343816476241993e-07)	(145, 0.0)	(150, 0.0)	
/ | scratch | karcher | fastqc | 240813_MG011_PRISMA_NovaSeq_final_for_Q | H5YFCDSXC_240813_MG_PRISMA_24s001116-1-1_Gross_lane1MG199 | H5YFCDSXC_240813_MG_PRISMA_24s001116-1-1_Gross_lane1MG199_2	(1, 0.0018249133266366405)	(2, 0.0003152851720982776)	(3, 5.3438164762419935e-06)	(4, 0.0)	(5, 0.0)	(6, 0.0)	(7, 0.0)	(8, 0.0)	(9, 0.0)	(10, 0.0)	(15, 0.0)	(20, 0.0)	(25, 3.7406715333693953e-06)	(30, 0.0)	(35, 0.0)	(40, 0.0)	(45, 0.0)	(50, 5.343816476241993e-07)	(55, 0.0)	(60, 1.656583107635018e-05)	(65, 0.0)	(70, 0.0)	(75, 4.275053180993594e-06)	(80, 4.275053180993594e-06)	(85, 3.7406715333693953e-06)	(90, 0.0)	(95, 0.0)	(100, 2.7787845676458365e-05)	(105, 2.6719082381209968e-06)	(110, 2.6719082381209968e-06)	(115, 1.0687632952483985e-06)	(120, 0.0)	(125, 3.2062898857451956e-05)	(130, 1.8703357666846976e-05)	(135, 0.0)	(140, 0.0)	(145, 0.0)	(150, 0.0)	
/ | scratch | karcher | fastqc | 240813_MG011_PRISMA_NovaSeq_final_for_Q | H5YFCDSXC_240813_MG_PRISMA_24s001116-1-1_Gross_lane1MG200 | H5YFCDSXC_240813_MG_PRISMA_24s001116-1-1_Gross_lane1MG200_1	(1, 0.00022557599557056066)	(2, 0.04828417801962759)	(3, 3.6383225092025914e-06)	(4, 0.0)	(5, 0.0)	(6, 0.0)	(7, 0.0)	(8, 0.0)	(9, 0.0)	(10, 2.983424457546125e-05)	(15, 0.0001608138549067545)	(20, 9.314105623558633e-05)	(25, 0.00040239846951780657)	(30, 0.001317072748331338)	(35, 8.222608870797855e-05)	(40, 5.821316014724146e-06)	(45, 0.0)	(50, 0.0)	(55, 1.1642632029448292e-05)	(60, 5.1664179630676794e-05)	(65, 1.8191612546012955e-05)	(70, 0.0)	(75, 5.093651512883628e-06)	(80, 5.530250213987939e-05)	(85, 6.330681166012509e-05)	(90, 3.5655560590185393e-05)	(95, 0.0)	(100, 0.0)	(105, 4.3659870110431095e-06)	(110, 0.0)	(115, 0.0)	(120, 0.0)	(125, 0.0)	(130, 7.276645018405183e-06)	(135, 0.0)	(140, 7.276645018405182e-07)	(145, 0.0)	(150, 0.0)	
/ | scratch | karcher | fastqc | 240813_MG011_PRISMA_NovaSeq_final_for_Q | H5YFCDSXC_240813_MG_PRISMA_24s001116-1-1_Gross_lane1MG200 | H5YFCDSXC_240813_MG_PRISMA_24s001116-1-1_Gross_lane1MG200_2	(1, 0.0015790319689939244)	(2, 0.00033472567084663835)	(3, 0.0)	(4, 0.0)	(5, 0.0)	(6, 0.0)	(7, 0.0)	(8, 0.0)	(9, 0.0)	(10, 0.0)	(15, 0.0)	(20, 0.0)	(25, 2.910658007362073e-06)	(30, 0.0)	(35, 0.0)	(40, 0.0)	(45, 0.0)	(50, 0.0)	(55, 0.0)	(60, 1.4553290036810366e-05)	(65, 0.0)	(70, 0.0)	(75, 2.1829935055215548e-06)	(80, 2.1829935055215548e-06)	(85, 2.910658007362073e-06)	(90, 0.0)	(95, 0.0)	(100, 1.8191612546012955e-05)	(105, 7.276645018405182e-07)	(110, 2.1829935055215548e-06)	(115, 7.276645018405182e-07)	(120, 0.0)	(125, 2.2557599557056066e-05)	(130, 1.237029653128881e-05)	(135, 1.4553290036810364e-06)	(140, 0.0)	(145, 0.0)	(150, 0.0)	
/ | scratch | karcher | fastqc | 240813_MG011_PRISMA_NovaSeq_final_for_Q | H5YFCDSXC_240813_MG_PRISMA_24s001116-1-1_Gross_lane1MG201 | H5YFCDSXC_240813_MG_PRISMA_24s001116-1-1_Gross_lane1MG201_1	(1, 0.0002473050016707355)	(2, 0.04855104475107658)	(3, 0.0)	(4, 0.0)	(5, 0.0)	(6, 0.0)	(7, 0.0)	(8, 0.0)	(9, 0.0)	(10, 3.2339884833865415e-05)	(15, 0.00021306277067017213)	(20, 8.750792366810641e-05)	(25, 0.0003760304256172979)	(30, 0.0012333544314091808)	(35, 0.00010462903916838811)	(40, 3.170576944496609e-06)	(45, 0.0)	(50, 0.0)	(55, 3.170576944496609e-06)	(60, 4.692453877854982e-05)	(65, 1.712111550028169e-05)	(70, 0.0)	(75, 1.2682307777986438e-06)	(80, 5.1363346500845075e-05)	(85, 6.531388505663015e-05)	(90, 2.4096384778174232e-05)	(95, 0.0)	(100, 0.0)	(105, 0.0)	(110, 0.0)	(115, 0.0)	(120, 0.0)	(125, 0.0)	(130, 3.804692333395931e-06)	(135, 0.0)	(140, 0.0)	(145, 0.0)	(150, 0.0)	
/ | scratch | karcher | fastqc | 240813_MG011_PRISMA_NovaSeq_final_for_Q | H5YFCDSXC_240813_MG_PRISMA_24s001116-1-1_Gross_lane1MG201 | H5YFCDSXC_240813_MG_PRISMA_24s001116-1-1_Gross_lane1MG201_2	(1, 0.0018389346278080334)	(2, 0.0003233988483386541)	(3, 0.0)	(4, 0.0)	(5, 0.0)	(6, 0.0)	(7, 0.0)	(8, 0.0)	(9, 0.0)	(10, 0.0)	(15, 0.0)	(20, 0.0)	(25, 6.341153888993219e-07)	(30, 0.0)	(35, 0.0)	(40, 0.0)	(45, 0.0)	(50, 0.0)	(55, 0.0)	(60, 1.014584622238915e-05)	(65, 0.0)	(70, 0.0)	(75, 6.341153888993219e-07)	(80, 0.0)	(85, 0.0)	(90, 0.0)	(95, 0.0)	(100, 1.775523088918101e-05)	(105, 6.341153888993219e-07)	(110, 0.0)	(115, 0.0)	(120, 0.0)	(125, 1.8389346278080333e-05)	(130, 6.975269277892541e-06)	(135, 0.0)	(140, 0.0)	(145, 0.0)	(150, 0.0)	
/ | scratch | karcher | fastqc | 240813_MG011_PRISMA_NovaSeq_final_for_Q | H5YFCDSXC_240813_MG_PRISMA_24s001116-1-1_Gross_lane1MG202 | H5YFCDSXC_240813_MG_PRISMA_24s001116-1-1_Gross_lane1MG202_1	(1, 0.00021543665898914245)	(2, 0.04847025609673776)	(3, 0.0)	(4, 0.0)	(5, 0.0)	(6, 0.0)	(7, 0.0)	(8, 0.0)	(9, 0.0)	(10, 2.5134276882066618e-05)	(15, 0.00019269612276251078)	(20, 8.617466359565699e-05)	(25, 0.0004099280872432294)	(30, 0.0013051870923758882)	(35, 8.916683941495064e-05)	(40, 7.779657130163479e-06)	(45, 0.0)	(50, 0.0)	(55, 1.0173397785598395e-05)	(60, 5.1465424091850704e-05)	(65, 1.8551490079620602e-05)	(70, 0.0)	(75, 5.385916474728562e-06)	(80, 6.16388218774491e-05)	(85, 7.181221966304749e-05)	(90, 4.1292026306252306e-05)	(95, 0.0)	(100, 0.0)	(105, 4.189046147011104e-06)	(110, 0.0)	(115, 0.0)	(120, 0.0)	(125, 0.0)	(130, 7.181221966304748e-06)	(135, 0.0)	(140, 2.3937406554349165e-06)	(145, 0.0)	(150, 0.0)	
/ | scratch | karcher | fastqc | 240813_MG011_PRISMA_NovaSeq_final_for_Q | H5YFCDSXC_240813_MG_PRISMA_24s001116-1-1_Gross_lane1MG202 | H5YFCDSXC_240813_MG_PRISMA_24s001116-1-1_Gross_lane1MG202_2	(1, 0.0017534150301060764)	(2, 0.0003231549884837137)	(3, 1.1968703277174582e-05)	(4, 0.0)	(5, 1.1968703277174582e-05)	(6, 0.0)	(7, 0.0)	(8, 0.0)	(9, 0.0)	(10, 0.0)	(15, 0.0)	(20, 0.0)	(25, 4.787481310869833e-06)	(30, 0.0)	(35, 0.0)	(40, 0.0)	(45, 0.0)	(50, 0.0)	(55, 0.0)	(60, 1.6157749424185684e-05)	(65, 0.0)	(70, 0.0)	(75, 4.787481310869833e-06)	(80, 4.189046147011104e-06)	(85, 4.787481310869833e-06)	(90, 0.0)	(95, 0.0)	(100, 2.034679557119679e-05)	(105, 2.9921758192936455e-06)	(110, 3.590610983152374e-06)	(115, 2.9921758192936455e-06)	(120, 0.0)	(125, 2.5134276882066618e-05)	(130, 1.8551490079620602e-05)	(135, 0.0)	(140, 0.0)	(145, 0.0)	(150, 0.0)	
/ | scratch | karcher | fastqc | 240813_MG011_PRISMA_NovaSeq_final_for_Q | H5YFCDSXC_240813_MG_PRISMA_24s001116-1-1_Gross_lane1MG203 | H5YFCDSXC_240813_MG_PRISMA_24s001116-1-1_Gross_lane1MG203_1	(1, 0.00026983161586568)	(2, 0.04872524084614496)	(3, 3.1744895984197646e-06)	(4, 0.0)	(5, 0.0)	(6, 0.0)	(7, 0.0)	(8, 0.0)	(9, 0.0)	(10, 2.412612094799021e-05)	(15, 0.00018539019254771425)	(20, 0.00010031387131006456)	(25, 0.00041966752491109287)	(30, 0.0013523325689268196)	(35, 9.332999419354108e-05)	(40, 6.983877116523481e-06)	(45, 0.0)	(50, 0.0)	(55, 1.587244799209882e-05)	(60, 5.7140812771555765e-05)	(65, 2.15865292692544e-05)	(70, 0.0)	(75, 6.348979196839529e-06)	(80, 6.285489404871133e-05)	(85, 7.110856700460272e-05)	(90, 4.571265021724461e-05)	(95, 0.0)	(100, 0.0)	(105, 4.44428543778767e-06)	(110, 0.0)	(115, 0.0)	(120, 0.0)	(125, 0.0)	(130, 9.523468795259292e-06)	(135, 0.0)	(140, 0.0)	(145, 0.0)	(150, 0.0)	
/ | scratch | karcher | fastqc | 240813_MG011_PRISMA_NovaSeq_final_for_Q | H5YFCDSXC_240813_MG_PRISMA_24s001116-1-1_Gross_lane1MG203 | H5YFCDSXC_240813_MG_PRISMA_24s001116-1-1_Gross_lane1MG203_2	(1, 0.0017586672375245495)	(2, 0.0003174489598419765)	(3, 0.0)	(4, 0.0)	(5, 0.0)	(6, 0.0)	(7, 0.0)	(8, 0.0)	(9, 0.0)	(10, 0.0)	(15, 0.0)	(20, 0.0)	(25, 6.348979196839529e-06)	(30, 0.0)	(35, 0.0)	(40, 0.0)	(45, 0.0)	(50, 6.34897919683953e-07)	(55, 0.0)	(60, 1.777714175115068e-05)	(65, 0.0)	(70, 0.0)	(75, 4.44428543778767e-06)	(80, 3.8093875181037172e-06)	(85, 1.9046937590518586e-06)	(90, 0.0)	(95, 0.0)	(100, 2.3491223028306258e-05)	(105, 3.1744895984197646e-06)	(110, 3.1744895984197646e-06)	(115, 6.34897919683953e-07)	(120, 0.0)	(125, 2.9205304305461833e-05)	(130, 1.777714175115068e-05)	(135, 6.34897919683953e-07)	(140, 0.0)	(145, 0.0)	(150, 0.0)	
/ | scratch | karcher | fastqc | 240813_MG011_PRISMA_NovaSeq_final_for_Q | H5YFCDSXC_240813_MG_PRISMA_24s001116-1-1_Gross_lane1MG204 | H5YFCDSXC_240813_MG_PRISMA_24s001116-1-1_Gross_lane1MG204_1	(1, 0.0002576120026062508)	(2, 0.049011498723695576)	(3, 0.0)	(4, 0.0)	(5, 0.0)	(6, 0.0)	(7, 0.0)	(8, 0.0)	(9, 0.0)	(10, 3.000038511363934e-05)	(15, 0.00019304595638341835)	(20, 8.413151477520597e-05)	(25, 0.0003939181001877861)	(30, 0.0012280592428039756)	(35, 9.130551991107625e-05)	(40, 6.521822850791161e-06)	(45, 0.0)	(50, 0.0)	(55, 1.1087098846344974e-05)	(60, 5.2826765091408406e-05)	(65, 1.63045571269779e-05)	(70, 0.0)	(75, 3.913093710474696e-06)	(80, 5.6739858801883096e-05)	(85, 6.000077022727868e-05)	(90, 3.782657253458873e-05)	(95, 0.0)	(100, 0.0)	(105, 1.956546855237348e-06)	(110, 0.0)	(115, 0.0)	(120, 0.0)	(125, 0.0)	(130, 5.869640565712045e-06)	(135, 0.0)	(140, 0.0)	(145, 0.0)	(150, 0.0)	
/ | scratch | karcher | fastqc | 240813_MG011_PRISMA_NovaSeq_final_for_Q | H5YFCDSXC_240813_MG_PRISMA_24s001116-1-1_Gross_lane1MG204 | H5YFCDSXC_240813_MG_PRISMA_24s001116-1-1_Gross_lane1MG204_2	(1, 0.001780457638265987)	(2, 0.00035870025679351385)	(3, 0.0)	(4, 0.0)	(5, 0.0)	(6, 0.0)	(7, 0.0)	(8, 0.0)	(9, 0.0)	(10, 0.0)	(15, 0.0)	(20, 0.0)	(25, 1.956546855237348e-06)	(30, 0.0)	(35, 0.0)	(40, 0.0)	(45, 0.0)	(50, 0.0)	(55, 0.0)	(60, 1.3043645701582321e-05)	(65, 0.0)	(70, 0.0)	(75, 1.956546855237348e-06)	(80, 1.304364570158232e-06)	(85, 1.304364570158232e-06)	(90, 0.0)	(95, 0.0)	(100, 2.4130744547927294e-05)	(105, 6.52182285079116e-07)	(110, 1.304364570158232e-06)	(115, 6.52182285079116e-07)	(120, 0.0)	(125, 2.2174197692689948e-05)	(130, 1.1087098846344974e-05)	(135, 0.0)	(140, 0.0)	(145, 0.0)	(150, 0.0)	
/ | scratch | karcher | fastqc | 240813_MG011_PRISMA_NovaSeq_final_for_Q | H5YFCDSXC_240813_MG_PRISMA_24s001116-1-1_Gross_lane1MG205 | H5YFCDSXC_240813_MG_PRISMA_24s001116-1-1_Gross_lane1MG205_1	(1, 0.0002006467949759447)	(2, 0.04856154055405302)	(3, 0.0)	(4, 0.0)	(5, 0.0)	(6, 0.0)	(7, 0.0)	(8, 0.0)	(9, 0.0)	(10, 3.009701924639171e-05)	(15, 0.0001795788815034705)	(20, 9.029105773917512e-05)	(25, 0.0004183485675248447)	(30, 0.0013217607619040357)	(35, 7.925548401549816e-05)	(40, 6.019403849278341e-06)	(45, 0.0)	(50, 0.0)	(55, 1.2038807698556682e-05)	(60, 5.969242150534355e-05)	(65, 1.6051743598075576e-05)	(70, 0.0)	(75, 5.016169874398617e-06)	(80, 5.4676251630944925e-05)	(85, 5.7685953555584104e-05)	(90, 3.8624508032869355e-05)	(95, 0.0)	(100, 0.0)	(105, 3.511318912079032e-06)	(110, 0.0)	(115, 0.0)	(120, 0.0)	(125, 0.0)	(130, 6.521020836718203e-06)	(135, 0.0)	(140, 0.0)	(145, 0.0)	(150, 0.0)	
/ | scratch | karcher | fastqc | 240813_MG011_PRISMA_NovaSeq_final_for_Q | H5YFCDSXC_240813_MG_PRISMA_24s001116-1-1_Gross_lane1MG205 | H5YFCDSXC_240813_MG_PRISMA_24s001116-1-1_Gross_lane1MG205_2	(1, 0.0017481352012279183)	(2, 0.0003210348719615115)	(3, 0.0)	(4, 0.0)	(5, 2.5080849371993086e-06)	(6, 0.0)	(7, 0.0)	(8, 0.0)	(9, 0.0)	(10, 0.0)	(15, 0.0)	(20, 0.0)	(25, 4.012935899518894e-06)	(30, 0.0)	(35, 0.0)	(40, 0.0)	(45, 0.0)	(50, 5.016169874398618e-07)	(55, 0.0)	(60, 1.2540424685996544e-05)	(65, 0.0)	(70, 0.0)	(75, 3.0097019246391706e-06)	(80, 2.5080849371993086e-06)	(85, 3.0097019246391706e-06)	(90, 0.0)	(95, 0.0)	(100, 2.1569530459914058e-05)	(105, 1.0032339748797235e-06)	(110, 3.511318912079032e-06)	(115, 1.5048509623195853e-06)	(120, 0.0)	(125, 2.307438142223364e-05)	(130, 1.4045275648316129e-05)	(135, 0.0)	(140, 0.0)	(145, 0.0)	(150, 0.0)	
/ | scratch | karcher | fastqc | 240813_MG011_PRISMA_NovaSeq_final_for_Q | H5YFCDSXC_240813_MG_PRISMA_24s001116-1-1_Gross_lane1MG206 | H5YFCDSXC_240813_MG_PRISMA_24s001116-1-1_Gross_lane1MG206_1	(1, 0.00019568071729079514)	(2, 0.04833758445985573)	(3, 0.0)	(4, 0.0)	(5, 0.0)	(6, 0.0)	(7, 0.0)	(8, 0.0)	(9, 0.0)	(10, 2.579427637015027e-05)	(15, 0.00020635421096120216)	(20, 8.894578058672506e-05)	(25, 0.0003864694166493204)	(30, 0.0012363463501554783)	(35, 9.739562974246393e-05)	(40, 8.005120252805256e-06)	(45, 0.0)	(50, 0.0)	(55, 9.784035864539757e-06)	(60, 6.270677531364117e-05)	(65, 2.3125902952548516e-05)	(70, 0.0)	(75, 5.336746835203504e-06)	(80, 7.160135337231368e-05)	(85, 8.494322046032243e-05)	(90, 5.158855274030054e-05)	(95, 0.0)	(100, 0.0)	(105, 2.2236445146681266e-06)	(110, 4.4472890293362526e-07)	(115, 0.0)	(120, 0.0)	(125, 0.0)	(130, 8.894578058672506e-06)	(135, 0.0)	(140, 4.4472890293362526e-07)	(145, 0.0)	(150, 0.0)	
/ | scratch | karcher | fastqc | 240813_MG011_PRISMA_NovaSeq_final_for_Q | H5YFCDSXC_240813_MG_PRISMA_24s001116-1-1_Gross_lane1MG206 | H5YFCDSXC_240813_MG_PRISMA_24s001116-1-1_Gross_lane1MG206_2	(1, 0.001825612146542532)	(2, 0.0003535594778322321)	(3, 2.2236445146681266e-06)	(4, 0.0)	(5, 2.2236445146681266e-06)	(6, 0.0)	(7, 0.0)	(8, 0.0)	(9, 0.0)	(10, 0.0)	(15, 0.0)	(20, 0.0)	(25, 3.557831223469002e-06)	(30, 4.4472890293362526e-07)	(35, 0.0)	(40, 0.0)	(45, 0.0)	(50, 4.4472890293362526e-07)	(55, 0.0)	(60, 1.7789156117345012e-05)	(65, 0.0)	(70, 0.0)	(75, 2.668373417601752e-06)	(80, 3.1131023205353768e-06)	(85, 2.668373417601752e-06)	(90, 0.0)	(95, 0.0)	(100, 2.4460089661349393e-05)	(105, 1.334186708800876e-06)	(110, 2.2236445146681266e-06)	(115, 1.334186708800876e-06)	(120, 0.0)	(125, 2.8907378690685644e-05)	(130, 1.601024050561051e-05)	(135, 8.894578058672505e-07)	(140, 0.0)	(145, 0.0)	(150, 0.0)	
/ | scratch | karcher | fastqc | 240813_MG011_PRISMA_NovaSeq_final_for_Q | H5YFCDSXC_240813_MG_PRISMA_24s001116-1-1_Gross_lane1MG207 | H5YFCDSXC_240813_MG_PRISMA_24s001116-1-1_Gross_lane1MG207_1	(1, 0.00023342174327022468)	(2, 0.048196364125377436)	(3, 0.0)	(4, 0.0)	(5, 0.0)	(6, 0.0)	(7, 0.0)	(8, 0.0)	(9, 0.0)	(10, 2.578090895820392e-05)	(15, 0.00018395026932340096)	(20, 0.00010173007318642628)	(25, 0.0004180687939168203)	(30, 0.0013622074868456396)	(35, 9.545904127767397e-05)	(40, 1.045171984792051e-05)	(45, 0.0)	(50, 0.0)	(55, 1.5329189110283414e-05)	(60, 7.107169496585946e-05)	(65, 3.065837822056683e-05)	(70, 0.0)	(75, 6.9678132319470055e-06)	(80, 8.082663349058527e-05)	(85, 0.00010033651054003689)	(90, 6.549744438030184e-05)	(95, 0.0)	(100, 0.0)	(105, 3.4839066159735028e-06)	(110, 0.0)	(115, 0.0)	(120, 0.0)	(125, 0.0)	(130, 1.5329189110283414e-05)	(135, 0.0)	(140, 0.0)	(145, 0.0)	(150, 0.0)	
/ | scratch | karcher | fastqc | 240813_MG011_PRISMA_NovaSeq_final_for_Q | H5YFCDSXC_240813_MG_PRISMA_24s001116-1-1_Gross_lane1MG207 | H5YFCDSXC_240813_MG_PRISMA_24s001116-1-1_Gross_lane1MG207_2	(1, 0.00184995441308193)	(2, 0.0003518745682133238)	(3, 3.4839066159735028e-06)	(4, 0.0)	(5, 0.0)	(6, 0.0)	(7, 0.0)	(8, 0.0)	(9, 0.0)	(10, 0.0)	(15, 0.0)	(20, 0.0)	(25, 6.9678132319470055e-06)	(30, 0.0)	(35, 0.0)	(40, 0.0)	(45, 0.0)	(50, 6.967813231947005e-07)	(55, 0.0)	(60, 2.0206658372646317e-05)	(65, 0.0)	(70, 0.0)	(75, 4.180687939168203e-06)	(80, 4.877469262362904e-06)	(85, 2.0903439695841015e-06)	(90, 0.0)	(95, 0.0)	(100, 2.647769028139862e-05)	(105, 3.4839066159735028e-06)	(110, 3.4839066159735028e-06)	(115, 2.0903439695841015e-06)	(120, 0.0)	(125, 3.832297277570853e-05)	(130, 1.9509877049451615e-05)	(135, 6.967813231947005e-07)	(140, 0.0)	(145, 0.0)	(150, 0.0)	
/ | scratch | karcher | fastqc | 240813_MG011_PRISMA_NovaSeq_final_for_Q | H5YFCDSXC_240813_MG_PRISMA_24s001116-1-1_Gross_lane1MG208 | H5YFCDSXC_240813_MG_PRISMA_24s001116-1-1_Gross_lane1MG208_1	(1, 0.0002283869301290016)	(2, 0.04853500785887782)	(3, 0.0)	(4, 0.0)	(5, 0.0)	(6, 0.0)	(7, 0.0)	(8, 0.0)	(9, 0.0)	(10, 3.3422477579853884e-05)	(15, 0.0001838236266891964)	(20, 8.07709874846469e-05)	(25, 0.000425022506557142)	(30, 0.0012934498823403454)	(35, 0.00010193855661855435)	(40, 8.355619394963471e-06)	(45, 0.0)	(50, 0.0)	(55, 1.2254908445946427e-05)	(60, 5.06907576627784e-05)	(65, 1.9496445254914767e-05)	(70, 0.0)	(75, 5.0133716369780835e-06)	(80, 5.347596412776622e-05)	(85, 6.0717500936734566e-05)	(90, 3.620768404484171e-05)	(95, 0.0)	(100, 0.0)	(105, 5.0133716369780835e-06)	(110, 0.0)	(115, 0.0)	(120, 0.0)	(125, 0.0)	(130, 1.0026743273956167e-05)	(135, 0.0)	(140, 0.0)	(145, 0.0)	(150, 0.0)	
/ | scratch | karcher | fastqc | 240813_MG011_PRISMA_NovaSeq_final_for_Q | H5YFCDSXC_240813_MG_PRISMA_24s001116-1-1_Gross_lane1MG208 | H5YFCDSXC_240813_MG_PRISMA_24s001116-1-1_Gross_lane1MG208_2	(1, 0.0019830670030713308)	(2, 0.0003676472533783928)	(3, 0.0)	(4, 0.0)	(5, 0.0)	(6, 0.0)	(7, 0.0)	(8, 0.0)	(9, 0.0)	(10, 0.0)	(15, 0.0)	(20, 0.0)	(25, 4.456330343980518e-06)	(30, 0.0)	(35, 0.0)	(40, 0.0)	(45, 0.0)	(50, 5.570412929975648e-07)	(55, 0.0)	(60, 1.281194973894399e-05)	(65, 0.0)	(70, 0.0)	(75, 3.342247757985389e-06)	(80, 1.6711238789926944e-06)	(85, 4.456330343980518e-06)	(90, 0.0)	(95, 0.0)	(100, 1.5040114910934248e-05)	(105, 2.785206464987824e-06)	(110, 2.228165171990259e-06)	(115, 5.570412929975648e-07)	(120, 0.0)	(125, 2.3395734305897722e-05)	(130, 1.726828008292451e-05)	(135, 0.0)	(140, 0.0)	(145, 0.0)	(150, 0.0)	
/ | scratch | karcher | fastqc | 240813_MG011_PRISMA_NovaSeq_final_for_Q | H5YFCDSXC_240813_MG_PRISMA_24s001116-1-1_Gross_lane1MG209 | H5YFCDSXC_240813_MG_PRISMA_24s001116-1-1_Gross_lane1MG209_1	(1, 0.0002728177226846823)	(2, 0.04807159627876626)	(3, 0.0)	(4, 0.0)	(5, 0.0)	(6, 0.0)	(7, 0.0)	(8, 0.0)	(9, 0.0)	(10, 4.008750210876964e-05)	(15, 0.00017983698862684158)	(20, 9.353750492046249e-05)	(25, 0.00038305835348379885)	(30, 0.0012783459005796542)	(35, 8.68562545690009e-05)	(40, 5.010937763596205e-06)	(45, 0.0)	(50, 0.0)	(55, 6.6812503514616074e-06)	(60, 4.342812728450045e-05)	(65, 1.781666760389762e-05)	(70, 0.0)	(75, 2.783854313109003e-06)	(80, 5.066614849858386e-05)	(85, 6.402864920150706e-05)	(90, 2.8395313993711828e-05)	(95, 0.0)	(100, 0.0)	(105, 0.0)	(110, 0.0)	(115, 0.0)	(120, 0.0)	(125, 0.0)	(130, 5.010937763596205e-06)	(135, 0.0)	(140, 0.0)	(145, 0.0)	(150, 0.0)	
/ | scratch | karcher | fastqc | 240813_MG011_PRISMA_NovaSeq_final_for_Q | H5YFCDSXC_240813_MG_PRISMA_24s001116-1-1_Gross_lane1MG209 | H5YFCDSXC_240813_MG_PRISMA_24s001116-1-1_Gross_lane1MG209_2	(1, 0.001809505303520852)	(2, 0.00033406251757308036)	(3, 0.0)	(4, 0.0)	(5, 0.0)	(6, 0.0)	(7, 0.0)	(8, 0.0)	(9, 0.0)	(10, 0.0)	(15, 0.0)	(20, 0.0)	(25, 5.567708626218006e-07)	(30, 0.0)	(35, 0.0)	(40, 0.0)	(45, 0.0)	(50, 0.0)	(55, 0.0)	(60, 1.3362500702923215e-05)	(65, 0.0)	(70, 0.0)	(75, 1.1135417252436012e-06)	(80, 5.567708626218006e-07)	(85, 5.567708626218006e-07)	(90, 0.0)	(95, 0.0)	(100, 1.893020932914122e-05)	(105, 1.6703125878654019e-06)	(110, 0.0)	(115, 0.0)	(120, 0.0)	(125, 2.2270834504872023e-05)	(130, 1.1135417252436012e-05)	(135, 0.0)	(140, 0.0)	(145, 0.0)	(150, 0.0)	
/ | scratch | karcher | fastqc | 240813_MG011_PRISMA_NovaSeq_final_for_Q | H5YFCDSXC_240813_MG_PRISMA_24s001116-1-1_Gross_lane1MG210 | H5YFCDSXC_240813_MG_PRISMA_24s001116-1-1_Gross_lane1MG210_1	(1, 0.00017942281181093775)	(2, 0.04761934984510589)	(3, 0.0)	(4, 0.0)	(5, 0.0)	(6, 0.0)	(7, 0.0)	(8, 0.0)	(9, 0.0)	(10, 2.7315114633903957e-05)	(15, 0.0001874566690562036)	(20, 7.551825810549918e-05)	(25, 0.00035777444265584004)	(30, 0.0012184683488653235)	(35, 9.640628694319043e-05)	(40, 6.4270857962126955e-06)	(45, 0.0)	(50, 0.0)	(55, 8.569447728283593e-06)	(60, 5.302345781875474e-05)	(65, 1.9281257388638086e-05)	(70, 0.0)	(75, 5.355904830177246e-06)	(80, 5.9450543614967435e-05)	(85, 6.641321989419785e-05)	(90, 3.4277790913134374e-05)	(95, 0.0)	(100, 0.0)	(105, 3.2135428981063477e-06)	(110, 5.355904830177246e-07)	(115, 0.0)	(120, 0.0)	(125, 0.0)	(130, 8.03385724526587e-06)	(135, 0.0)	(140, 5.355904830177246e-07)	(145, 0.0)	(150, 0.0)	
/ | scratch | karcher | fastqc | 240813_MG011_PRISMA_NovaSeq_final_for_Q | H5YFCDSXC_240813_MG_PRISMA_24s001116-1-1_Gross_lane1MG210 | H5YFCDSXC_240813_MG_PRISMA_24s001116-1-1_Gross_lane1MG210_2	(1, 0.0018156517374300861)	(2, 0.0003374220043011665)	(3, 2.677952415088623e-06)	(4, 0.0)	(5, 0.0)	(6, 0.0)	(7, 0.0)	(8, 0.0)	(9, 0.0)	(10, 0.0)	(15, 0.0)	(20, 0.0)	(25, 4.820314347159522e-06)	(30, 5.355904830177246e-07)	(35, 0.0)	(40, 0.0)	(45, 0.0)	(50, 5.355904830177246e-07)	(55, 0.0)	(60, 1.2854171592425391e-05)	(65, 0.0)	(70, 0.0)	(75, 2.677952415088623e-06)	(80, 3.2135428981063477e-06)	(85, 2.677952415088623e-06)	(90, 0.0)	(95, 0.0)	(100, 1.8210076422602635e-05)	(105, 4.284723864141797e-06)	(110, 2.1423619320708983e-06)	(115, 1.6067714490531739e-06)	(120, 0.0)	(125, 2.3030390769762158e-05)	(130, 1.3389762075443115e-05)	(135, 1.0711809660354492e-06)	(140, 0.0)	(145, 0.0)	(150, 0.0)	
/ | scratch | karcher | fastqc | 240813_MG011_PRISMA_NovaSeq_final_for_Q | H5YFCDSXC_240813_MG_PRISMA_24s001116-1-1_Gross_lane1MG211 | H5YFCDSXC_240813_MG_PRISMA_24s001116-1-1_Gross_lane1MG211_2	(1, 0.0018423542059621953)	(2, 0.00032512133046391686)	(3, 0.0)	(4, 0.0)	(5, 0.0)	(6, 0.0)	(7, 0.0)	(8, 0.0)	(9, 0.0)	(10, 0.0)	(15, 0.0)	(20, 0.0)	(25, 2.889967381901483e-06)	(30, 0.0)	(35, 0.0)	(40, 0.0)	(45, 0.0)	(50, 0.0)	(55, 0.0)	(60, 1.5413159370141243e-05)	(65, 0.0)	(70, 0.0)	(75, 9.633224606338277e-07)	(80, 1.9266449212676553e-06)	(85, 4.816612303169138e-07)	(90, 0.0)	(95, 0.0)	(100, 2.2156416594578037e-05)	(105, 1.9266449212676553e-06)	(110, 4.816612303169138e-07)	(115, 9.633224606338277e-07)	(120, 0.0)	(125, 2.4564722746162605e-05)	(130, 1.2041530757922845e-05)	(135, 0.0)	(140, 0.0)	(145, 0.0)	(150, 0.0)	
/ | scratch | karcher | fastqc | 240813_MG011_PRISMA_NovaSeq_final_for_Q | H5YFCDSXC_240813_MG_PRISMA_24s001116-1-1_Gross_lane1MG212 | H5YFCDSXC_240813_MG_PRISMA_24s001116-1-1_Gross_lane1MG212_1	(1, 0.00023798518143459588)	(2, 0.0486518895235482)	(3, 0.0)	(4, 0.0)	(5, 0.0)	(6, 0.0)	(7, 0.0)	(8, 0.0)	(9, 0.0)	(10, 3.0230550074124346e-05)	(15, 0.00018524251960314492)	(20, 9.905329173223722e-05)	(25, 0.00041679566910707603)	(30, 0.0013532995182118641)	(35, 8.811883745010713e-05)	(40, 5.145625544531803e-06)	(45, 0.0)	(50, 0.0)	(55, 3.216015965332377e-06)	(60, 6.303391292051458e-05)	(65, 2.122570537119369e-05)	(70, 0.0)	(75, 1.2864063861329507e-06)	(80, 6.367711611358106e-05)	(85, 8.040039913330943e-05)	(90, 2.958734688105787e-05)	(95, 0.0)	(100, 0.0)	(105, 6.432031930664753e-07)	(110, 0.0)	(115, 0.0)	(120, 0.0)	(125, 0.0)	(130, 3.216015965332377e-06)	(135, 0.0)	(140, 0.0)	(145, 0.0)	(150, 0.0)	
/ | scratch | karcher | fastqc | 240813_MG011_PRISMA_NovaSeq_final_for_Q | H5YFCDSXC_240813_MG_PRISMA_24s001116-1-1_Gross_lane1MG212 | H5YFCDSXC_240813_MG_PRISMA_24s001116-1-1_Gross_lane1MG212_2	(1, 0.001775240812863472)	(2, 0.000340897692325232)	(3, 0.0)	(4, 0.0)	(5, 0.0)	(6, 0.0)	(7, 0.0)	(8, 0.0)	(9, 0.0)	(10, 0.0)	(15, 0.0)	(20, 0.0)	(25, 1.2864063861329507e-06)	(30, 0.0)	(35, 0.0)	(40, 0.0)	(45, 0.0)	(50, 0.0)	(55, 0.0)	(60, 1.1577657475196558e-05)	(65, 0.0)	(70, 0.0)	(75, 6.432031930664753e-07)	(80, 0.0)	(85, 0.0)	(90, 0.0)	(95, 0.0)	(100, 2.1868908564260165e-05)	(105, 6.432031930664753e-07)	(110, 6.432031930664753e-07)	(115, 0.0)	(120, 0.0)	(125, 2.379851814345959e-05)	(130, 7.718438316797704e-06)	(135, 0.0)	(140, 0.0)	(145, 0.0)	(150, 0.0)	
/ | scratch | karcher | fastqc | 240813_MG011_PRISMA_NovaSeq_final_for_Q | H5YFCDSXC_240813_MG_PRISMA_24s001116-1-1_Gross_lane1MG213 | H5YFCDSXC_240813_MG_PRISMA_24s001116-1-1_Gross_lane1MG213_1	(1, 0.00023599927036450298)	(2, 0.04866357988459954)	(3, 0.0)	(4, 0.0)	(5, 0.0)	(6, 0.0)	(7, 0.0)	(8, 0.0)	(9, 0.0)	(10, 3.128979090225995e-05)	(15, 0.00018720840997453833)	(20, 8.9626689194609e-05)	(25, 0.0004189649968268705)	(30, 0.0013083375280656829)	(35, 8.697501199950222e-05)	(40, 6.364025268256261e-06)	(45, 0.0)	(50, 0.0)	(55, 6.364025268256261e-06)	(60, 5.356387934115686e-05)	(65, 1.6440398609662007e-05)	(70, 0.0)	(75, 3.1820126341281303e-06)	(80, 5.0381866707028735e-05)	(85, 5.939756917039177e-05)	(90, 2.5986436512046396e-05)	(95, 0.0)	(100, 0.0)	(105, 1.5910063170640652e-06)	(110, 0.0)	(115, 0.0)	(120, 0.0)	(125, 0.0)	(130, 5.30335439021355e-06)	(135, 0.0)	(140, 0.0)	(145, 0.0)	(150, 0.0)	
/ | scratch | karcher | fastqc | 240813_MG011_PRISMA_NovaSeq_final_for_Q | H5YFCDSXC_240813_MG_PRISMA_24s001116-1-1_Gross_lane1MG213 | H5YFCDSXC_240813_MG_PRISMA_24s001116-1-1_Gross_lane1MG213_2	(1, 0.0017739720435264326)	(2, 0.0002996395230470656)	(3, 0.0)	(4, 0.0)	(5, 2.651677195106775e-06)	(6, 0.0)	(7, 0.0)	(8, 0.0)	(9, 0.0)	(10, 0.0)	(15, 0.0)	(20, 0.0)	(25, 1.5910063170640652e-06)	(30, 0.0)	(35, 0.0)	(40, 0.0)	(45, 0.0)	(50, 5.30335439021355e-07)	(55, 0.0)	(60, 1.1667379658469812e-05)	(65, 0.0)	(70, 0.0)	(75, 5.30335439021355e-07)	(80, 1.06067087804271e-06)	(85, 1.06067087804271e-06)	(90, 0.0)	(95, 0.0)	(100, 1.4849392292597942e-05)	(105, 1.06067087804271e-06)	(110, 1.06067087804271e-06)	(115, 5.30335439021355e-07)	(120, 0.0)	(125, 1.9622411243790137e-05)	(130, 1.0076373341405745e-05)	(135, 0.0)	(140, 0.0)	(145, 0.0)	(150, 0.0)	
/ | scratch | karcher | fastqc | 240813_MG011_PRISMA_NovaSeq_final_for_Q | H5YFCDSXC_240813_MG_PRISMA_24s001116-1-1_Gross_lane1MG214 | H5YFCDSXC_240813_MG_PRISMA_24s001116-1-1_Gross_lane1MG214_1	(1, 0.00023904722309254874)	(2, 0.04865676051818432)	(3, 0.0)	(4, 0.0)	(5, 0.0)	(6, 0.0)	(7, 0.0)	(8, 0.0)	(9, 0.0)	(10, 3.455534115991298e-05)	(15, 0.00018413736590693357)	(20, 8.946519834552814e-05)	(25, 0.00037206161851632336)	(30, 0.001254879581026429)	(35, 8.851847666991408e-05)	(40, 4.733608378070271e-06)	(45, 0.0)	(50, 0.0)	(55, 3.31352586464919e-06)	(60, 5.206969215877299e-05)	(65, 2.0354516025702168e-05)	(70, 0.0)	(75, 2.840165026842163e-06)	(80, 5.585657886122921e-05)	(85, 6.485043477956273e-05)	(90, 2.6034846079386495e-05)	(95, 0.0)	(100, 0.0)	(105, 1.4200825134210814e-06)	(110, 0.0)	(115, 0.0)	(120, 0.0)	(125, 0.0)	(130, 6.62705172929838e-06)	(135, 0.0)	(140, 0.0)	(145, 0.0)	(150, 0.0)	
/ | scratch | karcher | fastqc | 240813_MG011_PRISMA_NovaSeq_final_for_Q | H5YFCDSXC_240813_MG_PRISMA_24s001116-1-1_Gross_lane1MG214 | H5YFCDSXC_240813_MG_PRISMA_24s001116-1-1_Gross_lane1MG214_2	(1, 0.0018413736590693354)	(2, 0.00030295093619649735)	(3, 0.0)	(4, 0.0)	(5, 0.0)	(6, 0.0)	(7, 0.0)	(8, 0.0)	(9, 0.0)	(10, 0.0)	(15, 0.0)	(20, 0.0)	(25, 2.840165026842163e-06)	(30, 0.0)	(35, 0.0)	(40, 0.0)	(45, 0.0)	(50, 0.0)	(55, 0.0)	(60, 1.0887299269561624e-05)	(65, 0.0)	(70, 0.0)	(75, 9.467216756140543e-07)	(80, 2.3668041890351356e-06)	(85, 4.733608378070272e-07)	(90, 0.0)	(95, 0.0)	(100, 1.846107267447406e-05)	(105, 4.733608378070272e-07)	(110, 4.733608378070272e-07)	(115, 1.8934433512281087e-06)	(120, 0.0)	(125, 2.1301237701316223e-05)	(130, 9.467216756140542e-06)	(135, 0.0)	(140, 0.0)	(145, 0.0)	(150, 0.0)	
/ | scratch | karcher | fastqc | 240813_MG011_PRISMA_NovaSeq_final_for_Q | H5YFCDSXC_240813_MG_PRISMA_24s001116-1-1_Gross_lane1MG215 | H5YFCDSXC_240813_MG_PRISMA_24s001116-1-1_Gross_lane1MG215_1	(1, 0.00027616680475006904)	(2, 0.04878852949630556)	(3, 0.0)	(4, 0.0)	(5, 0.0)	(6, 0.0)	(7, 0.0)	(8, 0.0)	(9, 0.0)	(10, 2.5362257579087974e-05)	(15, 0.00020909772359648082)	(20, 9.412215590461537e-05)	(25, 0.0004232678987087793)	(30, 0.0012793849934339932)	(35, 8.904970438879777e-05)	(40, 7.326874411736526e-06)	(45, 0.0)	(50, 0.0)	(55, 7.890480135716258e-06)	(60, 5.5233360950013806e-05)	(65, 1.916259461531091e-05)	(70, 0.0)	(75, 2.818028619898664e-06)	(80, 6.143302391379088e-05)	(85, 7.214153266940579e-05)	(90, 4.283403502245969e-05)	(95, 0.0)	(100, 0.0)	(105, 1.1272114479594655e-06)	(110, 0.0)	(115, 0.0)	(120, 0.0)	(125, 0.0)	(130, 7.890480135716258e-06)	(135, 0.0)	(140, 0.0)	(145, 0.0)	(150, 0.0)	
/ | scratch | karcher | fastqc | 240813_MG011_PRISMA_NovaSeq_final_for_Q | H5YFCDSXC_240813_MG_PRISMA_24s001116-1-1_Gross_lane1MG215 | H5YFCDSXC_240813_MG_PRISMA_24s001116-1-1_Gross_lane1MG215_2	(1, 0.0018711710036127128)	(2, 0.0002620766616505757)	(3, 0.0)	(4, 0.0)	(5, 0.0)	(6, 0.0)	(7, 0.0)	(8, 0.0)	(9, 0.0)	(10, 0.0)	(15, 0.0)	(20, 0.0)	(25, 2.818028619898664e-06)	(30, 0.0)	(35, 0.0)	(40, 0.0)	(45, 0.0)	(50, 0.0)	(55, 0.0)	(60, 1.2962931651533854e-05)	(65, 0.0)	(70, 0.0)	(75, 1.690817171939198e-06)	(80, 1.1272114479594655e-06)	(85, 5.636057239797327e-07)	(90, 0.0)	(95, 0.0)	(100, 2.3107834683169042e-05)	(105, 1.690817171939198e-06)	(110, 1.690817171939198e-06)	(115, 5.636057239797327e-07)	(120, 0.0)	(125, 2.4235046131128507e-05)	(130, 1.1272114479594656e-05)	(135, 0.0)	(140, 0.0)	(145, 0.0)	(150, 0.0)	
/ | scratch | karcher | fastqc | 240813_MG011_PRISMA_NovaSeq_final_for_Q | H5YFCDSXC_240813_MG_PRISMA_24s001116-1-1_Gross_lane1MG216 | H5YFCDSXC_240813_MG_PRISMA_24s001116-1-1_Gross_lane1MG216_1	(1, 0.0002396500605850331)	(2, 0.048142701545775844)	(3, 0.0)	(4, 0.0)	(5, 0.0)	(6, 0.0)	(7, 0.0)	(8, 0.0)	(9, 0.0)	(10, 2.09693803011904e-05)	(15, 0.00018572879695340067)	(20, 9.046789787085e-05)	(25, 0.00040321122693431823)	(30, 0.0012719426965550635)	(35, 8.447664635622418e-05)	(40, 7.788626969013576e-06)	(45, 0.0)	(50, 0.0)	(55, 1.3180753332176822e-05)	(60, 4.553351151115629e-05)	(65, 2.336588090704073e-05)	(70, 0.0)	(75, 4.793001211700663e-06)	(80, 6.170989060064602e-05)	(85, 7.489064393282286e-05)	(90, 4.3137010905305966e-05)	(95, 0.0)	(100, 0.0)	(105, 2.995625757312914e-06)	(110, 0.0)	(115, 0.0)	(120, 0.0)	(125, 0.0)	(130, 6.590376666088411e-06)	(135, 0.0)	(140, 0.0)	(145, 0.0)	(150, 0.0)	
/ | scratch | karcher | fastqc | 240813_MG011_PRISMA_NovaSeq_final_for_Q | H5YFCDSXC_240813_MG_PRISMA_24s001116-1-1_Gross_lane1MG216 | H5YFCDSXC_240813_MG_PRISMA_24s001116-1-1_Gross_lane1MG216_2	(1, 0.0018273317119608776)	(2, 0.00031154507876054305)	(3, 0.0)	(4, 0.0)	(5, 0.0)	(6, 0.0)	(7, 0.0)	(8, 0.0)	(9, 0.0)	(10, 0.0)	(15, 0.0)	(20, 0.0)	(25, 3.594750908775497e-06)	(30, 0.0)	(35, 0.0)	(40, 0.0)	(45, 0.0)	(50, 5.991251514625829e-07)	(55, 0.0)	(60, 1.3779878483639404e-05)	(65, 0.0)	(70, 0.0)	(75, 2.995625757312914e-06)	(80, 1.1982503029251658e-06)	(85, 2.995625757312914e-06)	(90, 0.0)	(95, 0.0)	(100, 1.9771129998265232e-05)	(105, 0.0)	(110, 3.594750908775497e-06)	(115, 1.1982503029251658e-06)	(120, 0.0)	(125, 2.8758007270203975e-05)	(130, 1.3180753332176822e-05)	(135, 0.0)	(140, 0.0)	(145, 0.0)	(150, 0.0)	
/ | scratch | karcher | fastqc | 240813_MG011_PRISMA_NovaSeq_final_for_Q | H5YFCDSXC_240813_MG_PRISMA_24s001116-1-1_Gross_lane1MG217 | H5YFCDSXC_240813_MG_PRISMA_24s001116-1-1_Gross_lane1MG217_1	(1, 0.0002456501118574249)	(2, 0.04771559488531643)	(3, 2.585790651130788e-06)	(4, 0.0)	(5, 0.0)	(6, 0.0)	(7, 0.0)	(8, 0.0)	(9, 0.0)	(10, 2.9478013422890987e-05)	(15, 0.00019238282444413064)	(20, 9.41227797011607e-05)	(25, 0.00041682945296228304)	(30, 0.0013172017576860236)	(35, 0.00010498310043590999)	(40, 3.6201069115831035e-06)	(45, 0.0)	(50, 0.0)	(55, 2.0686325209046306e-06)	(60, 5.7921710585329655e-05)	(65, 2.016916707882015e-05)	(70, 0.0)	(75, 5.171581302261576e-07)	(80, 5.7404552455103496e-05)	(85, 7.395361262234054e-05)	(90, 2.2754957729950938e-05)	(95, 0.0)	(100, 0.0)	(105, 1.0343162604523153e-06)	(110, 0.0)	(115, 0.0)	(120, 0.0)	(125, 0.0)	(130, 3.1029487813569462e-06)	(135, 0.0)	(140, 0.0)	(145, 0.0)	(150, 0.0)	
/ | scratch | karcher | fastqc | 240813_MG011_PRISMA_NovaSeq_final_for_Q | H5YFCDSXC_240813_MG_PRISMA_24s001116-1-1_Gross_lane1MG217 | H5YFCDSXC_240813_MG_PRISMA_24s001116-1-1_Gross_lane1MG217_2	(1, 0.0018591834781630369)	(2, 0.0003206380407402177)	(3, 0.0)	(4, 0.0)	(5, 0.0)	(6, 0.0)	(7, 0.0)	(8, 0.0)	(9, 0.0)	(10, 0.0)	(15, 0.0)	(20, 0.0)	(25, 0.0)	(30, 0.0)	(35, 0.0)	(40, 0.0)	(45, 0.0)	(50, 0.0)	(55, 0.0)	(60, 1.086032073474931e-05)	(65, 0.0)	(70, 0.0)	(75, 5.171581302261576e-07)	(80, 0.0)	(85, 5.171581302261576e-07)	(90, 0.0)	(95, 0.0)	(100, 1.6549060167237044e-05)	(105, 5.171581302261576e-07)	(110, 0.0)	(115, 0.0)	(120, 0.0)	(125, 2.223779959972478e-05)	(130, 7.240213823166207e-06)	(135, 0.0)	(140, 0.0)	(145, 0.0)	(150, 0.0)	
/ | scratch | karcher | fastqc | 240813_MG011_PRISMA_NovaSeq_final_for_Q | H5YFCDSXC_240813_MG_PRISMA_24s001116-1-1_Gross_lane1MG218 | H5YFCDSXC_240813_MG_PRISMA_24s001116-1-1_Gross_lane1MG218_1	(1, 0.00022777918709272402)	(2, 0.04844021516814288)	(3, 0.0)	(4, 0.0)	(5, 0.0)	(6, 0.0)	(7, 0.0)	(8, 0.0)	(9, 0.0)	(10, 2.4263435146833644e-05)	(15, 0.0002005447190707679)	(20, 9.754891273318833e-05)	(25, 0.00040356529887080445)	(30, 0.001230997954592417)	(35, 9.160684698294335e-05)	(40, 2.971032875122487e-06)	(45, 0.0)	(50, 0.0)	(55, 4.951721458537478e-06)	(60, 5.5459280335619754e-05)	(65, 1.4855164375612437e-05)	(70, 0.0)	(75, 1.9806885834149912e-06)	(80, 4.605100956439855e-05)	(85, 5.347859175220477e-05)	(90, 2.228274656341865e-05)	(95, 0.0)	(100, 0.0)	(105, 1.4855164375612434e-06)	(110, 0.0)	(115, 0.0)	(120, 0.0)	(125, 0.0)	(130, 3.9613771668299824e-06)	(135, 0.0)	(140, 0.0)	(145, 0.0)	(150, 0.0)	
/ | scratch | karcher | fastqc | 240813_MG011_PRISMA_NovaSeq_final_for_Q | H5YFCDSXC_240813_MG_PRISMA_24s001116-1-1_Gross_lane1MG218 | H5YFCDSXC_240813_MG_PRISMA_24s001116-1-1_Gross_lane1MG218_2	(1, 0.0017231990675710424)	(2, 0.0003243377555342048)	(3, 0.0)	(4, 0.0)	(5, 0.0)	(6, 0.0)	(7, 0.0)	(8, 0.0)	(9, 0.0)	(10, 0.0)	(15, 0.0)	(20, 0.0)	(25, 1.4855164375612434e-06)	(30, 0.0)	(35, 0.0)	(40, 0.0)	(45, 0.0)	(50, 4.951721458537478e-07)	(55, 0.0)	(60, 8.913098625367461e-06)	(65, 0.0)	(70, 0.0)	(75, 9.903442917074956e-07)	(80, 1.4855164375612434e-06)	(85, 4.951721458537478e-07)	(90, 0.0)	(95, 0.0)	(100, 1.7826197250734923e-05)	(105, 1.4855164375612434e-06)	(110, 9.903442917074956e-07)	(115, 4.951721458537478e-07)	(120, 0.0)	(125, 1.8816541542442417e-05)	(130, 8.417926479513714e-06)	(135, 4.951721458537478e-07)	(140, 0.0)	(145, 0.0)	(150, 0.0)	
/ | scratch | karcher | fastqc | 240813_MG011_PRISMA_NovaSeq_final_for_Q | H5YFCDSXC_240813_MG_PRISMA_24s001116-1-1_Gross_lane1MG219 | H5YFCDSXC_240813_MG_PRISMA_24s001116-1-1_Gross_lane1MG219_1	(1, 0.00024129262653604694)	(2, 0.04867804544198229)	(3, 0.0)	(4, 0.0)	(5, 0.0)	(6, 0.0)	(7, 0.0)	(8, 0.0)	(9, 0.0)	(10, 1.919373165627646e-05)	(15, 0.00021332461755118692)	(20, 0.00010090418927871052)	(25, 0.00039429408745322213)	(30, 0.0012909155519678509)	(35, 9.706544294745524e-05)	(40, 6.580707996437643e-06)	(45, 0.0)	(50, 0.0)	(55, 1.0967846660729405e-05)	(60, 6.745225696348585e-05)	(65, 2.0290516322349398e-05)	(70, 0.0)	(75, 6.032315663401173e-06)	(80, 6.800064929652231e-05)	(85, 7.622653429206938e-05)	(90, 4.60649559750635e-05)	(95, 0.0)	(100, 0.0)	(105, 3.838746331255292e-06)	(110, 0.0)	(115, 0.0)	(120, 0.0)	(125, 0.0)	(130, 9.322669661619995e-06)	(135, 0.0)	(140, 1.6451769991094106e-06)	(145, 0.0)	(150, 0.0)	
/ | scratch | karcher | fastqc | 240813_MG011_PRISMA_NovaSeq_final_for_Q | H5YFCDSXC_240813_MG_PRISMA_24s001116-1-1_Gross_lane1MG219 | H5YFCDSXC_240813_MG_PRISMA_24s001116-1-1_Gross_lane1MG219_2	(1, 0.0017959848906944403)	(2, 0.0003290353998218822)	(3, 2.7419616651823513e-06)	(4, 0.0)	(5, 2.7419616651823513e-06)	(6, 0.0)	(7, 0.0)	(8, 0.0)	(9, 0.0)	(10, 0.0)	(15, 0.0)	(20, 0.0)	(25, 3.838746331255292e-06)	(30, 0.0)	(35, 0.0)	(40, 0.0)	(45, 0.0)	(50, 0.0)	(55, 0.0)	(60, 1.7000162324130577e-05)	(65, 0.0)	(70, 0.0)	(75, 2.7419616651823513e-06)	(80, 3.2903539982188213e-06)	(85, 2.7419616651823513e-06)	(90, 0.0)	(95, 0.0)	(100, 2.522604731967763e-05)	(105, 1.6451769991094106e-06)	(110, 2.7419616651823513e-06)	(115, 1.6451769991094106e-06)	(120, 0.0)	(125, 2.906479365093292e-05)	(130, 1.864533932323999e-05)	(135, 0.0)	(140, 0.0)	(145, 0.0)	(150, 0.0)	
/ | scratch | karcher | fastqc | 240813_MG011_PRISMA_NovaSeq_final_for_Q | H5YFCDSXC_240813_MG_PRISMA_24s001116-1-1_Gross_lane1MG220 | H5YFCDSXC_240813_MG_PRISMA_24s001116-1-1_Gross_lane1MG220_1	(1, 0.00027234966053177475)	(2, 0.0484157330951896)	(3, 0.0)	(4, 0.0)	(5, 0.0)	(6, 0.0)	(7, 0.0)	(8, 0.0)	(9, 0.0)	(10, 2.5002591786523582e-05)	(15, 0.00019019828751891155)	(20, 9.108087007947878e-05)	(25, 0.0004080780159443314)	(30, 0.0012206622490063478)	(35, 0.00010536806538606367)	(40, 8.03654735995401e-06)	(45, 0.0)	(50, 0.0)	(55, 1.9644893546554247e-05)	(60, 6.250647946630896e-05)	(65, 2.05378432532158e-05)	(70, 0.0)	(75, 8.929497066615565e-06)	(80, 6.429237887963208e-05)	(85, 6.697122799961675e-05)	(90, 4.9112233866385615e-05)	(95, 0.0)	(100, 0.0)	(105, 5.35769823996934e-06)	(110, 8.929497066615566e-07)	(115, 0.0)	(120, 0.0)	(125, 0.0)	(130, 1.2501295893261791e-05)	(135, 0.0)	(140, 0.0)	(145, 0.0)	(150, 0.0)	
/ | scratch | karcher | fastqc | 240813_MG011_PRISMA_NovaSeq_final_for_Q | H5YFCDSXC_240813_MG_PRISMA_24s001116-1-1_Gross_lane1MG220 | H5YFCDSXC_240813_MG_PRISMA_24s001116-1-1_Gross_lane1MG220_2	(1, 0.0015671267351910318)	(2, 0.0002946734031983137)	(3, 0.0)	(4, 0.0)	(5, 0.0)	(6, 0.0)	(7, 0.0)	(8, 0.0)	(9, 0.0)	(10, 0.0)	(15, 0.0)	(20, 0.0)	(25, 5.35769823996934e-06)	(30, 0.0)	(35, 0.0)	(40, 0.0)	(45, 0.0)	(50, 1.7858994133231132e-06)	(55, 0.0)	(60, 1.4287195306584906e-05)	(65, 0.0)	(70, 0.0)	(75, 6.2506479466308955e-06)	(80, 7.143597653292453e-06)	(85, 3.5717988266462264e-06)	(90, 0.0)	(95, 0.0)	(100, 1.9644893546554247e-05)	(105, 5.35769823996934e-06)	(110, 3.5717988266462264e-06)	(115, 4.4647485333077825e-06)	(120, 0.0)	(125, 2.5895541493185142e-05)	(130, 2.3216692373200473e-05)	(135, 2.67884911998467e-06)	(140, 0.0)	(145, 0.0)	(150, 0.0)	
/ | scratch | karcher | fastqc | 240813_MG011_PRISMA_NovaSeq_final_for_Q | H5YFCDSXC_240813_MG_PRISMA_24s001116-1-1_Gross_lane1MG221 | H5YFCDSXC_240813_MG_PRISMA_24s001116-1-1_Gross_lane1MG221_1	(1, 0.00025032930393234623)	(2, 0.04843587565972794)	(3, 0.0)	(4, 0.0)	(5, 0.0)	(6, 0.0)	(7, 0.0)	(8, 0.0)	(9, 0.0)	(10, 3.07222327553334e-05)	(15, 0.00017750623369748188)	(20, 9.558027968325947e-05)	(25, 0.0004392141423540257)	(30, 0.001355191822651929)	(35, 9.956279133672861e-05)	(40, 6.827162834518533e-06)	(45, 0.0)	(50, 0.0)	(55, 5.689302362098778e-06)	(60, 5.234158173130875e-05)	(65, 1.8774697794925967e-05)	(70, 0.0)	(75, 2.844651181049389e-06)	(80, 4.9496930550259375e-05)	(85, 6.087553527445692e-05)	(90, 2.9584372282913644e-05)	(95, 0.0)	(100, 0.0)	(105, 5.689302362098778e-07)	(110, 0.0)	(115, 0.0)	(120, 0.0)	(125, 0.0)	(130, 4.551441889679022e-06)	(135, 0.0)	(140, 0.0)	(145, 0.0)	(150, 0.0)	
/ | scratch | karcher | fastqc | 240813_MG011_PRISMA_NovaSeq_final_for_Q | H5YFCDSXC_240813_MG_PRISMA_24s001116-1-1_Gross_lane1MG221 | H5YFCDSXC_240813_MG_PRISMA_24s001116-1-1_Gross_lane1MG221_2	(1, 0.0018319553605958064)	(2, 0.0003641153511743218)	(3, 0.0)	(4, 0.0)	(5, 0.0)	(6, 0.0)	(7, 0.0)	(8, 0.0)	(9, 0.0)	(10, 0.0)	(15, 0.0)	(20, 0.0)	(25, 1.1378604724197556e-06)	(30, 0.0)	(35, 0.0)	(40, 0.0)	(45, 0.0)	(50, 0.0)	(55, 0.0)	(60, 1.1947534960407433e-05)	(65, 0.0)	(70, 0.0)	(75, 0.0)	(80, 1.1378604724197556e-06)	(85, 0.0)	(90, 0.0)	(95, 0.0)	(100, 1.820576755871609e-05)	(105, 0.0)	(110, 5.689302362098778e-07)	(115, 5.689302362098778e-07)	(120, 0.0)	(125, 2.0481488503555603e-05)	(130, 7.396093070728411e-06)	(135, 0.0)	(140, 0.0)	(145, 0.0)	(150, 0.0)	
/ | scratch | karcher | fastqc | 240813_MG011_PRISMA_NovaSeq_final_for_Q | H5YFCDSXC_240813_MG_PRISMA_24s001116-1-1_Gross_lane1MG222 | H5YFCDSXC_240813_MG_PRISMA_24s001116-1-1_Gross_lane1MG222_1	(1, 0.00023794514822628472)	(2, 0.048583842871351944)	(3, 0.0)	(4, 0.0)	(5, 0.0)	(6, 0.0)	(7, 0.0)	(8, 0.0)	(9, 0.0)	(10, 3.138850891495671e-05)	(15, 0.00018934358603538403)	(20, 9.872192320026707e-05)	(25, 0.000452095781629941)	(30, 0.0013740066644385887)	(35, 9.619059183615765e-05)	(40, 6.581461546684472e-06)	(45, 0.0)	(50, 0.0)	(55, 6.075195273862589e-06)	(60, 4.505769828114753e-05)	(65, 1.5187988184656472e-05)	(70, 0.0)	(75, 4.050130182575059e-06)	(80, 5.012036100936636e-05)	(85, 6.227075155709154e-05)	(90, 3.189477518777859e-05)	(95, 0.0)	(100, 0.0)	(105, 5.062662728218824e-07)	(110, 0.0)	(115, 0.0)	(120, 0.0)	(125, 0.0)	(130, 6.075195273862589e-06)	(135, 0.0)	(140, 0.0)	(145, 0.0)	(150, 0.0)	
/ | scratch | karcher | fastqc | 240813_MG011_PRISMA_NovaSeq_final_for_Q | H5YFCDSXC_240813_MG_PRISMA_24s001116-1-1_Gross_lane1MG222 | H5YFCDSXC_240813_MG_PRISMA_24s001116-1-1_Gross_lane1MG222_2	(1, 0.0017339619844149471)	(2, 0.00035185505961120826)	(3, 0.0)	(4, 0.0)	(5, 0.0)	(6, 0.0)	(7, 0.0)	(8, 0.0)	(9, 0.0)	(10, 0.0)	(15, 0.0)	(20, 0.0)	(25, 1.0125325456437648e-06)	(30, 0.0)	(35, 0.0)	(40, 0.0)	(45, 0.0)	(50, 0.0)	(55, 0.0)	(60, 1.2150390547725177e-05)	(65, 0.0)	(70, 0.0)	(75, 2.0250650912875296e-06)	(80, 1.0125325456437648e-06)	(85, 5.062662728218824e-07)	(90, 0.0)	(95, 0.0)	(100, 1.6706787003122118e-05)	(105, 1.5187988184656472e-06)	(110, 0.0)	(115, 5.062662728218824e-07)	(120, 0.0)	(125, 2.075691718569718e-05)	(130, 9.112792910793883e-06)	(135, 0.0)	(140, 0.0)	(145, 0.0)	(150, 0.0)	
/ | scratch | karcher | fastqc | 240813_MG011_PRISMA_NovaSeq_final_for_Q | H5YFCDSXC_240813_MG_PRISMA_24s001116-1-1_Gross_lane1MG223 | H5YFCDSXC_240813_MG_PRISMA_24s001116-1-1_Gross_lane1MG223_1	(1, 0.00027112019157638124)	(2, 0.04794903282865975)	(3, 0.0)	(4, 0.0)	(5, 0.0)	(6, 0.0)	(7, 0.0)	(8, 0.0)	(9, 0.0)	(10, 2.639854496927923e-05)	(15, 0.00019905929855213253)	(20, 0.00010274028312368131)	(25, 0.00040311291642277736)	(30, 0.001287107435799452)	(35, 9.061122192158006e-05)	(40, 4.994319318512287e-06)	(45, 0.0)	(50, 0.0)	(55, 1.0702112825383471e-05)	(60, 5.850488344542964e-05)	(65, 2.7825493345997022e-05)	(70, 0.0)	(75, 4.994319318512287e-06)	(80, 7.20608930242487e-05)	(85, 9.061122192158006e-05)	(90, 4.4948873866610574e-05)	(95, 0.0)	(100, 0.0)	(105, 3.5673709417944905e-06)	(110, 0.0)	(115, 0.0)	(120, 0.0)	(125, 0.0)	(130, 9.988638637024574e-06)	(135, 0.0)	(140, 0.0)	(145, 0.0)	(150, 0.0)	
/ | scratch | karcher | fastqc | 240813_MG011_PRISMA_NovaSeq_final_for_Q | H5YFCDSXC_240813_MG_PRISMA_24s001116-1-1_Gross_lane1MG223 | H5YFCDSXC_240813_MG_PRISMA_24s001116-1-1_Gross_lane1MG223_2	(1, 0.0019477845342197918)	(2, 0.0003389002394704766)	(3, 0.0)	(4, 0.0)	(5, 0.0)	(6, 0.0)	(7, 0.0)	(8, 0.0)	(9, 0.0)	(10, 0.0)	(15, 0.0)	(20, 0.0)	(25, 4.280845130153389e-06)	(30, 0.0)	(35, 0.0)	(40, 0.0)	(45, 0.0)	(50, 7.134741883588981e-07)	(55, 0.0)	(60, 2.0690751462408043e-05)	(65, 0.0)	(70, 0.0)	(75, 2.8538967534355925e-06)	(80, 3.5673709417944905e-06)	(85, 2.8538967534355925e-06)	(90, 0.0)	(95, 0.0)	(100, 2.4971596592561433e-05)	(105, 3.5673709417944905e-06)	(110, 2.8538967534355925e-06)	(115, 7.134741883588981e-07)	(120, 0.0)	(125, 3.2106338476150415e-05)	(130, 1.5696432143895758e-05)	(135, 1.4269483767177962e-06)	(140, 0.0)	(145, 0.0)	(150, 0.0)	
/ | scratch | karcher | fastqc | 240813_MG011_PRISMA_NovaSeq_final_for_Q | H5YFCDSXC_240813_MG_PRISMA_24s001116-1-1_Gross_lane1MG224 | H5YFCDSXC_240813_MG_PRISMA_24s001116-1-1_Gross_lane1MG224_1	(1, 0.0002292114460802255)	(2, 0.048163979347309316)	(3, 0.0)	(4, 0.0)	(5, 0.0)	(6, 0.0)	(7, 0.0)	(8, 0.0)	(9, 0.0)	(10, 2.8836278700415468e-05)	(15, 0.00019076307447967152)	(20, 9.242397019363931e-05)	(25, 0.0004125806029444059)	(30, 0.001279147747479968)	(35, 9.612092900138487e-05)	(40, 5.915134092392916e-06)	(45, 0.0)	(50, 0.0)	(55, 9.612092900138488e-06)	(60, 4.7321072739143325e-05)	(65, 1.5527226992531405e-05)	(70, 0.0)	(75, 4.436350569294686e-06)	(80, 5.027863978533979e-05)	(85, 5.915134092392916e-05)	(90, 2.957567046196458e-05)	(95, 0.0)	(100, 0.0)	(105, 3.6969588077455725e-06)	(110, 0.0)	(115, 0.0)	(120, 0.0)	(125, 0.0)	(130, 6.654525853942031e-06)	(135, 0.0)	(140, 0.0)	(145, 0.0)	(150, 0.0)	
/ | scratch | karcher | fastqc | 240813_MG011_PRISMA_NovaSeq_final_for_Q | H5YFCDSXC_240813_MG_PRISMA_24s001116-1-1_Gross_lane1MG224 | H5YFCDSXC_240813_MG_PRISMA_24s001116-1-1_Gross_lane1MG224_2	(1, 0.0018373885274495492)	(2, 0.0003549080455435749)	(3, 0.0)	(4, 0.0)	(5, 3.6969588077455725e-06)	(6, 0.0)	(7, 0.0)	(8, 0.0)	(9, 0.0)	(10, 0.0)	(15, 0.0)	(20, 0.0)	(25, 3.6969588077455725e-06)	(30, 0.0)	(35, 0.0)	(40, 0.0)	(45, 0.0)	(50, 0.0)	(55, 0.0)	(60, 9.612092900138488e-06)	(65, 0.0)	(70, 0.0)	(75, 2.218175284647343e-06)	(80, 3.6969588077455725e-06)	(85, 2.218175284647343e-06)	(90, 0.0)	(95, 0.0)	(100, 1.6266618754080518e-05)	(105, 7.393917615491145e-07)	(110, 2.218175284647343e-06)	(115, 1.478783523098229e-06)	(120, 0.0)	(125, 1.996357756182609e-05)	(130, 1.1090876423236716e-05)	(135, 0.0)	(140, 0.0)	(145, 0.0)	(150, 0.0)	
/ | scratch | karcher | fastqc | 240813_MG011_PRISMA_NovaSeq_final_for_Q | H5YFCDSXC_240813_MG_PRISMA_24s001116-1-1_Gross_lane1MG225 | H5YFCDSXC_240813_MG_PRISMA_24s001116-1-1_Gross_lane1MG225_1	(1, 0.00022873117733019887)	(2, 0.048406294343139124)	(3, 0.0)	(4, 0.0)	(5, 0.0)	(6, 0.0)	(7, 0.0)	(8, 0.0)	(9, 0.0)	(10, 2.372027024165025e-05)	(15, 0.0001846792468814198)	(20, 0.00010843552110468687)	(25, 0.000430353474384226)	(30, 0.0013910244191710614)	(35, 8.302094584577589e-05)	(40, 6.777220069042929e-06)	(45, 0.0)	(50, 0.0)	(55, 6.777220069042929e-06)	(60, 5.5912065569604165e-05)	(65, 2.202596522438952e-05)	(70, 0.0)	(75, 3.3886100345214646e-06)	(80, 6.607789567316855e-05)	(85, 7.624372577673295e-05)	(90, 4.405193044877904e-05)	(95, 0.0)	(100, 0.0)	(105, 5.082915051782197e-06)	(110, 1.6943050172607323e-06)	(115, 0.0)	(120, 0.0)	(125, 0.0)	(130, 5.082915051782197e-06)	(135, 0.0)	(140, 0.0)	(145, 0.0)	(150, 0.0)	
/ | scratch | karcher | fastqc | 240813_MG011_PRISMA_NovaSeq_final_for_Q | H5YFCDSXC_240813_MG_PRISMA_24s001116-1-1_Gross_lane1MG225 | H5YFCDSXC_240813_MG_PRISMA_24s001116-1-1_Gross_lane1MG225_2	(1, 0.0016688904420018213)	(2, 0.00029650337802062814)	(3, 0.0)	(4, 0.0)	(5, 0.0)	(6, 0.0)	(7, 0.0)	(8, 0.0)	(9, 0.0)	(10, 0.0)	(15, 0.0)	(20, 0.0)	(25, 5.082915051782197e-06)	(30, 1.6943050172607323e-06)	(35, 0.0)	(40, 0.0)	(45, 0.0)	(50, 3.3886100345214646e-06)	(55, 0.0)	(60, 1.5248745155346591e-05)	(65, 0.0)	(70, 0.0)	(75, 5.082915051782197e-06)	(80, 5.082915051782197e-06)	(85, 5.082915051782197e-06)	(90, 0.0)	(95, 0.0)	(100, 2.202596522438952e-05)	(105, 6.777220069042929e-06)	(110, 3.3886100345214646e-06)	(115, 1.6943050172607323e-06)	(120, 0.0)	(125, 3.0497490310693183e-05)	(130, 1.1860135120825126e-05)	(135, 3.3886100345214646e-06)	(140, 0.0)	(145, 0.0)	(150, 0.0)	
/ | scratch | karcher | fastqc | 240813_MG011_PRISMA_NovaSeq_final_for_Q | H5YFCDSXC_240813_MG_PRISMA_24s001116-1-1_Gross_lane1MG226 | H5YFCDSXC_240813_MG_PRISMA_24s001116-1-1_Gross_lane1MG226_1	(1, 0.0002751277071716272)	(2, 0.04887071823231747)	(3, 0.0)	(4, 0.0)	(5, 0.0)	(6, 0.0)	(7, 0.0)	(8, 0.0)	(9, 0.0)	(10, 3.029496101440389e-05)	(15, 0.00021515604965331744)	(20, 9.76857926586901e-05)	(25, 0.0004130006930126898)	(30, 0.0013311234911022771)	(35, 9.5830999127196e-05)	(40, 4.946116083984309e-06)	(45, 0.0)	(50, 0.0)	(55, 6.1826451049803865e-06)	(60, 5.131595437133721e-05)	(65, 1.6693141783447044e-05)	(70, 0.0)	(75, 2.4730580419921545e-06)	(80, 5.193421888183525e-05)	(85, 6.182645104980386e-05)	(90, 3.029496101440389e-05)	(95, 0.0)	(100, 0.0)	(105, 6.182645104980386e-07)	(110, 0.0)	(115, 0.0)	(120, 0.0)	(125, 0.0)	(130, 5.564380594482347e-06)	(135, 0.0)	(140, 0.0)	(145, 0.0)	(150, 0.0)	
/ | scratch | karcher | fastqc | 240813_MG011_PRISMA_NovaSeq_final_for_Q | H5YFCDSXC_240813_MG_PRISMA_24s001116-1-1_Gross_lane1MG226 | H5YFCDSXC_240813_MG_PRISMA_24s001116-1-1_Gross_lane1MG226_2	(1, 0.0018795241119140375)	(2, 0.0003585934160888624)	(3, 3.0913225524901932e-06)	(4, 0.0)	(5, 3.0913225524901932e-06)	(6, 0.0)	(7, 0.0)	(8, 0.0)	(9, 0.0)	(10, 0.0)	(15, 0.0)	(20, 0.0)	(25, 1.8547935314941162e-06)	(30, 0.0)	(35, 0.0)	(40, 0.0)	(45, 0.0)	(50, 0.0)	(55, 0.0)	(60, 1.2983554720458813e-05)	(65, 0.0)	(70, 0.0)	(75, 1.2365290209960772e-06)	(80, 1.2365290209960772e-06)	(85, 1.2365290209960772e-06)	(90, 0.0)	(95, 0.0)	(100, 1.6074877272949006e-05)	(105, 1.2365290209960772e-06)	(110, 6.182645104980386e-07)	(115, 6.182645104980386e-07)	(120, 0.0)	(125, 1.9166199825439198e-05)	(130, 9.27396765747058e-06)	(135, 0.0)	(140, 0.0)	(145, 0.0)	(150, 0.0)	
/ | scratch | karcher | fastqc | 240813_MG011_PRISMA_NovaSeq_final_for_Q | H5YFCDSXC_240813_MG_PRISMA_24s001116-1-1_Gross_lane1MG227 | H5YFCDSXC_240813_MG_PRISMA_24s001116-1-1_Gross_lane1MG227_1	(1, 0.00012174086249374263)	(2, 0.0488930033138331)	(3, 0.0)	(4, 0.0)	(5, 0.0)	(6, 0.0)	(7, 0.0)	(8, 0.0)	(9, 0.0)	(10, 2.8094045190863684e-05)	(15, 0.00018354776191364274)	(20, 8.709154009167742e-05)	(25, 0.00038863429180694764)	(30, 0.0012342650520519446)	(35, 9.458328547590775e-05)	(40, 5.618809038172737e-06)	(45, 0.0)	(50, 0.0)	(55, 1.4047022595431842e-05)	(60, 5.431515403566979e-05)	(65, 1.872936346057579e-05)	(70, 0.0)	(75, 3.7458726921151584e-06)	(80, 5.525162220869858e-05)	(85, 6.555277211201527e-05)	(90, 5.056928134355463e-05)	(95, 0.0)	(100, 0.0)	(105, 2.8094045190863687e-06)	(110, 9.364681730287896e-07)	(115, 0.0)	(120, 0.0)	(125, 0.0)	(130, 9.364681730287895e-06)	(135, 0.0)	(140, 9.364681730287896e-07)	(145, 0.0)	(150, 0.0)	
/ | scratch | karcher | fastqc | 240813_MG011_PRISMA_NovaSeq_final_for_Q | H5YFCDSXC_240813_MG_PRISMA_24s001116-1-1_Gross_lane1MG227 | H5YFCDSXC_240813_MG_PRISMA_24s001116-1-1_Gross_lane1MG227_2	(1, 0.0015170784403066389)	(2, 0.0003652225874812279)	(3, 0.0)	(4, 0.0)	(5, 0.0)	(6, 0.0)	(7, 0.0)	(8, 0.0)	(9, 0.0)	(10, 0.0)	(15, 0.0)	(20, 0.0)	(25, 3.7458726921151584e-06)	(30, 0.0)	(35, 0.0)	(40, 0.0)	(45, 0.0)	(50, 9.364681730287896e-07)	(55, 0.0)	(60, 1.685642711451821e-05)	(65, 0.0)	(70, 0.0)	(75, 2.8094045190863687e-06)	(80, 3.7458726921151584e-06)	(85, 2.8094045190863687e-06)	(90, 0.0)	(95, 0.0)	(100, 1.9665831633604577e-05)	(105, 1.8729363460575792e-06)	(110, 1.8729363460575792e-06)	(115, 9.364681730287896e-07)	(120, 0.0)	(125, 2.6221108844806105e-05)	(130, 1.4047022595431842e-05)	(135, 9.364681730287896e-07)	(140, 0.0)	(145, 0.0)	(150, 0.0)	
/ | scratch | karcher | fastqc | 240813_MG011_PRISMA_NovaSeq_final_for_Q | H5YFCDSXC_240813_MG_PRISMA_24s001116-1-1_Gross_lane1MG228 | H5YFCDSXC_240813_MG_PRISMA_24s001116-1-1_Gross_lane1MG228_1	(1, 0.0002710052133005694)	(2, 0.04813586964695044)	(3, 0.0)	(4, 0.0)	(5, 0.0)	(6, 0.0)	(7, 0.0)	(8, 0.0)	(9, 0.0)	(10, 3.587956345106131e-05)	(15, 0.00019542911156322754)	(20, 8.779042121004362e-05)	(25, 0.00038780464325827965)	(30, 0.0012924276792052507)	(35, 0.00010534850545205235)	(40, 4.580369802263146e-06)	(45, 0.0)	(50, 0.0)	(55, 6.107159736350861e-06)	(60, 5.267425272602617e-05)	(65, 1.908487417609644e-05)	(70, 0.0)	(75, 3.816974835219288e-06)	(80, 5.7254622528289326e-05)	(85, 6.794215206690332e-05)	(90, 2.9772403714710444e-05)	(95, 0.0)	(100, 0.0)	(105, 1.5267899340877152e-06)	(110, 0.0)	(115, 0.0)	(120, 0.0)	(125, 0.0)	(130, 5.343764769307004e-06)	(135, 0.0)	(140, 0.0)	(145, 0.0)	(150, 0.0)	
/ | scratch | karcher | fastqc | 240813_MG011_PRISMA_NovaSeq_final_for_Q | H5YFCDSXC_240813_MG_PRISMA_24s001116-1-1_Gross_lane1MG228 | H5YFCDSXC_240813_MG_PRISMA_24s001116-1-1_Gross_lane1MG228_2	(1, 0.0017558084242008725)	(2, 0.0003206258861584202)	(3, 0.0)	(4, 0.0)	(5, 0.0)	(6, 0.0)	(7, 0.0)	(8, 0.0)	(9, 0.0)	(10, 0.0)	(15, 0.0)	(20, 0.0)	(25, 3.816974835219288e-06)	(30, 0.0)	(35, 0.0)	(40, 0.0)	(45, 0.0)	(50, 0.0)	(55, 0.0)	(60, 1.2214319472701721e-05)	(65, 0.0)	(70, 0.0)	(75, 3.0535798681754304e-06)	(80, 3.0535798681754304e-06)	(85, 7.633949670438576e-07)	(90, 0.0)	(95, 0.0)	(100, 1.6794689274964866e-05)	(105, 1.5267899340877152e-06)	(110, 2.290184901131573e-06)	(115, 1.5267899340877152e-06)	(120, 0.0)	(125, 2.213845404427187e-05)	(130, 1.1450924505657864e-05)	(135, 0.0)	(140, 0.0)	(145, 0.0)	(150, 0.0)	
/ | scratch | karcher | fastqc | 240813_MG011_PRISMA_NovaSeq_final_for_Q | H5YFCDSXC_240813_MG_PRISMA_24s001116-1-1_Gross_lane1MG229 | H5YFCDSXC_240813_MG_PRISMA_24s001116-1-1_Gross_lane1MG229_1	(1, 0.0002469841550683282)	(2, 0.04746137336213019)	(3, 0.0)	(4, 0.0)	(5, 0.0)	(6, 0.0)	(7, 0.0)	(8, 0.0)	(9, 0.0)	(10, 3.0536222808447846e-05)	(15, 0.00019489295145391715)	(20, 9.2506792625592e-05)	(25, 0.00044367335492274224)	(30, 0.0013633525359771715)	(35, 0.00010238615882832513)	(40, 8.083117802236196e-06)	(45, 0.0)	(50, 0.0)	(55, 1.3471863003726992e-05)	(60, 6.197056981714416e-05)	(65, 2.514747760695705e-05)	(70, 0.0)	(75, 5.388745201490796e-06)	(80, 7.184993601987728e-05)	(85, 8.44236748233558e-05)	(90, 4.9396831013665636e-05)	(95, 0.0)	(100, 0.0)	(105, 3.592496800993864e-06)	(110, 8.98124200248466e-07)	(115, 0.0)	(120, 0.0)	(125, 0.0)	(130, 1.1675614603230059e-05)	(135, 0.0)	(140, 0.0)	(145, 0.0)	(150, 0.0)	
/ | scratch | karcher | fastqc | 240813_MG011_PRISMA_NovaSeq_final_for_Q | H5YFCDSXC_240813_MG_PRISMA_24s001116-1-1_Gross_lane1MG229 | H5YFCDSXC_240813_MG_PRISMA_24s001116-1-1_Gross_lane1MG229_2	(1, 0.0018142108845019013)	(2, 0.00030087160708323614)	(3, 0.0)	(4, 0.0)	(5, 0.0)	(6, 0.0)	(7, 0.0)	(8, 0.0)	(9, 0.0)	(10, 0.0)	(15, 0.0)	(20, 0.0)	(25, 3.592496800993864e-06)	(30, 8.98124200248466e-07)	(35, 0.0)	(40, 0.0)	(45, 0.0)	(50, 1.796248400496932e-06)	(55, 0.0)	(60, 1.796248400496932e-05)	(65, 0.0)	(70, 0.0)	(75, 3.592496800993864e-06)	(80, 5.388745201490796e-06)	(85, 3.592496800993864e-06)	(90, 0.0)	(95, 0.0)	(100, 2.514747760695705e-05)	(105, 4.49062100124233e-06)	(110, 2.694372600745398e-06)	(115, 1.796248400496932e-06)	(120, 0.0)	(125, 2.9638098608199378e-05)	(130, 1.975873240546625e-05)	(135, 1.796248400496932e-06)	(140, 0.0)	(145, 0.0)	(150, 0.0)	
/ | scratch | karcher | fastqc | 240813_MG011_PRISMA_NovaSeq_final_for_Q | H5YFCDSXC_240813_MG_PRISMA_24s001116-1-1_Gross_lane1MG230 | H5YFCDSXC_240813_MG_PRISMA_24s001116-1-1_Gross_lane1MG230_1	(1, 0.0002586418898601502)	(2, 0.04853255626444298)	(3, 0.0)	(4, 0.0)	(5, 0.0)	(6, 0.0)	(7, 0.0)	(8, 0.0)	(9, 0.0)	(10, 2.4801277109877415e-05)	(15, 0.00020053604063129452)	(20, 0.00010558257969633529)	(25, 0.000421621710867916)	(30, 0.0012917922334659008)	(35, 8.786738176070857e-05)	(40, 2.8344316697002764e-06)	(45, 0.0)	(50, 0.0)	(55, 2.8344316697002764e-06)	(60, 4.960255421975483e-05)	(65, 1.6297982100776588e-05)	(70, 0.0)	(75, 7.086079174250691e-07)	(80, 5.2436985889455114e-05)	(85, 5.810584922885566e-05)	(90, 2.6927100862152623e-05)	(95, 0.0)	(100, 0.0)	(105, 0.0)	(110, 0.0)	(115, 0.0)	(120, 0.0)	(125, 0.0)	(130, 3.5430395871253456e-06)	(135, 0.0)	(140, 0.0)	(145, 0.0)	(150, 0.0)	
/ | scratch | karcher | fastqc | 240813_MG011_PRISMA_NovaSeq_final_for_Q | H5YFCDSXC_240813_MG_PRISMA_24s001116-1-1_Gross_lane1MG230 | H5YFCDSXC_240813_MG_PRISMA_24s001116-1-1_Gross_lane1MG230_2	(1, 0.0018423805853051796)	(2, 0.0002196684544017714)	(3, 0.0)	(4, 0.0)	(5, 0.0)	(6, 0.0)	(7, 0.0)	(8, 0.0)	(9, 0.0)	(10, 0.0)	(15, 0.0)	(20, 0.0)	(25, 0.0)	(30, 0.0)	(35, 0.0)	(40, 0.0)	(45, 0.0)	(50, 0.0)	(55, 0.0)	(60, 7.79468709167576e-06)	(65, 0.0)	(70, 0.0)	(75, 0.0)	(80, 0.0)	(85, 0.0)	(90, 0.0)	(95, 0.0)	(100, 1.4172158348501382e-05)	(105, 0.0)	(110, 0.0)	(115, 0.0)	(120, 0.0)	(125, 1.7006590018201657e-05)	(130, 6.377471256825622e-06)	(135, 0.0)	(140, 0.0)	(145, 0.0)	(150, 0.0)	
/ | scratch | karcher | fastqc | 240813_MG011_PRISMA_NovaSeq_final_for_Q | H5YFCDSXC_240813_MG_PRISMA_24s001116-1-1_Gross_lane1MG231 | H5YFCDSXC_240813_MG_PRISMA_24s001116-1-1_Gross_lane1MG231_1	(1, 0.00020464653505038508)	(2, 0.047355208210659104)	(3, 0.0)	(4, 0.0)	(5, 0.0)	(6, 0.0)	(7, 0.0)	(8, 0.0)	(9, 0.0)	(10, 2.7831928766852368e-05)	(15, 0.00017845177856393578)	(20, 8.895302723523405e-05)	(25, 0.0004120216905681086)	(30, 0.0012677170691254521)	(35, 8.40415103940248e-05)	(40, 5.457240934676936e-06)	(45, 0.0)	(50, 0.0)	(55, 8.731585495483097e-06)	(60, 5.8392478001043206e-05)	(65, 1.5280274617095417e-05)	(70, 0.0)	(75, 3.820068654273854e-06)	(80, 5.675530572064012e-05)	(85, 5.5663857533704736e-05)	(90, 2.8923376953787758e-05)	(95, 0.0)	(100, 0.0)	(105, 3.274344560806161e-06)	(110, 0.0)	(115, 0.0)	(120, 0.0)	(125, 0.0)	(130, 7.094413215080015e-06)	(135, 0.0)	(140, 5.457240934676935e-07)	(145, 0.0)	(150, 0.0)	
/ | scratch | karcher | fastqc | 240813_MG011_PRISMA_NovaSeq_final_for_Q | H5YFCDSXC_240813_MG_PRISMA_24s001116-1-1_Gross_lane1MG231 | H5YFCDSXC_240813_MG_PRISMA_24s001116-1-1_Gross_lane1MG231_2	(1, 0.001912762947604266)	(2, 0.0003929213472967393)	(3, 0.0)	(4, 0.0)	(5, 2.728620467338468e-06)	(6, 0.0)	(7, 0.0)	(8, 0.0)	(9, 0.0)	(10, 0.0)	(15, 0.0)	(20, 0.0)	(25, 3.820068654273854e-06)	(30, 0.0)	(35, 0.0)	(40, 0.0)	(45, 0.0)	(50, 5.457240934676935e-07)	(55, 0.0)	(60, 9.27730958895079e-06)	(65, 0.0)	(70, 0.0)	(75, 2.182896373870774e-06)	(80, 3.820068654273854e-06)	(85, 1.6371722804030805e-06)	(90, 0.0)	(95, 0.0)	(100, 1.7463170990966193e-05)	(105, 2.182896373870774e-06)	(110, 1.6371722804030805e-06)	(115, 1.091448186935387e-06)	(120, 0.0)	(125, 1.9646067364836966e-05)	(130, 1.418882643016003e-05)	(135, 5.457240934676935e-07)	(140, 0.0)	(145, 0.0)	(150, 0.0)	
/ | scratch | karcher | fastqc | 240813_MG011_PRISMA_NovaSeq_final_for_Q | H5YFCDSXC_240813_MG_PRISMA_24s001116-1-1_Gross_lane1MG232 | H5YFCDSXC_240813_MG_PRISMA_24s001116-1-1_Gross_lane1MG232_1	(1, 0.0002527515606689009)	(2, 0.048317140116730904)	(3, 0.0)	(4, 0.0)	(5, 0.0)	(6, 0.0)	(7, 0.0)	(8, 0.0)	(9, 0.0)	(10, 2.8154604226409217e-05)	(15, 0.00019132333326582628)	(20, 9.854111479243226e-05)	(25, 0.0004440748939347272)	(30, 0.0014032510697389866)	(35, 9.214234110461199e-05)	(40, 8.31840579416636e-06)	(45, 0.0)	(50, 0.0)	(55, 1.2157670006858526e-05)	(60, 5.055031213378019e-05)	(65, 1.9196321063460832e-05)	(70, 0.0)	(75, 4.479141581474194e-06)	(80, 5.9508595296728565e-05)	(85, 6.71871237221129e-05)	(90, 4.223190633961383e-05)	(95, 0.0)	(100, 0.0)	(105, 3.1993868439101382e-06)	(110, 0.0)	(115, 0.0)	(120, 0.0)	(125, 0.0)	(130, 7.678528425384331e-06)	(135, 0.0)	(140, 0.0)	(145, 0.0)	(150, 0.0)	
/ | scratch | karcher | fastqc | 240813_MG011_PRISMA_NovaSeq_final_for_Q | H5YFCDSXC_240813_MG_PRISMA_24s001116-1-1_Gross_lane1MG232 | H5YFCDSXC_240813_MG_PRISMA_24s001116-1-1_Gross_lane1MG232_2	(1, 0.0019100339458143526)	(2, 0.00032953684492274425)	(3, 0.0)	(4, 0.0)	(5, 0.0)	(6, 0.0)	(7, 0.0)	(8, 0.0)	(9, 0.0)	(10, 0.0)	(15, 0.0)	(20, 0.0)	(25, 3.1993868439101382e-06)	(30, 0.0)	(35, 0.0)	(40, 0.0)	(45, 0.0)	(50, 0.0)	(55, 0.0)	(60, 1.2797547375640553e-05)	(65, 0.0)	(70, 0.0)	(75, 2.5595094751281107e-06)	(80, 1.919632106346083e-06)	(85, 3.839264212692166e-06)	(90, 0.0)	(95, 0.0)	(100, 1.9196321063460832e-05)	(105, 1.919632106346083e-06)	(110, 2.5595094751281107e-06)	(115, 6.398773687820277e-07)	(120, 0.0)	(125, 2.6234972120063134e-05)	(130, 1.663681158833272e-05)	(135, 0.0)	(140, 0.0)	(145, 0.0)	(150, 0.0)	
/ | scratch | karcher | fastqc | 240813_MG011_PRISMA_NovaSeq_final_for_Q | H5YFCDSXC_240813_MG_PRISMA_24s001116-1-1_Gross_lane1MG233 | H5YFCDSXC_240813_MG_PRISMA_24s001116-1-1_Gross_lane1MG233_1	(1, 0.00021685288536874275)	(2, 0.047894781791784094)	(3, 0.0)	(4, 0.0)	(5, 0.0)	(6, 0.0)	(7, 0.0)	(8, 0.0)	(9, 0.0)	(10, 2.6735287237242255e-05)	(15, 0.00018655289316653483)	(20, 0.0001021882089956815)	(25, 0.00045212341305647457)	(30, 0.0013884525838541144)	(35, 9.565291655991118e-05)	(40, 5.347057447448451e-06)	(45, 0.0)	(50, 0.0)	(55, 1.0099997400735963e-05)	(60, 5.1688221992001696e-05)	(65, 2.257646477811568e-05)	(70, 0.0)	(75, 4.158822459126573e-06)	(80, 6.178821939273766e-05)	(85, 7.367056927595644e-05)	(90, 3.683528463797822e-05)	(95, 0.0)	(100, 0.0)	(105, 2.9705874708046953e-06)	(110, 0.0)	(115, 0.0)	(120, 0.0)	(125, 0.0)	(130, 9.505879906575024e-06)	(135, 0.0)	(140, 0.0)	(145, 0.0)	(150, 0.0)	
/ | scratch | karcher | fastqc | 240813_MG011_PRISMA_NovaSeq_final_for_Q | H5YFCDSXC_240813_MG_PRISMA_24s001116-1-1_Gross_lane1MG233 | H5YFCDSXC_240813_MG_PRISMA_24s001116-1-1_Gross_lane1MG233_2	(1, 0.001800176007307645)	(2, 0.00044558812062070425)	(3, 0.0)	(4, 0.0)	(5, 0.0)	(6, 0.0)	(7, 0.0)	(8, 0.0)	(9, 0.0)	(10, 0.0)	(15, 0.0)	(20, 0.0)	(25, 2.9705874708046953e-06)	(30, 0.0)	(35, 0.0)	(40, 0.0)	(45, 0.0)	(50, 0.0)	(55, 0.0)	(60, 1.4852937354023476e-05)	(65, 0.0)	(70, 0.0)	(75, 2.9705874708046953e-06)	(80, 2.9705874708046953e-06)	(85, 3.564704964965634e-06)	(90, 0.0)	(95, 0.0)	(100, 1.9605877307310985e-05)	(105, 0.0)	(110, 2.9705874708046953e-06)	(115, 1.188234988321878e-06)	(120, 0.0)	(125, 2.6141169743081315e-05)	(130, 1.3664702365701598e-05)	(135, 1.188234988321878e-06)	(140, 0.0)	(145, 0.0)	(150, 0.0)	
/ | scratch | karcher | fastqc | 240813_MG011_PRISMA_NovaSeq_final_for_Q | H5YFCDSXC_240813_MG_PRISMA_24s001116-1-1_Gross_lane1MG234 | H5YFCDSXC_240813_MG_PRISMA_24s001116-1-1_Gross_lane1MG234_1	(1, 0.0002580604707610486)	(2, 0.047680789959339276)	(3, 0.0)	(4, 0.0)	(5, 0.0)	(6, 0.0)	(7, 0.0)	(8, 0.0)	(9, 0.0)	(10, 2.41588525818854e-05)	(15, 0.00018558391301539242)	(20, 9.498821583332214e-05)	(25, 0.0004112495587234583)	(30, 0.0013078724284102505)	(35, 9.553728066472863e-05)	(40, 6.03971314547135e-06)	(45, 0.0)	(50, 0.0)	(55, 8.785037302503781e-06)	(60, 5.6553677634868105e-05)	(65, 2.1962593256259453e-05)	(70, 0.0)	(75, 2.7453241570324317e-06)	(80, 6.0397131454713506e-05)	(85, 7.632001156550161e-05)	(90, 3.2943889884389185e-05)	(95, 0.0)	(100, 0.0)	(105, 1.0981296628129726e-06)	(110, 0.0)	(115, 0.0)	(120, 0.0)	(125, 0.0)	(130, 7.68690763969081e-06)	(135, 0.0)	(140, 0.0)	(145, 0.0)	(150, 0.0)	
/ | scratch | karcher | fastqc | 240813_MG011_PRISMA_NovaSeq_final_for_Q | H5YFCDSXC_240813_MG_PRISMA_24s001116-1-1_Gross_lane1MG234 | H5YFCDSXC_240813_MG_PRISMA_24s001116-1-1_Gross_lane1MG234_2	(1, 0.0017432808397155942)	(2, 0.0002992403331165351)	(3, 5.490648314064863e-06)	(4, 0.0)	(5, 0.0)	(6, 0.0)	(7, 0.0)	(8, 0.0)	(9, 0.0)	(10, 0.0)	(15, 0.0)	(20, 0.0)	(25, 2.1962593256259453e-06)	(30, 0.0)	(35, 0.0)	(40, 0.0)	(45, 0.0)	(50, 0.0)	(55, 0.0)	(60, 1.537381527938162e-05)	(65, 0.0)	(70, 0.0)	(75, 1.6471944942194593e-06)	(80, 5.490648314064863e-07)	(85, 1.0981296628129726e-06)	(90, 0.0)	(95, 0.0)	(100, 1.5922880110788106e-05)	(105, 1.0981296628129726e-06)	(110, 0.0)	(115, 0.0)	(120, 0.0)	(125, 2.41588525818854e-05)	(130, 1.0981296628129727e-05)	(135, 0.0)	(140, 0.0)	(145, 0.0)	(150, 0.0)	
/ | scratch | karcher | fastqc | 240813_MG011_PRISMA_NovaSeq_final_for_Q | H5YFCDSXC_240813_MG_PRISMA_24s001116-1-1_Gross_lane1MG235 | H5YFCDSXC_240813_MG_PRISMA_24s001116-1-1_Gross_lane1MG235_1	(1, 0.00019483201154673566)	(2, 0.049100969147261225)	(3, 0.0)	(4, 0.0)	(5, 0.0)	(6, 0.0)	(7, 0.0)	(8, 0.0)	(9, 0.0)	(10, 2.773879486428101e-05)	(15, 0.00018228350910813238)	(20, 7.991414710900005e-05)	(25, 0.00039494760306762013)	(30, 0.0012700405362860091)	(35, 9.180220205083478e-05)	(40, 3.962684980611573e-06)	(45, 0.0)	(50, 0.0)	(55, 6.604474967685955e-06)	(60, 5.481714223179342e-05)	(65, 1.915297740628927e-05)	(70, 0.0)	(75, 4.6231324773801685e-06)	(80, 5.481714223179342e-05)	(85, 6.604474967685955e-05)	(90, 4.094774479965292e-05)	(95, 0.0)	(100, 0.0)	(105, 0.0)	(110, 0.0)	(115, 0.0)	(120, 0.0)	(125, 0.0)	(130, 9.906712451528933e-06)	(135, 0.0)	(140, 0.0)	(145, 0.0)	(150, 0.0)	
/ | scratch | karcher | fastqc | 240813_MG011_PRISMA_NovaSeq_final_for_Q | H5YFCDSXC_240813_MG_PRISMA_24s001116-1-1_Gross_lane1MG235 | H5YFCDSXC_240813_MG_PRISMA_24s001116-1-1_Gross_lane1MG235_2	(1, 0.0017105590166306625)	(2, 0.0003368282233519837)	(3, 0.0)	(4, 0.0)	(5, 0.0)	(6, 0.0)	(7, 0.0)	(8, 0.0)	(9, 0.0)	(10, 0.0)	(15, 0.0)	(20, 0.0)	(25, 2.6417899870743823e-06)	(30, 0.0)	(35, 0.0)	(40, 0.0)	(45, 0.0)	(50, 0.0)	(55, 0.0)	(60, 1.5190292425677698e-05)	(65, 0.0)	(70, 0.0)	(75, 0.0)	(80, 1.9813424903057867e-06)	(85, 0.0)	(90, 0.0)	(95, 0.0)	(100, 1.8492529909520674e-05)	(105, 1.3208949935371911e-06)	(110, 0.0)	(115, 0.0)	(120, 0.0)	(125, 2.839924236104961e-05)	(130, 1.1227607445066125e-05)	(135, 0.0)	(140, 0.0)	(145, 0.0)	(150, 0.0)	
/ | scratch | karcher | fastqc | 240813_MG011_PRISMA_NovaSeq_final_for_Q | H5YFCDSXC_240813_MG_PRISMA_24s001116-1-1_Gross_lane1MG236 | H5YFCDSXC_240813_MG_PRISMA_24s001116-1-1_Gross_lane1MG236_1	(1, 0.00023839565538454383)	(2, 0.048298378328090565)	(3, 0.0)	(4, 0.0)	(5, 0.0)	(6, 0.0)	(7, 0.0)	(8, 0.0)	(9, 0.0)	(10, 3.430571626265387e-05)	(15, 0.00018083182640144665)	(20, 8.896228115569563e-05)	(25, 0.0004058540669717356)	(30, 0.0012547751812679161)	(35, 9.303245088177319e-05)	(40, 5.814528180110824e-06)	(45, 0.0)	(50, 0.0)	(55, 5.814528180110824e-06)	(60, 5.1749300802986335e-05)	(65, 2.093230144839897e-05)	(70, 0.0)	(75, 2.32581127204433e-06)	(80, 5.698237616508608e-05)	(85, 6.97743381613299e-05)	(90, 3.139845217259845e-05)	(95, 0.0)	(100, 0.0)	(105, 1.162905636022165e-06)	(110, 0.0)	(115, 0.0)	(120, 0.0)	(125, 0.0)	(130, 6.395980998121908e-06)	(135, 0.0)	(140, 0.0)	(145, 0.0)	(150, 0.0)	
/ | scratch | karcher | fastqc | 240813_MG011_PRISMA_NovaSeq_final_for_Q | H5YFCDSXC_240813_MG_PRISMA_24s001116-1-1_Gross_lane1MG236 | H5YFCDSXC_240813_MG_PRISMA_24s001116-1-1_Gross_lane1MG236_2	(1, 0.001889721658536018)	(2, 0.00034014989853648327)	(3, 0.0)	(4, 0.0)	(5, 0.0)	(6, 0.0)	(7, 0.0)	(8, 0.0)	(9, 0.0)	(10, 0.0)	(15, 0.0)	(20, 0.0)	(25, 1.7443584540332476e-06)	(30, 0.0)	(35, 0.0)	(40, 0.0)	(45, 0.0)	(50, 5.814528180110825e-07)	(55, 0.0)	(60, 1.2791961996243815e-05)	(65, 0.0)	(70, 0.0)	(75, 1.162905636022165e-06)	(80, 1.7443584540332476e-06)	(85, 5.814528180110825e-07)	(90, 0.0)	(95, 0.0)	(100, 2.035084863038789e-05)	(105, 1.162905636022165e-06)	(110, 1.162905636022165e-06)	(115, 5.814528180110825e-07)	(120, 0.0)	(125, 2.151375426641005e-05)	(130, 1.1629056360221648e-05)	(135, 0.0)	(140, 0.0)	(145, 0.0)	(150, 0.0)	
/ | scratch | karcher | fastqc | 240813_MG011_PRISMA_NovaSeq_final_for_Q | H5YFCDSXC_240813_MG_PRISMA_24s001116-1-1_Gross_lane1MG237 | H5YFCDSXC_240813_MG_PRISMA_24s001116-1-1_Gross_lane1MG237_1	(1, 0.00023278148965240816)	(2, 0.04812757298563538)	(3, 0.0)	(4, 0.0)	(5, 0.0)	(6, 0.0)	(7, 0.0)	(8, 0.0)	(9, 0.0)	(10, 2.9825128361714788e-05)	(15, 0.00016658425353250456)	(20, 9.093026939547193e-05)	(25, 0.00042700854508113614)	(30, 0.0013675912517078978)	(35, 9.165771155063571e-05)	(40, 5.819537241310203e-06)	(45, 0.0)	(50, 0.0)	(55, 6.546979396473979e-06)	(60, 5.892281456826581e-05)	(65, 2.1823264654913264e-05)	(70, 0.0)	(75, 2.9097686206551014e-06)	(80, 6.983444689572244e-05)	(85, 8.365584784383417e-05)	(90, 3.346233913753367e-05)	(95, 0.0)	(100, 0.0)	(105, 7.274421551637753e-07)	(110, 0.0)	(115, 0.0)	(120, 0.0)	(125, 0.0)	(130, 4.364652930982652e-06)	(135, 0.0)	(140, 0.0)	(145, 0.0)	(150, 0.0)	
/ | scratch | karcher | fastqc | 240813_MG011_PRISMA_NovaSeq_final_for_Q | H5YFCDSXC_240813_MG_PRISMA_24s001116-1-1_Gross_lane1MG237 | H5YFCDSXC_240813_MG_PRISMA_24s001116-1-1_Gross_lane1MG237_2	(1, 0.0017349495400656044)	(2, 0.0004000931853400765)	(3, 0.0)	(4, 0.0)	(5, 0.0)	(6, 0.0)	(7, 0.0)	(8, 0.0)	(9, 0.0)	(10, 0.0)	(15, 0.0)	(20, 0.0)	(25, 1.4548843103275507e-06)	(30, 0.0)	(35, 0.0)	(40, 0.0)	(45, 0.0)	(50, 0.0)	(55, 0.0)	(60, 1.6731169568766834e-05)	(65, 0.0)	(70, 0.0)	(75, 2.182326465491326e-06)	(80, 2.182326465491326e-06)	(85, 2.182326465491326e-06)	(90, 0.0)	(95, 0.0)	(100, 2.691535974105969e-05)	(105, 0.0)	(110, 7.274421551637753e-07)	(115, 7.274421551637753e-07)	(120, 0.0)	(125, 2.691535974105969e-05)	(130, 1.2366516637784182e-05)	(135, 7.274421551637753e-07)	(140, 0.0)	(145, 0.0)	(150, 0.0)	
/ | scratch | karcher | fastqc | 240813_MG011_PRISMA_NovaSeq_final_for_Q | H5YFCDSXC_240813_MG_PRISMA_24s001116-1-1_Gross_lane1MG238 | H5YFCDSXC_240813_MG_PRISMA_24s001116-1-1_Gross_lane1MG238_1	(1, 0.0002458607133938759)	(2, 0.04821749432316473)	(3, 0.0)	(4, 0.0)	(5, 0.0)	(6, 0.0)	(7, 0.0)	(8, 0.0)	(9, 0.0)	(10, 2.9237490241433892e-05)	(15, 0.00019580258616233)	(20, 8.771247072430168e-05)	(25, 0.00041464077069669887)	(30, 0.0013214459604575348)	(35, 8.416853251321878e-05)	(40, 3.986930487468258e-06)	(45, 0.0)	(50, 0.0)	(55, 4.42992276385362e-06)	(60, 5.183009633708736e-05)	(65, 1.550472967348767e-05)	(70, 0.0)	(75, 2.657953658312172e-06)	(80, 4.7400173573233735e-05)	(85, 5.9803957312023866e-05)	(90, 2.3921582924809548e-05)	(95, 0.0)	(100, 0.0)	(105, 4.42992276385362e-07)	(110, 0.0)	(115, 0.0)	(120, 0.0)	(125, 0.0)	(130, 4.872915040238982e-06)	(135, 0.0)	(140, 0.0)	(145, 0.0)	(150, 0.0)	
/ | scratch | karcher | fastqc | 240813_MG011_PRISMA_NovaSeq_final_for_Q | H5YFCDSXC_240813_MG_PRISMA_24s001116-1-1_Gross_lane1MG238 | H5YFCDSXC_240813_MG_PRISMA_24s001116-1-1_Gross_lane1MG238_2	(1, 0.0018539226766727398)	(2, 0.0003455339755805824)	(3, 2.21496138192681e-06)	(4, 0.0)	(5, 0.0)	(6, 0.0)	(7, 0.0)	(8, 0.0)	(9, 0.0)	(10, 0.0)	(15, 0.0)	(20, 0.0)	(25, 1.771969105541448e-06)	(30, 0.0)	(35, 0.0)	(40, 0.0)	(45, 0.0)	(50, 0.0)	(55, 0.0)	(60, 1.1517799186019412e-05)	(65, 0.0)	(70, 0.0)	(75, 4.42992276385362e-07)	(80, 8.85984552770724e-07)	(85, 0.0)	(90, 0.0)	(95, 0.0)	(100, 1.993465243734129e-05)	(105, 4.42992276385362e-07)	(110, 8.85984552770724e-07)	(115, 4.42992276385362e-07)	(120, 0.0)	(125, 1.6833706502643758e-05)	(130, 8.416853251321879e-06)	(135, 0.0)	(140, 0.0)	(145, 0.0)	(150, 0.0)	
/ | scratch | karcher | fastqc | 240813_MG011_PRISMA_NovaSeq_final_for_Q | H5YFCDSXC_240813_MG_PRISMA_24s001116-1-1_Gross_lane1MG239 | H5YFCDSXC_240813_MG_PRISMA_24s001116-1-1_Gross_lane1MG239_1	(1, 0.00022600741471921282)	(2, 0.04853318775408534)	(3, 0.0)	(4, 0.0)	(5, 0.0)	(6, 0.0)	(7, 0.0)	(8, 0.0)	(9, 0.0)	(10, 3.09807916806112e-05)	(15, 0.0001782665226212218)	(20, 9.649754785764142e-05)	(25, 0.0004103685193103909)	(30, 0.0013286188694504736)	(35, 8.989508405685544e-05)	(40, 4.570936477467226e-06)	(45, 0.0)	(50, 0.0)	(55, 8.63399112410476e-06)	(60, 5.5359119560436404e-05)	(65, 2.0823155064017362e-05)	(70, 0.0)	(75, 3.0472909849781506e-06)	(80, 6.0437937868733315e-05)	(85, 6.957981082366778e-05)	(90, 3.199655534227058e-05)	(95, 0.0)	(100, 0.0)	(105, 3.0472909849781506e-06)	(110, 0.0)	(115, 0.0)	(120, 0.0)	(125, 0.0)	(130, 7.110345631615685e-06)	(135, 0.0)	(140, 5.078818308296917e-07)	(145, 0.0)	(150, 0.0)	
/ | scratch | karcher | fastqc | 240813_MG011_PRISMA_NovaSeq_final_for_Q | H5YFCDSXC_240813_MG_PRISMA_24s001116-1-1_Gross_lane1MG239 | H5YFCDSXC_240813_MG_PRISMA_24s001116-1-1_Gross_lane1MG239_2	(1, 0.0018639263191449688)	(2, 0.000309807916806112)	(3, 2.5394091541484588e-06)	(4, 0.0)	(5, 2.5394091541484588e-06)	(6, 0.0)	(7, 0.0)	(8, 0.0)	(9, 0.0)	(10, 0.0)	(15, 0.0)	(20, 0.0)	(25, 3.5551728158078425e-06)	(30, 0.0)	(35, 0.0)	(40, 0.0)	(45, 0.0)	(50, 5.078818308296917e-07)	(55, 0.0)	(60, 1.3712809432401676e-05)	(65, 0.0)	(70, 0.0)	(75, 2.5394091541484588e-06)	(80, 3.5551728158078425e-06)	(85, 3.0472909849781506e-06)	(90, 0.0)	(95, 0.0)	(100, 1.777586407903921e-05)	(105, 1.5236454924890753e-06)	(110, 2.5394091541484588e-06)	(115, 2.031527323318767e-06)	(120, 0.0)	(125, 2.2346800556506438e-05)	(130, 1.2697045770742293e-05)	(135, 1.0157636616593835e-06)	(140, 0.0)	(145, 0.0)	(150, 0.0)	
/ | scratch | karcher | fastqc | 240813_MG011_PRISMA_NovaSeq_final_for_Q | H5YFCDSXC_240813_MG_PRISMA_24s001116-1-1_Gross_lane1MG240 | H5YFCDSXC_240813_MG_PRISMA_24s001116-1-1_Gross_lane1MG240_1	(1, 0.00027318697525719723)	(2, 0.04991569043854816)	(3, 0.0)	(4, 0.0)	(5, 0.0)	(6, 0.0)	(7, 0.0)	(8, 0.0)	(9, 0.0)	(10, 3.0272070231202938e-05)	(15, 0.00020747443256019575)	(20, 7.604934716619274e-05)	(25, 0.0003167492226630746)	(30, 0.0010912712146760473)	(35, 0.00010705976057376648)	(40, 5.906745410966426e-06)	(45, 0.0)	(50, 0.0)	(55, 4.43005905822482e-06)	(60, 4.946899281684382e-05)	(65, 2.0673608938382496e-05)	(70, 0.0)	(75, 2.21502952911241e-06)	(80, 5.537573822781025e-05)	(85, 6.423585634425989e-05)	(90, 2.8057040702090528e-05)	(95, 0.0)	(100, 0.0)	(105, 2.21502952911241e-06)	(110, 7.383431763708033e-07)	(115, 0.0)	(120, 0.0)	(125, 0.0)	(130, 6.6450885873372296e-06)	(135, 0.0)	(140, 7.383431763708033e-07)	(145, 0.0)	(150, 0.0)	
/ | scratch | karcher | fastqc | 240813_MG011_PRISMA_NovaSeq_final_for_Q | H5YFCDSXC_240813_MG_PRISMA_24s001116-1-1_Gross_lane1MG240 | H5YFCDSXC_240813_MG_PRISMA_24s001116-1-1_Gross_lane1MG240_2	(1, 0.0016981893056528478)	(2, 0.0003580964405398396)	(3, 3.6917158818540164e-06)	(4, 0.0)	(5, 3.6917158818540164e-06)	(6, 0.0)	(7, 0.0)	(8, 0.0)	(9, 0.0)	(10, 0.0)	(15, 0.0)	(20, 0.0)	(25, 2.953372705483213e-06)	(30, 0.0)	(35, 0.0)	(40, 0.0)	(45, 0.0)	(50, 0.0)	(55, 0.0)	(60, 1.0336804469191248e-05)	(65, 0.0)	(70, 0.0)	(75, 1.4766863527416066e-06)	(80, 2.21502952911241e-06)	(85, 1.4766863527416066e-06)	(90, 0.0)	(95, 0.0)	(100, 1.4028520351045264e-05)	(105, 1.4766863527416066e-06)	(110, 1.4766863527416066e-06)	(115, 1.4766863527416066e-06)	(120, 0.0)	(125, 2.1411952114753296e-05)	(130, 8.86011811644964e-06)	(135, 0.0)	(140, 0.0)	(145, 0.0)	(150, 0.0)	
/ | scratch | karcher | fastqc | 240813_MG011_PRISMA_NovaSeq_final_for_Q | H5YFCDSXC_240813_MG_PRISMA_24s001116-1-1_Gross_lane1MG241 | H5YFCDSXC_240813_MG_PRISMA_24s001116-1-1_Gross_lane1MG241_1	(1, 0.00027044022974969073)	(2, 0.04786536934277309)	(3, 0.0)	(4, 0.0)	(5, 0.0)	(6, 0.0)	(7, 0.0)	(8, 0.0)	(9, 0.0)	(10, 2.347217088393542e-05)	(15, 0.00017451048787621554)	(20, 0.00010001185854894223)	(25, 0.00042505039883300444)	(30, 0.0012965823090452153)	(35, 9.286815436687493e-05)	(40, 6.123175013200545e-06)	(45, 0.0)	(50, 0.0)	(55, 7.143704182067303e-06)	(60, 5.05161938589045e-05)	(65, 1.7348995870734876e-05)	(70, 0.0)	(75, 3.5718520910336514e-06)	(80, 4.949566469003774e-05)	(85, 5.51085751188049e-05)	(90, 3.469799174146975e-05)	(95, 0.0)	(100, 0.0)	(105, 1.0205291688667573e-06)	(110, 0.0)	(115, 0.0)	(120, 0.0)	(125, 0.0)	(130, 6.123175013200545e-06)	(135, 0.0)	(140, 0.0)	(145, 0.0)	(150, 0.0)	
/ | scratch | karcher | fastqc | 240813_MG011_PRISMA_NovaSeq_final_for_Q | H5YFCDSXC_240813_MG_PRISMA_24s001116-1-1_Gross_lane1MG241 | H5YFCDSXC_240813_MG_PRISMA_24s001116-1-1_Gross_lane1MG241_2	(1, 0.0018726710248705)	(2, 0.00037249314663636646)	(3, 2.551322922166894e-06)	(4, 0.0)	(5, 2.551322922166894e-06)	(6, 0.0)	(7, 0.0)	(8, 0.0)	(9, 0.0)	(10, 0.0)	(15, 0.0)	(20, 0.0)	(25, 2.0410583377335146e-06)	(30, 0.0)	(35, 0.0)	(40, 0.0)	(45, 0.0)	(50, 0.0)	(55, 0.0)	(60, 1.530793753300136e-05)	(65, 0.0)	(70, 0.0)	(75, 2.551322922166894e-06)	(80, 1.0205291688667573e-06)	(85, 2.0410583377335146e-06)	(90, 0.0)	(95, 0.0)	(100, 1.8369525039601636e-05)	(105, 5.102645844333787e-07)	(110, 1.0205291688667573e-06)	(115, 0.0)	(120, 0.0)	(125, 2.347217088393542e-05)	(130, 1.3777143779701226e-05)	(135, 0.0)	(140, 0.0)	(145, 0.0)	(150, 0.0)	
/ | scratch | karcher | fastqc | 240813_MG011_PRISMA_NovaSeq_final_for_Q | H5YFCDSXC_240813_MG_PRISMA_24s001116-1-1_Gross_lane1MG242 | H5YFCDSXC_240813_MG_PRISMA_24s001116-1-1_Gross_lane1MG242_1	(1, 0.0002489706959365523)	(2, 0.048020982035762334)	(3, 0.0)	(4, 0.0)	(5, 0.0)	(6, 0.0)	(7, 0.0)	(8, 0.0)	(9, 0.0)	(10, 2.7326051993036228e-05)	(15, 0.0001937113463506346)	(20, 0.00010930420797214491)	(25, 0.0004384313230882702)	(30, 0.0013304751092609417)	(35, 0.00010201726077400193)	(40, 4.857964798761996e-06)	(45, 0.0)	(50, 0.0)	(55, 1.0323175197369242e-05)	(60, 4.4328928788703214e-05)	(65, 1.335940319659549e-05)	(70, 0.0)	(75, 3.0362279992262474e-06)	(80, 4.615066558823897e-05)	(85, 5.76883319852987e-05)	(90, 2.7326051993036228e-05)	(95, 0.0)	(100, 0.0)	(105, 4.2507191989167465e-06)	(110, 1.214491199690499e-06)	(115, 0.0)	(120, 0.0)	(125, 0.0)	(130, 6.072455998452495e-06)	(135, 0.0)	(140, 0.0)	(145, 0.0)	(150, 0.0)	
/ | scratch | karcher | fastqc | 240813_MG011_PRISMA_NovaSeq_final_for_Q | H5YFCDSXC_240813_MG_PRISMA_24s001116-1-1_Gross_lane1MG242 | H5YFCDSXC_240813_MG_PRISMA_24s001116-1-1_Gross_lane1MG242_2	(1, 0.0017579760115519975)	(2, 0.00031273148392030347)	(3, 0.0)	(4, 0.0)	(5, 0.0)	(6, 0.0)	(7, 0.0)	(8, 0.0)	(9, 0.0)	(10, 0.0)	(15, 0.0)	(20, 0.0)	(25, 2.428982399380998e-06)	(30, 6.072455998452495e-07)	(35, 0.0)	(40, 0.0)	(45, 0.0)	(50, 1.214491199690499e-06)	(55, 0.0)	(60, 9.715929597523992e-06)	(65, 0.0)	(70, 0.0)	(75, 2.428982399380998e-06)	(80, 3.6434735990714976e-06)	(85, 3.0362279992262474e-06)	(90, 0.0)	(95, 0.0)	(100, 1.5788385595976487e-05)	(105, 6.072455998452495e-07)	(110, 2.428982399380998e-06)	(115, 1.8217367995357488e-06)	(120, 0.0)	(125, 1.8217367995357485e-05)	(130, 9.108683997678743e-06)	(135, 3.0362279992262474e-06)	(140, 0.0)	(145, 0.0)	(150, 0.0)	
/ | scratch | karcher | fastqc | 240813_MG011_PRISMA_NovaSeq_final_for_Q | H5YFCDSXC_240813_MG_PRISMA_24s001116-1-1_Gross_lane1MG243 | H5YFCDSXC_240813_MG_PRISMA_24s001116-1-1_Gross_lane1MG243_1	(1, 0.00023452029098339623)	(2, 0.04832610396109675)	(3, 0.0)	(4, 0.0)	(5, 0.0)	(6, 0.0)	(7, 0.0)	(8, 0.0)	(9, 0.0)	(10, 3.1553639150493315e-05)	(15, 0.00018846903384483845)	(20, 9.807212168396571e-05)	(25, 0.00038930368303243776)	(30, 0.001319283236913869)	(35, 9.082331268993346e-05)	(40, 5.543206877789365e-06)	(45, 0.0)	(50, 0.0)	(55, 9.38081163933585e-06)	(60, 5.5858469306954375e-05)	(65, 1.833522274961098e-05)	(70, 0.0)	(75, 4.2640052906072046e-06)	(80, 5.62848698360151e-05)	(85, 6.43864798881688e-05)	(90, 2.771603438894683e-05)	(95, 0.0)	(100, 0.0)	(105, 3.411204232485764e-06)	(110, 0.0)	(115, 0.0)	(120, 0.0)	(125, 0.0)	(130, 5.969607406850086e-06)	(135, 0.0)	(140, 0.0)	(145, 0.0)	(150, 0.0)	
/ | scratch | karcher | fastqc | 240813_MG011_PRISMA_NovaSeq_final_for_Q | H5YFCDSXC_240813_MG_PRISMA_24s001116-1-1_Gross_lane1MG243 | H5YFCDSXC_240813_MG_PRISMA_24s001116-1-1_Gross_lane1MG243_2	(1, 0.0018484462934782232)	(2, 0.0003325924126673619)	(3, 2.1320026453036023e-06)	(4, 0.0)	(5, 0.0)	(6, 0.0)	(7, 0.0)	(8, 0.0)	(9, 0.0)	(10, 0.0)	(15, 0.0)	(20, 0.0)	(25, 2.5584031743643226e-06)	(30, 0.0)	(35, 0.0)	(40, 0.0)	(45, 0.0)	(50, 0.0)	(55, 0.0)	(60, 1.2365615342760891e-05)	(65, 0.0)	(70, 0.0)	(75, 1.705602116242882e-06)	(80, 2.1320026453036023e-06)	(85, 1.2792015871821613e-06)	(90, 0.0)	(95, 0.0)	(100, 1.961442433679314e-05)	(105, 4.264005290607205e-07)	(110, 1.705602116242882e-06)	(115, 8.52801058121441e-07)	(120, 0.0)	(125, 1.961442433679314e-05)	(130, 1.1512814284639451e-05)	(135, 0.0)	(140, 0.0)	(145, 0.0)	(150, 0.0)	
/ | scratch | karcher | fastqc | 240813_MG011_PRISMA_NovaSeq_final_for_Q | H5YFCDSXC_240813_MG_PRISMA_24s001116-1-1_Gross_lane1MG244 | H5YFCDSXC_240813_MG_PRISMA_24s001116-1-1_Gross_lane1MG244_1	(1, 0.00027046711602846086)	(2, 0.04835243668332615)	(3, 0.0)	(4, 0.0)	(5, 0.0)	(6, 0.0)	(7, 0.0)	(8, 0.0)	(9, 0.0)	(10, 3.4774343489373544e-05)	(15, 0.00019769858243032736)	(20, 0.00010367906114424334)	(25, 0.000396041134184532)	(30, 0.001311765512738035)	(35, 8.242807345629284e-05)	(40, 5.79572391489559e-06)	(45, 0.0)	(50, 0.0)	(55, 5.79572391489559e-06)	(60, 4.76537299669193e-05)	(65, 1.5455263773054905e-05)	(70, 0.0)	(75, 1.931907971631863e-06)	(80, 4.894166861467387e-05)	(85, 5.4737392529569464e-05)	(90, 2.5758772955091513e-05)	(95, 0.0)	(100, 0.0)	(105, 1.931907971631863e-06)	(110, 0.0)	(115, 0.0)	(120, 0.0)	(125, 0.0)	(130, 7.083662562650165e-06)	(135, 0.0)	(140, 0.0)	(145, 0.0)	(150, 0.0)	
/ | scratch | karcher | fastqc | 240813_MG011_PRISMA_NovaSeq_final_for_Q | H5YFCDSXC_240813_MG_PRISMA_24s001116-1-1_Gross_lane1MG244 | H5YFCDSXC_240813_MG_PRISMA_24s001116-1-1_Gross_lane1MG244_2	(1, 0.0017548164075656093)	(2, 0.00034452358827434895)	(3, 0.0)	(4, 0.0)	(5, 0.0)	(6, 0.0)	(7, 0.0)	(8, 0.0)	(9, 0.0)	(10, 0.0)	(15, 0.0)	(20, 0.0)	(25, 1.2879386477545756e-06)	(30, 0.0)	(35, 0.0)	(40, 0.0)	(45, 0.0)	(50, 0.0)	(55, 0.0)	(60, 1.159144782979118e-05)	(65, 0.0)	(70, 0.0)	(75, 6.439693238772878e-07)	(80, 1.931907971631863e-06)	(85, 1.2879386477545756e-06)	(90, 0.0)	(95, 0.0)	(100, 1.8675110392441346e-05)	(105, 0.0)	(110, 1.931907971631863e-06)	(115, 1.2879386477545756e-06)	(120, 0.0)	(125, 1.6743202420809483e-05)	(130, 7.083662562650165e-06)	(135, 1.2879386477545756e-06)	(140, 0.0)	(145, 0.0)	(150, 0.0)	
/ | scratch | karcher | fastqc | 240813_MG011_PRISMA_NovaSeq_final_for_Q | H5YFCDSXC_240813_MG_PRISMA_24s001116-1-1_Gross_lane1MG245 | H5YFCDSXC_240813_MG_PRISMA_24s001116-1-1_Gross_lane1MG245_1	(1, 0.00021361652073020627)	(2, 0.049888745265317516)	(3, 0.0)	(4, 0.0)	(5, 0.0)	(6, 0.0)	(7, 0.0)	(8, 0.0)	(9, 0.0)	(10, 3.2506861850248784e-05)	(15, 0.0001950411711014927)	(20, 9.00904456992609e-05)	(25, 0.0003863672722772427)	(30, 0.0013104909163057438)	(35, 0.0001086657953279745)	(40, 5.572604888614077e-06)	(45, 0.0)	(50, 0.0)	(55, 7.430139851485436e-06)	(60, 6.036988629331917e-05)	(65, 1.950411711014927e-05)	(70, 0.0)	(75, 3.715069925742718e-06)	(80, 5.201097896039805e-05)	(85, 6.687125866336893e-05)	(90, 4.458083910891261e-05)	(95, 0.0)	(100, 0.0)	(105, 1.857534962871359e-06)	(110, 0.0)	(115, 0.0)	(120, 0.0)	(125, 0.0)	(130, 8.358907332921116e-06)	(135, 0.0)	(140, 0.0)	(145, 0.0)	(150, 0.0)	
/ | scratch | karcher | fastqc | 240813_MG011_PRISMA_NovaSeq_final_for_Q | H5YFCDSXC_240813_MG_PRISMA_24s001116-1-1_Gross_lane1MG245 | H5YFCDSXC_240813_MG_PRISMA_24s001116-1-1_Gross_lane1MG245_2	(1, 0.0016160554176980822)	(2, 0.0003343562933168446)	(3, 0.0)	(4, 0.0)	(5, 0.0)	(6, 0.0)	(7, 0.0)	(8, 0.0)	(9, 0.0)	(10, 0.0)	(15, 0.0)	(20, 0.0)	(25, 3.715069925742718e-06)	(30, 0.0)	(35, 0.0)	(40, 0.0)	(45, 0.0)	(50, 0.0)	(55, 0.0)	(60, 1.764658214727791e-05)	(65, 0.0)	(70, 0.0)	(75, 1.857534962871359e-06)	(80, 1.857534962871359e-06)	(85, 9.287674814356795e-07)	(90, 0.0)	(95, 0.0)	(100, 2.1361652073020628e-05)	(105, 9.287674814356795e-07)	(110, 1.857534962871359e-06)	(115, 9.287674814356795e-07)	(120, 0.0)	(125, 2.6005489480199024e-05)	(130, 1.3931512221535192e-05)	(135, 0.0)	(140, 0.0)	(145, 0.0)	(150, 0.0)	
/ | scratch | karcher | fastqc | 240813_MG011_PRISMA_NovaSeq_final_for_Q | H5YFCDSXC_240813_MG_PRISMA_24s001116-1-1_Gross_lane1MG246 | H5YFCDSXC_240813_MG_PRISMA_24s001116-1-1_Gross_lane1MG246_1	(1, 0.0002461408616974496)	(2, 0.04820942266190881)	(3, 0.0)	(4, 0.0)	(5, 0.0)	(6, 0.0)	(7, 0.0)	(8, 0.0)	(9, 0.0)	(10, 2.8716433864702453e-05)	(15, 0.0001777684001148247)	(20, 9.640517083150108e-05)	(25, 0.00042937905873888433)	(30, 0.0013585608116467565)	(35, 9.572144621567484e-05)	(40, 4.786072310783742e-06)	(45, 0.0)	(50, 0.0)	(55, 8.888420005741236e-06)	(60, 5.674914311357866e-05)	(65, 2.1879187706439966e-05)	(70, 0.0)	(75, 4.786072310783742e-06)	(80, 6.15352154243624e-05)	(85, 7.247480927758238e-05)	(90, 4.102347694957494e-05)	(95, 0.0)	(100, 0.0)	(105, 1.3674492316524979e-06)	(110, 0.0)	(115, 0.0)	(120, 0.0)	(125, 0.0)	(130, 6.837246158262489e-06)	(135, 0.0)	(140, 0.0)	(145, 0.0)	(150, 0.0)	
/ | scratch | karcher | fastqc | 240813_MG011_PRISMA_NovaSeq_final_for_Q | H5YFCDSXC_240813_MG_PRISMA_24s001116-1-1_Gross_lane1MG246 | H5YFCDSXC_240813_MG_PRISMA_24s001116-1-1_Gross_lane1MG246_2	(1, 0.0017742653780691159)	(2, 0.0003555368002296494)	(3, 0.0)	(4, 0.0)	(5, 0.0)	(6, 0.0)	(7, 0.0)	(8, 0.0)	(9, 0.0)	(10, 0.0)	(15, 0.0)	(20, 0.0)	(25, 3.4186230791312445e-06)	(30, 0.0)	(35, 0.0)	(40, 0.0)	(45, 0.0)	(50, 0.0)	(55, 0.0)	(60, 1.3674492316524978e-05)	(65, 0.0)	(70, 0.0)	(75, 1.3674492316524979e-06)	(80, 1.3674492316524979e-06)	(85, 0.0)	(90, 0.0)	(95, 0.0)	(100, 2.1879187706439966e-05)	(105, 6.837246158262489e-07)	(110, 6.837246158262489e-07)	(115, 1.3674492316524979e-06)	(120, 0.0)	(125, 2.3246636938092462e-05)	(130, 1.0255869237393734e-05)	(135, 0.0)	(140, 0.0)	(145, 0.0)	(150, 0.0)	
/ | scratch | karcher | fastqc | 240813_MG011_PRISMA_NovaSeq_final_for_Q | H5YFCDSXC_240813_MG_PRISMA_24s001116-1-1_Gross_lane1MG247 | H5YFCDSXC_240813_MG_PRISMA_24s001116-1-1_Gross_lane1MG247_1	(1, 0.0002289005299423075)	(2, 0.048636237974010295)	(3, 0.0)	(4, 0.0)	(5, 0.0)	(6, 0.0)	(7, 0.0)	(8, 0.0)	(9, 0.0)	(10, 3.3480973036337517e-05)	(15, 0.00019336970141394934)	(20, 8.882707132089545e-05)	(25, 0.00041202095389615356)	(30, 0.0012873092489889772)	(35, 8.882707132089545e-05)	(40, 3.4164258200344404e-06)	(45, 0.0)	(50, 0.0)	(55, 2.7331406560275525e-06)	(60, 4.373025049644084e-05)	(65, 1.5032273608151536e-05)	(70, 0.0)	(75, 2.049855492020664e-06)	(80, 4.441353566044772e-05)	(85, 5.466281312055105e-05)	(90, 2.6648121396268634e-05)	(95, 0.0)	(100, 0.0)	(105, 0.0)	(110, 0.0)	(115, 0.0)	(120, 0.0)	(125, 0.0)	(130, 4.099710984041328e-06)	(135, 0.0)	(140, 0.0)	(145, 0.0)	(150, 0.0)	
/ | scratch | karcher | fastqc | 240813_MG011_PRISMA_NovaSeq_final_for_Q | H5YFCDSXC_240813_MG_PRISMA_24s001116-1-1_Gross_lane1MG247 | H5YFCDSXC_240813_MG_PRISMA_24s001116-1-1_Gross_lane1MG247_2	(1, 0.0017321278907574613)	(2, 0.000317727601263203)	(3, 0.0)	(4, 0.0)	(5, 0.0)	(6, 0.0)	(7, 0.0)	(8, 0.0)	(9, 0.0)	(10, 0.0)	(15, 0.0)	(20, 0.0)	(25, 6.832851640068881e-07)	(30, 0.0)	(35, 0.0)	(40, 0.0)	(45, 0.0)	(50, 0.0)	(55, 0.0)	(60, 9.565992296096433e-06)	(65, 0.0)	(70, 0.0)	(75, 0.0)	(80, 0.0)	(85, 0.0)	(90, 0.0)	(95, 0.0)	(100, 1.434898844414465e-05)	(105, 6.832851640068881e-07)	(110, 0.0)	(115, 0.0)	(120, 0.0)	(125, 1.844869942818598e-05)	(130, 5.466281312055105e-06)	(135, 0.0)	(140, 0.0)	(145, 0.0)	(150, 0.0)	
/ | scratch | karcher | fastqc | 240813_MG011_PRISMA_NovaSeq_final_for_Q | H5YFCDSXC_240813_MG_PRISMA_24s001116-1-1_Gross_lane1MG248 | H5YFCDSXC_240813_MG_PRISMA_24s001116-1-1_Gross_lane1MG248_1	(1, 0.000239709003922971)	(2, 0.04930607054766197)	(3, 2.9593704188021114e-06)	(4, 0.0)	(5, 0.0)	(6, 0.0)	(7, 0.0)	(8, 0.0)	(9, 0.0)	(10, 2.5450585601698154e-05)	(15, 0.0001840728400494913)	(20, 0.00010121046832303223)	(25, 0.00039714751020324335)	(30, 0.001264243042912262)	(35, 8.404611989397997e-05)	(40, 5.918740837604223e-06)	(45, 0.0)	(50, 0.0)	(55, 1.0653733507687601e-05)	(60, 5.03092971196359e-05)	(65, 2.071559293161478e-05)	(70, 0.0)	(75, 5.918740837604223e-06)	(80, 5.85955342922818e-05)	(85, 7.220863821877152e-05)	(90, 4.320680811451082e-05)	(95, 0.0)	(100, 0.0)	(105, 2.9593704188021114e-06)	(110, 0.0)	(115, 0.0)	(120, 0.0)	(125, 0.0)	(130, 7.694363088885489e-06)	(135, 0.0)	(140, 0.0)	(145, 0.0)	(150, 0.0)	
/ | scratch | karcher | fastqc | 240813_MG011_PRISMA_NovaSeq_final_for_Q | H5YFCDSXC_240813_MG_PRISMA_24s001116-1-1_Gross_lane1MG248 | H5YFCDSXC_240813_MG_PRISMA_24s001116-1-1_Gross_lane1MG248_2	(1, 0.0015743850628027233)	(2, 0.0003373682277434407)	(3, 5.918740837604223e-06)	(4, 0.0)	(5, 0.0)	(6, 0.0)	(7, 0.0)	(8, 0.0)	(9, 0.0)	(10, 0.0)	(15, 0.0)	(20, 0.0)	(25, 3.5512445025625335e-06)	(30, 0.0)	(35, 0.0)	(40, 0.0)	(45, 0.0)	(50, 0.0)	(55, 0.0)	(60, 1.4204978010250134e-05)	(65, 0.0)	(70, 0.0)	(75, 3.5512445025625335e-06)	(80, 2.367496335041689e-06)	(85, 2.9593704188021114e-06)	(90, 0.0)	(95, 0.0)	(100, 2.0123718847854357e-05)	(105, 1.1837481675208445e-06)	(110, 1.1837481675208445e-06)	(115, 1.1837481675208445e-06)	(120, 0.0)	(125, 2.4858711517937736e-05)	(130, 1.3613103926489711e-05)	(135, 5.918740837604222e-07)	(140, 0.0)	(145, 0.0)	(150, 0.0)	
/ | scratch | karcher | fastqc | 240813_MG011_PRISMA_NovaSeq_final_for_Q | H5YFCDSXC_240813_MG_PRISMA_24s001116-1-1_Gross_lane1MG249 | H5YFCDSXC_240813_MG_PRISMA_24s001116-1-1_Gross_lane1MG249_1	(1, 0.00019364066453955332)	(2, 0.0478855759709539)	(3, 0.0)	(4, 0.0)	(5, 0.0)	(6, 0.0)	(7, 0.0)	(8, 0.0)	(9, 0.0)	(10, 3.379909781054022e-05)	(15, 0.00018096600286060071)	(20, 0.00010139729343162063)	(25, 0.0004238970183738585)	(30, 0.0013153482231268567)	(35, 9.294751897898559e-05)	(40, 6.337330839476289e-06)	(45, 0.0)	(50, 0.0)	(55, 7.04147871052921e-06)	(60, 6.196501265265706e-05)	(65, 2.394102761579932e-05)	(70, 0.0)	(75, 3.520739355264605e-06)	(80, 5.8444273297392446e-05)	(85, 7.67521179447684e-05)	(90, 3.66156892947519e-05)	(95, 0.0)	(100, 0.0)	(105, 7.041478710529211e-07)	(110, 0.0)	(115, 0.0)	(120, 0.0)	(125, 0.0)	(130, 6.337330839476289e-06)	(135, 0.0)	(140, 0.0)	(145, 0.0)	(150, 0.0)	
/ | scratch | karcher | fastqc | 240813_MG011_PRISMA_NovaSeq_final_for_Q | H5YFCDSXC_240813_MG_PRISMA_24s001116-1-1_Gross_lane1MG249 | H5YFCDSXC_240813_MG_PRISMA_24s001116-1-1_Gross_lane1MG249_2	(1, 0.0018554296402244473)	(2, 0.00035207393552646055)	(3, 3.520739355264605e-06)	(4, 0.0)	(5, 0.0)	(6, 0.0)	(7, 0.0)	(8, 0.0)	(9, 0.0)	(10, 0.0)	(15, 0.0)	(20, 0.0)	(25, 2.1124436131587636e-06)	(30, 0.0)	(35, 0.0)	(40, 0.0)	(45, 0.0)	(50, 0.0)	(55, 0.0)	(60, 1.4787105292111343e-05)	(65, 0.0)	(70, 0.0)	(75, 7.041478710529211e-07)	(80, 1.4082957421058422e-06)	(85, 0.0)	(90, 0.0)	(95, 0.0)	(100, 2.1124436131587635e-05)	(105, 7.041478710529211e-07)	(110, 7.041478710529211e-07)	(115, 0.0)	(120, 0.0)	(125, 2.5349323357905157e-05)	(130, 9.858070194740895e-06)	(135, 0.0)	(140, 0.0)	(145, 0.0)	(150, 0.0)	
/ | scratch | karcher | fastqc | 240813_MG011_PRISMA_NovaSeq_final_for_Q | H5YFCDSXC_240813_MG_PRISMA_24s001116-1-1_Gross_lane1MG250 | H5YFCDSXC_240813_MG_PRISMA_24s001116-1-1_Gross_lane1MG250_1	(1, 0.0002231541248676262)	(2, 0.04751766008093977)	(3, 0.0)	(4, 0.0)	(5, 0.0)	(6, 0.0)	(7, 0.0)	(8, 0.0)	(9, 0.0)	(10, 3.329601228183629e-05)	(15, 0.00017427274513471763)	(20, 9.06785015335116e-05)	(25, 0.0004236386243518745)	(30, 0.0013708039099011324)	(35, 9.209535311997272e-05)	(40, 5.667406345844475e-06)	(45, 0.0)	(50, 0.0)	(55, 7.084257932305595e-06)	(60, 4.9589805526139155e-05)	(65, 1.4876941657841747e-05)	(70, 0.0)	(75, 4.2505547593833564e-06)	(80, 4.321397338706412e-05)	(85, 4.88813797329086e-05)	(90, 3.0462309108914057e-05)	(95, 0.0)	(100, 0.0)	(105, 7.084257932305593e-07)	(110, 0.0)	(115, 0.0)	(120, 0.0)	(125, 0.0)	(130, 6.375832139075035e-06)	(135, 0.0)	(140, 0.0)	(145, 0.0)	(150, 0.0)	
/ | scratch | karcher | fastqc | 240813_MG011_PRISMA_NovaSeq_final_for_Q | H5YFCDSXC_240813_MG_PRISMA_24s001116-1-1_Gross_lane1MG250 | H5YFCDSXC_240813_MG_PRISMA_24s001116-1-1_Gross_lane1MG250_2	(1, 0.0019340024155194272)	(2, 0.0003612971545475853)	(3, 0.0)	(4, 0.0)	(5, 0.0)	(6, 0.0)	(7, 0.0)	(8, 0.0)	(9, 0.0)	(10, 0.0)	(15, 0.0)	(20, 0.0)	(25, 2.1252773796916782e-06)	(30, 0.0)	(35, 0.0)	(40, 0.0)	(45, 0.0)	(50, 0.0)	(55, 0.0)	(60, 1.133481269168895e-05)	(65, 0.0)	(70, 0.0)	(75, 1.4168515864611187e-06)	(80, 2.1252773796916782e-06)	(85, 0.0)	(90, 0.0)	(95, 0.0)	(100, 1.6293793244302866e-05)	(105, 2.1252773796916782e-06)	(110, 7.084257932305593e-07)	(115, 7.084257932305593e-07)	(120, 0.0)	(125, 1.9835922210455664e-05)	(130, 1.133481269168895e-05)	(135, 0.0)	(140, 0.0)	(145, 0.0)	(150, 0.0)	
/ | scratch | karcher | fastqc | 240813_MG011_PRISMA_NovaSeq_final_for_Q | H5YFCDSXC_240813_MG_PRISMA_24s001116-1-1_Gross_lane1MG251 | H5YFCDSXC_240813_MG_PRISMA_24s001116-1-1_Gross_lane1MG251_1	(1, 0.00024075344657819051)	(2, 0.04781042444447426)	(3, 0.0)	(4, 0.0)	(5, 0.0)	(6, 0.0)	(7, 0.0)	(8, 0.0)	(9, 0.0)	(10, 2.889041358938286e-05)	(15, 0.0001733424815362972)	(20, 8.217717643202236e-05)	(25, 0.0003800694409981034)	(30, 0.0013090567401944813)	(35, 8.281918562289754e-05)	(40, 5.778082717876573e-06)	(45, 0.0)	(50, 0.0)	(55, 1.2840183817503495e-05)	(60, 6.0990873133141604e-05)	(65, 1.9260275726255242e-05)	(70, 0.0)	(75, 5.778082717876573e-06)	(80, 6.291690070576712e-05)	(85, 6.86949834236437e-05)	(90, 3.5952514689009786e-05)	(95, 0.0)	(100, 0.0)	(105, 4.494064336126223e-06)	(110, 0.0)	(115, 0.0)	(120, 0.0)	(125, 0.0)	(130, 7.704110290502096e-06)	(135, 0.0)	(140, 6.420091908751747e-07)	(145, 0.0)	(150, 0.0)	
/ | scratch | karcher | fastqc | 240813_MG011_PRISMA_NovaSeq_final_for_Q | H5YFCDSXC_240813_MG_PRISMA_24s001116-1-1_Gross_lane1MG251 | H5YFCDSXC_240813_MG_PRISMA_24s001116-1-1_Gross_lane1MG251_2	(1, 0.0017366348613173477)	(2, 0.0003755753766619772)	(3, 6.420091908751747e-06)	(4, 0.0)	(5, 3.2100459543758736e-06)	(6, 0.0)	(7, 0.0)	(8, 0.0)	(9, 0.0)	(10, 0.0)	(15, 0.0)	(20, 0.0)	(25, 5.778082717876573e-06)	(30, 0.0)	(35, 0.0)	(40, 0.0)	(45, 0.0)	(50, 0.0)	(55, 0.0)	(60, 1.3482193008378669e-05)	(65, 0.0)	(70, 0.0)	(75, 3.2100459543758736e-06)	(80, 3.852055145251048e-06)	(85, 3.852055145251048e-06)	(90, 0.0)	(95, 0.0)	(100, 2.1186303298880765e-05)	(105, 1.926027572625524e-06)	(110, 2.568036763500699e-06)	(115, 1.2840183817503494e-06)	(120, 0.0)	(125, 2.6964386016757338e-05)	(130, 1.9902284917130416e-05)	(135, 0.0)	(140, 0.0)	(145, 0.0)	(150, 0.0)	
/ | scratch | karcher | fastqc | 240813_MG011_PRISMA_NovaSeq_final_for_Q | H5YFCDSXC_240813_MG_PRISMA_24s001116-1-1_Gross_lane1MG252 | H5YFCDSXC_240813_MG_PRISMA_24s001116-1-1_Gross_lane1MG252_1	(1, 0.00023407768344541145)	(2, 0.047650319752935794)	(3, 0.0)	(4, 0.0)	(5, 0.0)	(6, 0.0)	(7, 0.0)	(8, 0.0)	(9, 0.0)	(10, 3.271447142128641e-05)	(15, 0.00019628682852771852)	(20, 0.00010491192559240127)	(25, 0.00045236217379089144)	(30, 0.001406158228504604)	(35, 8.911873249246989e-05)	(40, 5.076383496406513e-06)	(45, 0.0)	(50, 0.0)	(55, 6.2044687178301825e-06)	(60, 5.35840480176243e-05)	(65, 1.9741491374914217e-05)	(70, 0.0)	(75, 2.256170442847339e-06)	(80, 5.6404261071183475e-05)	(85, 6.430085762114916e-05)	(90, 3.6098727085557423e-05)	(95, 0.0)	(100, 0.0)	(105, 2.256170442847339e-06)	(110, 0.0)	(115, 0.0)	(120, 0.0)	(125, 0.0)	(130, 6.2044687178301825e-06)	(135, 0.0)	(140, 0.0)	(145, 0.0)	(150, 0.0)	
/ | scratch | karcher | fastqc | 240813_MG011_PRISMA_NovaSeq_final_for_Q | H5YFCDSXC_240813_MG_PRISMA_24s001116-1-1_Gross_lane1MG252 | H5YFCDSXC_240813_MG_PRISMA_24s001116-1-1_Gross_lane1MG252_2	(1, 0.0017739140106887202)	(2, 0.0003581670578020151)	(3, 2.8202130535591734e-06)	(4, 0.0)	(5, 2.8202130535591734e-06)	(6, 0.0)	(7, 0.0)	(8, 0.0)	(9, 0.0)	(10, 0.0)	(15, 0.0)	(20, 0.0)	(25, 3.3842556642710082e-06)	(30, 0.0)	(35, 0.0)	(40, 0.0)	(45, 0.0)	(50, 0.0)	(55, 0.0)	(60, 1.29729800463722e-05)	(65, 0.0)	(70, 0.0)	(75, 1.6921278321355041e-06)	(80, 2.8202130535591734e-06)	(85, 3.3842556642710082e-06)	(90, 0.0)	(95, 0.0)	(100, 2.0869576596337885e-05)	(105, 1.1280852214236695e-06)	(110, 1.6921278321355041e-06)	(115, 1.6921278321355041e-06)	(120, 0.0)	(125, 2.0869576596337885e-05)	(130, 1.4665107878507704e-05)	(135, 2.256170442847339e-06)	(140, 0.0)	(145, 0.0)	(150, 0.0)	
/ | scratch | karcher | fastqc | 240813_MG011_PRISMA_NovaSeq_final_for_Q | H5YFCDSXC_240813_MG_PRISMA_24s001116-1-1_Gross_lane1MG253 | H5YFCDSXC_240813_MG_PRISMA_24s001116-1-1_Gross_lane1MG253_1	(1, 0.00023922093419057134)	(2, 0.047841405199344614)	(3, 0.0)	(4, 0.0)	(5, 0.0)	(6, 0.0)	(7, 0.0)	(8, 0.0)	(9, 0.0)	(10, 3.226700972803056e-05)	(15, 0.00018414448655134678)	(20, 8.6230801859392e-05)	(25, 0.0003749649061498723)	(30, 0.0012461741688066972)	(35, 8.789978512118668e-05)	(40, 7.232260801110297e-06)	(45, 0.0)	(50, 0.0)	(55, 1.0013899570768103e-05)	(60, 6.509034720999267e-05)	(65, 2.3365765665125575e-05)	(70, 0.0)	(75, 3.894294277520929e-06)	(80, 7.176628025717141e-05)	(85, 7.788588555041858e-05)	(90, 4.228090929879866e-05)	(95, 0.0)	(100, 0.0)	(105, 2.225311015726245e-06)	(110, 5.563277539315613e-07)	(115, 0.0)	(120, 0.0)	(125, 0.0)	(130, 9.457571816836543e-06)	(135, 0.0)	(140, 0.0)	(145, 0.0)	(150, 0.0)	
/ | scratch | karcher | fastqc | 240813_MG011_PRISMA_NovaSeq_final_for_Q | H5YFCDSXC_240813_MG_PRISMA_24s001116-1-1_Gross_lane1MG253 | H5YFCDSXC_240813_MG_PRISMA_24s001116-1-1_Gross_lane1MG253_2	(1, 0.0018609163369010724)	(2, 0.00032545173604996337)	(3, 0.0)	(4, 0.0)	(5, 0.0)	(6, 0.0)	(7, 0.0)	(8, 0.0)	(9, 0.0)	(10, 0.0)	(15, 0.0)	(20, 0.0)	(25, 6.119605293247174e-06)	(30, 5.563277539315613e-07)	(35, 0.0)	(40, 0.0)	(45, 0.0)	(50, 1.1126555078631226e-06)	(55, 0.0)	(60, 1.8915143633673085e-05)	(65, 0.0)	(70, 0.0)	(75, 2.225311015726245e-06)	(80, 4.45062203145249e-06)	(85, 1.6689832617946837e-06)	(90, 0.0)	(95, 0.0)	(100, 2.225311015726245e-05)	(105, 3.3379665235893675e-06)	(110, 2.225311015726245e-06)	(115, 1.6689832617946837e-06)	(120, 0.0)	(125, 3.004169871230431e-05)	(130, 1.72461603718784e-05)	(135, 1.1126555078631226e-06)	(140, 0.0)	(145, 0.0)	(150, 0.0)	
/ | scratch | karcher | fastqc | 240813_MG011_PRISMA_NovaSeq_final_for_Q | H5YFCDSXC_240813_MG_PRISMA_24s001116-1-1_Gross_lane1MG254 | H5YFCDSXC_240813_MG_PRISMA_24s001116-1-1_Gross_lane1MG254_1	(1, 0.0002633894676039186)	(2, 0.048383181924019816)	(3, 0.0)	(4, 0.0)	(5, 0.0)	(6, 0.0)	(7, 0.0)	(8, 0.0)	(9, 0.0)	(10, 3.219204604047894e-05)	(15, 0.00018071444027268856)	(20, 0.00010462414963155656)	(25, 0.00043020279708640033)	(30, 0.0013520659337001154)	(35, 0.000101697599991513)	(40, 5.121461870076195e-06)	(45, 0.0)	(50, 0.0)	(55, 3.6581870500544246e-06)	(60, 5.267789352078371e-05)	(65, 2.048584748030478e-05)	(70, 0.0)	(75, 2.194912230032655e-06)	(80, 5.9994267620892564e-05)	(85, 7.243210359107761e-05)	(90, 3.511859568052248e-05)	(95, 0.0)	(100, 0.0)	(105, 7.31637410010885e-07)	(110, 0.0)	(115, 0.0)	(120, 0.0)	(125, 0.0)	(130, 5.85309928008708e-06)	(135, 0.0)	(140, 0.0)	(145, 0.0)	(150, 0.0)	
/ | scratch | karcher | fastqc | 240813_MG011_PRISMA_NovaSeq_final_for_Q | H5YFCDSXC_240813_MG_PRISMA_24s001116-1-1_Gross_lane1MG254 | H5YFCDSXC_240813_MG_PRISMA_24s001116-1-1_Gross_lane1MG254_2	(1, 0.001583994992673566)	(2, 0.0003402113956550615)	(3, 0.0)	(4, 0.0)	(5, 0.0)	(6, 0.0)	(7, 0.0)	(8, 0.0)	(9, 0.0)	(10, 0.0)	(15, 0.0)	(20, 0.0)	(25, 2.194912230032655e-06)	(30, 0.0)	(35, 0.0)	(40, 0.0)	(45, 0.0)	(50, 0.0)	(55, 0.0)	(60, 1.4632748200217699e-05)	(65, 0.0)	(70, 0.0)	(75, 1.46327482002177e-06)	(80, 7.31637410010885e-07)	(85, 7.31637410010885e-07)	(90, 0.0)	(95, 0.0)	(100, 2.341239712034832e-05)	(105, 7.31637410010885e-07)	(110, 1.46327482002177e-06)	(115, 0.0)	(120, 0.0)	(125, 2.560730935038097e-05)	(130, 8.77964892013062e-06)	(135, 0.0)	(140, 0.0)	(145, 0.0)	(150, 0.0)	
/ | scratch | karcher | fastqc | 240813_MG011_PRISMA_NovaSeq_final_for_Q | H5YFCDSXC_240813_MG_PRISMA_24s001116-1-1_Gross_lane1MG255 | H5YFCDSXC_240813_MG_PRISMA_24s001116-1-1_Gross_lane1MG255_1	(1, 0.00024410751496108693)	(2, 0.04790687230324926)	(3, 0.0)	(4, 0.0)	(5, 0.0)	(6, 0.0)	(7, 0.0)	(8, 0.0)	(9, 0.0)	(10, 2.6573729476776552e-05)	(15, 0.0001823081440848624)	(20, 9.455303744062355e-05)	(25, 0.0003794481371800187)	(30, 0.0012471113042822112)	(35, 8.528313180918987e-05)	(40, 5.561943378860208e-06)	(45, 0.0)	(50, 0.0)	(55, 3.7079622525734724e-06)	(60, 5.561943378860209e-05)	(65, 1.8539811262867363e-05)	(70, 0.0)	(75, 2.471974835048982e-06)	(80, 5.6237427497364335e-05)	(85, 6.921529538137148e-05)	(90, 2.4719748350489814e-05)	(95, 0.0)	(100, 0.0)	(105, 1.235987417524491e-06)	(110, 0.0)	(115, 0.0)	(120, 0.0)	(125, 0.0)	(130, 4.943949670097964e-06)	(135, 0.0)	(140, 6.179937087622455e-07)	(145, 0.0)	(150, 0.0)	
/ | scratch | karcher | fastqc | 240813_MG011_PRISMA_NovaSeq_final_for_Q | H5YFCDSXC_240813_MG_PRISMA_24s001116-1-1_Gross_lane1MG255 | H5YFCDSXC_240813_MG_PRISMA_24s001116-1-1_Gross_lane1MG255_2	(1, 0.0016933027620085524)	(2, 0.0003306266341878013)	(3, 0.0)	(4, 0.0)	(5, 0.0)	(6, 0.0)	(7, 0.0)	(8, 0.0)	(9, 0.0)	(10, 0.0)	(15, 0.0)	(20, 0.0)	(25, 1.8539811262867362e-06)	(30, 0.0)	(35, 0.0)	(40, 0.0)	(45, 0.0)	(50, 0.0)	(55, 0.0)	(60, 1.1123886757720416e-05)	(65, 0.0)	(70, 0.0)	(75, 1.235987417524491e-06)	(80, 1.8539811262867362e-06)	(85, 0.0)	(90, 0.0)	(95, 0.0)	(100, 2.03937923891541e-05)	(105, 1.235987417524491e-06)	(110, 6.179937087622455e-07)	(115, 6.179937087622455e-07)	(120, 0.0)	(125, 1.915780497162961e-05)	(130, 8.651911922671435e-06)	(135, 0.0)	(140, 0.0)	(145, 0.0)	(150, 0.0)	
/ | scratch | karcher | fastqc | 240813_MG011_PRISMA_NovaSeq_final_for_Q | H5YFCDSXC_240813_MG_PRISMA_24s001116-1-1_Gross_lane1MG256 | H5YFCDSXC_240813_MG_PRISMA_24s001116-1-1_Gross_lane1MG256_1	(1, 0.0002050995490399303)	(2, 0.04868294170899046)	(3, 0.0)	(4, 0.0)	(5, 0.0)	(6, 0.0)	(7, 0.0)	(8, 0.0)	(9, 0.0)	(10, 3.640516995458763e-05)	(15, 0.0002015103069317315)	(20, 9.639678804876724e-05)	(25, 0.00039686762739226517)	(30, 0.0013490422838101416)	(35, 9.280754594056846e-05)	(40, 8.716730834197037e-06)	(45, 0.0)	(50, 0.0)	(55, 1.2818721814995644e-05)	(60, 5.17876361325824e-05)	(65, 2.4611945884791633e-05)	(70, 0.0)	(75, 5.640237598598083e-06)	(80, 6.717010231057717e-05)	(85, 8.255256848857195e-05)	(90, 4.5634649661384493e-05)	(95, 0.0)	(100, 0.0)	(105, 1.538246617799477e-06)	(110, 0.0)	(115, 0.0)	(120, 0.0)	(125, 0.0)	(130, 7.17848421639756e-06)	(135, 0.0)	(140, 0.0)	(145, 0.0)	(150, 0.0)	
/ | scratch | karcher | fastqc | 240813_MG011_PRISMA_NovaSeq_final_for_Q | H5YFCDSXC_240813_MG_PRISMA_24s001116-1-1_Gross_lane1MG256 | H5YFCDSXC_240813_MG_PRISMA_24s001116-1-1_Gross_lane1MG256_2	(1, 0.0017843660766473934)	(2, 0.00036148795518287715)	(3, 2.5637443629991286e-06)	(4, 0.0)	(5, 0.0)	(6, 0.0)	(7, 0.0)	(8, 0.0)	(9, 0.0)	(10, 0.0)	(15, 0.0)	(20, 0.0)	(25, 4.101990980798606e-06)	(30, 0.0)	(35, 0.0)	(40, 0.0)	(45, 0.0)	(50, 0.0)	(55, 0.0)	(60, 1.692071279579425e-05)	(65, 0.0)	(70, 0.0)	(75, 3.58924210819878e-06)	(80, 1.538246617799477e-06)	(85, 2.5637443629991286e-06)	(90, 0.0)	(95, 0.0)	(100, 2.050995490399303e-05)	(105, 1.538246617799477e-06)	(110, 1.538246617799477e-06)	(115, 5.127488725998258e-07)	(120, 0.0)	(125, 2.871393686559024e-05)	(130, 1.3331470687595469e-05)	(135, 0.0)	(140, 0.0)	(145, 0.0)	(150, 0.0)	
/ | scratch | karcher | fastqc | 240813_MG011_PRISMA_NovaSeq_final_for_Q | H5YFCDSXC_240813_MG_PRISMA_24s001116-1-1_Gross_lane1MG257 | H5YFCDSXC_240813_MG_PRISMA_24s001116-1-1_Gross_lane1MG257_1	(1, 0.00019524133415237075)	(2, 0.047830640414935253)	(3, 3.486452395578049e-06)	(4, 0.0)	(5, 0.0)	(6, 0.0)	(7, 0.0)	(8, 0.0)	(9, 0.0)	(10, 2.579974772727756e-05)	(15, 0.0001645605530712839)	(20, 9.97125385135322e-05)	(25, 0.00040233660644970685)	(30, 0.0012858036434891845)	(35, 9.552879563883853e-05)	(40, 6.972904791156098e-06)	(45, 0.0)	(50, 0.0)	(55, 4.8810333538092685e-06)	(60, 6.34534335995205e-05)	(65, 1.9524133415237074e-05)	(70, 0.0)	(75, 1.3945809582312196e-06)	(80, 5.9966981203942445e-05)	(85, 7.391279078625463e-05)	(90, 3.7653685872242925e-05)	(95, 0.0)	(100, 0.0)	(105, 2.0918714373468294e-06)	(110, 0.0)	(115, 0.0)	(120, 0.0)	(125, 0.0)	(130, 7.670195270271706e-06)	(135, 0.0)	(140, 6.972904791156098e-07)	(145, 0.0)	(150, 0.0)	
/ | scratch | karcher | fastqc | 240813_MG011_PRISMA_NovaSeq_final_for_Q | H5YFCDSXC_240813_MG_PRISMA_24s001116-1-1_Gross_lane1MG257 | H5YFCDSXC_240813_MG_PRISMA_24s001116-1-1_Gross_lane1MG257_2	(1, 0.001785063626535961)	(2, 0.00032075362039318047)	(3, 3.486452395578049e-06)	(4, 0.0)	(5, 3.486452395578049e-06)	(6, 0.0)	(7, 0.0)	(8, 0.0)	(9, 0.0)	(10, 0.0)	(15, 0.0)	(20, 0.0)	(25, 3.486452395578049e-06)	(30, 0.0)	(35, 0.0)	(40, 0.0)	(45, 0.0)	(50, 0.0)	(55, 0.0)	(60, 1.5340390540543412e-05)	(65, 0.0)	(70, 0.0)	(75, 1.3945809582312196e-06)	(80, 1.3945809582312196e-06)	(85, 1.3945809582312196e-06)	(90, 0.0)	(95, 0.0)	(100, 2.4405166769046344e-05)	(105, 1.3945809582312196e-06)	(110, 1.3945809582312196e-06)	(115, 6.972904791156098e-07)	(120, 0.0)	(125, 2.301058581081512e-05)	(130, 1.2551228624080975e-05)	(135, 0.0)	(140, 0.0)	(145, 0.0)	(150, 0.0)	
/ | scratch | karcher | fastqc | 240813_MG011_PRISMA_NovaSeq_final_for_Q | H5YFCDSXC_240813_MG_PRISMA_24s001116-1-1_Gross_lane1MG258 | H5YFCDSXC_240813_MG_PRISMA_24s001116-1-1_Gross_lane1MG258_1	(1, 0.00019245429351168774)	(2, 0.048347479365420755)	(3, 0.0)	(4, 0.0)	(5, 0.0)	(6, 0.0)	(7, 0.0)	(8, 0.0)	(9, 0.0)	(10, 2.9608352847951956e-05)	(15, 0.00019067779234081063)	(20, 9.297022794256916e-05)	(25, 0.000362998405915891)	(30, 0.0012139424667660303)	(35, 8.823289148689684e-05)	(40, 3.553002341754235e-06)	(45, 0.0)	(50, 0.0)	(55, 7.69817174046751e-06)	(60, 5.566370335414968e-05)	(65, 2.191018110748445e-05)	(70, 0.0)	(75, 2.960835284795196e-06)	(80, 6.276970803765816e-05)	(85, 7.638955034771605e-05)	(90, 4.0859526930173705e-05)	(95, 0.0)	(100, 0.0)	(105, 3.553002341754235e-06)	(110, 5.921670569590391e-07)	(115, 0.0)	(120, 0.0)	(125, 0.0)	(130, 4.737336455672313e-06)	(135, 0.0)	(140, 0.0)	(145, 0.0)	(150, 0.0)	
/ | scratch | karcher | fastqc | 240813_MG011_PRISMA_NovaSeq_final_for_Q | H5YFCDSXC_240813_MG_PRISMA_24s001116-1-1_Gross_lane1MG258 | H5YFCDSXC_240813_MG_PRISMA_24s001116-1-1_Gross_lane1MG258_2	(1, 0.001723206135750804)	(2, 0.0003553002341754235)	(3, 0.0)	(4, 0.0)	(5, 0.0)	(6, 0.0)	(7, 0.0)	(8, 0.0)	(9, 0.0)	(10, 0.0)	(15, 0.0)	(20, 0.0)	(25, 1.1843341139180783e-06)	(30, 5.921670569590391e-07)	(35, 0.0)	(40, 0.0)	(45, 0.0)	(50, 5.921670569590391e-07)	(55, 0.0)	(60, 1.421200936701694e-05)	(65, 0.0)	(70, 0.0)	(75, 2.960835284795196e-06)	(80, 2.3686682278361565e-06)	(85, 3.553002341754235e-06)	(90, 0.0)	(95, 0.0)	(100, 2.072584699356637e-05)	(105, 2.3686682278361565e-06)	(110, 1.7765011708771175e-06)	(115, 1.1843341139180783e-06)	(120, 0.0)	(125, 2.842401873403388e-05)	(130, 1.421200936701694e-05)	(135, 2.3686682278361565e-06)	(140, 0.0)	(145, 0.0)	(150, 0.0)	
/ | scratch | karcher | fastqc | 240813_MG011_PRISMA_NovaSeq_final_for_Q | H5YFCDSXC_240813_MG_PRISMA_24s001116-1-1_Gross_lane1MG259 | H5YFCDSXC_240813_MG_PRISMA_24s001116-1-1_Gross_lane1MG259_1	(1, 0.0002694160327889109)	(2, 0.04818566977346214)	(3, 0.0)	(4, 0.0)	(5, 0.0)	(6, 0.0)	(7, 0.0)	(8, 0.0)	(9, 0.0)	(10, 2.939083994060846e-05)	(15, 0.00018920353211766697)	(20, 8.939713815268407e-05)	(25, 0.00039861326669450223)	(30, 0.001375246385554304)	(35, 8.388635566381999e-05)	(40, 3.6738549925760577e-06)	(45, 0.0)	(50, 0.0)	(55, 6.735400819722772e-06)	(60, 5.4495515723211524e-05)	(65, 1.898158412830963e-05)	(70, 0.0)	(75, 2.4492366617173718e-06)	(80, 5.082166073063546e-05)	(85, 6.490477153551034e-05)	(90, 3.0615458271467145e-05)	(95, 0.0)	(100, 0.0)	(105, 0.0)	(110, 0.0)	(115, 0.0)	(120, 0.0)	(125, 0.0)	(130, 6.123091654293429e-06)	(135, 0.0)	(140, 0.0)	(145, 0.0)	(150, 0.0)	
/ | scratch | karcher | fastqc | 240813_MG011_PRISMA_NovaSeq_final_for_Q | H5YFCDSXC_240813_MG_PRISMA_24s001116-1-1_Gross_lane1MG259 | H5YFCDSXC_240813_MG_PRISMA_24s001116-1-1_Gross_lane1MG259_2	(1, 0.0018736660462137893)	(2, 0.0003612624076033123)	(3, 3.0615458271467143e-06)	(4, 0.0)	(5, 0.0)	(6, 0.0)	(7, 0.0)	(8, 0.0)	(9, 0.0)	(10, 0.0)	(15, 0.0)	(20, 0.0)	(25, 6.123091654293429e-07)	(30, 0.0)	(35, 0.0)	(40, 0.0)	(45, 0.0)	(50, 0.0)	(55, 0.0)	(60, 1.469541997030423e-05)	(65, 0.0)	(70, 0.0)	(75, 6.123091654293429e-07)	(80, 0.0)	(85, 0.0)	(90, 0.0)	(95, 0.0)	(100, 1.71446566320216e-05)	(105, 0.0)	(110, 0.0)	(115, 0.0)	(120, 0.0)	(125, 2.1430820790027003e-05)	(130, 7.347709985152115e-06)	(135, 0.0)	(140, 0.0)	(145, 0.0)	(150, 0.0)	
/ | scratch | karcher | fastqc | 240813_MG011_PRISMA_NovaSeq_final_for_Q | H5YFCDSXC_240813_MG_PRISMA_24s001116-1-1_Gross_lane1MG260 | H5YFCDSXC_240813_MG_PRISMA_24s001116-1-1_Gross_lane1MG260_1	(1, 0.00027314204305817235)	(2, 0.04845843335010931)	(3, 0.0)	(4, 0.0)	(5, 0.0)	(6, 0.0)	(7, 0.0)	(8, 0.0)	(9, 0.0)	(10, 2.488627503418904e-05)	(15, 0.00020030416490932643)	(20, 0.0001013660470904773)	(25, 0.00040000134750074577)	(30, 0.001317758612176205)	(35, 9.104734768605746e-05)	(40, 5.462840861163447e-06)	(45, 0.0)	(50, 0.0)	(55, 9.104734768605746e-06)	(60, 4.430970920721463e-05)	(65, 1.699550490139739e-05)	(70, 0.0)	(75, 4.2488762253493474e-06)	(80, 4.855858543256398e-05)	(85, 5.644935556535562e-05)	(90, 3.399100980279478e-05)	(95, 0.0)	(100, 0.0)	(105, 3.0349115895352485e-06)	(110, 0.0)	(115, 0.0)	(120, 0.0)	(125, 0.0)	(130, 7.890770132791646e-06)	(135, 0.0)	(140, 6.069823179070498e-07)	(145, 0.0)	(150, 0.0)	
/ | scratch | karcher | fastqc | 240813_MG011_PRISMA_NovaSeq_final_for_Q | H5YFCDSXC_240813_MG_PRISMA_24s001116-1-1_Gross_lane1MG260 | H5YFCDSXC_240813_MG_PRISMA_24s001116-1-1_Gross_lane1MG260_2	(1, 0.0016297475235804285)	(2, 0.00037632903710237077)	(3, 3.0349115895352485e-06)	(4, 0.0)	(5, 0.0)	(6, 0.0)	(7, 0.0)	(8, 0.0)	(9, 0.0)	(10, 0.0)	(15, 0.0)	(20, 0.0)	(25, 4.2488762253493474e-06)	(30, 0.0)	(35, 0.0)	(40, 0.0)	(45, 0.0)	(50, 0.0)	(55, 0.0)	(60, 1.2746628676048043e-05)	(65, 0.0)	(70, 0.0)	(75, 3.0349115895352485e-06)	(80, 1.8209469537211492e-06)	(85, 2.427929271628199e-06)	(90, 0.0)	(95, 0.0)	(100, 1.699550490139739e-05)	(105, 1.2139646358140995e-06)	(110, 1.2139646358140995e-06)	(115, 6.069823179070498e-07)	(120, 0.0)	(125, 2.306532808046789e-05)	(130, 1.2746628676048043e-05)	(135, 0.0)	(140, 0.0)	(145, 0.0)	(150, 0.0)	
/ | scratch | karcher | fastqc | 240813_MG011_PRISMA_NovaSeq_final_for_Q | H5YFCDSXC_240813_MG_PRISMA_24s001116-1-1_Gross_lane1MG261 | H5YFCDSXC_240813_MG_PRISMA_24s001116-1-1_Gross_lane1MG261_1	(1, 0.0002244435483327959)	(2, 0.04901001366275704)	(3, 0.0)	(4, 0.0)	(5, 0.0)	(6, 0.0)	(7, 0.0)	(8, 0.0)	(9, 0.0)	(10, 2.4070757357430288e-05)	(15, 0.00020297503501400676)	(20, 9.042798034277864e-05)	(25, 0.00039098716680582705)	(30, 0.0012178502100840406)	(35, 9.758415144904171e-05)	(40, 6.50561009660278e-06)	(45, 0.0)	(50, 0.0)	(55, 8.457293125583614e-06)	(60, 5.5948246830783914e-05)	(65, 2.211907432844945e-05)	(70, 0.0)	(75, 3.903366057961668e-06)	(80, 6.050217389840585e-05)	(85, 7.41639551012717e-05)	(90, 3.3829172502334456e-05)	(95, 0.0)	(100, 0.0)	(105, 2.602244038641112e-06)	(110, 0.0)	(115, 0.0)	(120, 0.0)	(125, 0.0)	(130, 6.50561009660278e-06)	(135, 0.0)	(140, 0.0)	(145, 0.0)	(150, 0.0)	
/ | scratch | karcher | fastqc | 240813_MG011_PRISMA_NovaSeq_final_for_Q | H5YFCDSXC_240813_MG_PRISMA_24s001116-1-1_Gross_lane1MG261 | H5YFCDSXC_240813_MG_PRISMA_24s001116-1-1_Gross_lane1MG261_2	(1, 0.0017174810655031338)	(2, 0.00043587587647238627)	(3, 0.0)	(4, 0.0)	(5, 0.0)	(6, 0.0)	(7, 0.0)	(8, 0.0)	(9, 0.0)	(10, 0.0)	(15, 0.0)	(20, 0.0)	(25, 3.903366057961668e-06)	(30, 0.0)	(35, 0.0)	(40, 0.0)	(45, 0.0)	(50, 0.0)	(55, 0.0)	(60, 1.6264025241506953e-05)	(65, 0.0)	(70, 0.0)	(75, 1.951683028980834e-06)	(80, 1.951683028980834e-06)	(85, 1.301122019320556e-06)	(90, 0.0)	(95, 0.0)	(100, 2.016739129946862e-05)	(105, 1.951683028980834e-06)	(110, 1.301122019320556e-06)	(115, 0.0)	(120, 0.0)	(125, 2.7974123415391957e-05)	(130, 1.1710098173885005e-05)	(135, 0.0)	(140, 0.0)	(145, 0.0)	(150, 0.0)	
/ | scratch | karcher | fastqc | 240813_MG011_PRISMA_NovaSeq_final_for_Q | H5YFCDSXC_240813_MG_PRISMA_24s001116-1-1_Gross_lane1MG262 | H5YFCDSXC_240813_MG_PRISMA_24s001116-1-1_Gross_lane1MG262_1	(1, 0.0002364124846404934)	(2, 0.04770219549633685)	(3, 0.0)	(4, 0.0)	(5, 0.0)	(6, 0.0)	(7, 0.0)	(8, 0.0)	(9, 0.0)	(10, 2.2844352448407224e-05)	(15, 0.00017744217948297705)	(20, 9.722131390833774e-05)	(25, 0.00039738547980020016)	(30, 0.0012686584569022432)	(35, 8.71272977102043e-05)	(40, 6.3751681251369e-06)	(45, 0.0)	(50, 0.0)	(55, 1.0094016198133425e-05)	(60, 4.46261768759583e-05)	(65, 1.70004483336984e-05)	(70, 0.0)	(75, 5.3126401042807495e-06)	(80, 5.206387302195135e-05)	(85, 6.16266252096567e-05)	(90, 3.559468869868103e-05)	(95, 0.0)	(100, 0.0)	(105, 3.18758406256845e-06)	(110, 5.31264010428075e-07)	(115, 0.0)	(120, 0.0)	(125, 0.0)	(130, 7.437696145993049e-06)	(135, 0.0)	(140, 1.06252802085615e-06)	(145, 0.0)	(150, 0.0)	
/ | scratch | karcher | fastqc | 240813_MG011_PRISMA_NovaSeq_final_for_Q | H5YFCDSXC_240813_MG_PRISMA_24s001116-1-1_Gross_lane1MG262 | H5YFCDSXC_240813_MG_PRISMA_24s001116-1-1_Gross_lane1MG262_2	(1, 0.0017637965146212091)	(2, 0.000318758406256845)	(3, 5.3126401042807495e-06)	(4, 0.0)	(5, 5.3126401042807495e-06)	(6, 0.0)	(7, 0.0)	(8, 0.0)	(9, 0.0)	(10, 0.0)	(15, 0.0)	(20, 0.0)	(25, 4.2501120834246e-06)	(30, 0.0)	(35, 0.0)	(40, 0.0)	(45, 0.0)	(50, 0.0)	(55, 0.0)	(60, 1.27503362502738e-05)	(65, 0.0)	(70, 0.0)	(75, 2.1250560417123e-06)	(80, 2.6563200521403747e-06)	(85, 2.1250560417123e-06)	(90, 0.0)	(95, 0.0)	(100, 1.7531712344126474e-05)	(105, 2.1250560417123e-06)	(110, 5.31264010428075e-07)	(115, 1.06252802085615e-06)	(120, 0.0)	(125, 2.2844352448407224e-05)	(130, 1.381286427112995e-05)	(135, 0.0)	(140, 0.0)	(145, 0.0)	(150, 0.0)	
/ | scratch | karcher | fastqc | 240813_MG011_PRISMA_NovaSeq_final_for_Q | H5YFCDSXC_240813_MG_PRISMA_24s001116-1-1_Gross_lane1MG263 | H5YFCDSXC_240813_MG_PRISMA_24s001116-1-1_Gross_lane1MG263_1	(1, 0.000262868464003827)	(2, 0.04822175934114648)	(3, 0.0)	(4, 0.0)	(5, 0.0)	(6, 0.0)	(7, 0.0)	(8, 0.0)	(9, 0.0)	(10, 2.4339672592946943e-05)	(15, 0.00018108716409152525)	(20, 0.00010563417905338972)	(25, 0.0004025781846873424)	(30, 0.0013425763402269532)	(35, 9.833227727550564e-05)	(40, 3.894347614871511e-06)	(45, 0.0)	(50, 0.0)	(55, 6.8151083260251434e-06)	(60, 5.549445351191903e-05)	(65, 1.8498151170639677e-05)	(70, 0.0)	(75, 2.433967259294694e-06)	(80, 5.5981246963777965e-05)	(85, 6.328314874166205e-05)	(90, 3.1641574370831025e-05)	(95, 0.0)	(100, 0.0)	(105, 9.735869037178777e-07)	(110, 0.0)	(115, 0.0)	(120, 0.0)	(125, 0.0)	(130, 5.841521422307266e-06)	(135, 0.0)	(140, 0.0)	(145, 0.0)	(150, 0.0)	
/ | scratch | karcher | fastqc | 240813_MG011_PRISMA_NovaSeq_final_for_Q | H5YFCDSXC_240813_MG_PRISMA_24s001116-1-1_Gross_lane1MG263 | H5YFCDSXC_240813_MG_PRISMA_24s001116-1-1_Gross_lane1MG263_2	(1, 0.0017743621320258321)	(2, 0.0003480573180791413)	(3, 0.0)	(4, 0.0)	(5, 0.0)	(6, 0.0)	(7, 0.0)	(8, 0.0)	(9, 0.0)	(10, 0.0)	(15, 0.0)	(20, 0.0)	(25, 1.9471738074357554e-06)	(30, 0.0)	(35, 0.0)	(40, 0.0)	(45, 0.0)	(50, 0.0)	(55, 0.0)	(60, 1.2169836296473471e-05)	(65, 0.0)	(70, 0.0)	(75, 9.735869037178777e-07)	(80, 1.4603803555768165e-06)	(85, 0.0)	(90, 0.0)	(95, 0.0)	(100, 1.8498151170639677e-05)	(105, 9.735869037178777e-07)	(110, 9.735869037178777e-07)	(115, 9.735869037178777e-07)	(120, 0.0)	(125, 2.2879292237370126e-05)	(130, 8.762282133460898e-06)	(135, 0.0)	(140, 0.0)	(145, 0.0)	(150, 0.0)	
/ | scratch | karcher | fastqc | 240813_MG011_PRISMA_NovaSeq_final_for_Q | H5YFCDSXC_240813_MG_PRISMA_24s001116-1-1_Gross_lane1MG264 | H5YFCDSXC_240813_MG_PRISMA_24s001116-1-1_Gross_lane1MG264_1	(1, 0.0002039948426606721)	(2, 0.04800872911417017)	(3, 0.0)	(4, 0.0)	(5, 0.0)	(6, 0.0)	(7, 0.0)	(8, 0.0)	(9, 0.0)	(10, 3.0307805195299853e-05)	(15, 0.00018825809765542025)	(20, 9.442047003151109e-05)	(25, 0.00039341862513129615)	(30, 0.001292744460061059)	(35, 0.00010549447577594757)	(40, 7.576951298824963e-06)	(45, 0.0)	(50, 0.0)	(55, 1.573674500525185e-05)	(60, 5.8867083167793945e-05)	(65, 2.622790834208641e-05)	(70, 0.0)	(75, 6.994108891223043e-06)	(80, 6.935824650462851e-05)	(85, 8.334646428707459e-05)	(90, 5.070728946136706e-05)	(95, 0.0)	(100, 0.0)	(105, 5.828424076019203e-06)	(110, 0.0)	(115, 0.0)	(120, 0.0)	(125, 0.0)	(130, 1.1656848152038405e-05)	(135, 0.0)	(140, 5.828424076019202e-07)	(145, 0.0)	(150, 0.0)	
/ | scratch | karcher | fastqc | 240813_MG011_PRISMA_NovaSeq_final_for_Q | H5YFCDSXC_240813_MG_PRISMA_24s001116-1-1_Gross_lane1MG264 | H5YFCDSXC_240813_MG_PRISMA_24s001116-1-1_Gross_lane1MG264_2	(1, 0.0018825809765542025)	(2, 0.00030599226399100814)	(3, 2.9142120380096014e-06)	(4, 0.0)	(5, 2.9142120380096014e-06)	(6, 0.0)	(7, 0.0)	(8, 0.0)	(9, 0.0)	(10, 0.0)	(15, 0.0)	(20, 0.0)	(25, 5.828424076019203e-06)	(30, 0.0)	(35, 0.0)	(40, 0.0)	(45, 0.0)	(50, 0.0)	(55, 0.0)	(60, 1.923379945086337e-05)	(65, 0.0)	(70, 0.0)	(75, 5.828424076019203e-06)	(80, 3.4970544456115215e-06)	(85, 4.6627392608153615e-06)	(90, 0.0)	(95, 0.0)	(100, 2.214801148887297e-05)	(105, 4.079896853213441e-06)	(110, 3.4970544456115215e-06)	(115, 1.1656848152038404e-06)	(120, 0.0)	(125, 3.4970544456115215e-05)	(130, 1.8650957043261446e-05)	(135, 0.0)	(140, 0.0)	(145, 0.0)	(150, 0.0)	
/ | scratch | karcher | fastqc | 240813_MG011_PRISMA_NovaSeq_final_for_Q | H5YFCDSXC_240813_MG_PRISMA_24s001116-1-1_Gross_lane1MG265 | H5YFCDSXC_240813_MG_PRISMA_24s001116-1-1_Gross_lane1MG265_1	(1, 0.000234690915975176)	(2, 0.04803653668179902)	(3, 0.0)	(4, 0.0)	(5, 0.0)	(6, 0.0)	(7, 0.0)	(8, 0.0)	(9, 0.0)	(10, 2.6285382589219708e-05)	(15, 0.0001771134112559328)	(20, 9.575389371787178e-05)	(25, 0.0003924032115104942)	(30, 0.001269834316036352)	(35, 8.824378440666616e-05)	(40, 5.632581983404223e-06)	(45, 0.0)	(50, 0.0)	(55, 1.3768533737210322e-05)	(60, 6.0080874489645046e-05)	(65, 1.752358839281314e-05)	(70, 0.0)	(75, 4.380897098203285e-06)	(80, 6.0080874489645046e-05)	(85, 6.32100867026474e-05)	(90, 3.7550546556028156e-05)	(95, 0.0)	(100, 0.0)	(105, 5.632581983404223e-06)	(110, 1.2516848852009386e-06)	(115, 0.0)	(120, 0.0)	(125, 0.0)	(130, 8.1359517538061e-06)	(135, 0.0)	(140, 0.0)	(145, 0.0)	(150, 0.0)	
/ | scratch | karcher | fastqc | 240813_MG011_PRISMA_NovaSeq_final_for_Q | H5YFCDSXC_240813_MG_PRISMA_24s001116-1-1_Gross_lane1MG265 | H5YFCDSXC_240813_MG_PRISMA_24s001116-1-1_Gross_lane1MG265_2	(1, 0.0016397071996132294)	(2, 0.00027537067474420646)	(3, 0.0)	(4, 0.0)	(5, 0.0)	(6, 0.0)	(7, 0.0)	(8, 0.0)	(9, 0.0)	(10, 0.0)	(15, 0.0)	(20, 0.0)	(25, 2.503369770401877e-06)	(30, 0.0)	(35, 0.0)	(40, 0.0)	(45, 0.0)	(50, 1.2516848852009386e-06)	(55, 0.0)	(60, 1.1891006409408914e-05)	(65, 0.0)	(70, 0.0)	(75, 2.503369770401877e-06)	(80, 3.7550546556028153e-06)	(85, 3.7550546556028153e-06)	(90, 0.0)	(95, 0.0)	(100, 1.9401115720614548e-05)	(105, 6.258424426004693e-07)	(110, 3.129212213002346e-06)	(115, 1.2516848852009386e-06)	(120, 0.0)	(125, 2.503369770401877e-05)	(130, 1.564606106501173e-05)	(135, 1.8775273278014077e-06)	(140, 0.0)	(145, 0.0)	(150, 0.0)	
/ | scratch | karcher | fastqc | 240813_MG011_PRISMA_NovaSeq_final_for_Q | H5YFCDSXC_240813_MG_PRISMA_24s001116-1-1_Gross_lane1MG266 | H5YFCDSXC_240813_MG_PRISMA_24s001116-1-1_Gross_lane1MG266_1	(1, 0.0002133122745468188)	(2, 0.04798403481121597)	(3, 0.0)	(4, 0.0)	(5, 0.0)	(6, 0.0)	(7, 0.0)	(8, 0.0)	(9, 0.0)	(10, 2.9751448818372092e-05)	(15, 0.00017850869291023255)	(20, 8.700895409146555e-05)	(25, 0.00039294366363887674)	(30, 0.0012826803877354761)	(35, 8.86929983642036e-05)	(40, 5.61348090912681e-06)	(45, 0.0)	(50, 0.0)	(55, 8.420221363690215e-06)	(60, 6.062559381856954e-05)	(65, 2.133122745468188e-05)	(70, 0.0)	(75, 3.929436636388767e-06)	(80, 6.567772663678368e-05)	(85, 7.353659990956122e-05)	(90, 4.041706254571303e-05)	(95, 0.0)	(100, 0.0)	(105, 1.684044272738043e-06)	(110, 0.0)	(115, 0.0)	(120, 0.0)	(125, 0.0)	(130, 8.981569454602895e-06)	(135, 0.0)	(140, 5.61348090912681e-07)	(145, 0.0)	(150, 0.0)	
/ | scratch | karcher | fastqc | 240813_MG011_PRISMA_NovaSeq_final_for_Q | H5YFCDSXC_240813_MG_PRISMA_24s001116-1-1_Gross_lane1MG266 | H5YFCDSXC_240813_MG_PRISMA_24s001116-1-1_Gross_lane1MG266_2	(1, 0.0018299947763753398)	(2, 0.0003732964804569328)	(3, 0.0)	(4, 0.0)	(5, 0.0)	(6, 0.0)	(7, 0.0)	(8, 0.0)	(9, 0.0)	(10, 0.0)	(15, 0.0)	(20, 0.0)	(25, 2.245392363650724e-06)	(30, 0.0)	(35, 0.0)	(40, 0.0)	(45, 0.0)	(50, 0.0)	(55, 0.0)	(60, 1.7401790818293112e-05)	(65, 0.0)	(70, 0.0)	(75, 2.806740454563405e-06)	(80, 2.245392363650724e-06)	(85, 1.684044272738043e-06)	(90, 0.0)	(95, 0.0)	(100, 2.133122745468188e-05)	(105, 2.806740454563405e-06)	(110, 5.61348090912681e-07)	(115, 5.61348090912681e-07)	(120, 0.0)	(125, 2.694470836380869e-05)	(130, 1.4033702272817023e-05)	(135, 0.0)	(140, 0.0)	(145, 0.0)	(150, 0.0)	
/ | scratch | karcher | fastqc | 240813_MG011_PRISMA_NovaSeq_final_for_Q | H5YFCDSXC_240813_MG_PRISMA_24s001116-1-1_Gross_lane1MG267 | H5YFCDSXC_240813_MG_PRISMA_24s001116-1-1_Gross_lane1MG267_1	(1, 0.00022374608662336322)	(2, 0.04791785675729469)	(3, 0.0)	(4, 0.0)	(5, 0.0)	(6, 0.0)	(7, 0.0)	(8, 0.0)	(9, 0.0)	(10, 2.369076211306199e-05)	(15, 0.00017439033222115075)	(20, 9.344689500152229e-05)	(25, 0.0003579937385973812)	(30, 0.0012003319470618075)	(35, 7.107228633918598e-05)	(40, 3.948460352176998e-06)	(45, 0.0)	(50, 0.0)	(55, 7.896920704353997e-06)	(60, 5.264613802902665e-05)	(65, 2.105845521161066e-05)	(70, 0.0)	(75, 2.6323069014513323e-06)	(80, 5.988498200801781e-05)	(85, 7.76530535928143e-05)	(90, 3.751037334568148e-05)	(95, 0.0)	(100, 0.0)	(105, 0.0)	(110, 0.0)	(115, 0.0)	(120, 0.0)	(125, 0.0)	(130, 6.580767253628331e-06)	(135, 0.0)	(140, 0.0)	(145, 6.580767253628331e-07)	(150, 0.0)	
/ | scratch | karcher | fastqc | 240813_MG011_PRISMA_NovaSeq_final_for_Q | H5YFCDSXC_240813_MG_PRISMA_24s001116-1-1_Gross_lane1MG267 | H5YFCDSXC_240813_MG_PRISMA_24s001116-1-1_Gross_lane1MG267_2	(1, 0.0018788090509108885)	(2, 0.0003356191299350449)	(3, 3.2903836268141655e-06)	(4, 0.0)	(5, 3.2903836268141655e-06)	(6, 0.0)	(7, 0.0)	(8, 0.0)	(9, 0.0)	(10, 0.0)	(15, 0.0)	(20, 0.0)	(25, 1.3161534507256662e-06)	(30, 0.0)	(35, 0.0)	(40, 0.0)	(45, 0.0)	(50, 0.0)	(55, 0.0)	(60, 1.3161534507256662e-05)	(65, 0.0)	(70, 0.0)	(75, 1.3161534507256662e-06)	(80, 6.580767253628331e-07)	(85, 0.0)	(90, 0.0)	(95, 0.0)	(100, 2.171653193697349e-05)	(105, 1.3161534507256662e-06)	(110, 0.0)	(115, 0.0)	(120, 0.0)	(125, 2.6323069014513324e-05)	(130, 9.213074155079663e-06)	(135, 0.0)	(140, 0.0)	(145, 0.0)	(150, 0.0)	
/ | scratch | karcher | fastqc | 240813_MG011_PRISMA_NovaSeq_final_for_Q | H5YFCDSXC_240813_MG_PRISMA_24s001116-1-1_Gross_lane1MG268 | H5YFCDSXC_240813_MG_PRISMA_24s001116-1-1_Gross_lane1MG268_1	(1, 0.00031414686137298743)	(2, 0.04839130945391978)	(3, 3.1732006199291657e-06)	(4, 0.0)	(5, 0.0)	(6, 0.0)	(7, 0.0)	(8, 0.0)	(9, 0.0)	(10, 2.919344570334833e-05)	(15, 0.0001776992347160333)	(20, 9.646529884584665e-05)	(25, 0.0004207664022026074)	(30, 0.001324493938758434)	(35, 8.504177661410166e-05)	(40, 5.711761115872499e-06)	(45, 0.0)	(50, 0.0)	(55, 1.0788882107759164e-05)	(60, 5.6482971034739154e-05)	(65, 2.0308483967546664e-05)	(70, 0.0)	(75, 5.711761115872499e-06)	(80, 6.282937227459749e-05)	(85, 6.917577351445582e-05)	(90, 4.379016855502249e-05)	(95, 0.0)	(100, 0.0)	(105, 1.2692802479716665e-06)	(110, 0.0)	(115, 0.0)	(120, 0.0)	(125, 0.0)	(130, 9.519601859787497e-06)	(135, 0.0)	(140, 6.346401239858333e-07)	(145, 0.0)	(150, 0.0)	
/ | scratch | karcher | fastqc | 240813_MG011_PRISMA_NovaSeq_final_for_Q | H5YFCDSXC_240813_MG_PRISMA_24s001116-1-1_Gross_lane1MG268 | H5YFCDSXC_240813_MG_PRISMA_24s001116-1-1_Gross_lane1MG268_2	(1, 0.0017674727453005454)	(2, 0.0003839572750114291)	(3, 0.0)	(4, 0.0)	(5, 3.1732006199291657e-06)	(6, 0.0)	(7, 0.0)	(8, 0.0)	(9, 0.0)	(10, 0.0)	(15, 0.0)	(20, 0.0)	(25, 3.1732006199291657e-06)	(30, 0.0)	(35, 0.0)	(40, 0.0)	(45, 0.0)	(50, 0.0)	(55, 0.0)	(60, 1.5231362975659995e-05)	(65, 0.0)	(70, 0.0)	(75, 1.9039203719574994e-06)	(80, 1.9039203719574994e-06)	(85, 0.0)	(90, 0.0)	(95, 0.0)	(100, 2.3481684587475827e-05)	(105, 1.9039203719574994e-06)	(110, 1.2692802479716665e-06)	(115, 6.346401239858333e-07)	(120, 0.0)	(125, 2.919344570334833e-05)	(130, 1.586600309964583e-05)	(135, 0.0)	(140, 0.0)	(145, 0.0)	(150, 0.0)	
/ | scratch | karcher | fastqc | 240813_MG011_PRISMA_NovaSeq_final_for_Q | H5YFCDSXC_240813_MG_PRISMA_24s001116-1-1_Gross_lane1MG270 | H5YFCDSXC_240813_MG_PRISMA_24s001116-1-1_Gross_lane1MG270_1	(1, 0.0002529776900215257)	(2, 0.048353461222153574)	(3, 0.0)	(4, 0.0)	(5, 0.0)	(6, 0.0)	(7, 0.0)	(8, 0.0)	(9, 0.0)	(10, 2.5793803688469283e-05)	(15, 0.00017410817489716765)	(20, 9.127038228227593e-05)	(25, 0.00040476430403444107)	(30, 0.0012772893172655463)	(35, 8.531796604647533e-05)	(40, 6.448450922117321e-06)	(45, 0.0)	(50, 0.0)	(55, 9.92069372633434e-06)	(60, 4.5635191141137964e-05)	(65, 1.4385005903184792e-05)	(70, 0.0)	(75, 4.464312176850453e-06)	(80, 4.513915645482125e-05)	(85, 4.9603468631671696e-05)	(90, 2.7281907747419436e-05)	(95, 0.0)	(100, 0.0)	(105, 1.984138745266868e-06)	(110, 0.0)	(115, 0.0)	(120, 0.0)	(125, 0.0)	(130, 5.952416235800604e-06)	(135, 0.0)	(140, 0.0)	(145, 0.0)	(150, 0.0)	
/ | scratch | karcher | fastqc | 240813_MG011_PRISMA_NovaSeq_final_for_Q | H5YFCDSXC_240813_MG_PRISMA_24s001116-1-1_Gross_lane1MG270 | H5YFCDSXC_240813_MG_PRISMA_24s001116-1-1_Gross_lane1MG270_2	(1, 0.0018303679925086858)	(2, 0.00037202601473753776)	(3, 0.0)	(4, 0.0)	(5, 2.480173431583585e-06)	(6, 0.0)	(7, 0.0)	(8, 0.0)	(9, 0.0)	(10, 0.0)	(15, 0.0)	(20, 0.0)	(25, 4.96034686316717e-06)	(30, 0.0)	(35, 0.0)	(40, 0.0)	(45, 0.0)	(50, 0.0)	(55, 0.0)	(60, 1.0912763098967774e-05)	(65, 0.0)	(70, 0.0)	(75, 2.976208117900302e-06)	(80, 4.464312176850453e-06)	(85, 2.976208117900302e-06)	(90, 0.0)	(95, 0.0)	(100, 1.6369144648451662e-05)	(105, 1.488104058950151e-06)	(110, 2.480173431583585e-06)	(115, 1.488104058950151e-06)	(120, 0.0)	(125, 1.8849318080035247e-05)	(130, 1.5377075275818228e-05)	(135, 9.92069372633434e-07)	(140, 0.0)	(145, 0.0)	(150, 0.0)	
/ | scratch | karcher | fastqc | 240813_MG011_PRISMA_NovaSeq_final_for_Q | H5YFCDSXC_240813_MG_PRISMA_24s001116-1-1_Gross_lane1MG271 | H5YFCDSXC_240813_MG_PRISMA_24s001116-1-1_Gross_lane1MG271_1	(1, 0.0002881499694938934)	(2, 0.04837849037002802)	(3, 0.0)	(4, 0.0)	(5, 0.0)	(6, 0.0)	(7, 0.0)	(8, 0.0)	(9, 0.0)	(10, 2.7870242951048706e-05)	(15, 0.00018753366867061588)	(20, 8.927925284318992e-05)	(25, 0.00040435471128979133)	(30, 0.001275417897759856)	(35, 9.494777683323372e-05)	(40, 5.196146990873487e-06)	(45, 0.0)	(50, 0.0)	(55, 6.613277988384439e-06)	(60, 5.290622390707551e-05)	(65, 2.1729341961834583e-05)	(70, 0.0)	(75, 2.3618849958515854e-06)	(80, 6.140900989214122e-05)	(85, 7.558031986725073e-05)	(90, 3.448352093943314e-05)	(95, 0.0)	(100, 0.0)	(105, 1.889507996681268e-06)	(110, 0.0)	(115, 0.0)	(120, 0.0)	(125, 0.0)	(130, 6.613277988384439e-06)	(135, 0.0)	(140, 4.72376999170317e-07)	(145, 0.0)	(150, 0.0)	
/ | scratch | karcher | fastqc | 240813_MG011_PRISMA_NovaSeq_final_for_Q | H5YFCDSXC_240813_MG_PRISMA_24s001116-1-1_Gross_lane1MG271 | H5YFCDSXC_240813_MG_PRISMA_24s001116-1-1_Gross_lane1MG271_2	(1, 0.0018422702967642367)	(2, 0.0003495589793860346)	(3, 2.3618849958515854e-06)	(4, 0.0)	(5, 0.0)	(6, 0.0)	(7, 0.0)	(8, 0.0)	(9, 0.0)	(10, 0.0)	(15, 0.0)	(20, 0.0)	(25, 2.834261995021902e-06)	(30, 0.0)	(35, 0.0)	(40, 0.0)	(45, 0.0)	(50, 0.0)	(55, 0.0)	(60, 1.3698932975939194e-05)	(65, 0.0)	(70, 0.0)	(75, 9.44753998340634e-07)	(80, 9.44753998340634e-07)	(85, 9.44753998340634e-07)	(90, 0.0)	(95, 0.0)	(100, 1.9367456965982997e-05)	(105, 1.417130997510951e-06)	(110, 9.44753998340634e-07)	(115, 4.72376999170317e-07)	(120, 0.0)	(125, 2.5508357955197117e-05)	(130, 8.975162984236023e-06)	(135, 0.0)	(140, 0.0)	(145, 0.0)	(150, 0.0)	
/ | scratch | karcher | fastqc | 240813_MG011_PRISMA_NovaSeq_final_for_Q | H5YFCDSXC_240813_MG_PRISMA_24s001116-1-1_Gross_lane1MG272 | H5YFCDSXC_240813_MG_PRISMA_24s001116-1-1_Gross_lane1MG272_1	(1, 0.00022751557429424385)	(2, 0.04807024892213549)	(3, 0.0)	(4, 0.0)	(5, 0.0)	(6, 0.0)	(7, 0.0)	(8, 0.0)	(9, 0.0)	(10, 3.33689508964891e-05)	(15, 0.00019869693488363963)	(20, 9.783169694652486e-05)	(25, 0.0004345547469020057)	(30, 0.0013810195359660602)	(35, 9.555654120358242e-05)	(40, 6.067081981179836e-06)	(45, 0.0)	(50, 0.0)	(55, 9.859008219417233e-06)	(60, 5.384535258297105e-05)	(65, 1.289254921000715e-05)	(70, 0.0)	(75, 4.550311485884877e-06)	(80, 4.246957386825885e-05)	(85, 4.701988535414373e-05)	(90, 2.7301868915309264e-05)	(95, 0.0)	(100, 0.0)	(105, 2.2751557429424385e-06)	(110, 7.583852476474795e-07)	(115, 0.0)	(120, 0.0)	(125, 0.0)	(130, 5.308696733532356e-06)	(135, 0.0)	(140, 0.0)	(145, 0.0)	(150, 0.0)	
/ | scratch | karcher | fastqc | 240813_MG011_PRISMA_NovaSeq_final_for_Q | H5YFCDSXC_240813_MG_PRISMA_24s001116-1-1_Gross_lane1MG273 | H5YFCDSXC_240813_MG_PRISMA_24s001116-1-1_Gross_lane1MG273_1	(1, 0.0002585143592236529)	(2, 0.04837994569920408)	(3, 0.0)	(4, 0.0)	(5, 0.0)	(6, 0.0)	(7, 0.0)	(8, 0.0)	(9, 0.0)	(10, 3.4274937515046116e-05)	(15, 0.00019403100220382038)	(20, 0.00010631039941107525)	(25, 0.0004508025679945049)	(30, 0.00141340547413741)	(35, 0.0001045676059781068)	(40, 5.809311443228156e-06)	(45, 0.0)	(50, 0.0)	(55, 8.133036020519417e-06)	(60, 6.099777015389563e-05)	(65, 2.1494452339944176e-05)	(70, 0.0)	(75, 4.647449154582524e-06)	(80, 6.390242587550972e-05)	(85, 7.668291105061166e-05)	(90, 3.950331781395146e-05)	(95, 0.0)	(100, 0.0)	(105, 2.323724577291262e-06)	(110, 0.0)	(115, 0.0)	(120, 0.0)	(125, 0.0)	(130, 8.133036020519417e-06)	(135, 0.0)	(140, 5.809311443228155e-07)	(145, 0.0)	(150, 0.0)	
/ | scratch | karcher | fastqc | 240813_MG011_PRISMA_NovaSeq_final_for_Q | H5YFCDSXC_240813_MG_PRISMA_24s001116-1-1_Gross_lane1MG273 | H5YFCDSXC_240813_MG_PRISMA_24s001116-1-1_Gross_lane1MG273_2	(1, 0.001975165890697573)	(2, 0.00030789350649109223)	(3, 5.809311443228156e-06)	(4, 0.0)	(5, 2.904655721614078e-06)	(6, 0.0)	(7, 0.0)	(8, 0.0)	(9, 0.0)	(10, 0.0)	(15, 0.0)	(20, 0.0)	(25, 4.066518010259709e-06)	(30, 0.0)	(35, 0.0)	(40, 0.0)	(45, 0.0)	(50, 0.0)	(55, 0.0)	(60, 1.568514089671602e-05)	(65, 0.0)	(70, 0.0)	(75, 1.161862288645631e-06)	(80, 2.323724577291262e-06)	(85, 1.7427934329684468e-06)	(90, 0.0)	(95, 0.0)	(100, 2.1494452339944176e-05)	(105, 1.7427934329684468e-06)	(110, 1.7427934329684468e-06)	(115, 1.7427934329684468e-06)	(120, 0.0)	(125, 2.5560970350203884e-05)	(130, 8.133036020519417e-06)	(135, 0.0)	(140, 0.0)	(145, 0.0)	(150, 0.0)	
/ | scratch | karcher | fastqc | 240813_MG011_PRISMA_NovaSeq_final_for_Q | H5YFCDSXC_240813_MG_PRISMA_24s001116-1-1_Gross_lane1MG274 | H5YFCDSXC_240813_MG_PRISMA_24s001116-1-1_Gross_lane1MG274_1	(1, 0.0002162623866037304)	(2, 0.04853545847920863)	(3, 0.0)	(4, 0.0)	(5, 0.0)	(6, 0.0)	(7, 0.0)	(8, 0.0)	(9, 0.0)	(10, 2.9209465203620727e-05)	(15, 0.00020896002030282518)	(20, 9.493076191176736e-05)	(25, 0.00042241380448313046)	(30, 0.0013256603438566328)	(35, 8.762839561086218e-05)	(40, 5.055484362165126e-06)	(45, 0.0)	(50, 0.0)	(55, 9.549248239645238e-06)	(60, 5.561032798381639e-05)	(65, 2.0783657933345514e-05)	(70, 0.0)	(75, 4.493763877480112e-06)	(80, 5.9542371376611484e-05)	(85, 6.965334010094173e-05)	(90, 5.055484362165125e-05)	(95, 0.0)	(100, 0.0)	(105, 1.685161454055042e-06)	(110, 5.61720484685014e-07)	(115, 0.0)	(120, 0.0)	(125, 0.0)	(130, 1.0672689209015267e-05)	(135, 0.0)	(140, 5.61720484685014e-07)	(145, 0.0)	(150, 0.0)	
/ | scratch | karcher | fastqc | 240813_MG011_PRISMA_NovaSeq_final_for_Q | H5YFCDSXC_240813_MG_PRISMA_24s001116-1-1_Gross_lane1MG274 | H5YFCDSXC_240813_MG_PRISMA_24s001116-1-1_Gross_lane1MG274_2	(1, 0.0018368259849199959)	(2, 0.00030052045930648247)	(3, 2.80860242342507e-06)	(4, 0.0)	(5, 2.80860242342507e-06)	(6, 0.0)	(7, 0.0)	(8, 0.0)	(9, 0.0)	(10, 0.0)	(15, 0.0)	(20, 0.0)	(25, 2.246881938740056e-06)	(30, 0.0)	(35, 0.0)	(40, 0.0)	(45, 0.0)	(50, 0.0)	(55, 0.0)	(60, 1.7413335025235433e-05)	(65, 0.0)	(70, 0.0)	(75, 1.685161454055042e-06)	(80, 2.246881938740056e-06)	(85, 5.61720484685014e-07)	(90, 0.0)	(95, 0.0)	(100, 2.0221937448660503e-05)	(105, 1.123440969370028e-06)	(110, 5.61720484685014e-07)	(115, 5.61720484685014e-07)	(120, 0.0)	(125, 2.9209465203620727e-05)	(130, 1.0110968724330251e-05)	(135, 0.0)	(140, 0.0)	(145, 0.0)	(150, 0.0)	
/ | scratch | karcher | fastqc | 240813_MG011_PRISMA_NovaSeq_final_for_Q | H5YFCDSXC_240813_MG_PRISMA_24s001116-1-1_Gross_lane1MG275 | H5YFCDSXC_240813_MG_PRISMA_24s001116-1-1_Gross_lane1MG275_1	(1, 0.0002488646353799934)	(2, 0.04843494516535356)	(3, 0.0)	(4, 0.0)	(5, 0.0)	(6, 0.0)	(7, 0.0)	(8, 0.0)	(9, 0.0)	(10, 2.729483097716057e-05)	(15, 0.00018999343131160788)	(20, 0.00010275701073754566)	(25, 0.00045170269303379453)	(30, 0.001380262139021512)	(35, 0.00010061623968051346)	(40, 5.887120406838554e-06)	(45, 0.0)	(50, 0.0)	(55, 8.563084228128806e-06)	(60, 5.512485471857919e-05)	(65, 1.4450204634967361e-05)	(70, 0.0)	(75, 3.211156585548302e-06)	(80, 5.458966195432114e-05)	(85, 5.726562577561139e-05)	(90, 2.8365216505676672e-05)	(95, 0.0)	(100, 0.0)	(105, 2.1407710570322015e-06)	(110, 5.351927642580504e-07)	(115, 0.0)	(120, 0.0)	(125, 0.0)	(130, 5.887120406838554e-06)	(135, 0.0)	(140, 5.351927642580504e-07)	(145, 0.0)	(150, 0.0)	
/ | scratch | karcher | fastqc | 240813_MG011_PRISMA_NovaSeq_final_for_Q | H5YFCDSXC_240813_MG_PRISMA_24s001116-1-1_Gross_lane1MG275 | H5YFCDSXC_240813_MG_PRISMA_24s001116-1-1_Gross_lane1MG275_2	(1, 0.0017688120858728564)	(2, 0.00035322722441031326)	(3, 5.3519276425805035e-06)	(4, 0.0)	(5, 2.6759638212902518e-06)	(6, 0.0)	(7, 0.0)	(8, 0.0)	(9, 0.0)	(10, 0.0)	(15, 0.0)	(20, 0.0)	(25, 2.1407710570322015e-06)	(30, 0.0)	(35, 0.0)	(40, 0.0)	(45, 0.0)	(50, 0.0)	(55, 0.0)	(60, 1.0703855285161007e-05)	(65, 0.0)	(70, 0.0)	(75, 1.605578292774151e-06)	(80, 2.1407710570322015e-06)	(85, 5.351927642580504e-07)	(90, 0.0)	(95, 0.0)	(100, 1.766136122051566e-05)	(105, 1.0703855285161007e-06)	(110, 1.605578292774151e-06)	(115, 1.605578292774151e-06)	(120, 0.0)	(125, 1.980213227754786e-05)	(130, 1.2309433577935157e-05)	(135, 0.0)	(140, 0.0)	(145, 0.0)	(150, 0.0)	
/ | scratch | karcher | fastqc | 240813_MG011_PRISMA_NovaSeq_final_for_Q | H5YFCDSXC_240813_MG_PRISMA_24s001116-1-1_Gross_lane1MG276 | H5YFCDSXC_240813_MG_PRISMA_24s001116-1-1_Gross_lane1MG276_1	(1, 0.0002294242312137402)	(2, 0.048408512786099187)	(3, 0.0)	(4, 0.0)	(5, 0.0)	(6, 0.0)	(7, 0.0)	(8, 0.0)	(9, 0.0)	(10, 3.195551791905667e-05)	(15, 0.00016715193988429646)	(20, 8.275659768781343e-05)	(25, 0.00038838244855468883)	(30, 0.0012495426878605493)	(35, 8.849220346815693e-05)	(40, 6.554978034678293e-06)	(45, 0.0)	(50, 0.0)	(55, 7.374350289013079e-06)	(60, 5.5717313294765485e-05)	(65, 1.638744508669573e-05)	(70, 0.0)	(75, 3.2774890173391463e-06)	(80, 5.5717313294765485e-05)	(85, 5.8175430057769837e-05)	(90, 3.769112369940018e-05)	(95, 0.0)	(100, 0.0)	(105, 1.6387445086695732e-06)	(110, 8.193722543347866e-07)	(115, 0.0)	(120, 0.0)	(125, 0.0)	(130, 9.832467052017438e-06)	(135, 0.0)	(140, 0.0)	(145, 0.0)	(150, 0.0)	
/ | scratch | karcher | fastqc | 240813_MG011_PRISMA_NovaSeq_final_for_Q | H5YFCDSXC_240813_MG_PRISMA_24s001116-1-1_Gross_lane1MG276 | H5YFCDSXC_240813_MG_PRISMA_24s001116-1-1_Gross_lane1MG276_2	(1, 0.0017862315144498346)	(2, 0.00038920182080902355)	(3, 0.0)	(4, 0.0)	(5, 0.0)	(6, 0.0)	(7, 0.0)	(8, 0.0)	(9, 0.0)	(10, 0.0)	(15, 0.0)	(20, 0.0)	(25, 2.4581167630043594e-06)	(30, 0.0)	(35, 0.0)	(40, 0.0)	(45, 0.0)	(50, 8.193722543347866e-07)	(55, 0.0)	(60, 1.3929328323691371e-05)	(65, 0.0)	(70, 0.0)	(75, 8.193722543347866e-07)	(80, 2.4581167630043594e-06)	(85, 1.6387445086695732e-06)	(90, 0.0)	(95, 0.0)	(100, 1.638744508669573e-05)	(105, 1.6387445086695732e-06)	(110, 8.193722543347866e-07)	(115, 8.193722543347866e-07)	(120, 0.0)	(125, 2.2123050867039233e-05)	(130, 9.832467052017438e-06)	(135, 8.193722543347866e-07)	(140, 0.0)	(145, 0.0)	(150, 0.0)	
/ | scratch | karcher | fastqc | 240813_MG011_PRISMA_NovaSeq_final_for_Q | H5YFCDSXC_240813_MG_PRISMA_24s001116-1-1_Gross_lane1MG277 | H5YFCDSXC_240813_MG_PRISMA_24s001116-1-1_Gross_lane1MG277_1	(1, 0.00023981113771070323)	(2, 0.04881776997937884)	(3, 0.0)	(4, 0.0)	(5, 0.0)	(6, 0.0)	(7, 0.0)	(8, 0.0)	(9, 0.0)	(10, 3.370318692150424e-05)	(15, 0.00020675608899922793)	(20, 8.749865835390524e-05)	(25, 0.0004225861129388609)	(30, 0.0013066466314183183)	(35, 9.981328434445486e-05)	(40, 8.42579673037606e-06)	(45, 0.0)	(50, 0.0)	(55, 9.722073150433915e-06)	(60, 5.314733322237207e-05)	(65, 2.1388560930954615e-05)	(70, 0.0)	(75, 4.536967470202494e-06)	(80, 6.222126816277706e-05)	(85, 7.583217057338453e-05)	(90, 4.018456902179352e-05)	(95, 0.0)	(100, 0.0)	(105, 3.240691050144639e-06)	(110, 0.0)	(115, 0.0)	(120, 0.0)	(125, 0.0)	(130, 7.777658520347132e-06)	(135, 0.0)	(140, 6.481382100289278e-07)	(145, 0.0)	(150, 0.0)	
/ | scratch | karcher | fastqc | 240813_MG011_PRISMA_NovaSeq_final_for_Q | H5YFCDSXC_240813_MG_PRISMA_24s001116-1-1_Gross_lane1MG277 | H5YFCDSXC_240813_MG_PRISMA_24s001116-1-1_Gross_lane1MG277_2	(1, 0.0018763601180337458)	(2, 0.0003597167065660549)	(3, 3.240691050144639e-06)	(4, 0.0)	(5, 3.240691050144639e-06)	(6, 0.0)	(7, 0.0)	(8, 0.0)	(9, 0.0)	(10, 0.0)	(15, 0.0)	(20, 0.0)	(25, 4.536967470202494e-06)	(30, 0.0)	(35, 0.0)	(40, 0.0)	(45, 0.0)	(50, 0.0)	(55, 0.0)	(60, 1.7499731670781047e-05)	(65, 0.0)	(70, 0.0)	(75, 3.240691050144639e-06)	(80, 3.240691050144639e-06)	(85, 3.240691050144639e-06)	(90, 0.0)	(95, 0.0)	(100, 2.527739019112818e-05)	(105, 1.2962764200578555e-06)	(110, 2.592552840115711e-06)	(115, 1.2962764200578555e-06)	(120, 0.0)	(125, 2.722180482121496e-05)	(130, 1.944414630086783e-05)	(135, 0.0)	(140, 0.0)	(145, 0.0)	(150, 0.0)	
/ | scratch | karcher | fastqc | 240813_MG011_PRISMA_NovaSeq_final_for_Q | H5YFCDSXC_240813_MG_PRISMA_24s001116-1-1_Gross_lane1MG278 | H5YFCDSXC_240813_MG_PRISMA_24s001116-1-1_Gross_lane1MG278_1	(1, 0.00022269698322173768)	(2, 0.048740765340006424)	(3, 0.0)	(4, 0.0)	(5, 0.0)	(6, 0.0)	(7, 0.0)	(8, 0.0)	(9, 0.0)	(10, 2.715816868557777e-05)	(15, 0.00017544176970883237)	(20, 9.668308052065686e-05)	(25, 0.0004051998767888203)	(30, 0.0013361818993304262)	(35, 9.12514467835413e-05)	(40, 4.888470363403998e-06)	(45, 0.0)	(50, 0.0)	(55, 4.345306989692443e-06)	(60, 4.997103038146309e-05)	(65, 1.6838064585058215e-05)	(70, 0.0)	(75, 1.629490121134666e-06)	(80, 5.051419375517465e-05)	(85, 6.300695135054042e-05)	(90, 2.715816868557777e-05)	(95, 0.0)	(100, 0.0)	(105, 1.0863267474231108e-06)	(110, 0.0)	(115, 0.0)	(120, 0.0)	(125, 0.0)	(130, 6.517960484538664e-06)	(135, 0.0)	(140, 5.431633737115554e-07)	(145, 0.0)	(150, 0.0)	
/ | scratch | karcher | fastqc | 240813_MG011_PRISMA_NovaSeq_final_for_Q | H5YFCDSXC_240813_MG_PRISMA_24s001116-1-1_Gross_lane1MG278 | H5YFCDSXC_240813_MG_PRISMA_24s001116-1-1_Gross_lane1MG278_2	(1, 0.0018358922031450572)	(2, 0.0003449087423068377)	(3, 0.0)	(4, 0.0)	(5, 0.0)	(6, 0.0)	(7, 0.0)	(8, 0.0)	(9, 0.0)	(10, 0.0)	(15, 0.0)	(20, 0.0)	(25, 1.0863267474231108e-06)	(30, 0.0)	(35, 0.0)	(40, 0.0)	(45, 0.0)	(50, 0.0)	(55, 0.0)	(60, 1.1949594221654218e-05)	(65, 0.0)	(70, 0.0)	(75, 1.629490121134666e-06)	(80, 1.0863267474231108e-06)	(85, 1.0863267474231108e-06)	(90, 0.0)	(95, 0.0)	(100, 1.5751737837635105e-05)	(105, 1.0863267474231108e-06)	(110, 1.0863267474231108e-06)	(115, 5.431633737115554e-07)	(120, 0.0)	(125, 1.8467554706192883e-05)	(130, 1.0320104100519552e-05)	(135, 0.0)	(140, 0.0)	(145, 0.0)	(150, 0.0)	
/ | scratch | karcher | fastqc | 240813_MG011_PRISMA_NovaSeq_final_for_Q | H5YFCDSXC_240813_MG_PRISMA_24s001116-1-1_Gross_lane1MG279 | H5YFCDSXC_240813_MG_PRISMA_24s001116-1-1_Gross_lane1MG279_1	(1, 0.00022150933135747008)	(2, 0.04900893956284026)	(3, 0.0)	(4, 0.0)	(5, 0.0)	(6, 0.0)	(7, 0.0)	(8, 0.0)	(9, 0.0)	(10, 3.322639970362051e-05)	(15, 0.0001898651411635458)	(20, 9.545997375167163e-05)	(25, 0.00041190187569091464)	(30, 0.0012910829599121114)	(35, 9.651478009146913e-05)	(40, 7.911047548481075e-06)	(45, 0.0)	(50, 0.0)	(55, 1.7404304606658366e-05)	(60, 5.432252649957005e-05)	(65, 2.267833630564575e-05)	(70, 0.0)	(75, 7.383644378582336e-06)	(80, 6.381578355774734e-05)	(85, 7.541865329551959e-05)	(90, 4.6411478951088974e-05)	(95, 0.0)	(100, 0.0)	(105, 5.801434868886122e-06)	(110, 5.274031698987384e-07)	(115, 0.0)	(120, 0.0)	(125, 0.0)	(130, 8.438450718379814e-06)	(135, 0.0)	(140, 0.0)	(145, 0.0)	(150, 0.0)	
/ | scratch | karcher | fastqc | 240813_MG011_PRISMA_NovaSeq_final_for_Q | H5YFCDSXC_240813_MG_PRISMA_24s001116-1-1_Gross_lane1MG279 | H5YFCDSXC_240813_MG_PRISMA_24s001116-1-1_Gross_lane1MG279_2	(1, 0.0018511851263445715)	(2, 0.0003401750445846862)	(3, 0.0)	(4, 0.0)	(5, 0.0)	(6, 0.0)	(7, 0.0)	(8, 0.0)	(9, 0.0)	(10, 0.0)	(15, 0.0)	(20, 0.0)	(25, 3.691822189291168e-06)	(30, 5.274031698987384e-07)	(35, 0.0)	(40, 0.0)	(45, 0.0)	(50, 5.274031698987384e-07)	(55, 0.0)	(60, 1.4767288757164671e-05)	(65, 0.0)	(70, 0.0)	(75, 3.691822189291168e-06)	(80, 3.1644190193924297e-06)	(85, 3.1644190193924297e-06)	(90, 0.0)	(95, 0.0)	(100, 2.1096126795949533e-05)	(105, 2.1096126795949534e-06)	(110, 4.219225359189907e-06)	(115, 1.5822095096962149e-06)	(120, 0.0)	(125, 2.9007174344430608e-05)	(130, 2.1096126795949533e-05)	(135, 1.0548063397974767e-06)	(140, 0.0)	(145, 0.0)	(150, 0.0)	
/ | scratch | karcher | fastqc | 240813_MG011_PRISMA_NovaSeq_final_for_Q | H5YFCDSXC_240813_MG_PRISMA_24s001116-1-1_Gross_lane1MG280 | H5YFCDSXC_240813_MG_PRISMA_24s001116-1-1_Gross_lane1MG280_1	(1, 0.00018344543815091192)	(2, 0.048425227923313344)	(3, 0.0)	(4, 0.0)	(5, 0.0)	(6, 0.0)	(7, 0.0)	(8, 0.0)	(9, 0.0)	(10, 2.2712292342493856e-05)	(15, 0.00017907768962350924)	(20, 7.94930231987285e-05)	(25, 0.0004105683615758504)	(30, 0.0013295426517413711)	(35, 7.774592378776743e-05)	(40, 7.861947349324797e-06)	(45, 0.0)	(50, 0.0)	(55, 1.7470994109610657e-05)	(60, 5.678073085623464e-05)	(65, 2.5332941458935456e-05)	(70, 0.0)	(75, 6.988397643844264e-06)	(80, 6.901042673296211e-05)	(85, 8.560787113709223e-05)	(90, 4.542458468498771e-05)	(95, 0.0)	(100, 0.0)	(105, 7.861947349324797e-06)	(110, 0.0)	(115, 0.0)	(120, 0.0)	(125, 0.0)	(130, 7.861947349324797e-06)	(135, 0.0)	(140, 0.0)	(145, 0.0)	(150, 0.0)	
/ | scratch | karcher | fastqc | 240813_MG011_PRISMA_NovaSeq_final_for_Q | H5YFCDSXC_240813_MG_PRISMA_24s001116-1-1_Gross_lane1MG280 | H5YFCDSXC_240813_MG_PRISMA_24s001116-1-1_Gross_lane1MG280_2	(1, 0.0018912351123653538)	(2, 0.00037125862482922646)	(3, 4.367748527402664e-06)	(4, 0.0)	(5, 4.367748527402664e-06)	(6, 0.0)	(7, 0.0)	(8, 0.0)	(9, 0.0)	(10, 0.0)	(15, 0.0)	(20, 0.0)	(25, 6.114847938363731e-06)	(30, 0.0)	(35, 0.0)	(40, 0.0)	(45, 0.0)	(50, 0.0)	(55, 0.0)	(60, 2.0091643226052257e-05)	(65, 0.0)	(70, 0.0)	(75, 4.367748527402664e-06)	(80, 3.494198821922132e-06)	(85, 4.367748527402664e-06)	(90, 0.0)	(95, 0.0)	(100, 2.4459391753454923e-05)	(105, 2.6206491164415987e-06)	(110, 4.367748527402664e-06)	(115, 2.6206491164415987e-06)	(120, 0.0)	(125, 3.406843851374078e-05)	(130, 1.834454381509119e-05)	(135, 0.0)	(140, 0.0)	(145, 0.0)	(150, 0.0)	
/ | scratch | karcher | fastqc | 240813_MG011_PRISMA_NovaSeq_final_for_Q | H5YFCDSXC_240813_MG_PRISMA_24s001116-1-1_Gross_lane1MG281 | H5YFCDSXC_240813_MG_PRISMA_24s001116-1-1_Gross_lane1MG281_1	(1, 0.00023503273626931175)	(2, 0.04842811622323318)	(3, 0.0)	(4, 0.0)	(5, 0.0)	(6, 0.0)	(7, 0.0)	(8, 0.0)	(9, 0.0)	(10, 2.5777783977924514e-05)	(15, 0.0001993987407704161)	(20, 9.70457749757158e-05)	(25, 0.00037074518721191433)	(30, 0.00125325520339733)	(35, 9.325492439072691e-05)	(40, 5.307190818984458e-06)	(45, 0.0)	(50, 0.0)	(55, 4.549020701986679e-06)	(60, 5.23137380728468e-05)	(65, 1.4405232222957815e-05)	(70, 0.0)	(75, 7.581701169977797e-07)	(80, 5.383007830684236e-05)	(85, 6.74771404128024e-05)	(90, 3.5633995498895654e-05)	(95, 0.0)	(100, 0.0)	(105, 0.0)	(110, 0.0)	(115, 0.0)	(120, 0.0)	(125, 0.0)	(130, 8.339871286975578e-06)	(135, 0.0)	(140, 0.0)	(145, 0.0)	(150, 0.0)	
/ | scratch | karcher | fastqc | 240813_MG011_PRISMA_NovaSeq_final_for_Q | H5YFCDSXC_240813_MG_PRISMA_24s001116-1-1_Gross_lane1MG281 | H5YFCDSXC_240813_MG_PRISMA_24s001116-1-1_Gross_lane1MG281_2	(1, 0.0018878435913244718)	(2, 0.0003866667596688677)	(3, 0.0)	(4, 0.0)	(5, 0.0)	(6, 0.0)	(7, 0.0)	(8, 0.0)	(9, 0.0)	(10, 0.0)	(15, 0.0)	(20, 0.0)	(25, 7.581701169977797e-07)	(30, 0.0)	(35, 0.0)	(40, 0.0)	(45, 0.0)	(50, 0.0)	(55, 0.0)	(60, 1.2130721871964476e-05)	(65, 0.0)	(70, 0.0)	(75, 7.581701169977797e-07)	(80, 0.0)	(85, 0.0)	(90, 0.0)	(95, 0.0)	(100, 1.6679742573951155e-05)	(105, 7.581701169977797e-07)	(110, 0.0)	(115, 0.0)	(120, 0.0)	(125, 1.7437912690948937e-05)	(130, 1.0614381637968916e-05)	(135, 0.0)	(140, 0.0)	(145, 0.0)	(150, 0.0)	
/ | scratch | karcher | fastqc | 240813_MG011_PRISMA_NovaSeq_final_for_Q | H5YFCDSXC_240813_MG_PRISMA_24s001116-1-1_Gross_lane1MG282 | H5YFCDSXC_240813_MG_PRISMA_24s001116-1-1_Gross_lane1MG282_1	(1, 0.0002137165231506627)	(2, 0.048763301914987046)	(3, 0.0)	(4, 0.0)	(5, 0.0)	(6, 0.0)	(7, 0.0)	(8, 0.0)	(9, 0.0)	(10, 3.177378397284189e-05)	(15, 0.00018118622051180075)	(20, 8.813442459133524e-05)	(25, 0.0004153287476450047)	(30, 0.0012875947695661165)	(35, 8.964746192337533e-05)	(40, 5.295630662140315e-06)	(45, 0.0)	(50, 0.0)	(55, 7.56518666020045e-06)	(60, 5.522586261946329e-05)	(65, 1.9291225983511145e-05)	(70, 0.0)	(75, 3.02607466408018e-06)	(80, 5.9386715282573525e-05)	(85, 6.657364260976396e-05)	(90, 3.139552463983187e-05)	(95, 0.0)	(100, 0.0)	(105, 1.51303733204009e-06)	(110, 0.0)	(115, 0.0)	(120, 0.0)	(125, 0.0)	(130, 4.5391119961202696e-06)	(135, 0.0)	(140, 0.0)	(145, 0.0)	(150, 0.0)	
/ | scratch | karcher | fastqc | 240813_MG011_PRISMA_NovaSeq_final_for_Q | H5YFCDSXC_240813_MG_PRISMA_24s001116-1-1_Gross_lane1MG282 | H5YFCDSXC_240813_MG_PRISMA_24s001116-1-1_Gross_lane1MG282_2	(1, 0.0018137535017830578)	(2, 0.0003101726530682184)	(3, 0.0)	(4, 0.0)	(5, 0.0)	(6, 0.0)	(7, 0.0)	(8, 0.0)	(9, 0.0)	(10, 0.0)	(15, 0.0)	(20, 0.0)	(25, 1.8912966650501125e-06)	(30, 0.0)	(35, 0.0)	(40, 0.0)	(45, 0.0)	(50, 0.0)	(55, 0.0)	(60, 1.210429865632072e-05)	(65, 0.0)	(70, 0.0)	(75, 1.8912966650501125e-06)	(80, 2.2695559980601348e-06)	(85, 1.51303733204009e-06)	(90, 0.0)	(95, 0.0)	(100, 2.004774464953119e-05)	(105, 7.56518666020045e-07)	(110, 1.51303733204009e-06)	(115, 3.782593330100225e-07)	(120, 0.0)	(125, 2.2695559980601347e-05)	(130, 1.0213001991270606e-05)	(135, 0.0)	(140, 0.0)	(145, 0.0)	(150, 0.0)	
/ | scratch | karcher | fastqc | 240813_MG011_PRISMA_NovaSeq_final_for_Q | H5YFCDSXC_240813_MG_PRISMA_24s001116-1-1_Gross_lane1MG283 | H5YFCDSXC_240813_MG_PRISMA_24s001116-1-1_Gross_lane1MG283_1	(1, 0.000245255460131068)	(2, 0.0479532818713412)	(3, 0.0)	(4, 0.0)	(5, 0.0)	(6, 0.0)	(7, 0.0)	(8, 0.0)	(9, 0.0)	(10, 3.231143363631531e-05)	(15, 0.0001837469479077208)	(20, 9.927006719590848e-05)	(25, 0.0004068126283126446)	(30, 0.001272992626394591)	(35, 8.953770766689785e-05)	(40, 7.007298860887658e-06)	(45, 0.0)	(50, 0.0)	(55, 8.175182004368933e-06)	(60, 5.3722624600138705e-05)	(65, 1.596106962757744e-05)	(70, 0.0)	(75, 5.06082695508553e-06)	(80, 4.944038640737403e-05)	(85, 5.566909650594084e-05)	(90, 3.3479316779796583e-05)	(95, 0.0)	(100, 0.0)	(105, 1.5571775246417019e-06)	(110, 3.8929438116042547e-07)	(115, 0.0)	(120, 0.0)	(125, 0.0)	(130, 7.007298860887658e-06)	(135, 0.0)	(140, 0.0)	(145, 0.0)	(150, 0.0)	
/ | scratch | karcher | fastqc | 240813_MG011_PRISMA_NovaSeq_final_for_Q | H5YFCDSXC_240813_MG_PRISMA_24s001116-1-1_Gross_lane1MG283 | H5YFCDSXC_240813_MG_PRISMA_24s001116-1-1_Gross_lane1MG283_2	(1, 0.0018141118162075824)	(2, 0.00033479316779796585)	(3, 0.0)	(4, 0.0)	(5, 1.9464719058021275e-06)	(6, 0.0)	(7, 0.0)	(8, 0.0)	(9, 0.0)	(10, 0.0)	(15, 0.0)	(20, 0.0)	(25, 3.503649430443829e-06)	(30, 0.0)	(35, 0.0)	(40, 0.0)	(45, 0.0)	(50, 0.0)	(55, 0.0)	(60, 1.284671457829404e-05)	(65, 0.0)	(70, 0.0)	(75, 2.7250606681229778e-06)	(80, 2.3357662869625526e-06)	(85, 3.8929438116042547e-07)	(90, 0.0)	(95, 0.0)	(100, 1.6350364008737867e-05)	(105, 1.1678831434812763e-06)	(110, 1.5571775246417019e-06)	(115, 2.3357662869625526e-06)	(120, 0.0)	(125, 2.0632602201502547e-05)	(130, 1.5182480865256593e-05)	(135, 0.0)	(140, 0.0)	(145, 0.0)	(150, 0.0)	
/ | scratch | karcher | fastqc | 240813_MG011_PRISMA_NovaSeq_final_for_Q | H5YFCDSXC_240813_MG_PRISMA_24s001116-1-1_Gross_lane1MG284 | H5YFCDSXC_240813_MG_PRISMA_24s001116-1-1_Gross_lane1MG284_1	(1, 0.00022751861173343546)	(2, 0.048038929734573944)	(3, 0.0)	(4, 0.0)	(5, 0.0)	(6, 0.0)	(7, 0.0)	(8, 0.0)	(9, 0.0)	(10, 2.5189560584773214e-05)	(15, 0.00018201488938674837)	(20, 9.019487822289763e-05)	(25, 0.00039084447229922306)	(30, 0.0012432266998291296)	(35, 6.90681499905072e-05)	(40, 4.062832352382776e-06)	(45, 0.0)	(50, 0.0)	(55, 3.2502658819062205e-06)	(60, 5.119168764002298e-05)	(65, 1.9501595291437325e-05)	(70, 0.0)	(75, 8.125664704765551e-07)	(80, 5.362938705145264e-05)	(85, 6.825558352003064e-05)	(90, 3.08775258781091e-05)	(95, 0.0)	(100, 0.0)	(105, 8.125664704765551e-07)	(110, 0.0)	(115, 0.0)	(120, 0.0)	(125, 0.0)	(130, 6.500531763812441e-06)	(135, 0.0)	(140, 8.125664704765551e-07)	(145, 0.0)	(150, 0.0)	
/ | scratch | karcher | fastqc | 240813_MG011_PRISMA_NovaSeq_final_for_Q | H5YFCDSXC_240813_MG_PRISMA_24s001116-1-1_Gross_lane1MG284 | H5YFCDSXC_240813_MG_PRISMA_24s001116-1-1_Gross_lane1MG284_2	(1, 0.0016048187791911964)	(2, 0.00036565491171444985)	(3, 4.062832352382776e-06)	(4, 0.0)	(5, 4.062832352382776e-06)	(6, 0.0)	(7, 0.0)	(8, 0.0)	(9, 0.0)	(10, 0.0)	(15, 0.0)	(20, 0.0)	(25, 2.4376994114296656e-06)	(30, 0.0)	(35, 0.0)	(40, 0.0)	(45, 0.0)	(50, 0.0)	(55, 0.0)	(60, 1.543876293905455e-05)	(65, 0.0)	(70, 0.0)	(75, 8.125664704765551e-07)	(80, 8.125664704765551e-07)	(85, 8.125664704765551e-07)	(90, 0.0)	(95, 0.0)	(100, 2.031416176191388e-05)	(105, 8.125664704765551e-07)	(110, 8.125664704765551e-07)	(115, 8.125664704765551e-07)	(120, 0.0)	(125, 2.031416176191388e-05)	(130, 8.125664704765552e-06)	(135, 0.0)	(140, 0.0)	(145, 0.0)	(150, 0.0)	
/ | scratch | karcher | fastqc | 240813_MG011_PRISMA_NovaSeq_final_for_Q | H5YFCDSXC_240813_MG_PRISMA_24s001116-1-1_Gross_lane1MG285 | H5YFCDSXC_240813_MG_PRISMA_24s001116-1-1_Gross_lane1MG285_1	(1, 0.00020862028463049492)	(2, 0.04799447416037027)	(3, 0.0)	(4, 0.0)	(5, 0.0)	(6, 0.0)	(7, 0.0)	(8, 0.0)	(9, 0.0)	(10, 3.463883971223312e-05)	(15, 0.0002070457919163025)	(20, 9.289507013735245e-05)	(25, 0.00038023999047746805)	(30, 0.001243061997854911)	(35, 8.580985292348658e-05)	(40, 6.297970856769656e-06)	(45, 0.0)	(50, 0.0)	(55, 7.085217213865865e-06)	(60, 4.40857959973876e-05)	(65, 1.2595941713539313e-05)	(70, 0.0)	(75, 3.936231785481036e-06)	(80, 3.857507149771415e-05)	(85, 4.723478142577243e-05)	(90, 2.0468405284501388e-05)	(95, 0.0)	(100, 0.0)	(105, 1.574492714192414e-06)	(110, 0.0)	(115, 0.0)	(120, 0.0)	(125, 0.0)	(130, 4.723478142577243e-06)	(135, 0.0)	(140, 0.0)	(145, 0.0)	(150, 0.0)	
/ | scratch | karcher | fastqc | 240813_MG011_PRISMA_NovaSeq_final_for_Q | H5YFCDSXC_240813_MG_PRISMA_24s001116-1-1_Gross_lane1MG285 | H5YFCDSXC_240813_MG_PRISMA_24s001116-1-1_Gross_lane1MG285_2	(1, 0.0018382202438196435)	(2, 0.0003621333242642553)	(3, 0.0)	(4, 0.0)	(5, 0.0)	(6, 0.0)	(7, 0.0)	(8, 0.0)	(9, 0.0)	(10, 0.0)	(15, 0.0)	(20, 0.0)	(25, 1.574492714192414e-06)	(30, 0.0)	(35, 0.0)	(40, 0.0)	(45, 0.0)	(50, 0.0)	(55, 0.0)	(60, 1.0234202642250694e-05)	(65, 0.0)	(70, 0.0)	(75, 1.574492714192414e-06)	(80, 1.574492714192414e-06)	(85, 2.3617390712886215e-06)	(90, 0.0)	(95, 0.0)	(100, 1.653217349902035e-05)	(105, 7.87246357096207e-07)	(110, 7.87246357096207e-07)	(115, 1.574492714192414e-06)	(120, 0.0)	(125, 1.8106666213212763e-05)	(130, 1.1808695356443108e-05)	(135, 0.0)	(140, 0.0)	(145, 0.0)	(150, 0.0)	
/ | scratch | karcher | fastqc | 240813_MG011_PRISMA_NovaSeq_final_for_Q | H5YFCDSXC_240813_MG_PRISMA_24s001116-1-1_Gross_lane1MG286 | H5YFCDSXC_240813_MG_PRISMA_24s001116-1-1_Gross_lane1MG286_1	(1, 0.0001913440168826953)	(2, 0.048826490896301894)	(3, 0.0)	(4, 0.0)	(5, 0.0)	(6, 0.0)	(7, 0.0)	(8, 0.0)	(9, 0.0)	(10, 3.001474774630515e-05)	(15, 0.000177837380396858)	(20, 0.00011330567274230193)	(25, 0.0004164546249799839)	(30, 0.001323650375612057)	(35, 8.929387454525781e-05)	(40, 3.7518434682881436e-06)	(45, 0.0)	(50, 0.0)	(55, 6.00294954926103e-06)	(60, 4.7273227700430606e-05)	(65, 1.650811126046783e-05)	(70, 0.0)	(75, 1.5007373873152575e-06)	(80, 5.402654594334926e-05)	(85, 5.5527283330664525e-05)	(90, 2.8514010358989892e-05)	(95, 0.0)	(100, 0.0)	(105, 7.503686936576287e-07)	(110, 0.0)	(115, 0.0)	(120, 0.0)	(125, 0.0)	(130, 5.252580855603401e-06)	(135, 0.0)	(140, 0.0)	(145, 0.0)	(150, 0.0)	
/ | scratch | karcher | fastqc | 240813_MG011_PRISMA_NovaSeq_final_for_Q | H5YFCDSXC_240813_MG_PRISMA_24s001116-1-1_Gross_lane1MG286 | H5YFCDSXC_240813_MG_PRISMA_24s001116-1-1_Gross_lane1MG286_2	(1, 0.0017746219605002916)	(2, 0.0003714325033605262)	(3, 3.7518434682881436e-06)	(4, 0.0)	(5, 3.7518434682881436e-06)	(6, 0.0)	(7, 0.0)	(8, 0.0)	(9, 0.0)	(10, 0.0)	(15, 0.0)	(20, 0.0)	(25, 2.251106080972886e-06)	(30, 0.0)	(35, 0.0)	(40, 0.0)	(45, 0.0)	(50, 0.0)	(55, 0.0)	(60, 1.3506636485837315e-05)	(65, 0.0)	(70, 0.0)	(75, 1.5007373873152575e-06)	(80, 2.251106080972886e-06)	(85, 1.5007373873152575e-06)	(90, 0.0)	(95, 0.0)	(100, 1.8008848647783087e-05)	(105, 7.503686936576287e-07)	(110, 7.503686936576287e-07)	(115, 7.503686936576287e-07)	(120, 0.0)	(125, 1.9509586035098347e-05)	(130, 1.0505161711206802e-05)	(135, 1.5007373873152575e-06)	(140, 0.0)	(145, 0.0)	(150, 0.0)	
/ | scratch | karcher | fastqc | 240813_MG011_PRISMA_NovaSeq_final_for_Q | H5YFCDSXC_240813_MG_PRISMA_24s001116-1-1_Gross_lane1MG287 | H5YFCDSXC_240813_MG_PRISMA_24s001116-1-1_Gross_lane1MG287_1	(1, 0.0002198821569065329)	(2, 0.048179714398600214)	(3, 0.0)	(4, 0.0)	(5, 0.0)	(6, 0.0)	(7, 0.0)	(8, 0.0)	(9, 0.0)	(10, 2.591468277826995e-05)	(15, 0.0001806174860303663)	(20, 9.580579693784648e-05)	(25, 0.0003847937745864326)	(30, 0.0012988753125835906)	(35, 9.894697060793982e-05)	(40, 5.889700631424989e-06)	(45, 0.0)	(50, 0.0)	(55, 7.067640757709987e-06)	(60, 4.672495834263825e-05)	(65, 1.806174860303663e-05)	(70, 0.0)	(75, 3.926467087616659e-06)	(80, 4.868819188644657e-05)	(85, 6.0074946440534886e-05)	(90, 3.298232353597994e-05)	(95, 0.0)	(100, 0.0)	(105, 2.748526961331661e-06)	(110, 0.0)	(115, 0.0)	(120, 0.0)	(125, 0.0)	(130, 7.067640757709987e-06)	(135, 0.0)	(140, 7.852934175233318e-07)	(145, 0.0)	(150, 0.0)	
/ | scratch | karcher | fastqc | 240813_MG011_PRISMA_NovaSeq_final_for_Q | H5YFCDSXC_240813_MG_PRISMA_24s001116-1-1_Gross_lane1MG287 | H5YFCDSXC_240813_MG_PRISMA_24s001116-1-1_Gross_lane1MG287_2	(1, 0.00171586611728848)	(2, 0.000327860001815991)	(3, 3.926467087616659e-06)	(4, 0.0)	(5, 3.926467087616659e-06)	(6, 0.0)	(7, 0.0)	(8, 0.0)	(9, 0.0)	(10, 0.0)	(15, 0.0)	(20, 0.0)	(25, 1.9632335438083294e-06)	(30, 0.0)	(35, 0.0)	(40, 0.0)	(45, 0.0)	(50, 0.0)	(55, 0.0)	(60, 1.1779401262849977e-05)	(65, 0.0)	(70, 0.0)	(75, 1.9632335438083294e-06)	(80, 1.5705868350466635e-06)	(85, 1.1779401262849976e-06)	(90, 0.0)	(95, 0.0)	(100, 1.4527928224181639e-05)	(105, 1.5705868350466635e-06)	(110, 1.9632335438083294e-06)	(115, 7.852934175233318e-07)	(120, 0.0)	(125, 2.2380862399414958e-05)	(130, 9.423521010279981e-06)	(135, 0.0)	(140, 0.0)	(145, 0.0)	(150, 0.0)	
/ | scratch | karcher | fastqc | 240813_MG011_PRISMA_NovaSeq_final_for_Q | H5YFCDSXC_240813_MG_PRISMA_24s001116-1-1_Gross_lane1MG288 | H5YFCDSXC_240813_MG_PRISMA_24s001116-1-1_Gross_lane1MG288_1	(1, 0.00020943878853221107)	(2, 0.047844338844697305)	(3, 0.0)	(4, 0.0)	(5, 0.0)	(6, 0.0)	(7, 0.0)	(8, 0.0)	(9, 0.0)	(10, 2.555863182088e-05)	(15, 0.00019807939661181998)	(20, 8.093566743278666e-05)	(25, 0.0003997086031987622)	(30, 0.0012885810209693664)	(35, 8.803528738303109e-05)	(40, 7.809581945268888e-06)	(45, 0.0)	(50, 0.0)	(55, 1.4199239900488888e-05)	(60, 5.8216883592004434e-05)	(65, 2.4848669825855555e-05)	(70, 0.0)	(75, 7.809581945268888e-06)	(80, 6.957627551239554e-05)	(85, 8.945521137308e-05)	(90, 5.466707361688222e-05)	(95, 0.0)	(100, 0.0)	(105, 1.4199239900488888e-06)	(110, 0.0)	(115, 0.0)	(120, 0.0)	(125, 0.0)	(130, 1.2069353915415553e-05)	(135, 0.0)	(140, 0.0)	(145, 0.0)	(150, 0.0)	
/ | scratch | karcher | fastqc | 240813_MG011_PRISMA_NovaSeq_final_for_Q | H5YFCDSXC_240813_MG_PRISMA_24s001116-1-1_Gross_lane1MG288 | H5YFCDSXC_240813_MG_PRISMA_24s001116-1-1_Gross_lane1MG288_2	(1, 0.0016222631586308553)	(2, 0.00031948289776099993)	(3, 0.0)	(4, 0.0)	(5, 0.0)	(6, 0.0)	(7, 0.0)	(8, 0.0)	(9, 0.0)	(10, 0.0)	(15, 0.0)	(20, 0.0)	(25, 3.549809975122222e-06)	(30, 0.0)	(35, 0.0)	(40, 0.0)	(45, 0.0)	(50, 0.0)	(55, 0.0)	(60, 1.9168973865659996e-05)	(65, 0.0)	(70, 0.0)	(75, 1.4199239900488888e-06)	(80, 1.4199239900488888e-06)	(85, 1.4199239900488888e-06)	(90, 0.0)	(95, 0.0)	(100, 2.555863182088e-05)	(105, 2.1298859850733327e-06)	(110, 7.099619950244444e-07)	(115, 0.0)	(120, 0.0)	(125, 3.265825177112444e-05)	(130, 1.4909201895513331e-05)	(135, 0.0)	(140, 0.0)	(145, 0.0)	(150, 0.0)	
/ | scratch | karcher | fastqc | 240813_MG011_PRISMA_NovaSeq_final_for_Q | H5YFCDSXC_240813_MG_PRISMA_24s001116-1-1_Gross_lane1MG289 | H5YFCDSXC_240813_MG_PRISMA_24s001116-1-1_Gross_lane1MG289_1	(1, 0.0002621444071059165)	(2, 0.048317689865839286)	(3, 0.0)	(4, 0.0)	(5, 0.0)	(6, 0.0)	(7, 0.0)	(8, 0.0)	(9, 0.0)	(10, 2.5575064107894288e-05)	(15, 0.00017902544875526003)	(20, 9.143085418572208e-05)	(25, 0.00040408601290472975)	(30, 0.0013567571509237922)	(35, 8.887334777493266e-05)	(40, 5.754389424276215e-06)	(45, 0.0)	(50, 0.0)	(55, 7.03314262967093e-06)	(60, 5.562576443467008e-05)	(65, 1.7902544875526004e-05)	(70, 0.0)	(75, 3.836259616184143e-06)	(80, 5.562576443467008e-05)	(85, 6.201953046164365e-05)	(90, 3.580508975105201e-05)	(95, 0.0)	(100, 0.0)	(105, 6.393766026973573e-07)	(110, 0.0)	(115, 0.0)	(120, 0.0)	(125, 0.0)	(130, 6.393766026973572e-06)	(135, 0.0)	(140, 0.0)	(145, 0.0)	(150, 0.0)	
/ | scratch | karcher | fastqc | 240813_MG011_PRISMA_NovaSeq_final_for_Q | H5YFCDSXC_240813_MG_PRISMA_24s001116-1-1_Gross_lane1MG289 | H5YFCDSXC_240813_MG_PRISMA_24s001116-1-1_Gross_lane1MG289_2	(1, 0.00178066383851214)	(2, 0.0003260820673756522)	(3, 0.0)	(4, 0.0)	(5, 0.0)	(6, 0.0)	(7, 0.0)	(8, 0.0)	(9, 0.0)	(10, 0.0)	(15, 0.0)	(20, 0.0)	(25, 1.9181298080920717e-06)	(30, 0.0)	(35, 0.0)	(40, 0.0)	(45, 0.0)	(50, 0.0)	(55, 0.0)	(60, 1.406628525934186e-05)	(65, 0.0)	(70, 0.0)	(75, 6.393766026973573e-07)	(80, 0.0)	(85, 6.393766026973573e-07)	(90, 0.0)	(95, 0.0)	(100, 2.301755769710486e-05)	(105, 0.0)	(110, 1.2787532053947145e-06)	(115, 0.0)	(120, 0.0)	(125, 2.4296310902499572e-05)	(130, 1.2148155451249786e-05)	(135, 0.0)	(140, 0.0)	(145, 0.0)	(150, 0.0)	
/ | scratch | karcher | fastqc | 240813_MG011_PRISMA_NovaSeq_final_for_Q | H5YFCDSXC_240813_MG_PRISMA_24s001116-1-1_Gross_lane1MG290 | H5YFCDSXC_240813_MG_PRISMA_24s001116-1-1_Gross_lane1MG290_1	(1, 0.0002646734891757426)	(2, 0.04817420069422044)	(3, 0.0)	(4, 0.0)	(5, 0.0)	(6, 0.0)	(7, 0.0)	(8, 0.0)	(9, 0.0)	(10, 1.8128321176420725e-05)	(15, 0.0001827334774583209)	(20, 8.77410744938763e-05)	(25, 0.0003734434162342669)	(30, 0.0013074145232434627)	(35, 8.121487887036484e-05)	(40, 6.526195623511461e-06)	(45, 0.0)	(50, 0.0)	(55, 1.1602125552909264e-05)	(60, 6.236142484688729e-05)	(65, 2.102885256464804e-05)	(70, 0.0)	(75, 4.350797082340974e-06)	(80, 6.091115915277364e-05)	(85, 7.03378861645124e-05)	(90, 3.6981775199898275e-05)	(95, 0.0)	(100, 0.0)	(105, 4.350797082340974e-06)	(110, 0.0)	(115, 0.0)	(120, 0.0)	(125, 0.0)	(130, 7.25132847056829e-06)	(135, 0.0)	(140, 0.0)	(145, 0.0)	(150, 0.0)	
/ | scratch | karcher | fastqc | 240813_MG011_PRISMA_NovaSeq_final_for_Q | H5YFCDSXC_240813_MG_PRISMA_24s001116-1-1_Gross_lane1MG290 | H5YFCDSXC_240813_MG_PRISMA_24s001116-1-1_Gross_lane1MG290_2	(1, 0.001874468409641903)	(2, 0.00031905845270500477)	(3, 0.0)	(4, 0.0)	(5, 0.0)	(6, 0.0)	(7, 0.0)	(8, 0.0)	(9, 0.0)	(10, 0.0)	(15, 0.0)	(20, 0.0)	(25, 4.350797082340974e-06)	(30, 0.0)	(35, 0.0)	(40, 0.0)	(45, 0.0)	(50, 0.0)	(55, 0.0)	(60, 1.2327258399966091e-05)	(65, 0.0)	(70, 0.0)	(75, 2.900531388227316e-06)	(80, 2.900531388227316e-06)	(85, 3.625664235284145e-06)	(90, 0.0)	(95, 0.0)	(100, 1.8128321176420725e-05)	(105, 2.175398541170487e-06)	(110, 3.625664235284145e-06)	(115, 7.25132847056829e-07)	(120, 0.0)	(125, 2.4654516799932182e-05)	(130, 1.8128321176420725e-05)	(135, 0.0)	(140, 0.0)	(145, 0.0)	(150, 0.0)	
/ | scratch | karcher | fastqc | 240813_MG011_PRISMA_NovaSeq_final_for_Q | H5YFCDSXC_240813_MG_PRISMA_24s001116-1-1_Gross_lane1MG291 | H5YFCDSXC_240813_MG_PRISMA_24s001116-1-1_Gross_lane1MG291_1	(1, 0.0002340571942159786)	(2, 0.04871236281243631)	(3, 3.162935056972684e-06)	(4, 0.0)	(5, 0.0)	(6, 0.0)	(7, 0.0)	(8, 0.0)	(9, 0.0)	(10, 2.973158953554323e-05)	(15, 0.00018724575537278288)	(20, 8.160372446989525e-05)	(25, 0.0004023253392469254)	(30, 0.0012968033733588005)	(35, 9.425546469778599e-05)	(40, 5.0606960911562945e-06)	(45, 0.0)	(50, 0.0)	(55, 7.591044136734442e-06)	(60, 5.883059205969192e-05)	(65, 2.1507958387414252e-05)	(70, 0.0)	(75, 3.795522068367221e-06)	(80, 6.199352711666461e-05)	(85, 7.654302837873895e-05)	(90, 3.922039470646128e-05)	(95, 0.0)	(100, 0.0)	(105, 3.795522068367221e-06)	(110, 0.0)	(115, 0.0)	(120, 0.0)	(125, 0.0)	(130, 8.856218159523515e-06)	(135, 0.0)	(140, 0.0)	(145, 0.0)	(150, 0.0)	
/ | scratch | karcher | fastqc | 240813_MG011_PRISMA_NovaSeq_final_for_Q | H5YFCDSXC_240813_MG_PRISMA_24s001116-1-1_Gross_lane1MG291 | H5YFCDSXC_240813_MG_PRISMA_24s001116-1-1_Gross_lane1MG291_2	(1, 0.0016637038399676318)	(2, 0.0002846641551275416)	(3, 0.0)	(4, 0.0)	(5, 0.0)	(6, 0.0)	(7, 0.0)	(8, 0.0)	(9, 0.0)	(10, 0.0)	(15, 0.0)	(20, 0.0)	(25, 3.162935056972684e-06)	(30, 0.0)	(35, 0.0)	(40, 0.0)	(45, 0.0)	(50, 0.0)	(55, 0.0)	(60, 1.581467528486342e-05)	(65, 0.0)	(70, 0.0)	(75, 2.5303480455781473e-06)	(80, 1.8977610341836104e-06)	(85, 1.8977610341836104e-06)	(90, 0.0)	(95, 0.0)	(100, 2.1507958387414252e-05)	(105, 1.2651740227890736e-06)	(110, 1.8977610341836104e-06)	(115, 0.0)	(120, 0.0)	(125, 2.4670893444386937e-05)	(130, 1.3284327239285272e-05)	(135, 0.0)	(140, 0.0)	(145, 0.0)	(150, 0.0)	
/ | scratch | karcher | fastqc | 240813_MG011_PRISMA_NovaSeq_final_for_Q | H5YFCDSXC_240813_MG_PRISMA_24s001116-1-1_Gross_lane1MG292 | H5YFCDSXC_240813_MG_PRISMA_24s001116-1-1_Gross_lane1MG292_1	(1, 0.00020002700025474623)	(2, 0.04833872829885037)	(3, 0.0)	(4, 0.0)	(5, 0.0)	(6, 0.0)	(7, 0.0)	(8, 0.0)	(9, 0.0)	(10, 2.5766189863323245e-05)	(15, 0.00018036332904326272)	(20, 9.49280679175067e-05)	(25, 0.0004156493259530829)	(30, 0.001279494744002394)	(35, 8.204497298584507e-05)	(40, 2.7122305119287626e-06)	(45, 0.0)	(50, 0.0)	(55, 3.3902881399109533e-06)	(60, 3.8649284794984865e-05)	(65, 8.81474916376848e-06)	(70, 0.0)	(75, 1.3561152559643813e-06)	(80, 3.254676614314515e-05)	(85, 3.66151119110383e-05)	(90, 1.1526979675697243e-05)	(95, 0.0)	(100, 0.0)	(105, 1.3561152559643813e-06)	(110, 0.0)	(115, 0.0)	(120, 0.0)	(125, 0.0)	(130, 2.034172883946572e-06)	(135, 0.0)	(140, 6.780576279821907e-07)	(145, 0.0)	(150, 0.0)	
/ | scratch | karcher | fastqc | 240813_MG011_PRISMA_NovaSeq_final_for_Q | H5YFCDSXC_240813_MG_PRISMA_24s001116-1-1_Gross_lane1MG292 | H5YFCDSXC_240813_MG_PRISMA_24s001116-1-1_Gross_lane1MG292_2	(1, 0.0020172214432470172)	(2, 0.00033224823771127346)	(3, 6.7805762798219065e-06)	(4, 0.0)	(5, 6.7805762798219065e-06)	(6, 0.0)	(7, 0.0)	(8, 0.0)	(9, 0.0)	(10, 0.0)	(15, 0.0)	(20, 0.0)	(25, 2.034172883946572e-06)	(30, 0.0)	(35, 0.0)	(40, 0.0)	(45, 0.0)	(50, 6.780576279821907e-07)	(55, 0.0)	(60, 5.424461023857525e-06)	(65, 0.0)	(70, 0.0)	(75, 1.3561152559643813e-06)	(80, 1.3561152559643813e-06)	(85, 1.3561152559643813e-06)	(90, 0.0)	(95, 0.0)	(100, 1.2883094931661622e-05)	(105, 2.034172883946572e-06)	(110, 6.780576279821907e-07)	(115, 1.3561152559643813e-06)	(120, 0.0)	(125, 7.458633907804097e-06)	(130, 5.424461023857525e-06)	(135, 0.0)	(140, 0.0)	(145, 0.0)	(150, 0.0)	
/ | scratch | karcher | fastqc | 240813_MG011_PRISMA_NovaSeq_final_for_Q | H5YFCDSXC_240813_MG_PRISMA_24s001116-1-1_Gross_lane1MG293 | H5YFCDSXC_240813_MG_PRISMA_24s001116-1-1_Gross_lane1MG293_1	(1, 0.00027468333916054417)	(2, 0.04805214414108504)	(3, 0.0)	(4, 0.0)	(5, 0.0)	(6, 0.0)	(7, 0.0)	(8, 0.0)	(9, 0.0)	(10, 2.7032328615799585e-05)	(15, 0.00016917005649887484)	(20, 9.67931766565727e-05)	(25, 0.0004133330246415807)	(30, 0.001318480027970612)	(35, 9.156111305351472e-05)	(40, 5.232063603057984e-06)	(45, 0.0)	(50, 0.0)	(55, 6.104074203567649e-06)	(60, 5.668068903312816e-05)	(65, 1.5696190809173952e-05)	(70, 0.0)	(75, 1.7440212010193281e-06)	(80, 4.883259362854119e-05)	(85, 5.929672083465715e-05)	(90, 2.0056243811722275e-05)	(95, 0.0)	(100, 0.0)	(105, 1.7440212010193281e-06)	(110, 8.720106005096641e-07)	(115, 0.0)	(120, 0.0)	(125, 0.0)	(130, 2.616031801528992e-06)	(135, 0.0)	(140, 0.0)	(145, 0.0)	(150, 0.0)	
/ | scratch | karcher | fastqc | 240813_MG011_PRISMA_NovaSeq_final_for_Q | H5YFCDSXC_240813_MG_PRISMA_24s001116-1-1_Gross_lane1MG293 | H5YFCDSXC_240813_MG_PRISMA_24s001116-1-1_Gross_lane1MG293_2	(1, 0.0015608989749122985)	(2, 0.00035752434620896223)	(3, 0.0)	(4, 0.0)	(5, 0.0)	(6, 0.0)	(7, 0.0)	(8, 0.0)	(9, 0.0)	(10, 0.0)	(15, 0.0)	(20, 0.0)	(25, 8.720106005096641e-07)	(30, 8.720106005096641e-07)	(35, 0.0)	(40, 0.0)	(45, 0.0)	(50, 8.720106005096641e-07)	(55, 0.0)	(60, 7.848095404586976e-06)	(65, 0.0)	(70, 0.0)	(75, 2.616031801528992e-06)	(80, 1.7440212010193281e-06)	(85, 2.616031801528992e-06)	(90, 0.0)	(95, 0.0)	(100, 1.744021201019328e-05)	(105, 8.720106005096641e-07)	(110, 8.720106005096641e-07)	(115, 8.720106005096641e-07)	(120, 0.0)	(125, 1.9184233211212607e-05)	(130, 7.848095404586976e-06)	(135, 1.7440212010193281e-06)	(140, 0.0)	(145, 0.0)	(150, 0.0)	
/ | scratch | karcher | fastqc | 240813_MG011_PRISMA_NovaSeq_final_for_Q | H5YFCDSXC_240813_MG_PRISMA_24s001116-1-1_Gross_lane1MG294 | H5YFCDSXC_240813_MG_PRISMA_24s001116-1-1_Gross_lane1MG294_1	(1, 0.00018034662464433488)	(2, 0.04798396389178293)	(3, 0.0)	(4, 0.0)	(5, 0.0)	(6, 0.0)	(7, 0.0)	(8, 0.0)	(9, 0.0)	(10, 2.4307588539019053e-05)	(15, 0.00018583543495959726)	(20, 0.00010115093295269218)	(25, 0.0003912737639022744)	(30, 0.0012381187839713252)	(35, 8.468450200690508e-05)	(40, 6.2729260745855615e-06)	(45, 0.0)	(50, 0.0)	(55, 8.625273352555148e-06)	(60, 5.724045043059325e-05)	(65, 2.117112550172627e-05)	(70, 0.0)	(75, 3.920578796615976e-06)	(80, 6.037691346788603e-05)	(85, 7.370688137638034e-05)	(90, 4.391048252209893e-05)	(95, 0.0)	(100, 0.0)	(105, 0.0)	(110, 0.0)	(115, 0.0)	(120, 0.0)	(125, 0.0)	(130, 6.2729260745855615e-06)	(135, 0.0)	(140, 7.841157593231952e-07)	(145, 0.0)	(150, 0.0)	
/ | scratch | karcher | fastqc | 240813_MG011_PRISMA_NovaSeq_final_for_Q | H5YFCDSXC_240813_MG_PRISMA_24s001116-1-1_Gross_lane1MG294 | H5YFCDSXC_240813_MG_PRISMA_24s001116-1-1_Gross_lane1MG294_2	(1, 0.0019485276619181401)	(2, 0.00034893151289882185)	(3, 0.0)	(4, 0.0)	(5, 0.0)	(6, 0.0)	(7, 0.0)	(8, 0.0)	(9, 0.0)	(10, 0.0)	(15, 0.0)	(20, 0.0)	(25, 3.1364630372927808e-06)	(30, 0.0)	(35, 0.0)	(40, 0.0)	(45, 0.0)	(50, 0.0)	(55, 0.0)	(60, 1.5682315186463903e-05)	(65, 0.0)	(70, 0.0)	(75, 3.1364630372927808e-06)	(80, 1.5682315186463904e-06)	(85, 2.3523472779695857e-06)	(90, 0.0)	(95, 0.0)	(100, 2.3523472779695853e-05)	(105, 7.841157593231952e-07)	(110, 1.5682315186463904e-06)	(115, 7.841157593231952e-07)	(120, 0.0)	(125, 2.5875820057665443e-05)	(130, 1.5682315186463903e-05)	(135, 0.0)	(140, 0.0)	(145, 0.0)	(150, 0.0)	
/ | scratch | karcher | fastqc | 240813_MG011_PRISMA_NovaSeq_final_for_Q | H5YFCDSXC_240813_MG_PRISMA_24s001116-1-1_Gross_lane1MG295 | H5YFCDSXC_240813_MG_PRISMA_24s001116-1-1_Gross_lane1MG295_1	(1, 0.00026923359963527824)	(2, 0.048830000520518294)	(3, 0.0)	(4, 0.0)	(5, 0.0)	(6, 0.0)	(7, 0.0)	(8, 0.0)	(9, 0.0)	(10, 2.6025914631410227e-05)	(15, 0.0001956430824016355)	(20, 0.00010589854918987609)	(25, 0.00044244054873397384)	(30, 0.0013111676302238048)	(35, 8.525730655117144e-05)	(40, 8.077007989058346e-06)	(45, 0.0)	(50, 0.0)	(55, 1.0769343985411129e-05)	(60, 6.01288372518788e-05)	(65, 1.794890664235188e-05)	(70, 0.0)	(75, 6.282117324823158e-06)	(80, 5.7436501255526016e-05)	(85, 6.730839990881956e-05)	(90, 3.948759461317414e-05)	(95, 0.0)	(100, 0.0)	(105, 2.692335996352782e-06)	(110, 0.0)	(115, 0.0)	(120, 0.0)	(125, 0.0)	(130, 8.97445332117594e-06)	(135, 0.0)	(140, 1.794890664235188e-06)	(145, 0.0)	(150, 0.0)	
/ | scratch | karcher | fastqc | 240813_MG011_PRISMA_NovaSeq_final_for_Q | H5YFCDSXC_240813_MG_PRISMA_24s001116-1-1_Gross_lane1MG295 | H5YFCDSXC_240813_MG_PRISMA_24s001116-1-1_Gross_lane1MG295_2	(1, 0.0018442501575016558)	(2, 0.00032308031956233385)	(3, 0.0)	(4, 0.0)	(5, 8.97445332117594e-06)	(6, 0.0)	(7, 0.0)	(8, 0.0)	(9, 0.0)	(10, 0.0)	(15, 0.0)	(20, 0.0)	(25, 6.282117324823158e-06)	(30, 0.0)	(35, 0.0)	(40, 0.0)	(45, 0.0)	(50, 0.0)	(55, 0.0)	(60, 1.52565706459991e-05)	(65, 0.0)	(70, 0.0)	(75, 4.48722666058797e-06)	(80, 5.384671992705564e-06)	(85, 5.384671992705564e-06)	(90, 0.0)	(95, 0.0)	(100, 1.974379730658707e-05)	(105, 2.692335996352782e-06)	(110, 1.794890664235188e-06)	(115, 2.692335996352782e-06)	(120, 0.0)	(125, 2.6923359963527823e-05)	(130, 1.7051461310234288e-05)	(135, 1.794890664235188e-06)	(140, 0.0)	(145, 0.0)	(150, 0.0)	
/ | scratch | karcher | fastqc | 240813_MG011_PRISMA_NovaSeq_final_for_Q | H5YFCDSXC_240813_MG_PRISMA_24s001116-1-1_Gross_lane1MG296 | H5YFCDSXC_240813_MG_PRISMA_24s001116-1-1_Gross_lane1MG296_1	(1, 0.00031282527152089087)	(2, 0.04883126189594393)	(3, 0.0)	(4, 0.0)	(5, 0.0)	(6, 0.0)	(7, 0.0)	(8, 0.0)	(9, 0.0)	(10, 3.204551561921321e-05)	(15, 0.00018159125517554152)	(20, 8.6217696785026e-05)	(25, 0.0003593675680154624)	(30, 0.001187973043312261)	(35, 0.00010376643152888086)	(40, 5.340919269868868e-06)	(45, 0.0)	(50, 0.0)	(55, 3.051953868496496e-06)	(60, 5.112022729731631e-05)	(65, 1.8311723210978976e-05)	(70, 0.0)	(75, 2.288965401372372e-06)	(80, 5.493516963293693e-05)	(85, 6.256505430417817e-05)	(90, 3.433448102058558e-05)	(95, 0.0)	(100, 0.0)	(105, 7.62988467124124e-07)	(110, 0.0)	(115, 0.0)	(120, 0.0)	(125, 0.0)	(130, 6.103907736992992e-06)	(135, 0.0)	(140, 0.0)	(145, 0.0)	(150, 0.0)	
/ | scratch | karcher | fastqc | 240813_MG011_PRISMA_NovaSeq_final_for_Q | H5YFCDSXC_240813_MG_PRISMA_24s001116-1-1_Gross_lane1MG296 | H5YFCDSXC_240813_MG_PRISMA_24s001116-1-1_Gross_lane1MG296_2	(1, 0.00196851024518024)	(2, 0.0003509746948770971)	(3, 0.0)	(4, 0.0)	(5, 0.0)	(6, 0.0)	(7, 0.0)	(8, 0.0)	(9, 0.0)	(10, 0.0)	(15, 0.0)	(20, 0.0)	(25, 1.525976934248248e-06)	(30, 0.0)	(35, 0.0)	(40, 0.0)	(45, 0.0)	(50, 7.62988467124124e-07)	(55, 0.0)	(60, 1.2207815473985984e-05)	(65, 0.0)	(70, 0.0)	(75, 3.051953868496496e-06)	(80, 7.62988467124124e-07)	(85, 7.62988467124124e-07)	(90, 0.0)	(95, 0.0)	(100, 1.8311723210978976e-05)	(105, 1.525976934248248e-06)	(110, 7.62988467124124e-07)	(115, 7.62988467124124e-07)	(120, 0.0)	(125, 2.2889654013723722e-05)	(130, 1.2970803941110108e-05)	(135, 0.0)	(140, 0.0)	(145, 0.0)	(150, 0.0)	
/ | scratch | karcher | fastqc | 240813_MG011_PRISMA_NovaSeq_final_for_Q | H5YFCDSXC_240813_MG_PRISMA_24s001116-1-1_Gross_lane1MG297 | H5YFCDSXC_240813_MG_PRISMA_24s001116-1-1_Gross_lane1MG297_1	(1, 0.00023622664037432664)	(2, 0.04809101944740541)	(3, 0.0)	(4, 0.0)	(5, 0.0)	(6, 0.0)	(7, 0.0)	(8, 0.0)	(9, 0.0)	(10, 3.4961542775400335e-05)	(15, 0.00018236696636898017)	(20, 9.543556271122795e-05)	(25, 0.0003940260361443768)	(30, 0.001301136335181791)	(35, 0.00010299481520320641)	(40, 7.559252491978451e-06)	(45, 0.0)	(50, 0.0)	(55, 1.7008318106951517e-05)	(60, 4.913514119785994e-05)	(65, 2.078794435294074e-05)	(70, 0.0)	(75, 7.559252491978451e-06)	(80, 6.141892649732492e-05)	(85, 6.897817898930338e-05)	(90, 5.480458056684378e-05)	(95, 0.0)	(100, 0.0)	(105, 7.559252491978451e-06)	(110, 0.0)	(115, 0.0)	(120, 0.0)	(125, 0.0)	(130, 1.2283785299464985e-05)	(135, 0.0)	(140, 9.449065614973064e-07)	(145, 0.0)	(150, 0.0)	
/ | scratch | karcher | fastqc | 240813_MG011_PRISMA_NovaSeq_final_for_Q | H5YFCDSXC_240813_MG_PRISMA_24s001116-1-1_Gross_lane1MG297 | H5YFCDSXC_240813_MG_PRISMA_24s001116-1-1_Gross_lane1MG297_2	(1, 0.0017055563435026382)	(2, 0.00033544182933154383)	(3, 4.724532807486533e-06)	(4, 0.0)	(5, 4.724532807486533e-06)	(6, 0.0)	(7, 0.0)	(8, 0.0)	(9, 0.0)	(10, 0.0)	(15, 0.0)	(20, 0.0)	(25, 5.669439368983839e-06)	(30, 0.0)	(35, 0.0)	(40, 0.0)	(45, 0.0)	(50, 0.0)	(55, 0.0)	(60, 1.7008318106951517e-05)	(65, 0.0)	(70, 0.0)	(75, 3.7796262459892256e-06)	(80, 3.7796262459892256e-06)	(85, 3.7796262459892256e-06)	(90, 0.0)	(95, 0.0)	(100, 2.456757059892997e-05)	(105, 1.8898131229946128e-06)	(110, 4.724532807486533e-06)	(115, 1.8898131229946128e-06)	(120, 0.0)	(125, 3.212682309090842e-05)	(130, 1.606341154545421e-05)	(135, 0.0)	(140, 0.0)	(145, 0.0)	(150, 0.0)	
/ | scratch | karcher | fastqc | 240813_MG011_PRISMA_NovaSeq_final_for_Q | H5YFCDSXC_240813_MG_PRISMA_24s001116-1-1_Gross_lane1MG299 | H5YFCDSXC_240813_MG_PRISMA_24s001116-1-1_Gross_lane1MG299_1	(1, 0.000265533840296442)	(2, 0.048354393173982844)	(3, 0.0)	(4, 0.0)	(5, 0.0)	(6, 0.0)	(7, 0.0)	(8, 0.0)	(9, 0.0)	(10, 2.6553384029644197e-05)	(15, 0.00016817143218774658)	(20, 9.191556010261453e-05)	(25, 0.00036902395241197834)	(30, 0.0012200939533621128)	(35, 8.91921360995741e-05)	(40, 6.808560007601076e-06)	(45, 0.0)	(50, 0.0)	(55, 8.851128009881399e-06)	(60, 5.514933606156871e-05)	(65, 1.8383112020522907e-05)	(70, 0.0)	(75, 4.765992005320753e-06)	(80, 6.0596184067649585e-05)	(85, 6.876645607677087e-05)	(90, 3.7447080041805915e-05)	(95, 0.0)	(100, 0.0)	(105, 3.404280003800538e-06)	(110, 0.0)	(115, 0.0)	(120, 0.0)	(125, 0.0)	(130, 5.446848006080861e-06)	(135, 0.0)	(140, 6.808560007601076e-07)	(145, 0.0)	(150, 0.0)	
/ | scratch | karcher | fastqc | 240813_MG011_PRISMA_NovaSeq_final_for_Q | H5YFCDSXC_240813_MG_PRISMA_24s001116-1-1_Gross_lane1MG299 | H5YFCDSXC_240813_MG_PRISMA_24s001116-1-1_Gross_lane1MG299_2	(1, 0.0016646929218584632)	(2, 0.0003234066003610511)	(3, 3.404280003800538e-06)	(4, 0.0)	(5, 3.404280003800538e-06)	(6, 0.0)	(7, 0.0)	(8, 0.0)	(9, 0.0)	(10, 0.0)	(15, 0.0)	(20, 0.0)	(25, 3.404280003800538e-06)	(30, 0.0)	(35, 0.0)	(40, 0.0)	(45, 0.0)	(50, 0.0)	(55, 0.0)	(60, 1.2936264014442046e-05)	(65, 0.0)	(70, 0.0)	(75, 2.042568002280323e-06)	(80, 1.3617120015202153e-06)	(85, 2.7234240030404306e-06)	(90, 0.0)	(95, 0.0)	(100, 1.9063968021283012e-05)	(105, 1.3617120015202153e-06)	(110, 2.042568002280323e-06)	(115, 1.3617120015202153e-06)	(120, 0.0)	(125, 2.042568002280323e-05)	(130, 1.2936264014442046e-05)	(135, 0.0)	(140, 0.0)	(145, 0.0)	(150, 0.0)	
/ | scratch | karcher | fastqc | 240813_MG011_PRISMA_NovaSeq_final_for_Q | H5YFCDSXC_240813_MG_PRISMA_24s001116-1-1_Gross_lane1MG300 | H5YFCDSXC_240813_MG_PRISMA_24s001116-1-1_Gross_lane1MG300_1	(1, 0.000257060648582472)	(2, 0.047922037064586226)	(3, 0.0)	(4, 0.0)	(5, 0.0)	(6, 0.0)	(7, 0.0)	(8, 0.0)	(9, 0.0)	(10, 2.175128564928609e-05)	(15, 0.00017335115532612856)	(20, 0.00010018773996034806)	(25, 0.00040800138839115427)	(30, 0.0012872806325168406)	(35, 7.777732444290178e-05)	(40, 7.909558417922215e-06)	(45, 0.0)	(50, 0.0)	(55, 1.2523467495043508e-05)	(60, 5.009386998017403e-05)	(65, 1.845563630848517e-05)	(70, 0.0)	(75, 5.273038945281477e-06)	(80, 5.2730389452814777e-05)	(85, 6.45947270796981e-05)	(90, 4.2843441430412e-05)	(95, 0.0)	(100, 0.0)	(105, 3.954779208961108e-06)	(110, 0.0)	(115, 0.0)	(120, 0.0)	(125, 0.0)	(130, 1.0546077890562954e-05)	(135, 0.0)	(140, 6.591298681601846e-07)	(145, 0.0)	(150, 0.0)	
/ | scratch | karcher | fastqc | 240813_MG011_PRISMA_NovaSeq_final_for_Q | H5YFCDSXC_240813_MG_PRISMA_24s001116-1-1_Gross_lane1MG300 | H5YFCDSXC_240813_MG_PRISMA_24s001116-1-1_Gross_lane1MG300_2	(1, 0.0017170333065572808)	(2, 0.00039218227155530985)	(3, 6.591298681601847e-06)	(4, 0.0)	(5, 3.2956493408009235e-06)	(6, 0.0)	(7, 0.0)	(8, 0.0)	(9, 0.0)	(10, 0.0)	(15, 0.0)	(20, 0.0)	(25, 3.954779208961108e-06)	(30, 0.0)	(35, 0.0)	(40, 0.0)	(45, 0.0)	(50, 0.0)	(55, 0.0)	(60, 1.6478246704004617e-05)	(65, 0.0)	(70, 0.0)	(75, 1.3182597363203692e-06)	(80, 6.591298681601846e-07)	(85, 1.977389604480554e-06)	(90, 0.0)	(95, 0.0)	(100, 2.175128564928609e-05)	(105, 1.977389604480554e-06)	(110, 1.977389604480554e-06)	(115, 6.591298681601846e-07)	(120, 0.0)	(125, 2.7024324594567568e-05)	(130, 1.3182597363203694e-05)	(135, 0.0)	(140, 0.0)	(145, 0.0)	(150, 0.0)	
/ | scratch | karcher | fastqc | 240813_MG011_PRISMA_NovaSeq_final_for_Q | H5YFCDSXC_240813_MG_PRISMA_24s001116-1-1_Gross_lane1MG301 | H5YFCDSXC_240813_MG_PRISMA_24s001116-1-1_Gross_lane1MG301_1	(1, 0.00021401592087203018)	(2, 0.048522418144943694)	(3, 0.0)	(4, 0.0)	(5, 0.0)	(6, 0.0)	(7, 0.0)	(8, 0.0)	(9, 0.0)	(10, 3.005329952671062e-05)	(15, 0.00018669473948411142)	(20, 0.00010746331345914708)	(25, 0.0004271211356977964)	(30, 0.001395201662876384)	(35, 0.00011019543159793895)	(40, 1.457129674022333e-05)	(45, 0.0)	(50, 0.0)	(55, 1.457129674022333e-05)	(60, 5.7374480914629364e-05)	(65, 2.641047534165479e-05)	(70, 0.0)	(75, 5.464236277583749e-06)	(80, 7.558860183990854e-05)	(85, 8.469566230254812e-05)	(90, 6.283871719221311e-05)	(95, 0.0)	(100, 0.0)	(105, 3.6428241850558326e-06)	(110, 0.0)	(115, 0.0)	(120, 0.0)	(125, 0.0)	(130, 1.2749884647695416e-05)	(135, 0.0)	(140, 9.107060462639582e-07)	(145, 0.0)	(150, 0.0)	
/ | scratch | karcher | fastqc | 240813_MG011_PRISMA_NovaSeq_final_for_Q | H5YFCDSXC_240813_MG_PRISMA_24s001116-1-1_Gross_lane1MG301 | H5YFCDSXC_240813_MG_PRISMA_24s001116-1-1_Gross_lane1MG301_2	(1, 0.0017576626692894393)	(2, 0.0003005329952671062)	(3, 4.553530231319791e-06)	(4, 0.0)	(5, 4.553530231319791e-06)	(6, 0.0)	(7, 0.0)	(8, 0.0)	(9, 0.0)	(10, 0.0)	(15, 0.0)	(20, 0.0)	(25, 7.285648370111665e-06)	(30, 0.0)	(35, 0.0)	(40, 0.0)	(45, 0.0)	(50, 0.0)	(55, 0.0)	(60, 2.094623906407104e-05)	(65, 0.0)	(70, 0.0)	(75, 6.374942323847708e-06)	(80, 5.464236277583749e-06)	(85, 3.6428241850558326e-06)	(90, 0.0)	(95, 0.0)	(100, 2.5499769295390832e-05)	(105, 6.374942323847708e-06)	(110, 1.8214120925279163e-06)	(115, 9.107060462639582e-07)	(120, 0.0)	(125, 3.642824185055833e-05)	(130, 2.2767651156598958e-05)	(135, 0.0)	(140, 0.0)	(145, 0.0)	(150, 0.0)	
/ | scratch | karcher | fastqc | 240813_MG011_PRISMA_NovaSeq_final_for_Q | H5YFCDSXC_240813_MG_PRISMA_24s001116-1-1_Gross_lane1MG302 | H5YFCDSXC_240813_MG_PRISMA_24s001116-1-1_Gross_lane1MG302_1	(1, 0.0002955568868246099)	(2, 0.04826996101085002)	(3, 0.0)	(4, 0.0)	(5, 0.0)	(6, 0.0)	(7, 0.0)	(8, 0.0)	(9, 0.0)	(10, 2.6632598592986825e-05)	(15, 0.00020656503298950755)	(20, 8.50944003824701e-05)	(25, 0.00039234364756497665)	(30, 0.001244586802540555)	(35, 0.00010588081879650859)	(40, 7.145331329825733e-06)	(45, 0.0)	(50, 0.0)	(55, 9.743633631580547e-06)	(60, 5.326519718597365e-05)	(65, 2.0136842838599794e-05)	(70, 0.0)	(75, 3.897453452632218e-06)	(80, 5.261562161053495e-05)	(85, 6.36584063929929e-05)	(90, 3.572665664912867e-05)	(95, 0.0)	(100, 0.0)	(105, 1.948726726316109e-06)	(110, 0.0)	(115, 0.0)	(120, 0.0)	(125, 0.0)	(130, 8.44448248070314e-06)	(135, 0.0)	(140, 0.0)	(145, 0.0)	(150, 0.0)	
/ | scratch | karcher | fastqc | 240813_MG011_PRISMA_NovaSeq_final_for_Q | H5YFCDSXC_240813_MG_PRISMA_24s001116-1-1_Gross_lane1MG302 | H5YFCDSXC_240813_MG_PRISMA_24s001116-1-1_Gross_lane1MG302_2	(1, 0.001776589198824853)	(2, 0.0003117962762105775)	(3, 6.49575575438703e-06)	(4, 0.0)	(5, 3.247877877193515e-06)	(6, 0.0)	(7, 0.0)	(8, 0.0)	(9, 0.0)	(10, 0.0)	(15, 0.0)	(20, 0.0)	(25, 1.948726726316109e-06)	(30, 0.0)	(35, 0.0)	(40, 0.0)	(45, 0.0)	(50, 0.0)	(55, 0.0)	(60, 1.299151150877406e-05)	(65, 0.0)	(70, 0.0)	(75, 6.49575575438703e-07)	(80, 1.299151150877406e-06)	(85, 0.0)	(90, 0.0)	(95, 0.0)	(100, 2.0136842838599794e-05)	(105, 1.299151150877406e-06)	(110, 1.299151150877406e-06)	(115, 0.0)	(120, 0.0)	(125, 2.4683871866670715e-05)	(130, 7.145331329825733e-06)	(135, 0.0)	(140, 0.0)	(145, 0.0)	(150, 0.0)	
/ | scratch | karcher | fastqc | 240813_MG011_PRISMA_NovaSeq_final_for_Q | H5YFCDSXC_240813_MG_PRISMA_24s001116-1-1_Gross_lane1MG303 | H5YFCDSXC_240813_MG_PRISMA_24s001116-1-1_Gross_lane1MG303_1	(1, 0.0003035266764537157)	(2, 0.04962661160018252)	(3, 0.0)	(4, 0.0)	(5, 0.0)	(6, 0.0)	(7, 0.0)	(8, 0.0)	(9, 0.0)	(10, 1.8970417278357233e-05)	(15, 0.0001568221161677531)	(20, 9.611678087700999e-05)	(25, 0.0003983787628455019)	(30, 0.0012381359010341154)	(35, 7.33522801429813e-05)	(40, 6.323472426119078e-06)	(45, 0.0)	(50, 0.0)	(55, 1.2646944852238156e-05)	(60, 4.6793695953281174e-05)	(65, 1.5176333822685786e-05)	(70, 0.0)	(75, 5.058777940895262e-06)	(80, 4.4264306982833544e-05)	(85, 4.552900146805736e-05)	(90, 3.5411445586266835e-05)	(95, 0.0)	(100, 0.0)	(105, 3.7940834556714464e-06)	(110, 0.0)	(115, 0.0)	(120, 0.0)	(125, 0.0)	(130, 7.588166911342893e-06)	(135, 0.0)	(140, 0.0)	(145, 0.0)	(150, 0.0)	
/ | scratch | karcher | fastqc | 240813_MG011_PRISMA_NovaSeq_final_for_Q | H5YFCDSXC_240813_MG_PRISMA_24s001116-1-1_Gross_lane1MG303 | H5YFCDSXC_240813_MG_PRISMA_24s001116-1-1_Gross_lane1MG303_2	(1, 0.0013468996267633636)	(2, 0.00041102570769774007)	(3, 0.0)	(4, 0.0)	(5, 6.323472426119078e-06)	(6, 0.0)	(7, 0.0)	(8, 0.0)	(9, 0.0)	(10, 0.0)	(15, 0.0)	(20, 0.0)	(25, 6.323472426119078e-06)	(30, 0.0)	(35, 0.0)	(40, 0.0)	(45, 0.0)	(50, 0.0)	(55, 0.0)	(60, 1.138225036701434e-05)	(65, 0.0)	(70, 0.0)	(75, 3.7940834556714464e-06)	(80, 3.7940834556714464e-06)	(85, 1.2646944852238155e-06)	(90, 0.0)	(95, 0.0)	(100, 1.138225036701434e-05)	(105, 2.529388970447631e-06)	(110, 2.529388970447631e-06)	(115, 1.2646944852238155e-06)	(120, 0.0)	(125, 2.1499806248804866e-05)	(130, 1.5176333822685786e-05)	(135, 0.0)	(140, 0.0)	(145, 0.0)	(150, 0.0)	
/ | scratch | karcher | fastqc | 240813_MG011_PRISMA_NovaSeq_final_for_Q | H5YFCDSXC_240813_MG_PRISMA_24s001116-1-1_Gross_lane1MG304 | H5YFCDSXC_240813_MG_PRISMA_24s001116-1-1_Gross_lane1MG304_1	(1, 0.00028769186696198605)	(2, 0.047413832689696546)	(3, 0.0)	(4, 0.0)	(5, 0.0)	(6, 0.0)	(7, 0.0)	(8, 0.0)	(9, 0.0)	(10, 2.268339720277198e-05)	(15, 0.00017814765608030675)	(20, 9.847913907544908e-05)	(25, 0.00041991947504643734)	(30, 0.00132116957366389)	(35, 8.796732085953034e-05)	(40, 7.1922966740496515e-06)	(45, 0.0)	(50, 0.0)	(55, 1.327808616747628e-05)	(60, 5.5325359031151166e-05)	(65, 2.3789904383395e-05)	(70, 0.0)	(75, 6.085789493426628e-06)	(80, 6.307090929551233e-05)	(85, 7.57957418726771e-05)	(90, 4.868631594741302e-05)	(95, 0.0)	(100, 0.0)	(105, 4.426028722492093e-06)	(110, 5.532535903115117e-07)	(115, 0.0)	(120, 0.0)	(125, 0.0)	(130, 1.1065071806230233e-05)	(135, 0.0)	(140, 0.0)	(145, 0.0)	(150, 0.0)	
/ | scratch | karcher | fastqc | 240813_MG011_PRISMA_NovaSeq_final_for_Q | H5YFCDSXC_240813_MG_PRISMA_24s001116-1-1_Gross_lane1MG304 | H5YFCDSXC_240813_MG_PRISMA_24s001116-1-1_Gross_lane1MG304_2	(1, 0.0017565801492390495)	(2, 0.0003651473696055977)	(3, 0.0)	(4, 0.0)	(5, 0.0)	(6, 0.0)	(7, 0.0)	(8, 0.0)	(9, 0.0)	(10, 0.0)	(15, 0.0)	(20, 0.0)	(25, 3.872775132180581e-06)	(30, 0.0)	(35, 0.0)	(40, 0.0)	(45, 0.0)	(50, 1.1065071806230233e-06)	(55, 0.0)	(60, 1.8810622070591396e-05)	(65, 0.0)	(70, 0.0)	(75, 3.31952154186907e-06)	(80, 2.766267951557558e-06)	(85, 4.426028722492093e-06)	(90, 0.0)	(95, 0.0)	(100, 2.0470382841525933e-05)	(105, 2.2130143612460467e-06)	(110, 2.766267951557558e-06)	(115, 1.1065071806230233e-06)	(120, 0.0)	(125, 3.098220105744465e-05)	(130, 1.8257368480279883e-05)	(135, 5.532535903115117e-07)	(140, 0.0)	(145, 0.0)	(150, 0.0)	
/ | scratch | karcher | fastqc | 240813_MG011_PRISMA_NovaSeq_final_for_Q | H5YFCDSXC_240813_MG_PRISMA_24s001116-1-1_Gross_lane1MG305 | H5YFCDSXC_240813_MG_PRISMA_24s001116-1-1_Gross_lane1MG305_1	(1, 0.00021718824121143258)	(2, 0.04717509589313325)	(3, 0.0)	(4, 0.0)	(5, 0.0)	(6, 0.0)	(7, 0.0)	(8, 0.0)	(9, 0.0)	(10, 3.8912893217048336e-05)	(15, 0.0001828001030196224)	(20, 8.416044346943012e-05)	(25, 0.00037645961809981644)	(30, 0.0012180640527941176)	(35, 9.411490452495411e-05)	(40, 8.144559045428721e-06)	(45, 0.0)	(50, 0.0)	(55, 1.0859412060571629e-05)	(60, 5.972676633314395e-05)	(65, 2.3528726131238528e-05)	(70, 0.0)	(75, 4.524755025238178e-06)	(80, 6.334657035333451e-05)	(85, 8.235054145933484e-05)	(90, 4.2532697237238884e-05)	(95, 0.0)	(100, 0.0)	(105, 6.33465703533345e-06)	(110, 0.0)	(115, 0.0)	(120, 0.0)	(125, 0.0)	(130, 7.239608040381086e-06)	(135, 0.0)	(140, 0.0)	(145, 0.0)	(150, 0.0)	
/ | scratch | karcher | fastqc | 240813_MG011_PRISMA_NovaSeq_final_for_Q | H5YFCDSXC_240813_MG_PRISMA_24s001116-1-1_Gross_lane1MG305 | H5YFCDSXC_240813_MG_PRISMA_24s001116-1-1_Gross_lane1MG305_2	(1, 0.0017827534799438425)	(2, 0.0003122080967414343)	(3, 0.0)	(4, 0.0)	(5, 0.0)	(6, 0.0)	(7, 0.0)	(8, 0.0)	(9, 0.0)	(10, 0.0)	(15, 0.0)	(20, 0.0)	(25, 6.33465703533345e-06)	(30, 0.0)	(35, 0.0)	(40, 0.0)	(45, 0.0)	(50, 0.0)	(55, 0.0)	(60, 1.719406909590508e-05)	(65, 0.0)	(70, 0.0)	(75, 1.8099020100952714e-06)	(80, 9.049510050476357e-07)	(85, 3.619804020190543e-06)	(90, 0.0)	(95, 0.0)	(100, 2.624357914638144e-05)	(105, 9.049510050476357e-07)	(110, 3.619804020190543e-06)	(115, 0.0)	(120, 0.0)	(125, 2.7148530151429072e-05)	(130, 1.0859412060571629e-05)	(135, 0.0)	(140, 0.0)	(145, 0.0)	(150, 0.0)	
/ | scratch | karcher | fastqc | 240813_MG011_PRISMA_NovaSeq_final_for_Q | H5YFCDSXC_240813_MG_PRISMA_24s001116-1-1_Gross_lane1MG306 | H5YFCDSXC_240813_MG_PRISMA_24s001116-1-1_Gross_lane1MG306_1	(1, 0.00021591104464960435)	(2, 0.04804420578721567)	(3, 0.0)	(4, 0.0)	(5, 0.0)	(6, 0.0)	(7, 0.0)	(8, 0.0)	(9, 0.0)	(10, 2.239077500069971e-05)	(15, 0.00019352026964890464)	(20, 8.15663946454061e-05)	(25, 0.0003934379035837235)	(30, 0.0013282527598629365)	(35, 8.476507678836319e-05)	(40, 4.798023214435653e-06)	(45, 0.0)	(50, 0.0)	(55, 7.996705357392755e-06)	(60, 6.557298393062059e-05)	(65, 2.3190445536438987e-05)	(70, 0.0)	(75, 3.998352678696377e-06)	(80, 6.637265446635986e-05)	(85, 6.957133660931696e-05)	(90, 3.518550357252812e-05)	(95, 0.0)	(100, 0.0)	(105, 3.998352678696377e-06)	(110, 7.996705357392754e-07)	(115, 0.0)	(120, 0.0)	(125, 0.0)	(130, 6.397364285914203e-06)	(135, 0.0)	(140, 7.996705357392754e-07)	(145, 0.0)	(150, 0.0)	
/ | scratch | karcher | fastqc | 240813_MG011_PRISMA_NovaSeq_final_for_Q | H5YFCDSXC_240813_MG_PRISMA_24s001116-1-1_Gross_lane1MG306 | H5YFCDSXC_240813_MG_PRISMA_24s001116-1-1_Gross_lane1MG306_2	(1, 0.0016992998884459603)	(2, 0.0003718467991187631)	(3, 0.0)	(4, 0.0)	(5, 0.0)	(6, 0.0)	(7, 0.0)	(8, 0.0)	(9, 0.0)	(10, 0.0)	(15, 0.0)	(20, 0.0)	(25, 3.1986821429571017e-06)	(30, 7.996705357392754e-07)	(35, 0.0)	(40, 0.0)	(45, 0.0)	(50, 1.5993410714785508e-06)	(55, 0.0)	(60, 1.5193740179046234e-05)	(65, 0.0)	(70, 0.0)	(75, 2.3990116072178265e-06)	(80, 3.1986821429571017e-06)	(85, 2.3990116072178265e-06)	(90, 0.0)	(95, 0.0)	(100, 2.239077500069971e-05)	(105, 3.1986821429571017e-06)	(110, 2.3990116072178265e-06)	(115, 2.3990116072178265e-06)	(120, 0.0)	(125, 2.7188798215135365e-05)	(130, 1.5193740179046234e-05)	(135, 1.5993410714785508e-06)	(140, 0.0)	(145, 0.0)	(150, 0.0)	
/ | scratch | karcher | fastqc | 240813_MG011_PRISMA_NovaSeq_final_for_Q | H5YFCDSXC_240813_MG_PRISMA_24s001116-1-1_Gross_lane1MG307 | H5YFCDSXC_240813_MG_PRISMA_24s001116-1-1_Gross_lane1MG307_1	(1, 0.00024861294693356644)	(2, 0.047805256205058974)	(3, 0.0)	(4, 0.0)	(5, 0.0)	(6, 0.0)	(7, 0.0)	(8, 0.0)	(9, 0.0)	(10, 2.034105929456453e-05)	(15, 0.0001890965141828036)	(20, 0.00010923902213747618)	(25, 0.00044147632394869686)	(30, 0.001340249795741863)	(35, 9.115808054230771e-05)	(40, 1.2807333629911e-05)	(45, 0.0)	(50, 0.0)	(55, 1.3560706196376352e-05)	(60, 6.102317788369359e-05)	(65, 3.0134902658614118e-05)	(70, 0.0)	(75, 6.026980531722824e-06)	(80, 7.53372566465353e-05)	(85, 9.643168850756518e-05)	(90, 6.102317788369359e-05)	(95, 0.0)	(100, 0.0)	(105, 5.273607965257471e-06)	(110, 7.53372566465353e-07)	(115, 0.0)	(120, 0.0)	(125, 0.0)	(130, 8.287098231118883e-06)	(135, 0.0)	(140, 0.0)	(145, 0.0)	(150, 0.0)	
/ | scratch | karcher | fastqc | 240813_MG011_PRISMA_NovaSeq_final_for_Q | H5YFCDSXC_240813_MG_PRISMA_24s001116-1-1_Gross_lane1MG307 | H5YFCDSXC_240813_MG_PRISMA_24s001116-1-1_Gross_lane1MG307_2	(1, 0.0017741923940259065)	(2, 0.0003427845177417356)	(3, 0.0)	(4, 0.0)	(5, 0.0)	(6, 0.0)	(7, 0.0)	(8, 0.0)	(9, 0.0)	(10, 0.0)	(15, 0.0)	(20, 0.0)	(25, 6.026980531722824e-06)	(30, 0.0)	(35, 0.0)	(40, 0.0)	(45, 0.0)	(50, 7.53372566465353e-07)	(55, 0.0)	(60, 2.335454956042594e-05)	(65, 0.0)	(70, 0.0)	(75, 3.7668628323267647e-06)	(80, 4.5202353987921175e-06)	(85, 5.273607965257471e-06)	(90, 0.0)	(95, 0.0)	(100, 2.787478495921806e-05)	(105, 7.53372566465353e-07)	(110, 3.7668628323267647e-06)	(115, 3.013490265861412e-06)	(120, 0.0)	(125, 3.465513805740624e-05)	(130, 2.1094431861029883e-05)	(135, 1.506745132930706e-06)	(140, 0.0)	(145, 0.0)	(150, 0.0)	
/ | scratch | karcher | fastqc | 240813_MG011_PRISMA_NovaSeq_final_for_Q | H5YFCDSXC_240813_MG_PRISMA_24s001116-1-1_Gross_lane1MG308 | H5YFCDSXC_240813_MG_PRISMA_24s001116-1-1_Gross_lane1MG308_1	(1, 0.00020258166272571474)	(2, 0.04771114691038591)	(3, 0.0)	(4, 0.0)	(5, 0.0)	(6, 0.0)	(7, 0.0)	(8, 0.0)	(9, 0.0)	(10, 3.545179097700008e-05)	(15, 0.00018928724110933972)	(20, 8.546413896241091e-05)	(25, 0.00040263105466735807)	(30, 0.0013066517245808602)	(35, 0.00010255696675489308)	(40, 9.49601544026788e-06)	(45, 0.0)	(50, 0.0)	(55, 1.0129083136285737e-05)	(60, 6.140756651373228e-05)	(65, 2.342350475266077e-05)	(70, 0.0)	(75, 5.064541568142869e-06)	(80, 6.457290499382157e-05)	(85, 7.280278504205373e-05)	(90, 4.241553563319652e-05)	(95, 0.0)	(100, 0.0)	(105, 2.5322707840714343e-06)	(110, 0.0)	(115, 0.0)	(120, 0.0)	(125, 0.0)	(130, 7.596812352214303e-06)	(135, 0.0)	(140, 6.330676960178586e-07)	(145, 0.0)	(150, 0.0)	
/ | scratch | karcher | fastqc | 240813_MG011_PRISMA_NovaSeq_final_for_Q | H5YFCDSXC_240813_MG_PRISMA_24s001116-1-1_Gross_lane1MG308 | H5YFCDSXC_240813_MG_PRISMA_24s001116-1-1_Gross_lane1MG308_2	(1, 0.0018802110571730399)	(2, 0.0003070378325686614)	(3, 0.0)	(4, 0.0)	(5, 0.0)	(6, 0.0)	(7, 0.0)	(8, 0.0)	(9, 0.0)	(10, 0.0)	(15, 0.0)	(20, 0.0)	(25, 3.7984061761071517e-06)	(30, 0.0)	(35, 0.0)	(40, 0.0)	(45, 0.0)	(50, 6.330676960178586e-07)	(55, 0.0)	(60, 1.4560557008410747e-05)	(65, 0.0)	(70, 0.0)	(75, 1.8992030880535758e-06)	(80, 1.8992030880535758e-06)	(85, 2.5322707840714343e-06)	(90, 0.0)	(95, 0.0)	(100, 1.899203088053576e-05)	(105, 3.1653384800892928e-06)	(110, 1.2661353920357172e-06)	(115, 6.330676960178586e-07)	(120, 0.0)	(125, 2.5955775536732203e-05)	(130, 1.5826692400446464e-05)	(135, 1.2661353920357172e-06)	(140, 0.0)	(145, 0.0)	(150, 0.0)	
/ | scratch | karcher | fastqc | 240813_MG011_PRISMA_NovaSeq_final_for_Q | H5YFCDSXC_240813_MG_PRISMA_24s001116-1-1_Gross_lane1MG309 | H5YFCDSXC_240813_MG_PRISMA_24s001116-1-1_Gross_lane1MG309_1	(1, 0.00017309923290497942)	(2, 0.04809850684986361)	(3, 0.0)	(4, 0.0)	(5, 0.0)	(6, 0.0)	(7, 0.0)	(8, 0.0)	(9, 0.0)	(10, 3.00038670368631e-05)	(15, 0.00019387114085357696)	(20, 8.924227118656716e-05)	(25, 0.00036004640444235714)	(30, 0.0012240039091192098)	(35, 9.693557042678848e-05)	(40, 4.615979544132784e-06)	(45, 0.0)	(50, 0.0)	(55, 7.693299240221307e-06)	(60, 5.00064450614385e-05)	(65, 1.8463918176531136e-05)	(70, 0.0)	(75, 3.8466496201106536e-06)	(80, 5.0775774985460626e-05)	(85, 6.616237346590323e-05)	(90, 2.4618557568708184e-05)	(95, 0.0)	(100, 0.0)	(105, 7.693299240221308e-07)	(110, 0.0)	(115, 0.0)	(120, 0.0)	(125, 0.0)	(130, 4.615979544132784e-06)	(135, 0.0)	(140, 0.0)	(145, 0.0)	(150, 0.0)	
/ | scratch | karcher | fastqc | 240813_MG011_PRISMA_NovaSeq_final_for_Q | H5YFCDSXC_240813_MG_PRISMA_24s001116-1-1_Gross_lane1MG309 | H5YFCDSXC_240813_MG_PRISMA_24s001116-1-1_Gross_lane1MG309_2	(1, 0.0018887049634743306)	(2, 0.00039235826125128665)	(3, 0.0)	(4, 0.0)	(5, 3.8466496201106536e-06)	(6, 0.0)	(7, 0.0)	(8, 0.0)	(9, 0.0)	(10, 0.0)	(15, 0.0)	(20, 0.0)	(25, 2.307989772066392e-06)	(30, 0.0)	(35, 0.0)	(40, 0.0)	(45, 0.0)	(50, 0.0)	(55, 0.0)	(60, 1.3078608708376223e-05)	(65, 0.0)	(70, 0.0)	(75, 1.5386598480442615e-06)	(80, 1.5386598480442615e-06)	(85, 0.0)	(90, 0.0)	(95, 0.0)	(100, 1.5386598480442614e-05)	(105, 1.5386598480442615e-06)	(110, 1.5386598480442615e-06)	(115, 0.0)	(120, 0.0)	(125, 2.154123787261966e-05)	(130, 7.693299240221307e-06)	(135, 0.0)	(140, 0.0)	(145, 0.0)	(150, 0.0)	
/ | scratch | karcher | fastqc | 240813_MG011_PRISMA_NovaSeq_final_for_Q | H5YFCDSXC_240813_MG_PRISMA_24s001116-1-1_Gross_lane1MG310 | H5YFCDSXC_240813_MG_PRISMA_24s001116-1-1_Gross_lane1MG310_1	(1, 0.00022348637590446956)	(2, 0.048604433545844476)	(3, 0.0)	(4, 0.0)	(5, 0.0)	(6, 0.0)	(7, 0.0)	(8, 0.0)	(9, 0.0)	(10, 2.3889922941512266e-05)	(15, 0.00019728452493635937)	(20, 7.937619557986333e-05)	(25, 0.0003768442683354677)	(30, 0.0013124044764321093)	(35, 0.00010018354781924499)	(40, 5.3944987287285765e-06)	(45, 0.0)	(50, 0.0)	(55, 1.233028280852246e-05)	(60, 5.471562996281842e-05)	(65, 2.1577994914914306e-05)	(70, 0.0)	(75, 5.3944987287285765e-06)	(80, 6.704591277134088e-05)	(85, 8.32294089575266e-05)	(90, 3.853213377663269e-05)	(95, 0.0)	(100, 0.0)	(105, 7.706426755326538e-07)	(110, 0.0)	(115, 0.0)	(120, 0.0)	(125, 0.0)	(130, 6.16514140426123e-06)	(135, 0.0)	(140, 0.0)	(145, 0.0)	(150, 0.0)	
/ | scratch | karcher | fastqc | 240813_MG011_PRISMA_NovaSeq_final_for_Q | H5YFCDSXC_240813_MG_PRISMA_24s001116-1-1_Gross_lane1MG310 | H5YFCDSXC_240813_MG_PRISMA_24s001116-1-1_Gross_lane1MG310_2	(1, 0.0017570653002144507)	(2, 0.0003699084842556738)	(3, 3.853213377663269e-06)	(4, 0.0)	(5, 3.853213377663269e-06)	(6, 0.0)	(7, 0.0)	(8, 0.0)	(9, 0.0)	(10, 0.0)	(15, 0.0)	(20, 0.0)	(25, 3.082570702130615e-06)	(30, 0.0)	(35, 0.0)	(40, 0.0)	(45, 0.0)	(50, 7.706426755326538e-07)	(55, 0.0)	(60, 1.4642210835120422e-05)	(65, 0.0)	(70, 0.0)	(75, 2.3119280265979613e-06)	(80, 3.082570702130615e-06)	(85, 2.3119280265979613e-06)	(90, 0.0)	(95, 0.0)	(100, 2.1577994914914306e-05)	(105, 7.706426755326538e-07)	(110, 2.3119280265979613e-06)	(115, 7.706426755326538e-07)	(120, 0.0)	(125, 2.851377899470819e-05)	(130, 1.4642210835120422e-05)	(135, 0.0)	(140, 0.0)	(145, 0.0)	(150, 0.0)	
/ | scratch | karcher | fastqc | 240813_MG011_PRISMA_NovaSeq_final_for_Q | H5YFCDSXC_240813_MG_PRISMA_24s001116-1-1_Gross_lane1MG311 | H5YFCDSXC_240813_MG_PRISMA_24s001116-1-1_Gross_lane1MG311_1	(1, 0.0002168220651591427)	(2, 0.04856066597271145)	(3, 0.0)	(4, 0.0)	(5, 0.0)	(6, 0.0)	(7, 0.0)	(8, 0.0)	(9, 0.0)	(10, 2.691584257147979e-05)	(15, 0.0001884108980003585)	(20, 9.121479982557038e-05)	(25, 0.000376821796000717)	(30, 0.0012695305746214633)	(35, 0.00010168207193670141)	(40, 8.971947523826594e-06)	(45, 0.0)	(50, 0.0)	(55, 8.22428523017438e-06)	(60, 6.056064578582952e-05)	(65, 2.4672855690523135e-05)	(70, 0.0)	(75, 2.9906491746088656e-06)	(80, 6.280363266678616e-05)	(85, 7.626155395252607e-05)	(90, 4.7102724500089625e-05)	(95, 0.0)	(100, 0.0)	(105, 2.2429868809566485e-06)	(110, 0.0)	(115, 0.0)	(120, 0.0)	(125, 0.0)	(130, 1.0467272111131028e-05)	(135, 0.0)	(140, 0.0)	(145, 0.0)	(150, 0.0)	
/ | scratch | karcher | fastqc | 240813_MG011_PRISMA_NovaSeq_final_for_Q | H5YFCDSXC_240813_MG_PRISMA_24s001116-1-1_Gross_lane1MG311 | H5YFCDSXC_240813_MG_PRISMA_24s001116-1-1_Gross_lane1MG311_2	(1, 0.0019214920946861959)	(2, 0.00031401816333393085)	(3, 0.0)	(4, 0.0)	(5, 0.0)	(6, 0.0)	(7, 0.0)	(8, 0.0)	(9, 0.0)	(10, 0.0)	(15, 0.0)	(20, 0.0)	(25, 4.485973761913297e-06)	(30, 0.0)	(35, 0.0)	(40, 0.0)	(45, 0.0)	(50, 0.0)	(55, 0.0)	(60, 1.7196232754000975e-05)	(65, 0.0)	(70, 0.0)	(75, 3.7383114682610818e-06)	(80, 3.7383114682610818e-06)	(85, 2.9906491746088656e-06)	(90, 0.0)	(95, 0.0)	(100, 2.2429868809566487e-05)	(105, 1.4953245873044328e-06)	(110, 1.4953245873044328e-06)	(115, 1.4953245873044328e-06)	(120, 0.0)	(125, 3.0654154039740864e-05)	(130, 1.570090816669654e-05)	(135, 1.4953245873044328e-06)	(140, 0.0)	(145, 0.0)	(150, 0.0)	
/ | scratch | karcher | fastqc | 240813_MG011_PRISMA_NovaSeq_final_for_Q | H5YFCDSXC_240813_MG_PRISMA_24s001116-1-1_Gross_lane1MG312 | H5YFCDSXC_240813_MG_PRISMA_24s001116-1-1_Gross_lane1MG312_1	(1, 0.00021971940952525984)	(2, 0.04825437723010207)	(3, 0.0)	(4, 0.0)	(5, 0.0)	(6, 0.0)	(7, 0.0)	(8, 0.0)	(9, 0.0)	(10, 3.275816651103874e-05)	(15, 0.0001757755276202079)	(20, 8.469184512610017e-05)	(25, 0.00036273677063442905)	(30, 0.0012871562499825223)	(35, 9.348062150711055e-05)	(40, 6.39183736800756e-06)	(45, 0.0)	(50, 0.0)	(55, 5.592857697006615e-06)	(60, 3.755204453704441e-05)	(65, 1.5979593420018898e-05)	(70, 0.0)	(75, 3.19591868400378e-06)	(80, 4.154694289204914e-05)	(85, 4.9536739602058594e-05)	(90, 3.435612585304063e-05)	(95, 0.0)	(100, 0.0)	(105, 7.98979671000945e-07)	(110, 0.0)	(115, 0.0)	(120, 0.0)	(125, 0.0)	(130, 7.989796710009449e-06)	(135, 0.0)	(140, 7.98979671000945e-07)	(145, 0.0)	(150, 0.0)	
/ | scratch | karcher | fastqc | 240813_MG011_PRISMA_NovaSeq_final_for_Q | H5YFCDSXC_240813_MG_PRISMA_24s001116-1-1_Gross_lane1MG312 | H5YFCDSXC_240813_MG_PRISMA_24s001116-1-1_Gross_lane1MG312_2	(1, 0.0019774746857273385)	(2, 0.00029562247827034964)	(3, 0.0)	(4, 0.0)	(5, 0.0)	(6, 0.0)	(7, 0.0)	(8, 0.0)	(9, 0.0)	(10, 0.0)	(15, 0.0)	(20, 0.0)	(25, 4.79387802600567e-06)	(30, 0.0)	(35, 0.0)	(40, 0.0)	(45, 0.0)	(50, 0.0)	(55, 0.0)	(60, 1.3582654407016064e-05)	(65, 0.0)	(70, 0.0)	(75, 7.98979671000945e-07)	(80, 2.396939013002835e-06)	(85, 0.0)	(90, 0.0)	(95, 0.0)	(100, 1.6778573091019845e-05)	(105, 3.19591868400378e-06)	(110, 7.98979671000945e-07)	(115, 0.0)	(120, 0.0)	(125, 2.3170410459027403e-05)	(130, 1.0386735723012285e-05)	(135, 0.0)	(140, 0.0)	(145, 0.0)	(150, 0.0)	
/ | scratch | karcher | fastqc | 240813_MG011_PRISMA_NovaSeq_final_for_Q | H5YFCDSXC_240813_MG_PRISMA_24s001116-1-1_Gross_lane1MG313 | H5YFCDSXC_240813_MG_PRISMA_24s001116-1-1_Gross_lane1MG313_1	(1, 0.0001869871966030851)	(2, 0.0483577657676594)	(3, 0.0)	(4, 0.0)	(5, 0.0)	(6, 0.0)	(7, 0.0)	(8, 0.0)	(9, 0.0)	(10, 3.068507841691653e-05)	(15, 0.0001889050140041424)	(20, 8.246614824546318e-05)	(25, 0.0004123307412273159)	(30, 0.0013635681721517283)	(35, 9.493196135233551e-05)	(40, 5.75345220317185e-06)	(45, 0.0)	(50, 0.0)	(55, 6.712360903700491e-06)	(60, 5.2739978529075285e-05)	(65, 2.013708271110147e-05)	(70, 0.0)	(75, 4.794543502643208e-06)	(80, 5.849343073224713e-05)	(85, 6.616470033647627e-05)	(90, 3.547962191955974e-05)	(95, 0.0)	(100, 0.0)	(105, 9.589087005286416e-07)	(110, 0.0)	(115, 0.0)	(120, 0.0)	(125, 0.0)	(130, 5.75345220317185e-06)	(135, 0.0)	(140, 0.0)	(145, 0.0)	(150, 0.0)	
/ | scratch | karcher | fastqc | 240813_MG011_PRISMA_NovaSeq_final_for_Q | H5YFCDSXC_240813_MG_PRISMA_24s001116-1-1_Gross_lane1MG313 | H5YFCDSXC_240813_MG_PRISMA_24s001116-1-1_Gross_lane1MG313_2	(1, 0.0017595974654700571)	(2, 0.00030205624066652207)	(3, 0.0)	(4, 0.0)	(5, 0.0)	(6, 0.0)	(7, 0.0)	(8, 0.0)	(9, 0.0)	(10, 0.0)	(15, 0.0)	(20, 0.0)	(25, 9.589087005286416e-07)	(30, 0.0)	(35, 0.0)	(40, 0.0)	(45, 0.0)	(50, 0.0)	(55, 0.0)	(60, 1.2465813106872341e-05)	(65, 0.0)	(70, 0.0)	(75, 1.917817401057283e-06)	(80, 1.917817401057283e-06)	(85, 9.589087005286416e-07)	(90, 0.0)	(95, 0.0)	(100, 1.6301447908986907e-05)	(105, 0.0)	(110, 9.589087005286416e-07)	(115, 9.589087005286416e-07)	(120, 0.0)	(125, 2.30138088126874e-05)	(130, 1.2465813106872341e-05)	(135, 0.0)	(140, 0.0)	(145, 0.0)	(150, 0.0)	
/ | scratch | karcher | fastqc | 240813_MG011_PRISMA_NovaSeq_final_for_Q | H5YFCDSXC_240813_MG_PRISMA_24s001116-1-1_Gross_lane1MG314 | H5YFCDSXC_240813_MG_PRISMA_24s001116-1-1_Gross_lane1MG314_1	(1, 0.00030309874421927943)	(2, 0.049286697360781895)	(3, 0.0)	(4, 0.0)	(5, 0.0)	(6, 0.0)	(7, 0.0)	(8, 0.0)	(9, 0.0)	(10, 2.9362690846242698e-05)	(15, 0.00017901769580451192)	(20, 0.00010040145902263632)	(25, 0.00041770795687719447)	(30, 0.0013156379866268097)	(35, 0.00010040145902263632)	(40, 5.683101454111489e-06)	(45, 0.0)	(50, 0.0)	(55, 5.683101454111489e-06)	(60, 5.777819811680014e-05)	(65, 1.7996487938019716e-05)	(70, 0.0)	(75, 3.788734302740993e-06)	(80, 5.9672565268170644e-05)	(85, 6.440848314659688e-05)	(90, 3.4098608724668936e-05)	(95, 0.0)	(100, 0.0)	(105, 1.8943671513704964e-06)	(110, 0.0)	(115, 0.0)	(120, 0.0)	(125, 0.0)	(130, 6.6302850297967375e-06)	(135, 0.0)	(140, 9.471835756852482e-07)	(145, 0.0)	(150, 0.0)	
/ | scratch | karcher | fastqc | 240813_MG011_PRISMA_NovaSeq_final_for_Q | H5YFCDSXC_240813_MG_PRISMA_24s001116-1-1_Gross_lane1MG314 | H5YFCDSXC_240813_MG_PRISMA_24s001116-1-1_Gross_lane1MG314_2	(1, 0.0017854410401666931)	(2, 0.0003694015945172468)	(3, 0.0)	(4, 0.0)	(5, 0.0)	(6, 0.0)	(7, 0.0)	(8, 0.0)	(9, 0.0)	(10, 0.0)	(15, 0.0)	(20, 0.0)	(25, 2.8415507270557446e-06)	(30, 0.0)	(35, 0.0)	(40, 0.0)	(45, 0.0)	(50, 0.0)	(55, 0.0)	(60, 1.610212078664922e-05)	(65, 0.0)	(70, 0.0)	(75, 1.8943671513704964e-06)	(80, 9.471835756852482e-07)	(85, 1.8943671513704964e-06)	(90, 0.0)	(95, 0.0)	(100, 2.083803866507546e-05)	(105, 1.8943671513704964e-06)	(110, 9.471835756852482e-07)	(115, 9.471835756852482e-07)	(120, 0.0)	(125, 2.5573956543501702e-05)	(130, 9.471835756852482e-06)	(135, 0.0)	(140, 0.0)	(145, 0.0)	(150, 0.0)	
/ | scratch | karcher | fastqc | 240813_MG011_PRISMA_NovaSeq_final_for_Q | H5YFCDSXC_240813_MG_PRISMA_24s001116-1-1_Gross_lane1MG315 | H5YFCDSXC_240813_MG_PRISMA_24s001116-1-1_Gross_lane1MG315_1	(1, 0.00020656391527948604)	(2, 0.048285289554670804)	(3, 0.0)	(4, 0.0)	(5, 0.0)	(6, 0.0)	(7, 0.0)	(8, 0.0)	(9, 0.0)	(10, 2.9620485964605543e-05)	(15, 0.00020500494233398046)	(20, 8.262556611179442e-05)	(25, 0.0003936406687401526)	(30, 0.0013048603553881496)	(35, 0.00010678964676713052)	(40, 7.794864727527775e-06)	(45, 0.0)	(50, 0.0)	(55, 8.574351200280552e-06)	(60, 5.456405309269442e-05)	(65, 1.7148702400561104e-05)	(70, 0.0)	(75, 5.4564053092694425e-06)	(80, 5.768199898370553e-05)	(85, 6.469737723848053e-05)	(90, 3.81948371648861e-05)	(95, 0.0)	(100, 0.0)	(105, 1.5589729455055548e-06)	(110, 0.0)	(115, 0.0)	(120, 0.0)	(125, 0.0)	(130, 6.235891782022219e-06)	(135, 0.0)	(140, 0.0)	(145, 0.0)	(150, 0.0)	
/ | scratch | karcher | fastqc | 240813_MG011_PRISMA_NovaSeq_final_for_Q | H5YFCDSXC_240813_MG_PRISMA_24s001116-1-1_Gross_lane1MG315 | H5YFCDSXC_240813_MG_PRISMA_24s001116-1-1_Gross_lane1MG315_2	(1, 0.0017733317255125688)	(2, 0.00036635864219380546)	(3, 3.897432363763887e-06)	(4, 0.0)	(5, 0.0)	(6, 0.0)	(7, 0.0)	(8, 0.0)	(9, 0.0)	(10, 0.0)	(15, 0.0)	(20, 0.0)	(25, 2.3384594182583324e-06)	(30, 0.0)	(35, 0.0)	(40, 0.0)	(45, 0.0)	(50, 0.0)	(55, 0.0)	(60, 1.3251270036797216e-05)	(65, 0.0)	(70, 0.0)	(75, 7.794864727527774e-07)	(80, 2.3384594182583324e-06)	(85, 1.5589729455055548e-06)	(90, 0.0)	(95, 0.0)	(100, 2.1046134764324992e-05)	(105, 7.794864727527774e-07)	(110, 7.794864727527774e-07)	(115, 0.0)	(120, 0.0)	(125, 2.41640806553361e-05)	(130, 1.3251270036797216e-05)	(135, 0.0)	(140, 0.0)	(145, 0.0)	(150, 0.0)	
/ | scratch | karcher | fastqc | 240813_MG011_PRISMA_NovaSeq_final_for_Q | H5YFCDSXC_240813_MG_PRISMA_24s001116-1-1_Gross_lane1MG316 | H5YFCDSXC_240813_MG_PRISMA_24s001116-1-1_Gross_lane1MG316_1	(1, 0.0002335850445773699)	(2, 0.04843152314267187)	(3, 0.0)	(4, 0.0)	(5, 0.0)	(6, 0.0)	(7, 0.0)	(8, 0.0)	(9, 0.0)	(10, 2.803020534928439e-05)	(15, 0.00020462049904977603)	(20, 0.00011398950175375651)	(25, 0.00041297835881279)	(30, 0.0013921668656811247)	(35, 9.436835800925744e-05)	(40, 6.540381248166358e-06)	(45, 0.0)	(50, 0.0)	(55, 1.0277741961404276e-05)	(60, 5.606041069856878e-05)	(65, 2.709586517097491e-05)	(70, 0.0)	(75, 3.7373607132379185e-06)	(80, 6.727249283828254e-05)	(85, 8.409061604785317e-05)	(90, 4.2045308023926584e-05)	(95, 0.0)	(100, 0.0)	(105, 9.343401783094796e-07)	(110, 0.0)	(115, 0.0)	(120, 0.0)	(125, 0.0)	(130, 1.0277741961404276e-05)	(135, 0.0)	(140, 0.0)	(145, 0.0)	(150, 0.0)	
/ | scratch | karcher | fastqc | 240813_MG011_PRISMA_NovaSeq_final_for_Q | H5YFCDSXC_240813_MG_PRISMA_24s001116-1-1_Gross_lane1MG316 | H5YFCDSXC_240813_MG_PRISMA_24s001116-1-1_Gross_lane1MG316_2	(1, 0.0017939331423542009)	(2, 0.0003130039597336757)	(3, 0.0)	(4, 0.0)	(5, 0.0)	(6, 0.0)	(7, 0.0)	(8, 0.0)	(9, 0.0)	(10, 0.0)	(15, 0.0)	(20, 0.0)	(25, 5.606041069856878e-06)	(30, 0.0)	(35, 0.0)	(40, 0.0)	(45, 0.0)	(50, 9.343401783094796e-07)	(55, 0.0)	(60, 1.6818123209570636e-05)	(65, 0.0)	(70, 0.0)	(75, 3.7373607132379185e-06)	(80, 3.7373607132379185e-06)	(85, 2.803020534928439e-06)	(90, 0.0)	(95, 0.0)	(100, 2.4292844636046472e-05)	(105, 4.671700891547398e-06)	(110, 9.343401783094796e-07)	(115, 9.343401783094796e-07)	(120, 0.0)	(125, 2.9898885705903348e-05)	(130, 1.5883783031261152e-05)	(135, 0.0)	(140, 0.0)	(145, 0.0)	(150, 0.0)	
/ | scratch | karcher | fastqc | 240813_MG011_PRISMA_NovaSeq_final_for_Q | H5YFCDSXC_240813_MG_PRISMA_24s001116-1-1_Gross_lane1MG317 | H5YFCDSXC_240813_MG_PRISMA_24s001116-1-1_Gross_lane1MG317_1	(1, 0.0002655195647373656)	(2, 0.04789398851505887)	(3, 0.0)	(4, 0.0)	(5, 0.0)	(6, 0.0)	(7, 0.0)	(8, 0.0)	(9, 0.0)	(10, 3.5881022261806165e-05)	(15, 0.00018227559308997532)	(20, 9.329065788069603e-05)	(25, 0.00040760841289411804)	(30, 0.0012701881880679382)	(35, 0.00011051354856636299)	(40, 8.61144534283348e-06)	(45, 0.0)	(50, 0.0)	(55, 1.5787649795194716e-05)	(60, 5.884487650936211e-05)	(65, 2.1528613357083698e-05)	(70, 0.0)	(75, 7.176204452361234e-06)	(80, 7.463252630455682e-05)	(85, 8.037348986644581e-05)	(90, 4.592770849511189e-05)	(95, 0.0)	(100, 0.0)	(105, 5.7409635618889865e-06)	(110, 1.4352408904722466e-06)	(115, 0.0)	(120, 0.0)	(125, 0.0)	(130, 8.61144534283348e-06)	(135, 0.0)	(140, 0.0)	(145, 0.0)	(150, 0.0)	
/ | scratch | karcher | fastqc | 240813_MG011_PRISMA_NovaSeq_final_for_Q | H5YFCDSXC_240813_MG_PRISMA_24s001116-1-1_Gross_lane1MG317 | H5YFCDSXC_240813_MG_PRISMA_24s001116-1-1_Gross_lane1MG317_2	(1, 0.001966280019946978)	(2, 0.000308576791451533)	(3, 0.0)	(4, 0.0)	(5, 0.0)	(6, 0.0)	(7, 0.0)	(8, 0.0)	(9, 0.0)	(10, 0.0)	(15, 0.0)	(20, 0.0)	(25, 5.7409635618889865e-06)	(30, 0.0)	(35, 0.0)	(40, 0.0)	(45, 0.0)	(50, 2.8704817809444933e-06)	(55, 0.0)	(60, 1.4352408904722468e-05)	(65, 0.0)	(70, 0.0)	(75, 4.30572267141674e-06)	(80, 8.61144534283348e-06)	(85, 7.176204452361234e-06)	(90, 0.0)	(95, 0.0)	(100, 2.0093372466611453e-05)	(105, 1.4352408904722466e-06)	(110, 4.30572267141674e-06)	(115, 4.30572267141674e-06)	(120, 0.0)	(125, 3.301054048086167e-05)	(130, 2.1528613357083698e-05)	(135, 4.30572267141674e-06)	(140, 0.0)	(145, 0.0)	(150, 0.0)	
/ | scratch | karcher | fastqc | 240813_MG011_PRISMA_NovaSeq_final_for_Q | H5YFCDSXC_240813_MG_PRISMA_24s001116-1-1_Gross_lane1MG318 | H5YFCDSXC_240813_MG_PRISMA_24s001116-1-1_Gross_lane1MG318_1	(1, 0.00022706002096184477)	(2, 0.0487043744963157)	(3, 0.0)	(4, 0.0)	(5, 0.0)	(6, 0.0)	(7, 0.0)	(8, 0.0)	(9, 0.0)	(10, 3.111563250217873e-05)	(15, 0.00016651068203868614)	(20, 0.00010007460183133156)	(25, 0.00038852492475693434)	(30, 0.0012076229263007741)	(35, 8.07324518975448e-05)	(40, 5.04577824359655e-06)	(45, 0.0)	(50, 0.0)	(55, 1.177348256839195e-05)	(60, 6.307222804495687e-05)	(65, 2.1865039055585048e-05)	(70, 0.0)	(75, 4.204815202997125e-06)	(80, 6.559511716675515e-05)	(85, 7.484571061334882e-05)	(90, 4.2048152029971255e-05)	(95, 0.0)	(100, 0.0)	(105, 0.0)	(110, 0.0)	(115, 0.0)	(120, 0.0)	(125, 0.0)	(130, 1.00915564871931e-05)	(135, 0.0)	(140, 0.0)	(145, 0.0)	(150, 0.0)	
/ | scratch | karcher | fastqc | 240813_MG011_PRISMA_NovaSeq_final_for_Q | H5YFCDSXC_240813_MG_PRISMA_24s001116-1-1_Gross_lane1MG318 | H5YFCDSXC_240813_MG_PRISMA_24s001116-1-1_Gross_lane1MG318_2	(1, 0.001942624623784672)	(2, 0.0003405900314427671)	(3, 0.0)	(4, 0.0)	(5, 0.0)	(6, 0.0)	(7, 0.0)	(8, 0.0)	(9, 0.0)	(10, 0.0)	(15, 0.0)	(20, 0.0)	(25, 2.522889121798275e-06)	(30, 0.0)	(35, 0.0)	(40, 0.0)	(45, 0.0)	(50, 0.0)	(55, 0.0)	(60, 1.4296371690190225e-05)	(65, 0.0)	(70, 0.0)	(75, 8.40963040599425e-07)	(80, 0.0)	(85, 0.0)	(90, 0.0)	(95, 0.0)	(100, 2.1024076014985627e-05)	(105, 0.0)	(110, 8.40963040599425e-07)	(115, 0.0)	(120, 0.0)	(125, 2.4387928177383323e-05)	(130, 1.177348256839195e-05)	(135, 0.0)	(140, 0.0)	(145, 0.0)	(150, 0.0)	
/ | scratch | karcher | fastqc | 240813_MG011_PRISMA_NovaSeq_final_for_Q | H5YFCDSXC_240813_MG_PRISMA_24s001116-1-1_Gross_lane1MG319 | H5YFCDSXC_240813_MG_PRISMA_24s001116-1-1_Gross_lane1MG319_1	(1, 0.00030912472089242044)	(2, 0.04849865285708523)	(3, 0.0)	(4, 0.0)	(5, 0.0)	(6, 0.0)	(7, 0.0)	(8, 0.0)	(9, 0.0)	(10, 2.4880770218170427e-05)	(15, 0.00016964161512388927)	(20, 8.51977889288866e-05)	(25, 0.00038678288248246754)	(30, 0.001296815902280398)	(35, 9.349137900161009e-05)	(40, 7.539627338839523e-06)	(45, 0.0)	(50, 0.0)	(55, 1.0555478274375331e-05)	(60, 6.107098144460013e-05)	(65, 1.960303108098276e-05)	(70, 0.0)	(75, 6.031701871071618e-06)	(80, 6.107098144460013e-05)	(85, 6.861060878343966e-05)	(90, 4.071398762973342e-05)	(95, 0.0)	(100, 0.0)	(105, 3.015850935535809e-06)	(110, 7.539627338839523e-07)	(115, 0.0)	(120, 0.0)	(125, 0.0)	(130, 7.539627338839523e-06)	(135, 0.0)	(140, 7.539627338839523e-07)	(145, 0.0)	(150, 0.0)	
/ | scratch | karcher | fastqc | 240813_MG011_PRISMA_NovaSeq_final_for_Q | H5YFCDSXC_240813_MG_PRISMA_24s001116-1-1_Gross_lane1MG319 | H5YFCDSXC_240813_MG_PRISMA_24s001116-1-1_Gross_lane1MG319_2	(1, 0.0016813368965612136)	(2, 0.00039206062161965523)	(3, 0.0)	(4, 0.0)	(5, 3.7698136694197614e-06)	(6, 0.0)	(7, 0.0)	(8, 0.0)	(9, 0.0)	(10, 0.0)	(15, 0.0)	(20, 0.0)	(25, 5.2777391371876655e-06)	(30, 7.539627338839523e-07)	(35, 0.0)	(40, 0.0)	(45, 0.0)	(50, 7.539627338839523e-07)	(55, 0.0)	(60, 1.5833217411562998e-05)	(65, 0.0)	(70, 0.0)	(75, 3.7698136694197614e-06)	(80, 5.2777391371876655e-06)	(85, 3.015850935535809e-06)	(90, 0.0)	(95, 0.0)	(100, 2.2618882016518568e-05)	(105, 3.7698136694197614e-06)	(110, 3.015850935535809e-06)	(115, 3.015850935535809e-06)	(120, 0.0)	(125, 2.4880770218170427e-05)	(130, 1.8849068347098806e-05)	(135, 1.5079254677679046e-06)	(140, 0.0)	(145, 0.0)	(150, 0.0)	
/ | scratch | karcher | fastqc | 240813_MG011_PRISMA_NovaSeq_final_for_Q | H5YFCDSXC_240813_MG_PRISMA_24s001116-1-1_Gross_lane1MG320 | H5YFCDSXC_240813_MG_PRISMA_24s001116-1-1_Gross_lane1MG320_1	(1, 0.0002686495756738354)	(2, 0.04816225001572963)	(3, 0.0)	(4, 0.0)	(5, 0.0)	(6, 0.0)	(7, 0.0)	(8, 0.0)	(9, 0.0)	(10, 2.491822151177604e-05)	(15, 0.0001876653557605633)	(20, 9.032855298018815e-05)	(25, 0.0003745520170988836)	(30, 0.001266935824989363)	(35, 8.565638644673013e-05)	(40, 8.565638644673014e-06)	(45, 0.0)	(50, 0.0)	(55, 1.0901721911402018e-05)	(60, 6.15168593571971e-05)	(65, 1.946736055607503e-05)	(70, 0.0)	(75, 4.672166533458007e-06)	(80, 6.15168593571971e-05)	(85, 7.163988684635611e-05)	(90, 3.581994342317806e-05)	(95, 0.0)	(100, 0.0)	(105, 2.3360832667290036e-06)	(110, 0.0)	(115, 0.0)	(120, 0.0)	(125, 0.0)	(130, 9.344333066916014e-06)	(135, 0.0)	(140, 7.786944222430012e-07)	(145, 0.0)	(150, 0.0)	
/ | scratch | karcher | fastqc | 240813_MG011_PRISMA_NovaSeq_final_for_Q | H5YFCDSXC_240813_MG_PRISMA_24s001116-1-1_Gross_lane1MG320 | H5YFCDSXC_240813_MG_PRISMA_24s001116-1-1_Gross_lane1MG320_2	(1, 0.0017403820337131078)	(2, 0.0003231581852308455)	(3, 0.0)	(4, 0.0)	(5, 3.893472111215007e-06)	(6, 0.0)	(7, 0.0)	(8, 0.0)	(9, 0.0)	(10, 0.0)	(15, 0.0)	(20, 0.0)	(25, 3.893472111215007e-06)	(30, 0.0)	(35, 0.0)	(40, 0.0)	(45, 0.0)	(50, 0.0)	(55, 0.0)	(60, 1.323780517813102e-05)	(65, 0.0)	(70, 0.0)	(75, 2.3360832667290036e-06)	(80, 2.3360832667290036e-06)	(85, 7.786944222430012e-07)	(90, 0.0)	(95, 0.0)	(100, 2.0246054978318033e-05)	(105, 1.5573888444860024e-06)	(110, 2.3360832667290036e-06)	(115, 2.3360832667290036e-06)	(120, 0.0)	(125, 2.3360832667290038e-05)	(130, 1.5573888444860027e-05)	(135, 0.0)	(140, 0.0)	(145, 0.0)	(150, 0.0)	
/ | scratch | karcher | fastqc | 240813_MG011_PRISMA_NovaSeq_final_for_Q | H5YFCDSXC_240813_MG_PRISMA_24s001116-1-1_Gross_lane1MG321 | H5YFCDSXC_240813_MG_PRISMA_24s001116-1-1_Gross_lane1MG321_1	(1, 0.00023409457801355438)	(2, 0.04853073220443499)	(3, 0.0)	(4, 0.0)	(5, 0.0)	(6, 0.0)	(7, 0.0)	(8, 0.0)	(9, 0.0)	(10, 3.413879262697668e-05)	(15, 0.00020190657353669065)	(20, 9.558861935553471e-05)	(25, 0.0004067393292985507)	(30, 0.001311905030950961)	(35, 9.363783120542175e-05)	(40, 1.1704728900677719e-05)	(45, 0.0)	(50, 0.0)	(55, 1.6581699275960103e-05)	(60, 5.072049190293678e-05)	(65, 2.1458669651242485e-05)	(70, 0.0)	(75, 5.852364450338859e-06)	(80, 6.827758525395336e-05)	(85, 7.90069200795746e-05)	(90, 4.97450978278803e-05)	(95, 0.0)	(100, 0.0)	(105, 3.901576300225906e-06)	(110, 0.0)	(115, 0.0)	(120, 0.0)	(125, 0.0)	(130, 8.778546675508289e-06)	(135, 0.0)	(140, 9.753940750564766e-07)	(145, 0.0)	(150, 0.0)	
/ | scratch | karcher | fastqc | 240813_MG011_PRISMA_NovaSeq_final_for_Q | H5YFCDSXC_240813_MG_PRISMA_24s001116-1-1_Gross_lane1MG321 | H5YFCDSXC_240813_MG_PRISMA_24s001116-1-1_Gross_lane1MG321_2	(1, 0.0017996020684791993)	(2, 0.00032188004476863723)	(3, 4.876970375282383e-06)	(4, 0.0)	(5, 4.876970375282383e-06)	(6, 0.0)	(7, 0.0)	(8, 0.0)	(9, 0.0)	(10, 0.0)	(15, 0.0)	(20, 0.0)	(25, 3.901576300225906e-06)	(30, 0.0)	(35, 0.0)	(40, 0.0)	(45, 0.0)	(50, 0.0)	(55, 0.0)	(60, 1.7557093351016578e-05)	(65, 0.0)	(70, 0.0)	(75, 2.9261822251694297e-06)	(80, 2.9261822251694297e-06)	(85, 1.950788150112953e-06)	(90, 0.0)	(95, 0.0)	(100, 2.4384851876411916e-05)	(105, 1.950788150112953e-06)	(110, 3.901576300225906e-06)	(115, 1.950788150112953e-06)	(120, 0.0)	(125, 3.121261040180725e-05)	(130, 2.048327557618601e-05)	(135, 0.0)	(140, 0.0)	(145, 0.0)	(150, 0.0)	
/ | scratch | karcher | fastqc | 240813_MG011_PRISMA_NovaSeq_final_for_Q | H5YFCDSXC_240813_MG_PRISMA_24s001116-1-1_Gross_lane1MG322 | H5YFCDSXC_240813_MG_PRISMA_24s001116-1-1_Gross_lane1MG322_1	(1, 0.00028098908483646884)	(2, 0.0495029465981466)	(3, 0.0)	(4, 0.0)	(5, 0.0)	(6, 0.0)	(7, 0.0)	(8, 0.0)	(9, 0.0)	(10, 3.339290573418905e-05)	(15, 0.00017918144540296564)	(20, 7.655934485399441e-05)	(25, 0.000351032740766719)	(30, 0.0011687517006966168)	(35, 8.063165043133453e-05)	(40, 6.515688923744205e-06)	(45, 0.0)	(50, 0.0)	(55, 8.95907227014828e-06)	(60, 4.886766692808154e-05)	(65, 2.1990450117636693e-05)	(70, 0.0)	(75, 4.8867666928081535e-06)	(80, 5.8641200313697836e-05)	(85, 7.248703927665427e-05)	(90, 3.094952238778498e-05)	(95, 0.0)	(100, 0.0)	(105, 3.2578444618721024e-06)	(110, 0.0)	(115, 0.0)	(120, 0.0)	(125, 0.0)	(130, 6.515688923744205e-06)	(135, 0.0)	(140, 8.144611154680256e-07)	(145, 0.0)	(150, 0.0)	
/ | scratch | karcher | fastqc | 240813_MG011_PRISMA_NovaSeq_final_for_Q | H5YFCDSXC_240813_MG_PRISMA_24s001116-1-1_Gross_lane1MG322 | H5YFCDSXC_240813_MG_PRISMA_24s001116-1-1_Gross_lane1MG322_2	(1, 0.0017551637038335953)	(2, 0.00031763983503253)	(3, 4.072305577340128e-06)	(4, 0.0)	(5, 4.072305577340128e-06)	(6, 0.0)	(7, 0.0)	(8, 0.0)	(9, 0.0)	(10, 0.0)	(15, 0.0)	(20, 0.0)	(25, 2.4433833464040768e-06)	(30, 0.0)	(35, 0.0)	(40, 0.0)	(45, 0.0)	(50, 0.0)	(55, 0.0)	(60, 1.2216916732020385e-05)	(65, 0.0)	(70, 0.0)	(75, 3.2578444618721024e-06)	(80, 2.4433833464040768e-06)	(85, 1.6289222309360512e-06)	(90, 0.0)	(95, 0.0)	(100, 1.6289222309360512e-05)	(105, 8.144611154680256e-07)	(110, 2.4433833464040768e-06)	(115, 1.6289222309360512e-06)	(120, 0.0)	(125, 2.3619372348572743e-05)	(130, 1.3845838962956434e-05)	(135, 0.0)	(140, 0.0)	(145, 0.0)	(150, 0.0)	
/ | scratch | karcher | fastqc | 240813_MG011_PRISMA_NovaSeq_final_for_Q | H5YFCDSXC_240813_MG_PRISMA_24s001116-1-1_Gross_lane1MG323 | H5YFCDSXC_240813_MG_PRISMA_24s001116-1-1_Gross_lane1MG323_1	(1, 0.0002891804100316763)	(2, 0.04830897397720949)	(3, 0.0)	(4, 0.0)	(5, 0.0)	(6, 0.0)	(7, 0.0)	(8, 0.0)	(9, 0.0)	(10, 2.3768252879315863e-05)	(15, 0.00019252284832245851)	(20, 0.00010061893718910383)	(25, 0.00043654357788343464)	(30, 0.0013468676631612322)	(35, 7.764295940576516e-05)	(40, 4.753650575863173e-06)	(45, 0.0)	(50, 0.0)	(55, 9.507301151726346e-06)	(60, 4.119830499081416e-05)	(65, 1.2676401535635127e-05)	(70, 0.0)	(75, 3.961375479885977e-06)	(80, 4.199058008679136e-05)	(85, 4.595195556667734e-05)	(90, 2.297597778333867e-05)	(95, 0.0)	(100, 0.0)	(105, 3.1691003839087817e-06)	(110, 0.0)	(115, 0.0)	(120, 0.0)	(125, 0.0)	(130, 5.545925671840369e-06)	(135, 0.0)	(140, 0.0)	(145, 0.0)	(150, 0.0)	
/ | scratch | karcher | fastqc | 240813_MG011_PRISMA_NovaSeq_final_for_Q | H5YFCDSXC_240813_MG_PRISMA_24s001116-1-1_Gross_lane1MG323 | H5YFCDSXC_240813_MG_PRISMA_24s001116-1-1_Gross_lane1MG323_2	(1, 0.001766773464029146)	(2, 0.00034463966675008)	(3, 0.0)	(4, 0.0)	(5, 0.0)	(6, 0.0)	(7, 0.0)	(8, 0.0)	(9, 0.0)	(10, 0.0)	(15, 0.0)	(20, 0.0)	(25, 1.5845501919543909e-06)	(30, 0.0)	(35, 0.0)	(40, 0.0)	(45, 0.0)	(50, 0.0)	(55, 0.0)	(60, 9.507301151726346e-06)	(65, 0.0)	(70, 0.0)	(75, 7.922750959771954e-07)	(80, 7.922750959771954e-07)	(85, 7.922750959771954e-07)	(90, 0.0)	(95, 0.0)	(100, 1.5053226823566716e-05)	(105, 1.5845501919543909e-06)	(110, 1.5845501919543909e-06)	(115, 0.0)	(120, 0.0)	(125, 1.5053226823566716e-05)	(130, 6.3382007678175635e-06)	(135, 0.0)	(140, 0.0)	(145, 0.0)	(150, 0.0)	
/ | scratch | karcher | fastqc | 240813_MG011_PRISMA_NovaSeq_final_for_Q | H5YFCDSXC_240813_MG_PRISMA_24s001116-1-1_Gross_lane1MG324 | H5YFCDSXC_240813_MG_PRISMA_24s001116-1-1_Gross_lane1MG324_1	(1, 0.0002351824539944384)	(2, 0.04847802089925359)	(3, 0.0)	(4, 0.0)	(5, 0.0)	(6, 0.0)	(7, 0.0)	(8, 0.0)	(9, 0.0)	(10, 2.9328635439306436e-05)	(15, 0.00020585381855513194)	(20, 8.79859063179193e-05)	(25, 0.00040396045039044713)	(30, 0.0012306959474908965)	(35, 9.185949967782771e-05)	(40, 5.533704799869139e-06)	(45, 0.0)	(50, 0.0)	(55, 8.853927679790622e-06)	(60, 5.1463454638782986e-05)	(65, 1.6601114399607418e-05)	(70, 0.0)	(75, 3.873593359908398e-06)	(80, 4.924997271883533e-05)	(85, 5.755052991863904e-05)	(90, 2.7668523999345694e-05)	(95, 0.0)	(100, 0.0)	(105, 2.2134819199476556e-06)	(110, 0.0)	(115, 0.0)	(120, 0.0)	(125, 0.0)	(130, 6.0870752798560525e-06)	(135, 0.0)	(140, 0.0)	(145, 0.0)	(150, 0.0)	
/ | scratch | karcher | fastqc | 240813_MG011_PRISMA_NovaSeq_final_for_Q | H5YFCDSXC_240813_MG_PRISMA_24s001116-1-1_Gross_lane1MG324 | H5YFCDSXC_240813_MG_PRISMA_24s001116-1-1_Gross_lane1MG324_2	(1, 0.0016601114399607418)	(2, 0.0002739183875935224)	(3, 0.0)	(4, 0.0)	(5, 0.0)	(6, 0.0)	(7, 0.0)	(8, 0.0)	(9, 0.0)	(10, 0.0)	(15, 0.0)	(20, 0.0)	(25, 1.1067409599738278e-06)	(30, 0.0)	(35, 0.0)	(40, 0.0)	(45, 0.0)	(50, 0.0)	(55, 0.0)	(60, 1.0514039119751363e-05)	(65, 0.0)	(70, 0.0)	(75, 1.6601114399607417e-06)	(80, 1.1067409599738278e-06)	(85, 1.1067409599738278e-06)	(90, 0.0)	(95, 0.0)	(100, 1.549437343963359e-05)	(105, 1.1067409599738278e-06)	(110, 1.1067409599738278e-06)	(115, 0.0)	(120, 0.0)	(125, 1.826122583956816e-05)	(130, 1.1067409599738278e-05)	(135, 0.0)	(140, 0.0)	(145, 0.0)	(150, 0.0)	
/ | scratch | karcher | fastqc | 240813_MG011_PRISMA_NovaSeq_final_for_Q | H5YFCDSXC_240813_MG_PRISMA_24s001116-1-1_Gross_lane1MG325 | H5YFCDSXC_240813_MG_PRISMA_24s001116-1-1_Gross_lane1MG325_1	(1, 0.00022388146246714598)	(2, 0.048385261668399585)	(3, 0.0)	(4, 0.0)	(5, 0.0)	(6, 0.0)	(7, 0.0)	(8, 0.0)	(9, 0.0)	(10, 3.2238930595269015e-05)	(15, 0.00017552306657424242)	(20, 0.00010119442103514998)	(25, 0.00042716583038731443)	(30, 0.0012877661721110237)	(35, 9.134363668659554e-05)	(40, 4.477629249342919e-06)	(45, 0.0)	(50, 0.0)	(55, 9.850784348554422e-06)	(60, 5.731365439158936e-05)	(65, 1.701499114750309e-05)	(70, 0.0)	(75, 3.582103399474335e-06)	(80, 5.2836025142246446e-05)	(85, 6.08957577910637e-05)	(90, 3.2238930595269015e-05)	(95, 0.0)	(100, 0.0)	(105, 4.477629249342919e-06)	(110, 0.0)	(115, 0.0)	(120, 0.0)	(125, 0.0)	(130, 3.582103399474335e-06)	(135, 0.0)	(140, 0.0)	(145, 0.0)	(150, 0.0)	
/ | scratch | karcher | fastqc | 240813_MG011_PRISMA_NovaSeq_final_for_Q | H5YFCDSXC_240813_MG_PRISMA_24s001116-1-1_Gross_lane1MG325 | H5YFCDSXC_240813_MG_PRISMA_24s001116-1-1_Gross_lane1MG325_2	(1, 0.0020641870839470857)	(2, 0.00031343404745400434)	(3, 0.0)	(4, 0.0)	(5, 0.0)	(6, 0.0)	(7, 0.0)	(8, 0.0)	(9, 0.0)	(10, 0.0)	(15, 0.0)	(20, 0.0)	(25, 3.582103399474335e-06)	(30, 0.0)	(35, 0.0)	(40, 0.0)	(45, 0.0)	(50, 0.0)	(55, 0.0)	(60, 1.2537361898160174e-05)	(65, 0.0)	(70, 0.0)	(75, 2.6865775496057514e-06)	(80, 8.955258498685838e-07)	(85, 1.7910516997371676e-06)	(90, 0.0)	(95, 0.0)	(100, 2.328367209658318e-05)	(105, 8.955258498685838e-07)	(110, 3.582103399474335e-06)	(115, 0.0)	(120, 0.0)	(125, 2.0597094546977428e-05)	(130, 8.955258498685839e-06)	(135, 0.0)	(140, 0.0)	(145, 0.0)	(150, 0.0)	
/ | scratch | karcher | fastqc | 240813_MG011_PRISMA_NovaSeq_final_for_Q | H5YFCDSXC_240813_MG_PRISMA_24s001116-1-1_Gross_lane1MG326 | H5YFCDSXC_240813_MG_PRISMA_24s001116-1-1_Gross_lane1MG326_1	(1, 0.0001622940276261531)	(2, 0.04816268476981838)	(3, 0.0)	(4, 0.0)	(5, 0.0)	(6, 0.0)	(7, 0.0)	(8, 0.0)	(9, 0.0)	(10, 3.245880552523061e-05)	(15, 0.0001731136294678966)	(20, 0.00010201338879358194)	(25, 0.0004451493329174485)	(30, 0.0012968065636032612)	(35, 0.00011592430544725219)	(40, 3.0913148119267256e-06)	(45, 0.0)	(50, 0.0)	(55, 3.0913148119267256e-06)	(60, 6.337195364449787e-05)	(65, 1.2365259247706902e-05)	(70, 0.0)	(75, 1.5456574059633628e-06)	(80, 4.946103699082761e-05)	(85, 4.327840736697415e-05)	(90, 1.3910916653670265e-05)	(95, 0.0)	(100, 0.0)	(105, 0.0)	(110, 0.0)	(115, 0.0)	(120, 0.0)	(125, 0.0)	(130, 1.5456574059633628e-06)	(135, 0.0)	(140, 0.0)	(145, 0.0)	(150, 0.0)	
/ | scratch | karcher | fastqc | 240813_MG011_PRISMA_NovaSeq_final_for_Q | H5YFCDSXC_240813_MG_PRISMA_24s001116-1-1_Gross_lane1MG326 | H5YFCDSXC_240813_MG_PRISMA_24s001116-1-1_Gross_lane1MG326_2	(1, 0.001738864581708783)	(2, 0.0002936749071330389)	(3, 0.0)	(4, 0.0)	(5, 0.0)	(6, 0.0)	(7, 0.0)	(8, 0.0)	(9, 0.0)	(10, 0.0)	(15, 0.0)	(20, 0.0)	(25, 0.0)	(30, 0.0)	(35, 0.0)	(40, 0.0)	(45, 0.0)	(50, 0.0)	(55, 0.0)	(60, 3.0913148119267256e-06)	(65, 0.0)	(70, 0.0)	(75, 0.0)	(80, 0.0)	(85, 0.0)	(90, 0.0)	(95, 0.0)	(100, 1.2365259247706902e-05)	(105, 0.0)	(110, 0.0)	(115, 0.0)	(120, 0.0)	(125, 7.728287029816813e-06)	(130, 1.5456574059633628e-06)	(135, 0.0)	(140, 0.0)	(145, 0.0)	(150, 0.0)	
/ | scratch | karcher | fastqc | 240813_MG011_PRISMA_NovaSeq_final_for_Q | H5YFCDSXC_240813_MG_PRISMA_24s001116-1-1_Gross_lane1MG327 | H5YFCDSXC_240813_MG_PRISMA_24s001116-1-1_Gross_lane1MG327_1	(1, 0.00019348087980485578)	(2, 0.048502278329493456)	(3, 0.0)	(4, 0.0)	(5, 0.0)	(6, 0.0)	(7, 0.0)	(8, 0.0)	(9, 0.0)	(10, 2.3954775594886907e-05)	(15, 0.00019102397974384176)	(20, 9.581910237954763e-05)	(25, 0.0004004747099452888)	(30, 0.001322426457840808)	(35, 9.643332739480115e-05)	(40, 6.7564751677886155e-06)	(45, 0.0)	(50, 0.0)	(55, 7.984925198295636e-06)	(60, 5.8965601464337e-05)	(65, 2.0883650518619355e-05)	(70, 0.0)	(75, 4.913800122028084e-06)	(80, 6.44936266016186e-05)	(85, 7.677812690668881e-05)	(90, 4.5452651128759774e-05)	(95, 0.0)	(100, 0.0)	(105, 3.0711250762675523e-06)	(110, 6.142250152535105e-07)	(115, 0.0)	(120, 0.0)	(125, 0.0)	(130, 7.984925198295636e-06)	(135, 0.0)	(140, 0.0)	(145, 0.0)	(150, 0.0)	
/ | scratch | karcher | fastqc | 240813_MG011_PRISMA_NovaSeq_final_for_Q | H5YFCDSXC_240813_MG_PRISMA_24s001116-1-1_Gross_lane1MG327 | H5YFCDSXC_240813_MG_PRISMA_24s001116-1-1_Gross_lane1MG327_2	(1, 0.0018303905454554613)	(2, 0.00032553925808436054)	(3, 0.0)	(4, 0.0)	(5, 0.0)	(6, 0.0)	(7, 0.0)	(8, 0.0)	(9, 0.0)	(10, 0.0)	(15, 0.0)	(20, 0.0)	(25, 3.0711250762675523e-06)	(30, 6.142250152535105e-07)	(35, 0.0)	(40, 0.0)	(45, 0.0)	(50, 6.142250152535105e-07)	(55, 0.0)	(60, 1.9040975472858827e-05)	(65, 0.0)	(70, 0.0)	(75, 2.456900061014042e-06)	(80, 3.0711250762675523e-06)	(85, 2.456900061014042e-06)	(90, 0.0)	(95, 0.0)	(100, 2.7025900671154462e-05)	(105, 1.8426750457605314e-06)	(110, 6.142250152535105e-07)	(115, 1.228450030507021e-06)	(120, 0.0)	(125, 2.764012568640797e-05)	(130, 1.535562538133776e-05)	(135, 1.228450030507021e-06)	(140, 0.0)	(145, 0.0)	(150, 0.0)	
/ | scratch | karcher | fastqc | 240813_MG011_PRISMA_NovaSeq_final_for_Q | H5YFCDSXC_240813_MG_PRISMA_24s001116-1-1_Gross_lane1MG328 | H5YFCDSXC_240813_MG_PRISMA_24s001116-1-1_Gross_lane1MG328_1	(1, 0.00023467270368563987)	(2, 0.048563605901085265)	(3, 0.0)	(4, 0.0)	(5, 0.0)	(6, 0.0)	(7, 0.0)	(8, 0.0)	(9, 0.0)	(10, 3.0016276052814402e-05)	(15, 0.00020847668094863822)	(20, 9.68707090795374e-05)	(25, 0.00044751538842377833)	(30, 0.0013512781728503356)	(35, 9.332333100056841e-05)	(40, 5.7303799737191135e-06)	(45, 0.0)	(50, 0.0)	(55, 7.640506631625485e-06)	(60, 5.866817592140997e-05)	(65, 2.0738518000126314e-05)	(70, 0.0)	(75, 3.2745028421252072e-06)	(80, 6.139692828984764e-05)	(85, 7.313056347412963e-05)	(90, 3.902115886865872e-05)	(95, 0.0)	(100, 0.0)	(105, 1.6372514210626036e-06)	(110, 0.0)	(115, 0.0)	(120, 0.0)	(125, 0.0)	(130, 6.821880921094182e-06)	(135, 0.0)	(140, 2.728752368437673e-07)	(145, 0.0)	(150, 0.0)	
/ | scratch | karcher | fastqc | 240813_MG011_PRISMA_NovaSeq_final_for_Q | H5YFCDSXC_240813_MG_PRISMA_24s001116-1-1_Gross_lane1MG328 | H5YFCDSXC_240813_MG_PRISMA_24s001116-1-1_Gross_lane1MG328_2	(1, 0.0018105271964583961)	(2, 0.0003520090555284598)	(3, 4.093128552656509e-06)	(4, 0.0)	(5, 1.3643761842188365e-06)	(6, 0.0)	(7, 0.0)	(8, 0.0)	(9, 0.0)	(10, 0.0)	(15, 0.0)	(20, 0.0)	(25, 3.00162760528144e-06)	(30, 0.0)	(35, 0.0)	(40, 0.0)	(45, 0.0)	(50, 0.0)	(55, 0.0)	(60, 1.3098011368500829e-05)	(65, 0.0)	(70, 0.0)	(75, 2.4558771315939054e-06)	(80, 1.910126657906371e-06)	(85, 1.6372514210626036e-06)	(90, 0.0)	(95, 0.0)	(100, 2.046564276328255e-05)	(105, 1.6372514210626036e-06)	(110, 1.0915009473750691e-06)	(115, 1.0915009473750691e-06)	(120, 0.0)	(125, 2.7560398921220496e-05)	(130, 1.2552260894813296e-05)	(135, 0.0)	(140, 0.0)	(145, 0.0)	(150, 0.0)	
/ | scratch | karcher | fastqc | 240813_MG011_PRISMA_NovaSeq_final_for_Q | H5YFCDSXC_240813_MG_PRISMA_24s001116-1-1_Gross_lane1MG329 | H5YFCDSXC_240813_MG_PRISMA_24s001116-1-1_Gross_lane1MG329_1	(1, 0.0002547155545303732)	(2, 0.048758495291145426)	(3, 0.0)	(4, 0.0)	(5, 0.0)	(6, 0.0)	(7, 0.0)	(8, 0.0)	(9, 0.0)	(10, 3.000330458271881e-05)	(15, 0.00017908222422810286)	(20, 9.62606022028895e-05)	(25, 0.0004116078347441736)	(30, 0.0012738903070746025)	(35, 9.126005143910304e-05)	(40, 6.250688454733085e-06)	(45, 0.0)	(50, 0.0)	(55, 9.063498259362973e-06)	(60, 5.688126493807107e-05)	(65, 2.000220305514587e-05)	(70, 0.0)	(75, 4.062947495576505e-06)	(80, 6.156928127912089e-05)	(85, 7.313305492037709e-05)	(90, 3.5941458614715235e-05)	(95, 0.0)	(100, 0.0)	(105, 3.750413072839851e-06)	(110, 0.0)	(115, 0.0)	(120, 0.0)	(125, 0.0)	(130, 7.813360568416356e-06)	(135, 0.0)	(140, 0.0)	(145, 0.0)	(150, 0.0)	
/ | scratch | karcher | fastqc | 240813_MG011_PRISMA_NovaSeq_final_for_Q | H5YFCDSXC_240813_MG_PRISMA_24s001116-1-1_Gross_lane1MG329 | H5YFCDSXC_240813_MG_PRISMA_24s001116-1-1_Gross_lane1MG329_2	(1, 0.0017423794067568472)	(2, 0.00032034778330507056)	(3, 3.1253442273665425e-06)	(4, 0.0)	(5, 0.0)	(6, 0.0)	(7, 0.0)	(8, 0.0)	(9, 0.0)	(10, 0.0)	(15, 0.0)	(20, 0.0)	(25, 3.1253442273665425e-06)	(30, 0.0)	(35, 0.0)	(40, 0.0)	(45, 0.0)	(50, 0.0)	(55, 0.0)	(60, 1.5626721136832712e-05)	(65, 0.0)	(70, 0.0)	(75, 1.8752065364199255e-06)	(80, 1.250137690946617e-06)	(85, 2.500275381893234e-06)	(90, 0.0)	(95, 0.0)	(100, 2.281501285977576e-05)	(105, 1.250137690946617e-06)	(110, 1.5626721136832712e-06)	(115, 6.250688454733085e-07)	(120, 0.0)	(125, 2.500275381893234e-05)	(130, 1.3438980177676131e-05)	(135, 0.0)	(140, 0.0)	(145, 0.0)	(150, 0.0)	
/ | scratch | karcher | fastqc | 240813_MG011_PRISMA_NovaSeq_final_for_Q | H5YFCDSXC_240813_MG_PRISMA_24s001116-1-1_Gross_lane1MG330 | H5YFCDSXC_240813_MG_PRISMA_24s001116-1-1_Gross_lane1MG330_1	(1, 0.00024626651047421436)	(2, 0.048478811764800775)	(3, 0.0)	(4, 0.0)	(5, 0.0)	(6, 0.0)	(7, 0.0)	(8, 0.0)	(9, 0.0)	(10, 2.6411190978394003e-05)	(15, 0.00019380103650362086)	(20, 9.529443231393512e-05)	(25, 0.00042793267544722176)	(30, 0.0013473276478842887)	(35, 9.136844446579546e-05)	(40, 4.282895834334163e-06)	(45, 0.0)	(50, 0.0)	(55, 7.8519756962793e-06)	(60, 5.317928994298252e-05)	(65, 1.998684722689276e-05)	(70, 0.0)	(75, 3.212171875750622e-06)	(80, 6.1031265639261814e-05)	(85, 7.066778126651369e-05)	(90, 3.390625868847879e-05)	(95, 0.0)	(100, 0.0)	(105, 3.5690798619451354e-06)	(110, 0.0)	(115, 0.0)	(120, 0.0)	(125, 0.0)	(130, 6.424343751501244e-06)	(135, 0.0)	(140, 0.0)	(145, 0.0)	(150, 0.0)	
/ | scratch | karcher | fastqc | 240813_MG011_PRISMA_NovaSeq_final_for_Q | H5YFCDSXC_240813_MG_PRISMA_24s001116-1-1_Gross_lane1MG330 | H5YFCDSXC_240813_MG_PRISMA_24s001116-1-1_Gross_lane1MG330_2	(1, 0.0018380761289017449)	(2, 0.00030694086812728166)	(3, 0.0)	(4, 0.0)	(5, 0.0)	(6, 0.0)	(7, 0.0)	(8, 0.0)	(9, 0.0)	(10, 0.0)	(15, 0.0)	(20, 0.0)	(25, 2.8552638895561082e-06)	(30, 0.0)	(35, 0.0)	(40, 0.0)	(45, 0.0)	(50, 3.5690798619451353e-07)	(55, 0.0)	(60, 1.57039513925586e-05)	(65, 0.0)	(70, 0.0)	(75, 1.7845399309725677e-06)	(80, 2.498355903361595e-06)	(85, 2.1414479171670815e-06)	(90, 0.0)	(95, 0.0)	(100, 2.2485203130254356e-05)	(105, 1.4276319447780541e-06)	(110, 2.1414479171670815e-06)	(115, 3.5690798619451353e-07)	(120, 0.0)	(125, 2.676809896458852e-05)	(130, 1.4276319447780542e-05)	(135, 0.0)	(140, 0.0)	(145, 0.0)	(150, 0.0)	
/ | scratch | karcher | fastqc | 240813_MG011_PRISMA_NovaSeq_final_for_Q | H5YFCDSXC_240813_MG_PRISMA_24s001116-1-1_Gross_lane1MG331 | H5YFCDSXC_240813_MG_PRISMA_24s001116-1-1_Gross_lane1MG331_1	(1, 0.00020850741083894644)	(2, 0.04858793925727833)	(3, 0.0)	(4, 0.0)	(5, 0.0)	(6, 0.0)	(7, 0.0)	(8, 0.0)	(9, 0.0)	(10, 2.456388675636903e-05)	(15, 0.00020622239811742373)	(20, 6.969288800644237e-05)	(25, 0.0003347543637030756)	(30, 0.0011510751584670603)	(35, 9.025800250014667e-05)	(40, 7.426291344948777e-06)	(45, 0.0)	(50, 0.0)	(55, 9.140050886090803e-06)	(60, 5.141278623426076e-05)	(65, 2.1707620854465655e-05)	(70, 0.0)	(75, 5.1412786234260765e-06)	(80, 5.826782439882886e-05)	(85, 7.254915390834574e-05)	(90, 4.170148216778928e-05)	(95, 0.0)	(100, 0.0)	(105, 1.7137595411420255e-06)	(110, 0.0)	(115, 0.0)	(120, 0.0)	(125, 0.0)	(130, 8.568797705710127e-06)	(135, 0.0)	(140, 5.712531803806752e-07)	(145, 0.0)	(150, 0.0)	
/ | scratch | karcher | fastqc | 240813_MG011_PRISMA_NovaSeq_final_for_Q | H5YFCDSXC_240813_MG_PRISMA_24s001116-1-1_Gross_lane1MG331 | H5YFCDSXC_240813_MG_PRISMA_24s001116-1-1_Gross_lane1MG331_2	(1, 0.0017823099227877062)	(2, 0.0002827703242884342)	(3, 0.0)	(4, 0.0)	(5, 0.0)	(6, 0.0)	(7, 0.0)	(8, 0.0)	(9, 0.0)	(10, 0.0)	(15, 0.0)	(20, 0.0)	(25, 2.856265901903376e-06)	(30, 0.0)	(35, 0.0)	(40, 0.0)	(45, 0.0)	(50, 5.712531803806752e-07)	(55, 0.0)	(60, 1.4281329509516878e-05)	(65, 0.0)	(70, 0.0)	(75, 2.856265901903376e-06)	(80, 1.7137595411420255e-06)	(85, 1.7137595411420255e-06)	(90, 0.0)	(95, 0.0)	(100, 1.9993861313323628e-05)	(105, 1.1425063607613503e-06)	(110, 5.712531803806752e-07)	(115, 1.1425063607613503e-06)	(120, 0.0)	(125, 2.627764629751106e-05)	(130, 1.3710076329136204e-05)	(135, 0.0)	(140, 0.0)	(145, 0.0)	(150, 0.0)	
/ | scratch | karcher | fastqc | 240813_MG011_PRISMA_NovaSeq_final_for_Q | H5YFCDSXC_240813_MG_PRISMA_24s001116-1-1_Gross_lane1MG332 | H5YFCDSXC_240813_MG_PRISMA_24s001116-1-1_Gross_lane1MG332_1	(1, 0.0002427830575777304)	(2, 0.048017550828381966)	(3, 0.0)	(4, 0.0)	(5, 0.0)	(6, 0.0)	(7, 0.0)	(8, 0.0)	(9, 0.0)	(10, 3.1273749789673745e-05)	(15, 0.00018764249873804247)	(20, 8.559131521384393e-05)	(25, 0.00043865549047095013)	(30, 0.0013801599578232334)	(35, 8.147634813625529e-05)	(40, 7.406940739659571e-06)	(45, 0.0)	(50, 0.0)	(55, 4.114967077588651e-06)	(60, 5.5140558839687915e-05)	(65, 2.1397828803460983e-05)	(70, 0.0)	(75, 2.46898024655319e-06)	(80, 6.666246665693614e-05)	(85, 7.571539422763117e-05)	(90, 3.785769711381559e-05)	(95, 0.0)	(100, 0.0)	(105, 2.46898024655319e-06)	(110, 0.0)	(115, 0.0)	(120, 0.0)	(125, 0.0)	(130, 9.052927570695031e-06)	(135, 0.0)	(140, 0.0)	(145, 0.0)	(150, 0.0)	
/ | scratch | karcher | fastqc | 240813_MG011_PRISMA_NovaSeq_final_for_Q | H5YFCDSXC_240813_MG_PRISMA_24s001116-1-1_Gross_lane1MG332 | H5YFCDSXC_240813_MG_PRISMA_24s001116-1-1_Gross_lane1MG332_2	(1, 0.0017488610079751765)	(2, 0.0003333123332846807)	(3, 0.0)	(4, 0.0)	(5, 0.0)	(6, 0.0)	(7, 0.0)	(8, 0.0)	(9, 0.0)	(10, 0.0)	(15, 0.0)	(20, 0.0)	(25, 4.114967077588651e-06)	(30, 0.0)	(35, 0.0)	(40, 0.0)	(45, 0.0)	(50, 0.0)	(55, 0.0)	(60, 1.5636874894836873e-05)	(65, 0.0)	(70, 0.0)	(75, 2.46898024655319e-06)	(80, 4.114967077588651e-06)	(85, 8.229934155177302e-07)	(90, 0.0)	(95, 0.0)	(100, 2.6335789296567366e-05)	(105, 3.2919736620709208e-06)	(110, 1.6459868310354604e-06)	(115, 0.0)	(120, 0.0)	(125, 2.9627762958638283e-05)	(130, 1.0698914401730492e-05)	(135, 0.0)	(140, 0.0)	(145, 0.0)	(150, 0.0)	
/ | scratch | karcher | fastqc | 240813_MG011_PRISMA_NovaSeq_final_for_Q | H5YFCDSXC_240813_MG_PRISMA_24s001116-1-1_Gross_lane1MG333 | H5YFCDSXC_240813_MG_PRISMA_24s001116-1-1_Gross_lane1MG333_1	(1, 0.0002450570422313307)	(2, 0.04796828953198941)	(3, 2.168646391427705e-06)	(4, 0.0)	(5, 0.0)	(6, 0.0)	(7, 0.0)	(8, 0.0)	(9, 0.0)	(10, 3.2095966593130037e-05)	(15, 0.00019257579955878025)	(20, 9.715535833596119e-05)	(25, 0.0004146451900409772)	(30, 0.0013207056523794724)	(35, 7.850499936968293e-05)	(40, 4.33729278285541e-06)	(45, 0.0)	(50, 0.0)	(55, 9.542044122281903e-06)	(60, 5.031259628112277e-05)	(65, 1.5614254018279477e-05)	(70, 0.0)	(75, 3.4698342262843283e-06)	(80, 5.1613784115979376e-05)	(85, 5.855345256854804e-05)	(90, 3.339715442798666e-05)	(95, 0.0)	(100, 0.0)	(105, 2.602375669713246e-06)	(110, 8.674585565710821e-07)	(115, 0.0)	(120, 0.0)	(125, 0.0)	(130, 8.24085628742528e-06)	(135, 0.0)	(140, 8.674585565710821e-07)	(145, 0.0)	(150, 0.0)	
/ | scratch | karcher | fastqc | 240813_MG011_PRISMA_NovaSeq_final_for_Q | H5YFCDSXC_240813_MG_PRISMA_24s001116-1-1_Gross_lane1MG333 | H5YFCDSXC_240813_MG_PRISMA_24s001116-1-1_Gross_lane1MG333_2	(1, 0.0017609408698392966)	(2, 0.00033830883706272203)	(3, 6.5059391742831155e-06)	(4, 0.0)	(5, 6.5059391742831155e-06)	(6, 0.0)	(7, 0.0)	(8, 0.0)	(9, 0.0)	(10, 0.0)	(15, 0.0)	(20, 0.0)	(25, 3.4698342262843283e-06)	(30, 4.3372927828554104e-07)	(35, 0.0)	(40, 0.0)	(45, 0.0)	(50, 4.3372927828554104e-07)	(55, 0.0)	(60, 1.2578149070280692e-05)	(65, 0.0)	(70, 0.0)	(75, 3.4698342262843283e-06)	(80, 3.4698342262843283e-06)	(85, 2.602375669713246e-06)	(90, 0.0)	(95, 0.0)	(100, 1.8216629687992723e-05)	(105, 3.0361049479987872e-06)	(110, 1.7349171131421641e-06)	(115, 8.674585565710821e-07)	(120, 0.0)	(125, 2.1686463914277052e-05)	(130, 1.6047983296565018e-05)	(135, 8.674585565710821e-07)	(140, 0.0)	(145, 0.0)	(150, 0.0)	
/ | scratch | karcher | fastqc | 240813_MG011_PRISMA_NovaSeq_final_for_Q | H5YFCDSXC_240813_MG_PRISMA_24s001116-1-1_Gross_lane1MG334 | H5YFCDSXC_240813_MG_PRISMA_24s001116-1-1_Gross_lane1MG334_1	(1, 0.00019173478085036792)	(2, 0.04915338621346365)	(3, 0.0)	(4, 0.0)	(5, 0.0)	(6, 0.0)	(7, 0.0)	(8, 0.0)	(9, 0.0)	(10, 2.8035169636944555e-05)	(15, 0.00019753516077525299)	(20, 9.95731887105272e-05)	(25, 0.00042310549118745053)	(30, 0.0013095968897073869)	(35, 8.926140217739817e-05)	(40, 7.733839899846773e-06)	(45, 0.0)	(50, 0.0)	(55, 9.98954320396875e-06)	(60, 5.284790598228628e-05)	(65, 1.5145436470533264e-05)	(70, 0.0)	(75, 4.833649937404233e-06)	(80, 5.188117599480543e-05)	(85, 6.0259502552972775e-05)	(90, 3.512452287847076e-05)	(95, 0.0)	(100, 0.0)	(105, 1.2889733166411288e-06)	(110, 0.0)	(115, 0.0)	(120, 0.0)	(125, 0.0)	(130, 6.767109912365926e-06)	(135, 0.0)	(140, 0.0)	(145, 0.0)	(150, 0.0)	
/ | scratch | karcher | fastqc | 240813_MG011_PRISMA_NovaSeq_final_for_Q | H5YFCDSXC_240813_MG_PRISMA_24s001116-1-1_Gross_lane1MG334 | H5YFCDSXC_240813_MG_PRISMA_24s001116-1-1_Gross_lane1MG334_2	(1, 0.0017997289933601762)	(2, 0.000352856445430509)	(3, 1.611216645801411e-06)	(4, 0.0)	(5, 1.611216645801411e-06)	(6, 0.0)	(7, 0.0)	(8, 0.0)	(9, 0.0)	(10, 0.0)	(15, 0.0)	(20, 0.0)	(25, 1.611216645801411e-06)	(30, 0.0)	(35, 0.0)	(40, 0.0)	(45, 0.0)	(50, 0.0)	(55, 0.0)	(60, 1.2245246508090725e-05)	(65, 0.0)	(70, 0.0)	(75, 1.2889733166411288e-06)	(80, 1.611216645801411e-06)	(85, 9.667299874808467e-07)	(90, 0.0)	(95, 0.0)	(100, 1.8367869762136088e-05)	(105, 1.9334599749616933e-06)	(110, 9.667299874808467e-07)	(115, 0.0)	(120, 0.0)	(125, 2.2557033041219755e-05)	(130, 1.2889733166411288e-05)	(135, 0.0)	(140, 0.0)	(145, 0.0)	(150, 0.0)	
/ | scratch | karcher | fastqc | 240813_MG011_PRISMA_NovaSeq_final_for_Q | H5YFCDSXC_240813_MG_PRISMA_24s001116-1-1_Gross_lane1MG335 | H5YFCDSXC_240813_MG_PRISMA_24s001116-1-1_Gross_lane1MG335_1	(1, 0.00023916861567969806)	(2, 0.048076059547853475)	(3, 0.0)	(4, 0.0)	(5, 0.0)	(6, 0.0)	(7, 0.0)	(8, 0.0)	(9, 0.0)	(10, 2.692626799042958e-05)	(15, 0.00018689997781592299)	(20, 9.408354815479513e-05)	(25, 0.0003782348703596814)	(30, 0.0012506459532495998)	(35, 8.711439643962511e-05)	(40, 8.236270208837283e-06)	(45, 0.0)	(50, 0.0)	(55, 1.3621523806923199e-05)	(60, 5.163507861694144e-05)	(65, 1.773965891134184e-05)	(70, 0.0)	(75, 5.068473974669097e-06)	(80, 5.3218976734025526e-05)	(85, 6.430626355361419e-05)	(90, 3.896389368026869e-05)	(95, 0.0)	(100, 0.0)	(105, 3.1677962341681857e-06)	(110, 0.0)	(115, 0.0)	(120, 0.0)	(125, 0.0)	(130, 8.86982945567092e-06)	(135, 0.0)	(140, 0.0)	(145, 0.0)	(150, 0.0)	
/ | scratch | karcher | fastqc | 240813_MG011_PRISMA_NovaSeq_final_for_Q | H5YFCDSXC_240813_MG_PRISMA_24s001116-1-1_Gross_lane1MG335 | H5YFCDSXC_240813_MG_PRISMA_24s001116-1-1_Gross_lane1MG335_2	(1, 0.0016741803097578864)	(2, 0.0003896389368026869)	(3, 1.5838981170840928e-06)	(4, 0.0)	(5, 1.5838981170840928e-06)	(6, 0.0)	(7, 0.0)	(8, 0.0)	(9, 0.0)	(10, 0.0)	(15, 0.0)	(20, 0.0)	(25, 4.118135104418642e-06)	(30, 0.0)	(35, 0.0)	(40, 0.0)	(45, 0.0)	(50, 3.167796234168186e-07)	(55, 0.0)	(60, 1.4255083053756836e-05)	(65, 0.0)	(70, 0.0)	(75, 3.4845758575850046e-06)	(80, 2.21745736391773e-06)	(85, 2.851016610751367e-06)	(90, 0.0)	(95, 0.0)	(100, 1.9640336651842754e-05)	(105, 6.335592468336372e-07)	(110, 2.851016610751367e-06)	(115, 9.503388702504558e-07)	(120, 0.0)	(125, 2.470881062651185e-05)	(130, 1.7106099664508205e-05)	(135, 0.0)	(140, 0.0)	(145, 0.0)	(150, 0.0)	
/ | scratch | karcher | fastqc | 240813_MG011_PRISMA_NovaSeq_final_for_Q | H5YFCDSXC_240813_MG_PRISMA_24s001116-1-1_Gross_lane1MG336 | H5YFCDSXC_240813_MG_PRISMA_24s001116-1-1_Gross_lane1MG336_1	(1, 0.00024414964911552276)	(2, 0.04873079026861522)	(3, 0.0)	(4, 0.0)	(5, 0.0)	(6, 0.0)	(7, 0.0)	(8, 0.0)	(9, 0.0)	(10, 2.4858873364489586e-05)	(15, 0.00017785932014355052)	(20, 9.499640892858522e-05)	(25, 0.00040691608185920464)	(30, 0.0012743131988987165)	(35, 9.174108027371158e-05)	(40, 7.3984742156219015e-06)	(45, 0.0)	(50, 0.0)	(55, 1.1245680807745291e-05)	(60, 5.415683125835232e-05)	(65, 1.6868521211617935e-05)	(70, 0.0)	(75, 4.4390845293731405e-06)	(80, 5.682028197597621e-05)	(85, 6.007561063084984e-05)	(90, 4.2319272513357284e-05)	(95, 0.0)	(100, 0.0)	(105, 2.0715727803741325e-06)	(110, 0.0)	(115, 0.0)	(120, 0.0)	(125, 0.0)	(130, 7.990352152871655e-06)	(135, 0.0)	(140, 2.9593896862487606e-07)	(145, 0.0)	(150, 0.0)	
/ | scratch | karcher | fastqc | 240813_MG011_PRISMA_NovaSeq_final_for_Q | H5YFCDSXC_240813_MG_PRISMA_24s001116-1-1_Gross_lane1MG336 | H5YFCDSXC_240813_MG_PRISMA_24s001116-1-1_Gross_lane1MG336_2	(1, 0.001645420665554311)	(2, 0.0003699237107810951)	(3, 1.4796948431243805e-06)	(4, 0.0)	(5, 1.4796948431243805e-06)	(6, 0.0)	(7, 0.0)	(8, 0.0)	(9, 0.0)	(10, 0.0)	(15, 0.0)	(20, 0.0)	(25, 4.143145560748265e-06)	(30, 0.0)	(35, 0.0)	(40, 0.0)	(45, 0.0)	(50, 2.9593896862487606e-07)	(55, 0.0)	(60, 1.4501009462618927e-05)	(65, 0.0)	(70, 0.0)	(75, 2.959389686248761e-06)	(80, 3.551267623498513e-06)	(85, 2.3675117489990085e-06)	(90, 0.0)	(95, 0.0)	(100, 2.041978883511645e-05)	(105, 1.7756338117492565e-06)	(110, 2.0715727803741325e-06)	(115, 1.1837558744995042e-06)	(120, 0.0)	(125, 2.3083239552740335e-05)	(130, 1.4501009462618927e-05)	(135, 8.878169058746282e-07)	(140, 0.0)	(145, 0.0)	(150, 0.0)	
/ | scratch | karcher | fastqc | 240813_MG011_PRISMA_NovaSeq_final_for_Q | H5YFCDSXC_240813_MG_PRISMA_24s001116-1-1_Gross_lane1MG337 | H5YFCDSXC_240813_MG_PRISMA_24s001116-1-1_Gross_lane1MG337_1	(1, 0.0002802252330116827)	(2, 0.048178200008574014)	(3, 0.0)	(4, 0.0)	(5, 0.0)	(6, 0.0)	(7, 0.0)	(8, 0.0)	(9, 0.0)	(10, 2.6995519829397702e-05)	(15, 0.0001807526110316194)	(20, 8.978944638908366e-05)	(25, 0.00040933424089141084)	(30, 0.0012708434389252332)	(35, 8.744200988217951e-05)	(40, 6.7488799573494256e-06)	(45, 0.0)	(50, 0.0)	(55, 7.629168647438482e-06)	(60, 5.340418053206937e-05)	(65, 1.819263292850715e-05)	(70, 0.0)	(75, 4.401443450445278e-06)	(80, 5.487132834888447e-05)	(85, 6.602165175667917e-05)	(90, 3.286411109665807e-05)	(95, 0.0)	(100, 0.0)	(105, 2.0540069435411296e-06)	(110, 2.934295633630185e-07)	(115, 0.0)	(120, 0.0)	(125, 0.0)	(130, 5.575161703897352e-06)	(135, 0.0)	(140, 5.86859126726037e-07)	(145, 0.0)	(150, 0.0)	
/ | scratch | karcher | fastqc | 240813_MG011_PRISMA_NovaSeq_final_for_Q | H5YFCDSXC_240813_MG_PRISMA_24s001116-1-1_Gross_lane1MG337 | H5YFCDSXC_240813_MG_PRISMA_24s001116-1-1_Gross_lane1MG337_2	(1, 0.001725365832574549)	(2, 0.0003139696327984298)	(3, 1.4671478168150925e-06)	(4, 0.0)	(5, 2.934295633630185e-06)	(6, 0.0)	(7, 0.0)	(8, 0.0)	(9, 0.0)	(10, 0.0)	(15, 0.0)	(20, 0.0)	(25, 2.0540069435411296e-06)	(30, 0.0)	(35, 0.0)	(40, 0.0)	(45, 0.0)	(50, 2.934295633630185e-07)	(55, 0.0)	(60, 1.203061209788376e-05)	(65, 0.0)	(70, 0.0)	(75, 2.934295633630185e-06)	(80, 2.0540069435411296e-06)	(85, 1.4671478168150925e-06)	(90, 0.0)	(95, 0.0)	(100, 1.6725485111692055e-05)	(105, 1.173718253452074e-06)	(110, 1.4671478168150925e-06)	(115, 1.173718253452074e-06)	(120, 0.0)	(125, 2.2887505942315444e-05)	(130, 1.2617471224609798e-05)	(135, 5.86859126726037e-07)	(140, 0.0)	(145, 0.0)	(150, 0.0)	
/ | scratch | karcher | fastqc | 240813_MG011_PRISMA_NovaSeq_final_for_Q | H5YFCDSXC_240813_MG_PRISMA_24s001116-1-1_Gross_lane1MG338 | H5YFCDSXC_240813_MG_PRISMA_24s001116-1-1_Gross_lane1MG338_1	(1, 0.00022960371452349112)	(2, 0.048258648962581537)	(3, 0.0)	(4, 0.0)	(5, 0.0)	(6, 0.0)	(7, 0.0)	(8, 0.0)	(9, 0.0)	(10, 3.052378793076999e-05)	(15, 0.00019178663213138673)	(20, 8.94103876556183e-05)	(25, 0.00039734948713418284)	(30, 0.0012671423821525845)	(35, 8.887014362144539e-05)	(40, 5.672562358815663e-06)	(45, 0.0)	(50, 0.0)	(55, 7.833538495507343e-06)	(60, 5.618537955398371e-05)	(65, 2.0259151281484512e-05)	(70, 0.0)	(75, 3.2414642050375213e-06)	(80, 5.753598963941601e-05)	(85, 6.969148040830672e-05)	(90, 3.45756181870669e-05)	(95, 0.0)	(100, 0.0)	(105, 2.160976136691681e-06)	(110, 2.7012201708646014e-07)	(115, 0.0)	(120, 0.0)	(125, 0.0)	(130, 6.2128063929885835e-06)	(135, 0.0)	(140, 5.402440341729203e-07)	(145, 0.0)	(150, 0.0)	
/ | scratch | karcher | fastqc | 240813_MG011_PRISMA_NovaSeq_final_for_Q | H5YFCDSXC_240813_MG_PRISMA_24s001116-1-1_Gross_lane1MG338 | H5YFCDSXC_240813_MG_PRISMA_24s001116-1-1_Gross_lane1MG338_2	(1, 0.0018530370372131166)	(2, 0.00029848482888053844)	(3, 4.051830256296902e-06)	(4, 0.0)	(5, 1.3506100854323007e-06)	(6, 0.0)	(7, 0.0)	(8, 0.0)	(9, 0.0)	(10, 0.0)	(15, 0.0)	(20, 0.0)	(25, 4.592074290469822e-06)	(30, 2.7012201708646014e-07)	(35, 0.0)	(40, 0.0)	(45, 0.0)	(50, 2.7012201708646014e-07)	(55, 0.0)	(60, 1.3506100854323007e-05)	(65, 0.0)	(70, 0.0)	(75, 2.431098153778141e-06)	(80, 2.7012201708646014e-06)	(85, 2.431098153778141e-06)	(90, 0.0)	(95, 0.0)	(100, 1.9989029264398052e-05)	(105, 2.160976136691681e-06)	(110, 1.8908541196052212e-06)	(115, 1.0804880683458406e-06)	(120, 0.0)	(125, 2.5661591623213714e-05)	(130, 1.3235978837236549e-05)	(135, 1.0804880683458406e-06)	(140, 0.0)	(145, 0.0)	(150, 0.0)	
/ | scratch | karcher | fastqc | 240813_MG011_PRISMA_NovaSeq_final_for_Q | H5YFCDSXC_240813_MG_PRISMA_24s001116-1-1_Gross_lane1MG339 | H5YFCDSXC_240813_MG_PRISMA_24s001116-1-1_Gross_lane1MG339_1	(1, 0.00025012512307568053)	(2, 0.04796149234976174)	(3, 0.0)	(4, 0.0)	(5, 0.0)	(6, 0.0)	(7, 0.0)	(8, 0.0)	(9, 0.0)	(10, 2.380222945397605e-05)	(15, 0.00018315613851025637)	(20, 0.00010731174635182422)	(25, 0.00045466292533272894)	(30, 0.001396666413045171)	(35, 9.44020625801762e-05)	(40, 4.034276178640008e-06)	(45, 0.0)	(50, 0.0)	(55, 1.0489118064464022e-05)	(60, 6.091757029746413e-05)	(65, 2.622279516116005e-05)	(70, 0.0)	(75, 3.630848560776008e-06)	(80, 6.979297789047214e-05)	(85, 8.996435878367219e-05)	(90, 4.478046558290409e-05)	(95, 0.0)	(100, 0.0)	(105, 2.823993325048006e-06)	(110, 0.0)	(115, 0.0)	(120, 0.0)	(125, 0.0)	(130, 1.0085690446600022e-05)	(135, 0.0)	(140, 8.068552357280016e-07)	(145, 0.0)	(150, 0.0)	
/ | scratch | karcher | fastqc | 240813_MG011_PRISMA_NovaSeq_final_for_Q | H5YFCDSXC_240813_MG_PRISMA_24s001116-1-1_Gross_lane1MG339 | H5YFCDSXC_240813_MG_PRISMA_24s001116-1-1_Gross_lane1MG339_2	(1, 0.0017831500709588838)	(2, 0.0003328277847378007)	(3, 2.017138089320004e-06)	(4, 0.0)	(5, 2.017138089320004e-06)	(6, 0.0)	(7, 0.0)	(8, 0.0)	(9, 0.0)	(10, 0.0)	(15, 0.0)	(20, 0.0)	(25, 2.823993325048006e-06)	(30, 0.0)	(35, 0.0)	(40, 0.0)	(45, 0.0)	(50, 8.068552357280016e-07)	(55, 0.0)	(60, 1.8961098039608038e-05)	(65, 0.0)	(70, 0.0)	(75, 1.6137104714560032e-06)	(80, 2.4205657071840047e-06)	(85, 1.2102828535920024e-06)	(90, 0.0)	(95, 0.0)	(100, 2.5012512307568052e-05)	(105, 1.2102828535920024e-06)	(110, 2.823993325048006e-06)	(115, 1.2102828535920024e-06)	(120, 0.0)	(125, 3.1467354193392066e-05)	(130, 1.4926821860968032e-05)	(135, 0.0)	(140, 0.0)	(145, 0.0)	(150, 0.0)	
/ | scratch | karcher | fastqc | 240813_MG011_PRISMA_NovaSeq_final_for_Q | H5YFCDSXC_240813_MG_PRISMA_24s001116-1-1_Gross_lane1MG340 | H5YFCDSXC_240813_MG_PRISMA_24s001116-1-1_Gross_lane1MG340_1	(1, 0.0002712840761027793)	(2, 0.04841907518290632)	(3, 0.0)	(4, 0.0)	(5, 0.0)	(6, 0.0)	(7, 0.0)	(8, 0.0)	(9, 0.0)	(10, 2.2582566335042168e-05)	(15, 0.00017508820911714512)	(20, 9.208994583380832e-05)	(25, 0.0004258426794607952)	(30, 0.0012892592416733164)	(35, 8.387810353015663e-05)	(40, 5.279041480918949e-06)	(45, 0.0)	(50, 0.0)	(55, 9.678242715018073e-06)	(60, 5.132401439782311e-05)	(65, 2.140944600594907e-05)	(70, 0.0)	(75, 4.692481316372399e-06)	(80, 6.334849777102739e-05)	(85, 7.214690023922562e-05)	(90, 4.135249160053176e-05)	(95, 0.0)	(100, 0.0)	(105, 2.3462406581861994e-06)	(110, 2.9328008227327493e-07)	(115, 0.0)	(120, 0.0)	(125, 0.0)	(130, 7.038721974558597e-06)	(135, 0.0)	(140, 8.798402468198247e-07)	(145, 0.0)	(150, 0.0)	
/ | scratch | karcher | fastqc | 240813_MG011_PRISMA_NovaSeq_final_for_Q | H5YFCDSXC_240813_MG_PRISMA_24s001116-1-1_Gross_lane1MG340 | H5YFCDSXC_240813_MG_PRISMA_24s001116-1-1_Gross_lane1MG340_2	(1, 0.0018520637195557311)	(2, 0.00033873849502563257)	(3, 1.4664004113663745e-06)	(4, 0.0)	(5, 1.4664004113663745e-06)	(6, 0.0)	(7, 0.0)	(8, 0.0)	(9, 0.0)	(10, 0.0)	(15, 0.0)	(20, 0.0)	(25, 2.932800822732749e-06)	(30, 0.0)	(35, 0.0)	(40, 0.0)	(45, 0.0)	(50, 2.9328008227327493e-07)	(55, 0.0)	(60, 1.554384436048357e-05)	(65, 0.0)	(70, 0.0)	(75, 2.0529605759129244e-06)	(80, 2.3462406581861994e-06)	(85, 1.7596804936396494e-06)	(90, 0.0)	(95, 0.0)	(100, 2.199600617049562e-05)	(105, 1.4664004113663745e-06)	(110, 1.4664004113663745e-06)	(115, 8.798402468198247e-07)	(120, 0.0)	(125, 2.815488789823439e-05)	(130, 1.4370724031390472e-05)	(135, 5.865601645465499e-07)	(140, 0.0)	(145, 0.0)	(150, 0.0)	
/ | scratch | karcher | fastqc | 240813_MG011_PRISMA_NovaSeq_final_for_Q | H5YFCDSXC_240813_MG_PRISMA_24s001116-1-1_Gross_lane1MG341 | H5YFCDSXC_240813_MG_PRISMA_24s001116-1-1_Gross_lane1MG341_1	(1, 0.00023367986964762917)	(2, 0.04899487933611959)	(3, 0.0)	(4, 0.0)	(5, 0.0)	(6, 0.0)	(7, 0.0)	(8, 0.0)	(9, 0.0)	(10, 3.0337386585832564e-05)	(15, 0.00016890544964004076)	(20, 8.281286608565105e-05)	(25, 0.00033945075801445083)	(30, 0.001148721043425714)	(35, 8.363279545283571e-05)	(40, 9.019223039031303e-06)	(45, 0.0)	(50, 0.0)	(55, 1.8038446078062606e-05)	(60, 6.969399621069644e-05)	(65, 3.115731595301723e-05)	(70, 0.0)	(75, 5.739505570292647e-06)	(80, 8.609258355438971e-05)	(85, 0.000100031382796529)	(90, 6.887406684351177e-05)	(95, 0.0)	(100, 0.0)	(105, 5.739505570292647e-06)	(110, 0.0)	(115, 0.0)	(120, 0.0)	(125, 0.0)	(130, 1.065908177340063e-05)	(135, 0.0)	(140, 0.0)	(145, 0.0)	(150, 0.0)	
/ | scratch | karcher | fastqc | 240813_MG011_PRISMA_NovaSeq_final_for_Q | H5YFCDSXC_240813_MG_PRISMA_24s001116-1-1_Gross_lane1MG341 | H5YFCDSXC_240813_MG_PRISMA_24s001116-1-1_Gross_lane1MG341_2	(1, 0.0017792467267907207)	(2, 0.0002992742190224023)	(3, 0.0)	(4, 0.0)	(5, 0.0)	(6, 0.0)	(7, 0.0)	(8, 0.0)	(9, 0.0)	(10, 0.0)	(15, 0.0)	(20, 0.0)	(25, 3.2797174687386555e-06)	(30, 0.0)	(35, 0.0)	(40, 0.0)	(45, 0.0)	(50, 0.0)	(55, 0.0)	(60, 2.4597881015539916e-05)	(65, 0.0)	(70, 0.0)	(75, 2.4597881015539914e-06)	(80, 1.6398587343693277e-06)	(85, 1.6398587343693277e-06)	(90, 0.0)	(95, 0.0)	(100, 2.7877598484278572e-05)	(105, 1.6398587343693277e-06)	(110, 3.2797174687386555e-06)	(115, 8.199293671846639e-07)	(120, 0.0)	(125, 3.771675089049454e-05)	(130, 1.8038446078062606e-05)	(135, 0.0)	(140, 0.0)	(145, 0.0)	(150, 0.0)	
/ | scratch | karcher | fastqc | 240813_MG011_PRISMA_NovaSeq_final_for_Q | H5YFCDSXC_240813_MG_PRISMA_24s001116-1-1_Gross_lane1MG342 | H5YFCDSXC_240813_MG_PRISMA_24s001116-1-1_Gross_lane1MG342_1	(1, 0.00022834062621579493)	(2, 0.047787887389862276)	(3, 0.0)	(4, 0.0)	(5, 0.0)	(6, 0.0)	(7, 0.0)	(8, 0.0)	(9, 0.0)	(10, 3.577336477380787e-05)	(15, 0.00020093975106989952)	(20, 9.28585213277566e-05)	(25, 0.00040187950213979904)	(30, 0.0013236144966308912)	(35, 8.676943796200205e-05)	(40, 6.089083365754531e-06)	(45, 0.0)	(50, 0.0)	(55, 1.0655895890070429e-05)	(60, 5.1757208608913515e-05)	(65, 2.2072927200860176e-05)	(70, 0.0)	(75, 6.089083365754531e-06)	(80, 6.165196907826463e-05)	(85, 7.154672954761574e-05)	(90, 5.023493776747488e-05)	(95, 0.0)	(100, 0.0)	(105, 2.283406262157949e-06)	(110, 0.0)	(115, 0.0)	(120, 0.0)	(125, 0.0)	(130, 7.611354207193163e-06)	(135, 0.0)	(140, 0.0)	(145, 0.0)	(150, 0.0)	
/ | scratch | karcher | fastqc | 240813_MG011_PRISMA_NovaSeq_final_for_Q | H5YFCDSXC_240813_MG_PRISMA_24s001116-1-1_Gross_lane1MG342 | H5YFCDSXC_240813_MG_PRISMA_24s001116-1-1_Gross_lane1MG342_2	(1, 0.0019256726144198705)	(2, 0.0003120655224949197)	(3, 0.0)	(4, 0.0)	(5, 3.8056771035965817e-06)	(6, 0.0)	(7, 0.0)	(8, 0.0)	(9, 0.0)	(10, 0.0)	(15, 0.0)	(20, 0.0)	(25, 3.8056771035965817e-06)	(30, 0.0)	(35, 0.0)	(40, 0.0)	(45, 0.0)	(50, 0.0)	(55, 0.0)	(60, 1.5983843835105645e-05)	(65, 0.0)	(70, 0.0)	(75, 3.0445416828772657e-06)	(80, 1.5222708414386329e-06)	(85, 1.5222708414386329e-06)	(90, 0.0)	(95, 0.0)	(100, 1.902838551798291e-05)	(105, 2.283406262157949e-06)	(110, 7.611354207193164e-07)	(115, 7.611354207193164e-07)	(120, 0.0)	(125, 2.968428140805334e-05)	(130, 1.3700437572947693e-05)	(135, 0.0)	(140, 0.0)	(145, 0.0)	(150, 0.0)	
/ | scratch | karcher | fastqc | 240813_MG011_PRISMA_NovaSeq_final_for_Q | H5YFCDSXC_240813_MG_PRISMA_24s001116-1-1_Gross_lane1MG343 | H5YFCDSXC_240813_MG_PRISMA_24s001116-1-1_Gross_lane1MG343_1	(1, 0.00024191359645033654)	(2, 0.048067847624846234)	(3, 0.0)	(4, 0.0)	(5, 0.0)	(6, 0.0)	(7, 0.0)	(8, 0.0)	(9, 0.0)	(10, 2.3807369809398196e-05)	(15, 0.00016357966998070374)	(20, 8.75496825248837e-05)	(25, 0.00038322185596418386)	(30, 0.0012617905998981045)	(35, 7.526200778454914e-05)	(40, 6.1438373701672765e-06)	(45, 0.0)	(50, 0.0)	(55, 7.679796712709097e-06)	(60, 4.6846759947525486e-05)	(65, 1.8431512110501832e-05)	(70, 0.0)	(75, 3.839898356354548e-06)	(80, 4.915069896133821e-05)	(85, 5.9134434687860034e-05)	(90, 3.148716652210729e-05)	(95, 0.0)	(100, 0.0)	(105, 7.679796712709096e-07)	(110, 0.0)	(115, 0.0)	(120, 0.0)	(125, 0.0)	(130, 6.911817041438186e-06)	(135, 0.0)	(140, 0.0)	(145, 0.0)	(150, 0.0)	
/ | scratch | karcher | fastqc | 240813_MG011_PRISMA_NovaSeq_final_for_Q | H5YFCDSXC_240813_MG_PRISMA_24s001116-1-1_Gross_lane1MG343 | H5YFCDSXC_240813_MG_PRISMA_24s001116-1-1_Gross_lane1MG343_2	(1, 0.0018277916176247648)	(2, 0.0002956721734393002)	(3, 0.0)	(4, 0.0)	(5, 0.0)	(6, 0.0)	(7, 0.0)	(8, 0.0)	(9, 0.0)	(10, 0.0)	(15, 0.0)	(20, 0.0)	(25, 7.679796712709096e-07)	(30, 0.0)	(35, 0.0)	(40, 0.0)	(45, 0.0)	(50, 0.0)	(55, 0.0)	(60, 1.4591613754147282e-05)	(65, 0.0)	(70, 0.0)	(75, 2.303939013812729e-06)	(80, 7.679796712709096e-07)	(85, 7.679796712709096e-07)	(90, 0.0)	(95, 0.0)	(100, 1.689555276796001e-05)	(105, 7.679796712709096e-07)	(110, 7.679796712709096e-07)	(115, 7.679796712709096e-07)	(120, 0.0)	(125, 2.0735451124314558e-05)	(130, 1.1519695069063643e-05)	(135, 0.0)	(140, 0.0)	(145, 0.0)	(150, 0.0)	
/ | scratch | karcher | fastqc | 240813_MG011_PRISMA_NovaSeq_final_for_Q | H5YFCDSXC_240813_MG_PRISMA_24s001116-1-1_Gross_lane1MG344 | H5YFCDSXC_240813_MG_PRISMA_24s001116-1-1_Gross_lane1MG344_1	(1, 0.00018473110222779957)	(2, 0.048299612285756965)	(3, 0.0)	(4, 0.0)	(5, 0.0)	(6, 0.0)	(7, 0.0)	(8, 0.0)	(9, 0.0)	(10, 3.0283787250458943e-05)	(15, 0.00017261758732761598)	(20, 9.509109196644108e-05)	(25, 0.0003942949100009754)	(30, 0.0012707077130292572)	(35, 8.721730728132175e-05)	(40, 3.634054470055073e-06)	(45, 0.0)	(50, 0.0)	(55, 4.239730215064252e-06)	(60, 5.632784428585363e-05)	(65, 1.9381623840293723e-05)	(70, 0.0)	(75, 3.0283787250458943e-06)	(80, 5.208811407078939e-05)	(85, 6.177892599093625e-05)	(90, 3.0283787250458943e-05)	(95, 0.0)	(100, 0.0)	(105, 0.0)	(110, 0.0)	(115, 0.0)	(120, 0.0)	(125, 0.0)	(130, 2.4227029800367154e-06)	(135, 0.0)	(140, 0.0)	(145, 0.0)	(150, 0.0)	
/ | scratch | karcher | fastqc | 240813_MG011_PRISMA_NovaSeq_final_for_Q | H5YFCDSXC_240813_MG_PRISMA_24s001116-1-1_Gross_lane1MG344 | H5YFCDSXC_240813_MG_PRISMA_24s001116-1-1_Gross_lane1MG344_2	(1, 0.0017988569626772612)	(2, 0.0003422067959301861)	(3, 0.0)	(4, 0.0)	(5, 0.0)	(6, 0.0)	(7, 0.0)	(8, 0.0)	(9, 0.0)	(10, 0.0)	(15, 0.0)	(20, 0.0)	(25, 1.2113514900183577e-06)	(30, 0.0)	(35, 0.0)	(40, 0.0)	(45, 0.0)	(50, 0.0)	(55, 0.0)	(60, 1.1507839155174398e-05)	(65, 0.0)	(70, 0.0)	(75, 1.8170272350275366e-06)	(80, 6.056757450091789e-07)	(85, 1.2113514900183577e-06)	(90, 0.0)	(95, 0.0)	(100, 1.6958920860257008e-05)	(105, 6.056757450091789e-07)	(110, 0.0)	(115, 0.0)	(120, 0.0)	(125, 2.180432682033044e-05)	(130, 9.690811920146862e-06)	(135, 0.0)	(140, 0.0)	(145, 0.0)	(150, 0.0)	
/ | scratch | karcher | fastqc | 240813_MG011_PRISMA_NovaSeq_final_for_Q | H5YFCDSXC_240813_MG_PRISMA_24s001116-1-1_Gross_lane1MG346 | H5YFCDSXC_240813_MG_PRISMA_24s001116-1-1_Gross_lane1MG346_1	(1, 0.00021368908672382824)	(2, 0.04803374521073786)	(3, 0.0)	(4, 0.0)	(5, 0.0)	(6, 0.0)	(7, 0.0)	(8, 0.0)	(9, 0.0)	(10, 2.8491878229843766e-05)	(15, 0.00017451275415779308)	(20, 0.00010399535553892975)	(25, 0.0004523085668987698)	(30, 0.0013811437971916766)	(35, 8.547563468953131e-05)	(40, 7.835266513207035e-06)	(45, 0.0)	(50, 0.0)	(55, 1.1396751291937508e-05)	(60, 5.342227168095706e-05)	(65, 2.3505799539621108e-05)	(70, 0.0)	(75, 5.698375645968754e-06)	(80, 6.339442906140238e-05)	(85, 7.906496208781646e-05)	(90, 5.698375645968753e-05)	(95, 0.0)	(100, 0.0)	(105, 1.4245939114921885e-06)	(110, 0.0)	(115, 0.0)	(120, 0.0)	(125, 0.0)	(130, 1.2821345203429696e-05)	(135, 0.0)	(140, 0.0)	(145, 0.0)	(150, 0.0)	
/ | scratch | karcher | fastqc | 240813_MG011_PRISMA_NovaSeq_final_for_Q | H5YFCDSXC_240813_MG_PRISMA_24s001116-1-1_Gross_lane1MG346 | H5YFCDSXC_240813_MG_PRISMA_24s001116-1-1_Gross_lane1MG346_2	(1, 0.0017344430872417394)	(2, 0.0003276565996432033)	(3, 3.561484778730471e-06)	(4, 0.0)	(5, 3.561484778730471e-06)	(6, 0.0)	(7, 0.0)	(8, 0.0)	(9, 0.0)	(10, 0.0)	(15, 0.0)	(20, 0.0)	(25, 4.273781734476565e-06)	(30, 0.0)	(35, 0.0)	(40, 0.0)	(45, 0.0)	(50, 0.0)	(55, 0.0)	(60, 1.7807423893652354e-05)	(65, 0.0)	(70, 0.0)	(75, 2.1368908672382825e-06)	(80, 2.1368908672382825e-06)	(85, 7.122969557460943e-07)	(90, 0.0)	(95, 0.0)	(100, 2.3505799539621108e-05)	(105, 4.273781734476565e-06)	(110, 1.4245939114921885e-06)	(115, 7.122969557460943e-07)	(120, 0.0)	(125, 3.3477956920066425e-05)	(130, 1.7807423893652354e-05)	(135, 0.0)	(140, 0.0)	(145, 0.0)	(150, 0.0)	
/ | scratch | karcher | fastqc | 240813_MG011_PRISMA_NovaSeq_final_for_Q | H5YFCDSXC_240813_MG_PRISMA_24s001116-1-1_Gross_lane1MG347 | H5YFCDSXC_240813_MG_PRISMA_24s001116-1-1_Gross_lane1MG347_1	(1, 0.00022131116560821719)	(2, 0.047616480475392985)	(3, 0.0)	(4, 0.0)	(5, 0.0)	(6, 0.0)	(7, 0.0)	(8, 0.0)	(9, 0.0)	(10, 2.9047090486078508e-05)	(15, 0.00018050691944920214)	(20, 8.852446624328688e-05)	(25, 0.00042602399379581814)	(30, 0.001332708175396983)	(35, 8.990766102833823e-05)	(40, 2.766389570102715e-06)	(45, 0.0)	(50, 0.0)	(55, 3.4579869626283935e-06)	(60, 5.1178207046900224e-05)	(65, 2.143951916829604e-05)	(70, 0.0)	(75, 6.915973925256787e-07)	(80, 5.325299922447727e-05)	(85, 7.330932360772194e-05)	(90, 2.28227139533474e-05)	(95, 0.0)	(100, 0.0)	(105, 0.0)	(110, 0.0)	(115, 0.0)	(120, 0.0)	(125, 0.0)	(130, 4.149584355154072e-06)	(135, 0.0)	(140, 0.0)	(145, 0.0)	(150, 0.0)	
/ | scratch | karcher | fastqc | 240813_MG011_PRISMA_NovaSeq_final_for_Q | H5YFCDSXC_240813_MG_PRISMA_24s001116-1-1_Gross_lane1MG347 | H5YFCDSXC_240813_MG_PRISMA_24s001116-1-1_Gross_lane1MG347_2	(1, 0.0015872160158464327)	(2, 0.00030776083967392704)	(3, 0.0)	(4, 0.0)	(5, 0.0)	(6, 0.0)	(7, 0.0)	(8, 0.0)	(9, 0.0)	(10, 0.0)	(15, 0.0)	(20, 0.0)	(25, 0.0)	(30, 0.0)	(35, 0.0)	(40, 0.0)	(45, 0.0)	(50, 0.0)	(55, 0.0)	(60, 1.3140350457987898e-05)	(65, 0.0)	(70, 0.0)	(75, 0.0)	(80, 0.0)	(85, 0.0)	(90, 0.0)	(95, 0.0)	(100, 1.8673129598193324e-05)	(105, 0.0)	(110, 0.0)	(115, 0.0)	(120, 0.0)	(125, 2.5589103523450112e-05)	(130, 6.224376532731109e-06)	(135, 0.0)	(140, 0.0)	(145, 0.0)	(150, 0.0)	
/ | scratch | karcher | fastqc | 240813_MG011_PRISMA_NovaSeq_final_for_Q | H5YFCDSXC_240813_MG_PRISMA_24s001116-1-1_Gross_lane1MG348 | H5YFCDSXC_240813_MG_PRISMA_24s001116-1-1_Gross_lane1MG348_1	(1, 0.0002525839998473058)	(2, 0.0486557801215296)	(3, 0.0)	(4, 0.0)	(5, 0.0)	(6, 0.0)	(7, 0.0)	(8, 0.0)	(9, 0.0)	(10, 2.9547562246288603e-05)	(15, 0.00019444202252396375)	(20, 9.817415843121698e-05)	(25, 0.00039936866390951367)	(30, 0.0012729280445134977)	(35, 9.674443767736432e-05)	(40, 7.148603769263373e-06)	(45, 0.0)	(50, 0.0)	(55, 1.0008045276968721e-05)	(60, 4.479791695405047e-05)	(65, 1.6680075461614536e-05)	(70, 0.0)	(75, 4.765735846175582e-06)	(80, 5.051679996946116e-05)	(85, 5.766540373872454e-05)	(90, 3.336015092322907e-05)	(95, 0.0)	(100, 0.0)	(105, 2.382867923087791e-06)	(110, 4.7657358461755813e-07)	(115, 0.0)	(120, 0.0)	(125, 0.0)	(130, 7.148603769263373e-06)	(135, 0.0)	(140, 4.7657358461755813e-07)	(145, 0.0)	(150, 0.0)	
/ | scratch | karcher | fastqc | 240813_MG011_PRISMA_NovaSeq_final_for_Q | H5YFCDSXC_240813_MG_PRISMA_24s001116-1-1_Gross_lane1MG348 | H5YFCDSXC_240813_MG_PRISMA_24s001116-1-1_Gross_lane1MG348_2	(1, 0.0016274987914689613)	(2, 0.00032407003753993956)	(3, 2.382867923087791e-06)	(4, 0.0)	(5, 2.382867923087791e-06)	(6, 0.0)	(7, 0.0)	(8, 0.0)	(9, 0.0)	(10, 0.0)	(15, 0.0)	(20, 0.0)	(25, 2.382867923087791e-06)	(30, 0.0)	(35, 0.0)	(40, 0.0)	(45, 0.0)	(50, 0.0)	(55, 0.0)	(60, 1.1437766030821396e-05)	(65, 0.0)	(70, 0.0)	(75, 3.812588676940465e-06)	(80, 1.9062943384702325e-06)	(85, 1.9062943384702325e-06)	(90, 0.0)	(95, 0.0)	(100, 1.8586369800084768e-05)	(105, 2.382867923087791e-06)	(110, 9.531471692351163e-07)	(115, 4.7657358461755813e-07)	(120, 0.0)	(125, 2.0492664138555e-05)	(130, 1.3820633953909187e-05)	(135, 0.0)	(140, 0.0)	(145, 0.0)	(150, 0.0)	
/ | scratch | karcher | fastqc | 240813_MG011_PRISMA_NovaSeq_final_for_Q | H5YFCDSXC_240813_MG_PRISMA_24s001116-1-1_Gross_lane1MG349 | H5YFCDSXC_240813_MG_PRISMA_24s001116-1-1_Gross_lane1MG349_1	(1, 0.00026935425073146513)	(2, 0.048137889786974454)	(3, 0.0)	(4, 0.0)	(5, 0.0)	(6, 0.0)	(7, 0.0)	(8, 0.0)	(9, 0.0)	(10, 2.5711087569821672e-05)	(15, 0.00019895484429028676)	(20, 0.00010223218152762426)	(25, 0.0004193355948887582)	(30, 0.0012733110034578352)	(35, 8.203061272276438e-05)	(40, 7.3460250199490495e-06)	(45, 0.0)	(50, 0.0)	(55, 1.1631206281585994e-05)	(60, 6.611422517954145e-05)	(65, 2.203807505984715e-05)	(70, 0.0)	(75, 7.3460250199490495e-06)	(80, 6.733856268286628e-05)	(85, 7.713326270946502e-05)	(90, 4.3463981368031876e-05)	(95, 0.0)	(100, 0.0)	(105, 2.448675006649683e-06)	(110, 0.0)	(115, 0.0)	(120, 0.0)	(125, 0.0)	(130, 7.95819377161147e-06)	(135, 0.0)	(140, 6.121687516624207e-07)	(145, 0.0)	(150, 0.0)	
/ | scratch | karcher | fastqc | 240813_MG011_PRISMA_NovaSeq_final_for_Q | H5YFCDSXC_240813_MG_PRISMA_24s001116-1-1_Gross_lane1MG349 | H5YFCDSXC_240813_MG_PRISMA_24s001116-1-1_Gross_lane1MG349_2	(1, 0.0017079508171381538)	(2, 0.0003366928134143314)	(3, 0.0)	(4, 0.0)	(5, 0.0)	(6, 0.0)	(7, 0.0)	(8, 0.0)	(9, 0.0)	(10, 0.0)	(15, 0.0)	(20, 0.0)	(25, 4.897350013299366e-06)	(30, 0.0)	(35, 0.0)	(40, 0.0)	(45, 0.0)	(50, 0.0)	(55, 0.0)	(60, 1.5304218791560516e-05)	(65, 0.0)	(70, 0.0)	(75, 3.6730125099745247e-06)	(80, 3.0608437583121042e-06)	(85, 2.448675006649683e-06)	(90, 0.0)	(95, 0.0)	(100, 2.203807505984715e-05)	(105, 2.448675006649683e-06)	(110, 6.121687516624207e-07)	(115, 1.2243375033248414e-06)	(120, 0.0)	(125, 2.999626883145862e-05)	(130, 2.1425906308184726e-05)	(135, 0.0)	(140, 0.0)	(145, 0.0)	(150, 0.0)	
/ | scratch | karcher | fastqc | 240813_MG011_PRISMA_NovaSeq_final_for_Q | H5YFCDSXC_240813_MG_PRISMA_24s001116-1-1_Gross_lane1MG350 | H5YFCDSXC_240813_MG_PRISMA_24s001116-1-1_Gross_lane1MG350_1	(1, 0.0002804228224823247)	(2, 0.048018843653202144)	(3, 0.0)	(4, 0.0)	(5, 0.0)	(6, 0.0)	(7, 0.0)	(8, 0.0)	(9, 0.0)	(10, 2.75669893287709e-05)	(15, 0.0001863148244289344)	(20, 0.00010266327060369854)	(25, 0.00041730718328725604)	(30, 0.0013726459514050062)	(35, 8.460213966415897e-05)	(40, 3.8023433556925378e-06)	(45, 0.0)	(50, 0.0)	(55, 6.6541008724619414e-06)	(60, 4.467753442938733e-05)	(65, 1.8061130939539558e-05)	(70, 0.0)	(75, 3.8023433556925378e-06)	(80, 5.228222114077239e-05)	(85, 6.463983704677315e-05)	(90, 2.5665817650924634e-05)	(95, 0.0)	(100, 0.0)	(105, 9.505858389231344e-07)	(110, 0.0)	(115, 0.0)	(120, 0.0)	(125, 0.0)	(130, 6.6541008724619414e-06)	(135, 0.0)	(140, 9.505858389231344e-07)	(145, 0.0)	(150, 0.0)	
/ | scratch | karcher | fastqc | 240813_MG011_PRISMA_NovaSeq_final_for_Q | H5YFCDSXC_240813_MG_PRISMA_24s001116-1-1_Gross_lane1MG350 | H5YFCDSXC_240813_MG_PRISMA_24s001116-1-1_Gross_lane1MG350_2	(1, 0.0018203718815378027)	(2, 0.0004135048399315635)	(3, 0.0)	(4, 0.0)	(5, 0.0)	(6, 0.0)	(7, 0.0)	(8, 0.0)	(9, 0.0)	(10, 0.0)	(15, 0.0)	(20, 0.0)	(25, 1.9011716778462689e-06)	(30, 0.0)	(35, 0.0)	(40, 0.0)	(45, 0.0)	(50, 0.0)	(55, 0.0)	(60, 1.425878758384702e-05)	(65, 0.0)	(70, 0.0)	(75, 1.9011716778462689e-06)	(80, 1.9011716778462689e-06)	(85, 9.505858389231344e-07)	(90, 0.0)	(95, 0.0)	(100, 1.901171677846269e-05)	(105, 9.505858389231344e-07)	(110, 1.9011716778462689e-06)	(115, 9.505858389231344e-07)	(120, 0.0)	(125, 2.1863474295232094e-05)	(130, 1.045644422815448e-05)	(135, 0.0)	(140, 0.0)	(145, 0.0)	(150, 0.0)	
/ | scratch | karcher | fastqc | 240813_MG011_PRISMA_NovaSeq_final_for_Q | H5YFCDSXC_240813_MG_PRISMA_24s001116-1-1_Gross_lane1MG351 | H5YFCDSXC_240813_MG_PRISMA_24s001116-1-1_Gross_lane1MG351_1	(1, 0.00019429288495481124)	(2, 0.04875426688150161)	(3, 0.0)	(4, 0.0)	(5, 0.0)	(6, 0.0)	(7, 0.0)	(8, 0.0)	(9, 0.0)	(10, 2.8260783266154363e-05)	(15, 0.0001934097354777439)	(20, 0.00010244533933980956)	(25, 0.0004124308057904402)	(30, 0.0013468029525276687)	(35, 9.538014352327097e-05)	(40, 6.182046339471266e-06)	(45, 0.0)	(50, 0.0)	(55, 8.831494770673238e-07)	(60, 5.56384170552414e-05)	(65, 2.2961886403750417e-05)	(70, 0.0)	(75, 8.831494770673238e-07)	(80, 5.56384170552414e-05)	(85, 7.595085502778985e-05)	(90, 2.7377633789087034e-05)	(95, 0.0)	(100, 0.0)	(105, 0.0)	(110, 0.0)	(115, 0.0)	(120, 0.0)	(125, 0.0)	(130, 4.415747385336619e-06)	(135, 0.0)	(140, 0.0)	(145, 0.0)	(150, 0.0)	
/ | scratch | karcher | fastqc | 240813_MG011_PRISMA_NovaSeq_final_for_Q | H5YFCDSXC_240813_MG_PRISMA_24s001116-1-1_Gross_lane1MG351 | H5YFCDSXC_240813_MG_PRISMA_24s001116-1-1_Gross_lane1MG351_2	(1, 0.00182811941752936)	(2, 0.0003400125486709196)	(3, 0.0)	(4, 0.0)	(5, 0.0)	(6, 0.0)	(7, 0.0)	(8, 0.0)	(9, 0.0)	(10, 0.0)	(15, 0.0)	(20, 0.0)	(25, 2.6494484312019716e-06)	(30, 0.0)	(35, 0.0)	(40, 0.0)	(45, 0.0)	(50, 0.0)	(55, 0.0)	(60, 1.4130391633077182e-05)	(65, 0.0)	(70, 0.0)	(75, 0.0)	(80, 8.831494770673238e-07)	(85, 0.0)	(90, 0.0)	(95, 0.0)	(100, 2.3845035880817743e-05)	(105, 8.831494770673238e-07)	(110, 0.0)	(115, 0.0)	(120, 0.0)	(125, 2.4728185357885065e-05)	(130, 4.415747385336619e-06)	(135, 0.0)	(140, 0.0)	(145, 0.0)	(150, 0.0)	
/ | scratch | karcher | fastqc | 240813_MG011_PRISMA_NovaSeq_final_for_Q | H5YFCDSXC_240813_MG_PRISMA_24s001116-1-1_Gross_lane1MG352 | H5YFCDSXC_240813_MG_PRISMA_24s001116-1-1_Gross_lane1MG352_1	(1, 0.00022549683872223513)	(2, 0.048092325785669424)	(3, 0.0)	(4, 0.0)	(5, 0.0)	(6, 0.0)	(7, 0.0)	(8, 0.0)	(9, 0.0)	(10, 2.3233007625927256e-05)	(15, 0.00017903082347038064)	(20, 8.883208798148658e-05)	(25, 0.00040042771967039334)	(30, 0.0013160815496334086)	(35, 8.473214545926411e-05)	(40, 5.466590029629942e-06)	(45, 0.0)	(50, 0.0)	(55, 8.199885044444915e-06)	(60, 5.8765842818521887e-05)	(65, 2.3233007625927256e-05)	(70, 0.0)	(75, 3.4166187685187144e-06)	(80, 6.081581407963312e-05)	(85, 7.584893666111546e-05)	(90, 4.373272023703954e-05)	(95, 0.0)	(100, 0.0)	(105, 2.733295014814971e-06)	(110, 0.0)	(115, 0.0)	(120, 0.0)	(125, 0.0)	(130, 9.5665325518524e-06)	(135, 0.0)	(140, 0.0)	(145, 0.0)	(150, 0.0)	
/ | scratch | karcher | fastqc | 240813_MG011_PRISMA_NovaSeq_final_for_Q | H5YFCDSXC_240813_MG_PRISMA_24s001116-1-1_Gross_lane1MG352 | H5YFCDSXC_240813_MG_PRISMA_24s001116-1-1_Gross_lane1MG352_2	(1, 0.0016912262904167637)	(2, 0.0003553283519259463)	(3, 0.0)	(4, 0.0)	(5, 0.0)	(6, 0.0)	(7, 0.0)	(8, 0.0)	(9, 0.0)	(10, 0.0)	(15, 0.0)	(20, 0.0)	(25, 6.833237537037428e-07)	(30, 0.0)	(35, 0.0)	(40, 0.0)	(45, 0.0)	(50, 0.0)	(55, 0.0)	(60, 1.91330651037048e-05)	(65, 0.0)	(70, 0.0)	(75, 0.0)	(80, 6.833237537037428e-07)	(85, 0.0)	(90, 0.0)	(95, 0.0)	(100, 2.2549683872223516e-05)	(105, 0.0)	(110, 2.0499712611112287e-06)	(115, 6.833237537037428e-07)	(120, 0.0)	(125, 2.7332950148149715e-05)	(130, 1.0249856305556142e-05)	(135, 0.0)	(140, 0.0)	(145, 0.0)	(150, 0.0)	
/ | scratch | karcher | fastqc | 240813_MG011_PRISMA_NovaSeq_final_for_Q | H5YFCDSXC_240813_MG_PRISMA_24s001116-1-1_Gross_lane1MG353 | H5YFCDSXC_240813_MG_PRISMA_24s001116-1-1_Gross_lane1MG353_1	(1, 0.00022425870796563029)	(2, 0.04827412448425372)	(3, 0.0)	(4, 0.0)	(5, 0.0)	(6, 0.0)	(7, 0.0)	(8, 0.0)	(9, 0.0)	(10, 3.315128726448448e-05)	(15, 0.00016185628487954188)	(20, 8.970348318625212e-05)	(25, 0.0003828648666427717)	(30, 0.0012460983860003282)	(35, 8.515330650289151e-05)	(40, 5.200201923840702e-06)	(45, 0.0)	(50, 0.0)	(55, 4.550176683360615e-06)	(60, 5.9802322124168086e-05)	(65, 1.9500757214402637e-05)	(70, 0.0)	(75, 3.250126202400439e-06)	(80, 6.045234736464817e-05)	(85, 7.280282693376984e-05)	(90, 3.2501262024004395e-05)	(95, 0.0)	(100, 0.0)	(105, 1.3000504809601756e-06)	(110, 0.0)	(115, 0.0)	(120, 0.0)	(125, 0.0)	(130, 3.250126202400439e-06)	(135, 0.0)	(140, 0.0)	(145, 0.0)	(150, 0.0)	
/ | scratch | karcher | fastqc | 240813_MG011_PRISMA_NovaSeq_final_for_Q | H5YFCDSXC_240813_MG_PRISMA_24s001116-1-1_Gross_lane1MG353 | H5YFCDSXC_240813_MG_PRISMA_24s001116-1-1_Gross_lane1MG353_2	(1, 0.0017713187803082393)	(2, 0.0003380131250496457)	(3, 0.0)	(4, 0.0)	(5, 0.0)	(6, 0.0)	(7, 0.0)	(8, 0.0)	(9, 0.0)	(10, 0.0)	(15, 0.0)	(20, 0.0)	(25, 1.9500757214402637e-06)	(30, 0.0)	(35, 0.0)	(40, 0.0)	(45, 0.0)	(50, 0.0)	(55, 0.0)	(60, 1.1700454328641582e-05)	(65, 0.0)	(70, 0.0)	(75, 2.600100961920351e-06)	(80, 1.3000504809601756e-06)	(85, 1.9500757214402637e-06)	(90, 0.0)	(95, 0.0)	(100, 2.015078245488272e-05)	(105, 6.500252404800878e-07)	(110, 6.500252404800878e-07)	(115, 1.3000504809601756e-06)	(120, 0.0)	(125, 1.9500757214402637e-05)	(130, 1.1700454328641582e-05)	(135, 0.0)	(140, 0.0)	(145, 0.0)	(150, 0.0)	
/ | scratch | karcher | fastqc | 240813_MG011_PRISMA_NovaSeq_final_for_Q | H5YFCDSXC_240813_MG_PRISMA_24s001116-1-1_Gross_lane1MG354 | H5YFCDSXC_240813_MG_PRISMA_24s001116-1-1_Gross_lane1MG354_1	(1, 0.00025486971563948736)	(2, 0.048614916457559894)	(3, 0.0)	(4, 0.0)	(5, 0.0)	(6, 0.0)	(7, 0.0)	(8, 0.0)	(9, 0.0)	(10, 3.793409721145859e-05)	(15, 0.00017663064014085406)	(20, 9.009348087721414e-05)	(25, 0.0003900099369553086)	(30, 0.0013063554727196051)	(35, 9.009348087721414e-05)	(40, 3.5563216135742423e-06)	(45, 0.0)	(50, 0.0)	(55, 3.5563216135742423e-06)	(60, 4.8603062052181314e-05)	(65, 1.541072699215505e-05)	(70, 0.0)	(75, 1.185440537858081e-06)	(80, 4.741762151432323e-05)	(85, 5.334482420361364e-05)	(90, 2.8450572908593938e-05)	(95, 0.0)	(100, 0.0)	(105, 1.185440537858081e-06)	(110, 0.0)	(115, 0.0)	(120, 0.0)	(125, 0.0)	(130, 7.1126432271484845e-06)	(135, 0.0)	(140, 0.0)	(145, 0.0)	(150, 0.0)	
/ | scratch | karcher | fastqc | 240813_MG011_PRISMA_NovaSeq_final_for_Q | H5YFCDSXC_240813_MG_PRISMA_24s001116-1-1_Gross_lane1MG354 | H5YFCDSXC_240813_MG_PRISMA_24s001116-1-1_Gross_lane1MG354_2	(1, 0.0017485247933406692)	(2, 0.00032006894522168186)	(3, 0.0)	(4, 0.0)	(5, 0.0)	(6, 0.0)	(7, 0.0)	(8, 0.0)	(9, 0.0)	(10, 0.0)	(15, 0.0)	(20, 0.0)	(25, 3.5563216135742423e-06)	(30, 0.0)	(35, 0.0)	(40, 0.0)	(45, 0.0)	(50, 0.0)	(55, 0.0)	(60, 1.1854405378580808e-05)	(65, 0.0)	(70, 0.0)	(75, 1.185440537858081e-06)	(80, 1.185440537858081e-06)	(85, 1.185440537858081e-06)	(90, 0.0)	(95, 0.0)	(100, 1.4225286454296969e-05)	(105, 0.0)	(110, 1.185440537858081e-06)	(115, 0.0)	(120, 0.0)	(125, 2.0152489143587372e-05)	(130, 1.1854405378580808e-05)	(135, 0.0)	(140, 0.0)	(145, 0.0)	(150, 0.0)	
/ | scratch | karcher | fastqc | 240813_MG011_PRISMA_NovaSeq_final_for_Q | H5YFCDSXC_240813_MG_PRISMA_24s001116-1-1_Gross_lane1MG355 | H5YFCDSXC_240813_MG_PRISMA_24s001116-1-1_Gross_lane1MG355_1	(1, 0.0002232392008036611)	(2, 0.04837362544311057)	(3, 0.0)	(4, 0.0)	(5, 0.0)	(6, 0.0)	(7, 0.0)	(8, 0.0)	(9, 0.0)	(10, 2.9252033208755597e-05)	(15, 0.00018705905446651604)	(20, 0.0001077706486638364)	(25, 0.0004256940622221538)	(30, 0.0013402049951695655)	(35, 8.54467285834703e-05)	(40, 6.158322780790652e-06)	(45, 0.0)	(50, 0.0)	(55, 1.2316645561581304e-05)	(60, 5.6194695374714696e-05)	(65, 2.3093710427964944e-05)	(70, 0.0)	(75, 5.38853243319182e-06)	(80, 6.620196989349951e-05)	(85, 7.236029267429015e-05)	(90, 4.618742085592989e-05)	(95, 0.0)	(100, 0.0)	(105, 3.848951737994158e-06)	(110, 7.697903475988315e-07)	(115, 0.0)	(120, 0.0)	(125, 0.0)	(130, 1.0007274518784809e-05)	(135, 0.0)	(140, 0.0)	(145, 0.0)	(150, 0.0)	
/ | scratch | karcher | fastqc | 240813_MG011_PRISMA_NovaSeq_final_for_Q | H5YFCDSXC_240813_MG_PRISMA_24s001116-1-1_Gross_lane1MG355 | H5YFCDSXC_240813_MG_PRISMA_24s001116-1-1_Gross_lane1MG355_2	(1, 0.0017512730407873416)	(2, 0.00034640565641947416)	(3, 3.848951737994158e-06)	(4, 0.0)	(5, 0.0)	(6, 0.0)	(7, 0.0)	(8, 0.0)	(9, 0.0)	(10, 0.0)	(15, 0.0)	(20, 0.0)	(25, 4.618742085592989e-06)	(30, 0.0)	(35, 0.0)	(40, 0.0)	(45, 0.0)	(50, 7.697903475988315e-07)	(55, 0.0)	(60, 1.616559729957546e-05)	(65, 0.0)	(70, 0.0)	(75, 1.539580695197663e-06)	(80, 2.3093710427964944e-06)	(85, 3.848951737994158e-06)	(90, 0.0)	(95, 0.0)	(100, 1.9244758689970786e-05)	(105, 7.697903475988315e-07)	(110, 2.3093710427964944e-06)	(115, 7.697903475988315e-07)	(120, 0.0)	(125, 2.69426621659591e-05)	(130, 1.1546855213982472e-05)	(135, 7.697903475988315e-07)	(140, 0.0)	(145, 0.0)	(150, 0.0)	
/ | scratch | karcher | fastqc | 240813_MG011_PRISMA_NovaSeq_final_for_Q | H5YFCDSXC_240813_MG_PRISMA_24s001116-1-1_Gross_lane1MG356 | H5YFCDSXC_240813_MG_PRISMA_24s001116-1-1_Gross_lane1MG356_1	(1, 0.0002519596310279167)	(2, 0.04798331211373314)	(3, 0.0)	(4, 0.0)	(5, 0.0)	(6, 0.0)	(7, 0.0)	(8, 0.0)	(9, 0.0)	(10, 3.47944252371885e-05)	(15, 0.00018956962715433733)	(20, 9.478481357716867e-05)	(25, 0.00046372570186804666)	(30, 0.0013869777784203416)	(35, 9.298510192696926e-05)	(40, 2.399615533599207e-06)	(45, 0.0)	(50, 0.0)	(55, 5.399134950598215e-06)	(60, 5.579106115618156e-05)	(65, 1.799711650199405e-05)	(70, 0.0)	(75, 1.799711650199405e-06)	(80, 5.519115727278175e-05)	(85, 6.83890427075774e-05)	(90, 2.3996155335992067e-05)	(95, 0.0)	(100, 0.0)	(105, 1.1998077667996035e-06)	(110, 0.0)	(115, 0.0)	(120, 0.0)	(125, 0.0)	(130, 3.59942330039881e-06)	(135, 0.0)	(140, 5.999038833998017e-07)	(145, 0.0)	(150, 0.0)	
/ | scratch | karcher | fastqc | 240813_MG011_PRISMA_NovaSeq_final_for_Q | H5YFCDSXC_240813_MG_PRISMA_24s001116-1-1_Gross_lane1MG356 | H5YFCDSXC_240813_MG_PRISMA_24s001116-1-1_Gross_lane1MG356_2	(1, 0.0018956962715433732)	(2, 0.00032694761645289195)	(3, 0.0)	(4, 0.0)	(5, 0.0)	(6, 0.0)	(7, 0.0)	(8, 0.0)	(9, 0.0)	(10, 0.0)	(15, 0.0)	(20, 0.0)	(25, 1.799711650199405e-06)	(30, 0.0)	(35, 0.0)	(40, 0.0)	(45, 0.0)	(50, 0.0)	(55, 0.0)	(60, 1.3197885434795636e-05)	(65, 0.0)	(70, 0.0)	(75, 1.1998077667996035e-06)	(80, 1.1998077667996035e-06)	(85, 1.1998077667996035e-06)	(90, 0.0)	(95, 0.0)	(100, 1.799711650199405e-05)	(105, 5.999038833998017e-07)	(110, 5.999038833998017e-07)	(115, 0.0)	(120, 0.0)	(125, 2.099663591899306e-05)	(130, 1.0198366017796629e-05)	(135, 0.0)	(140, 0.0)	(145, 0.0)	(150, 0.0)	
/ | scratch | karcher | fastqc | 240813_MG011_PRISMA_NovaSeq_final_for_Q | H5YFCDSXC_240813_MG_PRISMA_24s001116-1-1_Gross_lane1MG357 | H5YFCDSXC_240813_MG_PRISMA_24s001116-1-1_Gross_lane1MG357_1	(1, 0.00018645359277427918)	(2, 0.04961925611344605)	(3, 0.0)	(4, 0.0)	(5, 0.0)	(6, 0.0)	(7, 0.0)	(8, 0.0)	(9, 0.0)	(10, 1.6950326615843558e-05)	(15, 0.00018758361454866875)	(20, 7.232139356093253e-05)	(25, 0.0003277063145729755)	(30, 0.0010983811647066626)	(35, 9.153176372555522e-05)	(40, 3.390065323168712e-06)	(45, 0.0)	(50, 0.0)	(55, 6.780130646337424e-06)	(60, 5.085097984753068e-05)	(65, 2.2600435487791414e-05)	(70, 0.0)	(75, 2.2600435487791415e-06)	(80, 5.763111049386811e-05)	(85, 7.684148065849081e-05)	(90, 4.520087097558283e-05)	(95, 0.0)	(100, 0.0)	(105, 2.2600435487791415e-06)	(110, 0.0)	(115, 0.0)	(120, 0.0)	(125, 0.0)	(130, 6.780130646337424e-06)	(135, 0.0)	(140, 1.1300217743895708e-06)	(145, 0.0)	(150, 0.0)	
/ | scratch | karcher | fastqc | 240813_MG011_PRISMA_NovaSeq_final_for_Q | H5YFCDSXC_240813_MG_PRISMA_24s001116-1-1_Gross_lane1MG357 | H5YFCDSXC_240813_MG_PRISMA_24s001116-1-1_Gross_lane1MG357_2	(1, 0.0018645359277427915)	(2, 0.0002655551169815491)	(3, 5.650108871947854e-06)	(4, 0.0)	(5, 5.650108871947854e-06)	(6, 0.0)	(7, 0.0)	(8, 0.0)	(9, 0.0)	(10, 0.0)	(15, 0.0)	(20, 0.0)	(25, 3.390065323168712e-06)	(30, 0.0)	(35, 0.0)	(40, 0.0)	(45, 0.0)	(50, 0.0)	(55, 0.0)	(60, 1.582030484145399e-05)	(65, 0.0)	(70, 0.0)	(75, 2.2600435487791415e-06)	(80, 3.390065323168712e-06)	(85, 2.2600435487791415e-06)	(90, 0.0)	(95, 0.0)	(100, 2.2600435487791414e-05)	(105, 1.1300217743895708e-06)	(110, 2.2600435487791415e-06)	(115, 1.1300217743895708e-06)	(120, 0.0)	(125, 2.7120522585349697e-05)	(130, 1.4690283067064417e-05)	(135, 0.0)	(140, 0.0)	(145, 0.0)	(150, 0.0)	
/ | scratch | karcher | fastqc | 240813_MG011_PRISMA_NovaSeq_final_for_Q | H5YFCDSXC_240813_MG_PRISMA_24s001116-1-1_Gross_lane1MG358 | H5YFCDSXC_240813_MG_PRISMA_24s001116-1-1_Gross_lane1MG358_1	(1, 0.0003249439086955503)	(2, 0.04860904339420673)	(3, 0.0)	(4, 0.0)	(5, 0.0)	(6, 0.0)	(7, 0.0)	(8, 0.0)	(9, 0.0)	(10, 2.6508582025163312e-05)	(15, 0.00018556007417614318)	(20, 8.978713266587573e-05)	(25, 0.0003762508416474793)	(30, 0.0012886591326426167)	(35, 9.064224821507456e-05)	(40, 7.696039942789348e-06)	(45, 0.0)	(50, 0.0)	(55, 1.4536964336379882e-05)	(60, 5.0451817402730173e-05)	(65, 1.7957426533175148e-05)	(70, 0.0)	(75, 6.8409243935905335e-06)	(80, 5.64376262471219e-05)	(85, 6.584389728830888e-05)	(90, 4.190066191074201e-05)	(95, 0.0)	(100, 0.0)	(105, 2.56534664759645e-06)	(110, 0.0)	(115, 0.0)	(120, 0.0)	(125, 0.0)	(130, 8.551155491988166e-06)	(135, 0.0)	(140, 8.551155491988167e-07)	(145, 0.0)	(150, 0.0)	
/ | scratch | karcher | fastqc | 240813_MG011_PRISMA_NovaSeq_final_for_Q | H5YFCDSXC_240813_MG_PRISMA_24s001116-1-1_Gross_lane1MG358 | H5YFCDSXC_240813_MG_PRISMA_24s001116-1-1_Gross_lane1MG358_2	(1, 0.0016974043651596508)	(2, 0.0003420462196795266)	(3, 0.0)	(4, 0.0)	(5, 0.0)	(6, 0.0)	(7, 0.0)	(8, 0.0)	(9, 0.0)	(10, 0.0)	(15, 0.0)	(20, 0.0)	(25, 4.275577745994083e-06)	(30, 0.0)	(35, 0.0)	(40, 0.0)	(45, 0.0)	(50, 0.0)	(55, 0.0)	(60, 1.3681848787181067e-05)	(65, 0.0)	(70, 0.0)	(75, 5.1306932951929e-06)	(80, 3.4204621967952667e-06)	(85, 2.56534664759645e-06)	(90, 0.0)	(95, 0.0)	(100, 1.6247195434777515e-05)	(105, 1.7102310983976334e-06)	(110, 1.7102310983976334e-06)	(115, 8.551155491988167e-07)	(120, 0.0)	(125, 2.56534664759645e-05)	(130, 1.7957426533175148e-05)	(135, 0.0)	(140, 0.0)	(145, 0.0)	(150, 0.0)	
/ | scratch | karcher | fastqc | 240813_MG011_PRISMA_NovaSeq_final_for_Q | H5YFCDSXC_240813_MG_PRISMA_24s001116-1-1_Gross_lane1MG359 | H5YFCDSXC_240813_MG_PRISMA_24s001116-1-1_Gross_lane1MG359_1	(1, 0.0003165041533890537)	(2, 0.0478934084908316)	(3, 0.0)	(4, 0.0)	(5, 0.0)	(6, 0.0)	(7, 0.0)	(8, 0.0)	(9, 0.0)	(10, 2.6586348884680507e-05)	(15, 0.00019749859171476947)	(20, 0.00010507937892516581)	(25, 0.00040892336617865733)	(30, 0.0013166572780984635)	(35, 0.00010761141215227825)	(40, 1.1394149522005933e-05)	(45, 0.0)	(50, 0.0)	(55, 1.645821597623079e-05)	(60, 7.216294697270425e-05)	(65, 2.785236549823672e-05)	(70, 0.0)	(75, 8.862116294893504e-06)	(80, 8.608912972182261e-05)	(85, 8.988717956249125e-05)	(90, 7.089693035914803e-05)	(95, 0.0)	(100, 0.0)	(105, 6.330083067781073e-06)	(110, 0.0)	(115, 0.0)	(120, 0.0)	(125, 0.0)	(130, 1.7724232589787008e-05)	(135, 0.0)	(140, 2.5320332271124296e-06)	(145, 0.0)	(150, 0.0)	
/ | scratch | karcher | fastqc | 240813_MG011_PRISMA_NovaSeq_final_for_Q | H5YFCDSXC_240813_MG_PRISMA_24s001116-1-1_Gross_lane1MG359 | H5YFCDSXC_240813_MG_PRISMA_24s001116-1-1_Gross_lane1MG359_2	(1, 0.0017850834251142628)	(2, 0.00030384398725349156)	(3, 1.2660166135562146e-05)	(4, 0.0)	(5, 1.2660166135562146e-05)	(6, 0.0)	(7, 0.0)	(8, 0.0)	(9, 0.0)	(10, 0.0)	(15, 0.0)	(20, 0.0)	(25, 6.330083067781073e-06)	(30, 0.0)	(35, 0.0)	(40, 0.0)	(45, 0.0)	(50, 0.0)	(55, 0.0)	(60, 2.1522282430455652e-05)	(65, 0.0)	(70, 0.0)	(75, 3.798049840668644e-06)	(80, 5.064066454224859e-06)	(85, 5.064066454224859e-06)	(90, 0.0)	(95, 0.0)	(100, 3.291643195246158e-05)	(105, 3.798049840668644e-06)	(110, 3.798049840668644e-06)	(115, 3.798049840668644e-06)	(120, 0.0)	(125, 4.0512531633798874e-05)	(130, 2.4054315657568078e-05)	(135, 0.0)	(140, 0.0)	(145, 0.0)	(150, 0.0)	
/ | scratch | karcher | fastqc | 240813_MG011_PRISMA_NovaSeq_final_for_Q | H5YFCDSXC_240813_MG_PRISMA_24s001116-1-1_Gross_lane1MG360 | H5YFCDSXC_240813_MG_PRISMA_24s001116-1-1_Gross_lane1MG360_1	(1, 0.0002381486950623935)	(2, 0.04846142753215814)	(3, 0.0)	(4, 0.0)	(5, 0.0)	(6, 0.0)	(7, 0.0)	(8, 0.0)	(9, 0.0)	(10, 3.2241669485370196e-05)	(15, 0.0001912517212654914)	(20, 7.181099112650634e-05)	(25, 0.0003627187817104147)	(30, 0.0012376404491088696)	(35, 9.45267128093808e-05)	(40, 6.594886940189358e-06)	(45, 0.0)	(50, 0.0)	(55, 1.1724243449225526e-05)	(60, 5.2759095521514866e-05)	(65, 1.905189560499148e-05)	(70, 0.0)	(75, 6.594886940189358e-06)	(80, 5.715568681497444e-05)	(85, 6.521610418631698e-05)	(90, 4.250038250344253e-05)	(95, 0.0)	(100, 0.0)	(105, 1.4655304311531907e-06)	(110, 0.0)	(115, 0.0)	(120, 0.0)	(125, 0.0)	(130, 8.793182586919144e-06)	(135, 0.0)	(140, 7.327652155765954e-07)	(145, 0.0)	(150, 0.0)	
/ | scratch | karcher | fastqc | 240813_MG011_PRISMA_NovaSeq_final_for_Q | H5YFCDSXC_240813_MG_PRISMA_24s001116-1-1_Gross_lane1MG360 | H5YFCDSXC_240813_MG_PRISMA_24s001116-1-1_Gross_lane1MG360_2	(1, 0.0017916109520847757)	(2, 0.0003847017381777126)	(3, 0.0)	(4, 0.0)	(5, 0.0)	(6, 0.0)	(7, 0.0)	(8, 0.0)	(9, 0.0)	(10, 0.0)	(15, 0.0)	(20, 0.0)	(25, 4.396591293459572e-06)	(30, 0.0)	(35, 0.0)	(40, 0.0)	(45, 0.0)	(50, 0.0)	(55, 0.0)	(60, 1.6120834742685098e-05)	(65, 0.0)	(70, 0.0)	(75, 3.6638260778829764e-06)	(80, 2.198295646729786e-06)	(85, 1.4655304311531907e-06)	(90, 0.0)	(95, 0.0)	(100, 2.198295646729786e-05)	(105, 1.4655304311531907e-06)	(110, 1.4655304311531907e-06)	(115, 1.4655304311531907e-06)	(120, 0.0)	(125, 2.711231297633403e-05)	(130, 1.6853599958261693e-05)	(135, 0.0)	(140, 0.0)	(145, 0.0)	(150, 0.0)	
/ | scratch | karcher | fastqc | 240813_MG011_PRISMA_NovaSeq_final_for_Q | H5YFCDSXC_240813_MG_PRISMA_24s001116-1-1_Gross_lane1MG361 | H5YFCDSXC_240813_MG_PRISMA_24s001116-1-1_Gross_lane1MG361_1	(1, 0.0002549253509047455)	(2, 0.04880661718230855)	(3, 0.0)	(4, 0.0)	(5, 0.0)	(6, 0.0)	(7, 0.0)	(8, 0.0)	(9, 0.0)	(10, 3.39900467872994e-05)	(15, 0.00018385525307675586)	(20, 9.115512547503022e-05)	(25, 0.00039552054443402944)	(30, 0.0012529967247499917)	(35, 9.965263717185507e-05)	(40, 4.635006380086282e-06)	(45, 0.0)	(50, 0.0)	(55, 6.18000850678171e-06)	(60, 5.7165078687730816e-05)	(65, 1.8540025520345127e-05)	(70, 0.0)	(75, 3.090004253390855e-06)	(80, 5.7165078687730816e-05)	(85, 6.411758825786024e-05)	(90, 2.8582539343865408e-05)	(95, 0.0)	(100, 0.0)	(105, 2.317503190043141e-06)	(110, 7.725010633477138e-07)	(115, 0.0)	(120, 0.0)	(125, 0.0)	(130, 6.18000850678171e-06)	(135, 0.0)	(140, 7.725010633477138e-07)	(145, 0.0)	(150, 0.0)	
/ | scratch | karcher | fastqc | 240813_MG011_PRISMA_NovaSeq_final_for_Q | H5YFCDSXC_240813_MG_PRISMA_24s001116-1-1_Gross_lane1MG361 | H5YFCDSXC_240813_MG_PRISMA_24s001116-1-1_Gross_lane1MG361_2	(1, 0.0017072273499984473)	(2, 0.0003321754572395169)	(3, 0.0)	(4, 0.0)	(5, 0.0)	(6, 0.0)	(7, 0.0)	(8, 0.0)	(9, 0.0)	(10, 0.0)	(15, 0.0)	(20, 0.0)	(25, 1.5450021266954275e-06)	(30, 0.0)	(35, 0.0)	(40, 0.0)	(45, 0.0)	(50, 7.725010633477138e-07)	(55, 0.0)	(60, 8.49751169682485e-06)	(65, 0.0)	(70, 0.0)	(75, 1.5450021266954275e-06)	(80, 2.317503190043141e-06)	(85, 1.5450021266954275e-06)	(90, 0.0)	(95, 0.0)	(100, 1.467752020360656e-05)	(105, 7.725010633477138e-07)	(110, 7.725010633477138e-07)	(115, 7.725010633477138e-07)	(120, 0.0)	(125, 2.0085027647040556e-05)	(130, 8.49751169682485e-06)	(135, 7.725010633477138e-07)	(140, 0.0)	(145, 0.0)	(150, 0.0)	
/ | scratch | karcher | fastqc | 240813_MG011_PRISMA_NovaSeq_final_for_Q | H5YFCDSXC_240813_MG_PRISMA_24s001116-1-1_Gross_lane1MG362 | H5YFCDSXC_240813_MG_PRISMA_24s001116-1-1_Gross_lane1MG362_1	(1, 0.0002465590977501397)	(2, 0.04818955055337214)	(3, 0.0)	(4, 0.0)	(5, 0.0)	(6, 0.0)	(7, 0.0)	(8, 0.0)	(9, 0.0)	(10, 3.315794762846707e-05)	(15, 0.00019554687062942118)	(20, 8.331997096384033e-05)	(25, 0.00041064842832178446)	(30, 0.0013348199429921359)	(35, 9.692323152936528e-05)	(40, 9.352241638798404e-06)	(45, 0.0)	(50, 0.0)	(55, 2.2105298418978045e-05)	(60, 5.7813857403481035e-05)	(65, 2.0404890848287424e-05)	(70, 0.0)	(75, 1.0202445424143712e-05)	(80, 6.206487633020759e-05)	(85, 6.631589525693414e-05)	(90, 5.1012227120718566e-05)	(95, 0.0)	(100, 0.0)	(105, 4.251018926726547e-06)	(110, 0.0)	(115, 0.0)	(120, 0.0)	(125, 0.0)	(130, 9.352241638798404e-06)	(135, 0.0)	(140, 0.0)	(145, 0.0)	(150, 0.0)	
/ | scratch | karcher | fastqc | 240813_MG011_PRISMA_NovaSeq_final_for_Q | H5YFCDSXC_240813_MG_PRISMA_24s001116-1-1_Gross_lane1MG362 | H5YFCDSXC_240813_MG_PRISMA_24s001116-1-1_Gross_lane1MG362_2	(1, 0.001887452403466587)	(2, 0.000318826419504491)	(3, 0.0)	(4, 0.0)	(5, 0.0)	(6, 0.0)	(7, 0.0)	(8, 0.0)	(9, 0.0)	(10, 0.0)	(15, 0.0)	(20, 0.0)	(25, 5.951426497417166e-06)	(30, 0.0)	(35, 0.0)	(40, 0.0)	(45, 0.0)	(50, 8.502037853453094e-07)	(55, 0.0)	(60, 1.6153871921560878e-05)	(65, 0.0)	(70, 0.0)	(75, 5.951426497417166e-06)	(80, 5.101222712071856e-06)	(85, 3.4008151413812375e-06)	(90, 0.0)	(95, 0.0)	(100, 2.0404890848287424e-05)	(105, 2.550611356035928e-06)	(110, 5.101222712071856e-06)	(115, 2.550611356035928e-06)	(120, 0.0)	(125, 2.975713248708583e-05)	(130, 2.2955502204323354e-05)	(135, 0.0)	(140, 0.0)	(145, 0.0)	(150, 0.0)	
/ | scratch | karcher | fastqc | 240813_MG011_PRISMA_NovaSeq_final_for_Q | H5YFCDSXC_240813_MG_PRISMA_24s001116-1-1_Gross_lane1MG363 | H5YFCDSXC_240813_MG_PRISMA_24s001116-1-1_Gross_lane1MG363_1	(1, 0.00021098799588592588)	(2, 0.04847449205479147)	(3, 0.0)	(4, 0.0)	(5, 0.0)	(6, 0.0)	(7, 0.0)	(8, 0.0)	(9, 0.0)	(10, 3.8361453797441066e-05)	(15, 0.00016207714229418853)	(20, 9.398556180373063e-05)	(25, 0.00040663141025287536)	(30, 0.0012640099026256831)	(35, 7.288676221513803e-05)	(40, 6.713254414552187e-06)	(45, 0.0)	(50, 0.0)	(55, 7.672290759488215e-06)	(60, 5.082892628160942e-05)	(65, 1.3426508829104375e-05)	(70, 0.0)	(75, 3.836145379744107e-06)	(80, 3.93204901423771e-05)	(85, 4.6992780901865314e-05)	(90, 2.013976324365656e-05)	(95, 0.0)	(100, 0.0)	(105, 1.9180726898720537e-06)	(110, 0.0)	(115, 0.0)	(120, 0.0)	(125, 0.0)	(130, 2.8771090348080803e-06)	(135, 0.0)	(140, 0.0)	(145, 0.0)	(150, 0.0)	
/ | scratch | karcher | fastqc | 240813_MG011_PRISMA_NovaSeq_final_for_Q | H5YFCDSXC_240813_MG_PRISMA_24s001116-1-1_Gross_lane1MG363 | H5YFCDSXC_240813_MG_PRISMA_24s001116-1-1_Gross_lane1MG363_2	(1, 0.0017790124198563296)	(2, 0.0004363615369458922)	(3, 4.795181724680133e-06)	(4, 0.0)	(5, 4.795181724680133e-06)	(6, 0.0)	(7, 0.0)	(8, 0.0)	(9, 0.0)	(10, 0.0)	(15, 0.0)	(20, 0.0)	(25, 2.8771090348080803e-06)	(30, 0.0)	(35, 0.0)	(40, 0.0)	(45, 0.0)	(50, 0.0)	(55, 0.0)	(60, 1.0549399794296295e-05)	(65, 0.0)	(70, 0.0)	(75, 1.9180726898720537e-06)	(80, 1.9180726898720537e-06)	(85, 1.9180726898720537e-06)	(90, 0.0)	(95, 0.0)	(100, 1.534458151897643e-05)	(105, 9.590363449360269e-07)	(110, 9.590363449360269e-07)	(115, 1.9180726898720537e-06)	(120, 0.0)	(125, 1.7262654208848483e-05)	(130, 1.2467472484168348e-05)	(135, 0.0)	(140, 0.0)	(145, 0.0)	(150, 0.0)	
/ | scratch | karcher | fastqc | 240813_MG011_PRISMA_NovaSeq_final_for_Q | H5YFCDSXC_240813_MG_PRISMA_24s001116-1-1_Gross_lane1MG364 | H5YFCDSXC_240813_MG_PRISMA_24s001116-1-1_Gross_lane1MG364_1	(1, 0.00019569354264967166)	(2, 0.04913801728984012)	(3, 0.0)	(4, 0.0)	(5, 0.0)	(6, 0.0)	(7, 0.0)	(8, 0.0)	(9, 0.0)	(10, 3.156347462091478e-05)	(15, 0.00017928053584679595)	(20, 5.933933228731978e-05)	(25, 0.0003156347462091478)	(30, 0.0011792114118373762)	(35, 9.342788487790775e-05)	(40, 6.312694924182955e-06)	(45, 0.0)	(50, 0.0)	(55, 8.837772893856138e-06)	(60, 6.817710518117592e-05)	(65, 2.146316274222205e-05)	(70, 0.0)	(75, 2.525077969673182e-06)	(80, 6.312694924182955e-05)	(85, 7.827741705986865e-05)	(90, 4.29263254844441e-05)	(95, 0.0)	(100, 0.0)	(105, 1.262538984836591e-06)	(110, 0.0)	(115, 0.0)	(120, 0.0)	(125, 0.0)	(130, 1.0100311878692729e-05)	(135, 0.0)	(140, 0.0)	(145, 0.0)	(150, 0.0)	
/ | scratch | karcher | fastqc | 240813_MG011_PRISMA_NovaSeq_final_for_Q | H5YFCDSXC_240813_MG_PRISMA_24s001116-1-1_Gross_lane1MG364 | H5YFCDSXC_240813_MG_PRISMA_24s001116-1-1_Gross_lane1MG364_2	(1, 0.0018054307483163254)	(2, 0.0003787616954509773)	(3, 0.0)	(4, 0.0)	(5, 0.0)	(6, 0.0)	(7, 0.0)	(8, 0.0)	(9, 0.0)	(10, 0.0)	(15, 0.0)	(20, 0.0)	(25, 3.7876169545097735e-06)	(30, 0.0)	(35, 0.0)	(40, 0.0)	(45, 0.0)	(50, 0.0)	(55, 0.0)	(60, 1.5150467818039094e-05)	(65, 0.0)	(70, 0.0)	(75, 1.262538984836591e-06)	(80, 1.262538984836591e-06)	(85, 1.262538984836591e-06)	(90, 0.0)	(95, 0.0)	(100, 2.146316274222205e-05)	(105, 1.262538984836591e-06)	(110, 2.525077969673182e-06)	(115, 1.262538984836591e-06)	(120, 0.0)	(125, 2.7775857666405006e-05)	(130, 1.5150467818039094e-05)	(135, 0.0)	(140, 0.0)	(145, 0.0)	(150, 0.0)	
/ | scratch | karcher | fastqc | 240813_MG011_PRISMA_NovaSeq_final_for_Q | H5YFCDSXC_240813_MG_PRISMA_24s001116-1-1_Gross_lane1MG365 | H5YFCDSXC_240813_MG_PRISMA_24s001116-1-1_Gross_lane1MG365_1	(1, 0.00018600591361748315)	(2, 0.04850838431445416)	(3, 0.0)	(4, 0.0)	(5, 0.0)	(6, 0.0)	(7, 0.0)	(8, 0.0)	(9, 0.0)	(10, 3.5243225738049436e-05)	(15, 0.00018208999964658876)	(20, 0.00011551946214138427)	(25, 0.0004464141926819596)	(30, 0.0014067920940438068)	(35, 9.789784927235955e-05)	(40, 5.873870956341573e-06)	(45, 0.0)	(50, 0.0)	(55, 1.272672040540674e-05)	(60, 5.188586011435056e-05)	(65, 1.8600591361748312e-05)	(70, 0.0)	(75, 4.894892463617978e-06)	(80, 6.069666654886292e-05)	(85, 7.048645147609887e-05)	(90, 3.1327311767155054e-05)	(95, 0.0)	(100, 0.0)	(105, 4.894892463617978e-06)	(110, 0.0)	(115, 0.0)	(120, 0.0)	(125, 0.0)	(130, 5.873870956341573e-06)	(135, 0.0)	(140, 0.0)	(145, 0.0)	(150, 0.0)	
/ | scratch | karcher | fastqc | 240813_MG011_PRISMA_NovaSeq_final_for_Q | H5YFCDSXC_240813_MG_PRISMA_24s001116-1-1_Gross_lane1MG365 | H5YFCDSXC_240813_MG_PRISMA_24s001116-1-1_Gross_lane1MG365_2	(1, 0.0018062153190750339)	(2, 0.00037690671969858424)	(3, 0.0)	(4, 0.0)	(5, 0.0)	(6, 0.0)	(7, 0.0)	(8, 0.0)	(9, 0.0)	(10, 0.0)	(15, 0.0)	(20, 0.0)	(25, 1.957956985447191e-06)	(30, 0.0)	(35, 0.0)	(40, 0.0)	(45, 0.0)	(50, 9.789784927235954e-07)	(55, 0.0)	(60, 9.789784927235956e-06)	(65, 0.0)	(70, 0.0)	(75, 1.957956985447191e-06)	(80, 3.915913970894382e-06)	(85, 1.957956985447191e-06)	(90, 0.0)	(95, 0.0)	(100, 1.5663655883577527e-05)	(105, 0.0)	(110, 2.9369354781707863e-06)	(115, 1.957956985447191e-06)	(120, 0.0)	(125, 2.0558548347195506e-05)	(130, 1.272672040540674e-05)	(135, 9.789784927235954e-07)	(140, 0.0)	(145, 0.0)	(150, 0.0)	
/ | scratch | karcher | fastqc | 240813_MG011_PRISMA_NovaSeq_final_for_Q | H5YFCDSXC_240813_MG_PRISMA_24s001116-1-1_Gross_lane1MG366 | H5YFCDSXC_240813_MG_PRISMA_24s001116-1-1_Gross_lane1MG366_1	(1, 0.00018894809312459726)	(2, 0.04904102769407702)	(3, 0.0)	(4, 0.0)	(5, 0.0)	(6, 0.0)	(7, 0.0)	(8, 0.0)	(9, 0.0)	(10, 2.5193079083279636e-05)	(15, 0.00019974512701743138)	(20, 9.897281068431287e-05)	(25, 0.00038599396166882015)	(30, 0.0012443581561491334)	(35, 8.367701266946451e-05)	(40, 8.997528244028442e-06)	(45, 0.0)	(50, 0.0)	(55, 1.5295798014848353e-05)	(60, 5.758418076178203e-05)	(65, 2.2493820610071102e-05)	(70, 0.0)	(75, 6.298269770819909e-06)	(80, 6.478220335700478e-05)	(85, 7.377973160103323e-05)	(90, 5.218566381536496e-05)	(95, 0.0)	(100, 0.0)	(105, 6.298269770819909e-06)	(110, 8.997528244028442e-07)	(115, 0.0)	(120, 0.0)	(125, 0.0)	(130, 1.1696786717236976e-05)	(135, 0.0)	(140, 1.7995056488056885e-06)	(145, 0.0)	(150, 0.0)	
/ | scratch | karcher | fastqc | 240813_MG011_PRISMA_NovaSeq_final_for_Q | H5YFCDSXC_240813_MG_PRISMA_24s001116-1-1_Gross_lane1MG366 | H5YFCDSXC_240813_MG_PRISMA_24s001116-1-1_Gross_lane1MG366_2	(1, 0.0016960340739993615)	(2, 0.00035990112976113763)	(3, 8.997528244028442e-06)	(4, 0.0)	(5, 4.498764122014221e-06)	(6, 0.0)	(7, 0.0)	(8, 0.0)	(9, 0.0)	(10, 0.0)	(15, 0.0)	(20, 0.0)	(25, 6.298269770819909e-06)	(30, 8.997528244028442e-07)	(35, 0.0)	(40, 0.0)	(45, 0.0)	(50, 1.7995056488056885e-06)	(55, 0.0)	(60, 1.7095303663654038e-05)	(65, 0.0)	(70, 0.0)	(75, 2.6992584732085325e-06)	(80, 4.498764122014221e-06)	(85, 3.599011297611377e-06)	(90, 0.0)	(95, 0.0)	(100, 2.2493820610071102e-05)	(105, 3.599011297611377e-06)	(110, 3.599011297611377e-06)	(115, 2.6992584732085325e-06)	(120, 0.0)	(125, 2.8792090380891015e-05)	(130, 1.8894809312459726e-05)	(135, 1.7995056488056885e-06)	(140, 0.0)	(145, 0.0)	(150, 0.0)	
/ | scratch | karcher | fastqc | 240813_MG011_PRISMA_NovaSeq_final_for_Q | H5YFCDSXC_240813_MG_PRISMA_24s001116-1-1_Gross_lane1MG367 | H5YFCDSXC_240813_MG_PRISMA_24s001116-1-1_Gross_lane1MG367_1	(1, 0.00021231414391391528)	(2, 0.04876855885702634)	(3, 0.0)	(4, 0.0)	(5, 0.0)	(6, 0.0)	(7, 0.0)	(8, 0.0)	(9, 0.0)	(10, 2.887472357229248e-05)	(15, 0.00019363049924949074)	(20, 8.237788783859914e-05)	(25, 0.00040424613001209466)	(30, 0.0012764326332104588)	(35, 9.087045359515574e-05)	(40, 1.6985131513113222e-06)	(45, 0.0)	(50, 0.0)	(55, 2.5477697269669835e-06)	(60, 4.5859855085405697e-05)	(65, 1.1889592059179256e-05)	(70, 0.0)	(75, 1.6985131513113222e-06)	(80, 3.566877617753777e-05)	(85, 4.1613572207127393e-05)	(90, 1.9532901240080203e-05)	(95, 0.0)	(100, 0.0)	(105, 0.0)	(110, 0.0)	(115, 0.0)	(120, 0.0)	(125, 0.0)	(130, 3.3970263026226443e-06)	(135, 0.0)	(140, 0.0)	(145, 0.0)	(150, 0.0)	
/ | scratch | karcher | fastqc | 240813_MG011_PRISMA_NovaSeq_final_for_Q | H5YFCDSXC_240813_MG_PRISMA_24s001116-1-1_Gross_lane1MG367 | H5YFCDSXC_240813_MG_PRISMA_24s001116-1-1_Gross_lane1MG367_2	(1, 0.0018174090719031146)	(2, 0.00034394891314054273)	(3, 0.0)	(4, 0.0)	(5, 0.0)	(6, 0.0)	(7, 0.0)	(8, 0.0)	(9, 0.0)	(10, 0.0)	(15, 0.0)	(20, 0.0)	(25, 8.492565756556611e-07)	(30, 0.0)	(35, 0.0)	(40, 0.0)	(45, 0.0)	(50, 0.0)	(55, 0.0)	(60, 8.492565756556611e-06)	(65, 0.0)	(70, 0.0)	(75, 8.492565756556611e-07)	(80, 8.492565756556611e-07)	(85, 0.0)	(90, 0.0)	(95, 0.0)	(100, 1.2738848634834918e-05)	(105, 0.0)	(110, 0.0)	(115, 0.0)	(120, 0.0)	(125, 1.613587493745756e-05)	(130, 5.944796029589628e-06)	(135, 0.0)	(140, 0.0)	(145, 0.0)	(150, 0.0)	
/ | scratch | karcher | fastqc | 240813_MG011_PRISMA_NovaSeq_final_for_Q | H5YFCDSXC_240813_MG_PRISMA_24s001116-1-1_Gross_lane1MG368 | H5YFCDSXC_240813_MG_PRISMA_24s001116-1-1_Gross_lane1MG368_1	(1, 0.00024092352506263655)	(2, 0.048548452295465026)	(3, 0.0)	(4, 0.0)	(5, 0.0)	(6, 0.0)	(7, 0.0)	(8, 0.0)	(9, 0.0)	(10, 2.3619953437513387e-05)	(15, 0.00020313159956261514)	(20, 9.636941002505464e-05)	(25, 0.00039020163078772117)	(30, 0.0012641399079757166)	(35, 9.164541933755195e-05)	(40, 2.834394412501607e-06)	(45, 0.0)	(50, 0.0)	(55, 8.50318323750482e-06)	(60, 5.6687888250032136e-05)	(65, 2.1730357162512317e-05)	(70, 0.0)	(75, 2.834394412501607e-06)	(80, 6.141187893753481e-05)	(85, 7.747344727504392e-05)	(90, 2.9288742262516606e-05)	(95, 0.0)	(100, 0.0)	(105, 3.779192550002142e-06)	(110, 0.0)	(115, 0.0)	(120, 0.0)	(125, 0.0)	(130, 8.50318323750482e-06)	(135, 0.0)	(140, 0.0)	(145, 0.0)	(150, 0.0)	
/ | scratch | karcher | fastqc | 240813_MG011_PRISMA_NovaSeq_final_for_Q | H5YFCDSXC_240813_MG_PRISMA_24s001116-1-1_Gross_lane1MG369 | H5YFCDSXC_240813_MG_PRISMA_24s001116-1-1_Gross_lane1MG369_1	(1, 0.0002468230934322115)	(2, 0.047442635581847206)	(3, 0.0)	(4, 0.0)	(5, 0.0)	(6, 0.0)	(7, 0.0)	(8, 0.0)	(9, 0.0)	(10, 3.884429011392181e-05)	(15, 0.00021445285167061)	(20, 9.225518902056429e-05)	(25, 0.0004013909978438586)	(30, 0.0013385094968422222)	(35, 0.00010924956594540507)	(40, 4.855536264240226e-06)	(45, 0.0)	(50, 0.0)	(55, 7.283304396360338e-06)	(60, 5.5838667038762594e-05)	(65, 1.9422145056960904e-05)	(70, 0.0)	(75, 3.2370241761601508e-06)	(80, 5.6647923082802634e-05)	(85, 7.202378791956335e-05)	(90, 3.641652198180169e-05)	(95, 0.0)	(100, 0.0)	(105, 8.092560440400377e-07)	(110, 0.0)	(115, 0.0)	(120, 0.0)	(125, 0.0)	(130, 6.4740483523203015e-06)	(135, 0.0)	(140, 0.0)	(145, 0.0)	(150, 0.0)	
/ | scratch | karcher | fastqc | 240813_MG011_PRISMA_NovaSeq_final_for_Q | H5YFCDSXC_240813_MG_PRISMA_24s001116-1-1_Gross_lane1MG369 | H5YFCDSXC_240813_MG_PRISMA_24s001116-1-1_Gross_lane1MG369_2	(1, 0.0017034839727042793)	(2, 0.00029537845607461373)	(3, 0.0)	(4, 0.0)	(5, 0.0)	(6, 0.0)	(7, 0.0)	(8, 0.0)	(9, 0.0)	(10, 0.0)	(15, 0.0)	(20, 0.0)	(25, 2.427768132120113e-06)	(30, 0.0)	(35, 0.0)	(40, 0.0)	(45, 0.0)	(50, 0.0)	(55, 0.0)	(60, 1.2948096704640603e-05)	(65, 0.0)	(70, 0.0)	(75, 1.6185120880800754e-06)	(80, 1.6185120880800754e-06)	(85, 8.092560440400377e-07)	(90, 0.0)	(95, 0.0)	(100, 2.023140110100094e-05)	(105, 8.092560440400377e-07)	(110, 1.6185120880800754e-06)	(115, 8.092560440400377e-07)	(120, 0.0)	(125, 2.2659169233121055e-05)	(130, 1.2948096704640603e-05)	(135, 0.0)	(140, 0.0)	(145, 0.0)	(150, 0.0)	
/ | scratch | karcher | fastqc | 240813_MG011_PRISMA_NovaSeq_final_for_Q | H5YFCDSXC_240813_MG_PRISMA_24s001116-1-1_Gross_lane1MG370 | H5YFCDSXC_240813_MG_PRISMA_24s001116-1-1_Gross_lane1MG370_1	(1, 0.00021924806682999983)	(2, 0.04879664701938233)	(3, 3.986328487818179e-06)	(4, 0.0)	(5, 0.0)	(6, 0.0)	(7, 0.0)	(8, 0.0)	(9, 0.0)	(10, 2.4715236624472708e-05)	(15, 0.00021047814415679983)	(20, 9.009102382469084e-05)	(25, 0.00039943011447938153)	(30, 0.001286786835867708)	(35, 9.965821219545447e-05)	(40, 7.972656975636357e-06)	(45, 0.0)	(50, 0.0)	(55, 1.3553516858581808e-05)	(60, 6.218672440996359e-05)	(65, 2.1526173834218166e-05)	(70, 0.0)	(75, 4.783594185381815e-06)	(80, 7.175391278072723e-05)	(85, 8.610469533687266e-05)	(90, 5.022773894650905e-05)	(95, 0.0)	(100, 0.0)	(105, 3.986328487818179e-06)	(110, 0.0)	(115, 0.0)	(120, 0.0)	(125, 0.0)	(130, 1.0364454068327266e-05)	(135, 0.0)	(140, 7.972656975636358e-07)	(145, 0.0)	(150, 0.0)	
/ | scratch | karcher | fastqc | 240813_MG011_PRISMA_NovaSeq_final_for_Q | H5YFCDSXC_240813_MG_PRISMA_24s001116-1-1_Gross_lane1MG370 | H5YFCDSXC_240813_MG_PRISMA_24s001116-1-1_Gross_lane1MG370_2	(1, 0.001873574389274544)	(2, 0.00032687893600109066)	(3, 7.972656975636357e-06)	(4, 0.0)	(5, 3.986328487818179e-06)	(6, 0.0)	(7, 0.0)	(8, 0.0)	(9, 0.0)	(10, 0.0)	(15, 0.0)	(20, 0.0)	(25, 6.378125580509086e-06)	(30, 0.0)	(35, 0.0)	(40, 0.0)	(45, 0.0)	(50, 1.5945313951272716e-06)	(55, 0.0)	(60, 1.7539845346399986e-05)	(65, 0.0)	(70, 0.0)	(75, 2.3917970926909076e-06)	(80, 4.783594185381815e-06)	(85, 3.189062790254543e-06)	(90, 0.0)	(95, 0.0)	(100, 2.5512502322036345e-05)	(105, 3.189062790254543e-06)	(110, 3.189062790254543e-06)	(115, 2.3917970926909076e-06)	(120, 0.0)	(125, 3.189062790254543e-05)	(130, 1.9931642439090894e-05)	(135, 0.0)	(140, 0.0)	(145, 0.0)	(150, 0.0)	
/ | scratch | karcher | fastqc | 240813_MG011_PRISMA_NovaSeq_final_for_Q | H5YFCDSXC_240813_MG_PRISMA_24s001116-1-1_Gross_lane1MG371 | H5YFCDSXC_240813_MG_PRISMA_24s001116-1-1_Gross_lane1MG371_1	(1, 0.00024268074862157334)	(2, 0.0484567269338567)	(3, 0.0)	(4, 0.0)	(5, 0.0)	(6, 0.0)	(7, 0.0)	(8, 0.0)	(9, 0.0)	(10, 2.6474263485989823e-05)	(15, 0.0002020868779430556)	(20, 8.471764315516742e-05)	(25, 0.0003644623606571265)	(30, 0.0012504677119882523)	(35, 9.442487310003036e-05)	(40, 6.177328146730958e-06)	(45, 0.0)	(50, 0.0)	(55, 9.707229944862934e-06)	(60, 4.853614972431466e-05)	(65, 1.6767033541126887e-05)	(70, 0.0)	(75, 3.5299017981319756e-06)	(80, 5.206605152244665e-05)	(85, 5.8243379669177605e-05)	(90, 3.0004165284121794e-05)	(95, 0.0)	(100, 0.0)	(105, 2.647426348598982e-06)	(110, 0.0)	(115, 0.0)	(120, 0.0)	(125, 0.0)	(130, 6.177328146730958e-06)	(135, 0.0)	(140, 0.0)	(145, 0.0)	(150, 0.0)	
/ | scratch | karcher | fastqc | 240813_MG011_PRISMA_NovaSeq_final_for_Q | H5YFCDSXC_240813_MG_PRISMA_24s001116-1-1_Gross_lane1MG371 | H5YFCDSXC_240813_MG_PRISMA_24s001116-1-1_Gross_lane1MG371_2	(1, 0.0016987652403510133)	(2, 0.00028680452109822304)	(3, 0.0)	(4, 0.0)	(5, 0.0)	(6, 0.0)	(7, 0.0)	(8, 0.0)	(9, 0.0)	(10, 0.0)	(15, 0.0)	(20, 0.0)	(25, 2.647426348598982e-06)	(30, 0.0)	(35, 0.0)	(40, 0.0)	(45, 0.0)	(50, 0.0)	(55, 0.0)	(60, 1.1472180843928923e-05)	(65, 0.0)	(70, 0.0)	(75, 8.824754495329939e-07)	(80, 2.647426348598982e-06)	(85, 8.824754495329939e-07)	(90, 0.0)	(95, 0.0)	(100, 1.764950899065988e-05)	(105, 1.7649508990659878e-06)	(110, 1.7649508990659878e-06)	(115, 8.824754495329939e-07)	(120, 0.0)	(125, 2.1179410788791856e-05)	(130, 1.4119607192527902e-05)	(135, 0.0)	(140, 0.0)	(145, 0.0)	(150, 0.0)	
/ | scratch | karcher | fastqc | 240813_MG011_PRISMA_NovaSeq_final_for_Q | H5YFCDSXC_240813_MG_PRISMA_24s001116-1-1_Gross_lane1MG372 | H5YFCDSXC_240813_MG_PRISMA_24s001116-1-1_Gross_lane1MG372_1	(1, 0.000271082190484314)	(2, 0.04842556164841341)	(3, 0.0)	(4, 0.0)	(5, 0.0)	(6, 0.0)	(7, 0.0)	(8, 0.0)	(9, 0.0)	(10, 2.7108219048431404e-05)	(15, 0.00020097472742802591)	(20, 8.225942331937805e-05)	(25, 0.000365493574066782)	(30, 0.0012198698571794131)	(35, 7.945512479712654e-05)	(40, 5.608597044503049e-06)	(45, 0.0)	(50, 0.0)	(55, 1.215196026308994e-05)	(60, 5.047737340052744e-05)	(65, 1.5891024959425305e-05)	(70, 0.0)	(75, 4.673830870419207e-06)	(80, 5.047737340052744e-05)	(85, 5.1412139574611283e-05)	(90, 3.084728374476677e-05)	(95, 0.0)	(100, 0.0)	(105, 4.673830870419207e-06)	(110, 0.0)	(115, 0.0)	(120, 0.0)	(125, 0.0)	(130, 7.478129392670732e-06)	(135, 0.0)	(140, 0.0)	(145, 0.0)	(150, 0.0)	
/ | scratch | karcher | fastqc | 240813_MG011_PRISMA_NovaSeq_final_for_Q | H5YFCDSXC_240813_MG_PRISMA_24s001116-1-1_Gross_lane1MG372 | H5YFCDSXC_240813_MG_PRISMA_24s001116-1-1_Gross_lane1MG372_2	(1, 0.001869532348167683)	(2, 0.00041129711659689027)	(3, 4.673830870419207e-06)	(4, 0.0)	(5, 0.0)	(6, 0.0)	(7, 0.0)	(8, 0.0)	(9, 0.0)	(10, 0.0)	(15, 0.0)	(20, 0.0)	(25, 3.739064696335366e-06)	(30, 0.0)	(35, 0.0)	(40, 0.0)	(45, 0.0)	(50, 0.0)	(55, 0.0)	(60, 1.1217194089006099e-05)	(65, 0.0)	(70, 0.0)	(75, 9.347661740838415e-07)	(80, 9.347661740838415e-07)	(85, 2.8042985222515247e-06)	(90, 0.0)	(95, 0.0)	(100, 1.7760557307592988e-05)	(105, 9.347661740838415e-07)	(110, 1.869532348167683e-06)	(115, 0.0)	(120, 0.0)	(125, 2.1499622003928353e-05)	(130, 7.478129392670732e-06)	(135, 0.0)	(140, 0.0)	(145, 0.0)	(150, 0.0)	
/ | scratch | karcher | fastqc | 240813_MG011_PRISMA_NovaSeq_final_for_Q | H5YFCDSXC_240813_MG_PRISMA_24s001116-1-1_Gross_lane1MG373 | H5YFCDSXC_240813_MG_PRISMA_24s001116-1-1_Gross_lane1MG373_1	(1, 0.0001913112217214622)	(2, 0.048307822677593946)	(3, 0.0)	(4, 0.0)	(5, 0.0)	(6, 0.0)	(7, 0.0)	(8, 0.0)	(9, 0.0)	(10, 2.3653023776471693e-05)	(15, 0.00020383341077959426)	(20, 8.974235491661318e-05)	(25, 0.0003735786402342734)	(30, 0.001236218330905594)	(35, 8.626396906713205e-05)	(40, 4.869740189273583e-06)	(45, 0.0)	(50, 0.0)	(55, 1.1826511888235846e-05)	(60, 6.191526812076412e-05)	(65, 2.7827086795849045e-05)	(70, 0.0)	(75, 6.2610945290660356e-06)	(80, 7.652448868858488e-05)	(85, 9.182938642630186e-05)	(90, 5.8436882271282996e-05)	(95, 0.0)	(100, 0.0)	(105, 1.3913543397924525e-06)	(110, 0.0)	(115, 0.0)	(120, 0.0)	(125, 0.0)	(130, 1.0435157548443393e-05)	(135, 0.0)	(140, 0.0)	(145, 0.0)	(150, 0.0)	
/ | scratch | karcher | fastqc | 240813_MG011_PRISMA_NovaSeq_final_for_Q | H5YFCDSXC_240813_MG_PRISMA_24s001116-1-1_Gross_lane1MG373 | H5YFCDSXC_240813_MG_PRISMA_24s001116-1-1_Gross_lane1MG373_2	(1, 0.001857458043622924)	(2, 0.0002817492538079716)	(3, 0.0)	(4, 0.0)	(5, 0.0)	(6, 0.0)	(7, 0.0)	(8, 0.0)	(9, 0.0)	(10, 0.0)	(15, 0.0)	(20, 0.0)	(25, 2.782708679584905e-06)	(30, 0.0)	(35, 0.0)	(40, 0.0)	(45, 0.0)	(50, 0.0)	(55, 0.0)	(60, 2.017463792699056e-05)	(65, 0.0)	(70, 0.0)	(75, 6.956771698962262e-07)	(80, 1.3913543397924525e-06)	(85, 6.956771698962262e-07)	(90, 0.0)	(95, 0.0)	(100, 2.5740055286160365e-05)	(105, 6.956771698962262e-07)	(110, 6.956771698962262e-07)	(115, 1.3913543397924525e-06)	(120, 0.0)	(125, 3.8957921514188666e-05)	(130, 1.8087606417301884e-05)	(135, 0.0)	(140, 0.0)	(145, 0.0)	(150, 0.0)	
/ | scratch | karcher | fastqc | 240813_MG011_PRISMA_NovaSeq_final_for_Q | H5YFCDSXC_240813_MG_PRISMA_24s001116-1-1_Gross_lane1MG374 | H5YFCDSXC_240813_MG_PRISMA_24s001116-1-1_Gross_lane1MG374_1	(1, 0.0002453939068930396)	(2, 0.047744946755657054)	(3, 3.957966240210317e-06)	(4, 0.0)	(5, 0.0)	(6, 0.0)	(7, 0.0)	(8, 0.0)	(9, 0.0)	(10, 2.37477974412619e-05)	(15, 0.00021293858372331505)	(20, 0.00011082305472588887)	(25, 0.0004377510661672611)	(30, 0.0013702479123608117)	(35, 0.00010053234250134205)	(40, 9.49911897650476e-06)	(45, 0.0)	(50, 0.0)	(55, 1.0290712224546822e-05)	(60, 5.3036747618818245e-05)	(65, 1.820664470496746e-05)	(70, 0.0)	(75, 7.915932480420634e-06)	(80, 6.332745984336507e-05)	(85, 6.411905309140713e-05)	(90, 5.461993411490237e-05)	(95, 0.0)	(100, 0.0)	(105, 3.957966240210317e-06)	(110, 7.915932480420635e-07)	(115, 0.0)	(120, 0.0)	(125, 0.0)	(130, 1.187389872063095e-05)	(135, 0.0)	(140, 7.915932480420635e-07)	(145, 0.0)	(150, 0.0)	
/ | scratch | karcher | fastqc | 240813_MG011_PRISMA_NovaSeq_final_for_Q | H5YFCDSXC_240813_MG_PRISMA_24s001116-1-1_Gross_lane1MG374 | H5YFCDSXC_240813_MG_PRISMA_24s001116-1-1_Gross_lane1MG374_2	(1, 0.0017810848080946427)	(2, 0.00033642713041787695)	(3, 3.957966240210317e-06)	(4, 0.0)	(5, 3.957966240210317e-06)	(6, 0.0)	(7, 0.0)	(8, 0.0)	(9, 0.0)	(10, 0.0)	(15, 0.0)	(20, 0.0)	(25, 7.124339232378571e-06)	(30, 7.915932480420635e-07)	(35, 0.0)	(40, 0.0)	(45, 0.0)	(50, 1.583186496084127e-06)	(55, 0.0)	(60, 1.6623458208883332e-05)	(65, 0.0)	(70, 0.0)	(75, 3.957966240210317e-06)	(80, 6.332745984336508e-06)	(85, 2.37477974412619e-06)	(90, 0.0)	(95, 0.0)	(100, 2.37477974412619e-05)	(105, 4.74955948825238e-06)	(110, 3.166372992168254e-06)	(115, 2.37477974412619e-06)	(120, 0.0)	(125, 2.9288950177556344e-05)	(130, 2.2164610945177776e-05)	(135, 1.583186496084127e-06)	(140, 0.0)	(145, 0.0)	(150, 0.0)	
/ | scratch | karcher | fastqc | 240813_MG011_PRISMA_NovaSeq_final_for_Q | H5YFCDSXC_240813_MG_PRISMA_24s001116-1-1_Gross_lane1MG375 | H5YFCDSXC_240813_MG_PRISMA_24s001116-1-1_Gross_lane1MG375_1	(1, 0.0002335978994876878)	(2, 0.04816916686285157)	(3, 0.0)	(4, 0.0)	(5, 0.0)	(6, 0.0)	(7, 0.0)	(8, 0.0)	(9, 0.0)	(10, 3.455968923927436e-05)	(15, 0.00020607814694530266)	(20, 9.471914828541861e-05)	(25, 0.00043519608671678826)	(30, 0.0012934283694921015)	(35, 0.0001011190907371361)	(40, 7.679930942060968e-06)	(45, 0.0)	(50, 0.0)	(55, 7.039936696889221e-06)	(60, 4.991955112339629e-05)	(65, 1.727984461963718e-05)	(70, 0.0)	(75, 3.199971225858737e-06)	(80, 5.439951083959853e-05)	(85, 6.271943602683125e-05)	(90, 3.3279700748930864e-05)	(95, 0.0)	(100, 0.0)	(105, 1.919982735515242e-06)	(110, 0.0)	(115, 0.0)	(120, 0.0)	(125, 0.0)	(130, 6.399942451717474e-06)	(135, 0.0)	(140, 0.0)	(145, 0.0)	(150, 0.0)	
/ | scratch | karcher | fastqc | 240813_MG011_PRISMA_NovaSeq_final_for_Q | H5YFCDSXC_240813_MG_PRISMA_24s001116-1-1_Gross_lane1MG375 | H5YFCDSXC_240813_MG_PRISMA_24s001116-1-1_Gross_lane1MG375_2	(1, 0.00184958336854635)	(2, 0.0003231970938117325)	(3, 0.0)	(4, 0.0)	(5, 0.0)	(6, 0.0)	(7, 0.0)	(8, 0.0)	(9, 0.0)	(10, 0.0)	(15, 0.0)	(20, 0.0)	(25, 3.839965471030484e-06)	(30, 0.0)	(35, 0.0)	(40, 0.0)	(45, 0.0)	(50, 0.0)	(55, 0.0)	(60, 1.2799884903434947e-05)	(65, 0.0)	(70, 0.0)	(75, 6.399942451717475e-07)	(80, 2.55997698068699e-06)	(85, 1.279988490343495e-06)	(90, 0.0)	(95, 0.0)	(100, 1.7919838864808928e-05)	(105, 1.919982735515242e-06)	(110, 1.919982735515242e-06)	(115, 6.399942451717475e-07)	(120, 0.0)	(125, 2.047981584549592e-05)	(130, 1.023990792274796e-05)	(135, 0.0)	(140, 0.0)	(145, 0.0)	(150, 0.0)	
/ | scratch | karcher | fastqc | 240813_MG011_PRISMA_NovaSeq_final_for_Q | H5YFCDSXC_240813_MG_PRISMA_24s001116-1-1_Gross_lane1MG376 | H5YFCDSXC_240813_MG_PRISMA_24s001116-1-1_Gross_lane1MG376_1	(1, 0.00021617100273346027)	(2, 0.048334071549954914)	(3, 0.0)	(4, 0.0)	(5, 0.0)	(6, 0.0)	(7, 0.0)	(8, 0.0)	(9, 0.0)	(10, 2.735224932545824e-05)	(15, 0.0002064653658760396)	(20, 9.617403795080478e-05)	(25, 0.0004005781030244529)	(30, 0.0013137902982453974)	(35, 0.00010411501356142168)	(40, 7.940975610616908e-06)	(45, 0.0)	(50, 0.0)	(55, 1.1470298104224421e-05)	(60, 5.8233821144523996e-05)	(65, 1.4999620597831937e-05)	(70, 0.0)	(75, 5.293983740411271e-06)	(80, 4.941051491050521e-05)	(85, 5.8233821144523996e-05)	(90, 3.882254742968266e-05)	(95, 0.0)	(100, 0.0)	(105, 8.823306234018786e-07)	(110, 0.0)	(115, 0.0)	(120, 0.0)	(125, 0.0)	(130, 7.940975610616908e-06)	(135, 0.0)	(140, 0.0)	(145, 0.0)	(150, 0.0)	
/ | scratch | karcher | fastqc | 240813_MG011_PRISMA_NovaSeq_final_for_Q | H5YFCDSXC_240813_MG_PRISMA_24s001116-1-1_Gross_lane1MG376 | H5YFCDSXC_240813_MG_PRISMA_24s001116-1-1_Gross_lane1MG376_2	(1, 0.0017911311655058135)	(2, 0.00033528563689271386)	(3, 0.0)	(4, 0.0)	(5, 0.0)	(6, 0.0)	(7, 0.0)	(8, 0.0)	(9, 0.0)	(10, 0.0)	(15, 0.0)	(20, 0.0)	(25, 2.6469918702056356e-06)	(30, 0.0)	(35, 0.0)	(40, 0.0)	(45, 0.0)	(50, 0.0)	(55, 0.0)	(60, 1.2352628727626302e-05)	(65, 0.0)	(70, 0.0)	(75, 1.7646612468037572e-06)	(80, 8.823306234018786e-07)	(85, 1.7646612468037572e-06)	(90, 0.0)	(95, 0.0)	(100, 1.941127371484133e-05)	(105, 0.0)	(110, 1.7646612468037572e-06)	(115, 0.0)	(120, 0.0)	(125, 2.2940596208448843e-05)	(130, 1.4117289974430058e-05)	(135, 0.0)	(140, 0.0)	(145, 0.0)	(150, 0.0)	
/ | scratch | karcher | fastqc | 240813_MG011_PRISMA_NovaSeq_final_for_Q | H5YFCDSXC_240813_MG_PRISMA_24s001116-1-1_Gross_lane1MG377 | H5YFCDSXC_240813_MG_PRISMA_24s001116-1-1_Gross_lane1MG377_1	(1, 0.0002624032812814679)	(2, 0.04848496992768941)	(3, 5.963710938215179e-06)	(4, 0.0)	(5, 0.0)	(6, 0.0)	(7, 0.0)	(8, 0.0)	(9, 0.0)	(10, 2.6240328128146788e-05)	(15, 0.00018010407033409843)	(20, 8.587743751029858e-05)	(25, 0.00041149605473684734)	(30, 0.0013501841564119166)	(35, 8.110646875972643e-05)	(40, 3.5782265629291074e-06)	(45, 0.0)	(50, 0.0)	(55, 4.770968750572144e-06)	(60, 5.3673398443936617e-05)	(65, 1.1927421876430358e-05)	(70, 0.0)	(75, 3.5782265629291074e-06)	(80, 4.055323437986322e-05)	(85, 4.8902429693364474e-05)	(90, 2.027661718993161e-05)	(95, 0.0)	(100, 0.0)	(105, 2.385484375286072e-06)	(110, 0.0)	(115, 0.0)	(120, 0.0)	(125, 0.0)	(130, 5.963710938215179e-06)	(135, 0.0)	(140, 0.0)	(145, 0.0)	(150, 0.0)	
/ | scratch | karcher | fastqc | 240813_MG011_PRISMA_NovaSeq_final_for_Q | H5YFCDSXC_240813_MG_PRISMA_24s001116-1-1_Gross_lane1MG377 | H5YFCDSXC_240813_MG_PRISMA_24s001116-1-1_Gross_lane1MG377_2	(1, 0.0018666415236613513)	(2, 0.0003399315234782652)	(3, 0.0)	(4, 0.0)	(5, 0.0)	(6, 0.0)	(7, 0.0)	(8, 0.0)	(9, 0.0)	(10, 0.0)	(15, 0.0)	(20, 0.0)	(25, 2.385484375286072e-06)	(30, 0.0)	(35, 0.0)	(40, 0.0)	(45, 0.0)	(50, 0.0)	(55, 0.0)	(60, 8.349195313501252e-06)	(65, 0.0)	(70, 0.0)	(75, 1.192742187643036e-06)	(80, 2.385484375286072e-06)	(85, 1.192742187643036e-06)	(90, 0.0)	(95, 0.0)	(100, 1.7891132814645538e-05)	(105, 0.0)	(110, 1.192742187643036e-06)	(115, 1.192742187643036e-06)	(120, 0.0)	(125, 1.6698390627002504e-05)	(130, 1.0734679688787323e-05)	(135, 0.0)	(140, 0.0)	(145, 0.0)	(150, 0.0)	
/ | scratch | karcher | fastqc | 240813_MG011_PRISMA_NovaSeq_final_for_Q | H5YFCDSXC_240813_MG_PRISMA_24s001116-1-1_Gross_lane1MG378 | H5YFCDSXC_240813_MG_PRISMA_24s001116-1-1_Gross_lane1MG378_1	(1, 0.00022746122624107637)	(2, 0.04878444720696769)	(3, 0.0)	(4, 0.0)	(5, 0.0)	(6, 0.0)	(7, 0.0)	(8, 0.0)	(9, 0.0)	(10, 3.9506423505029044e-05)	(15, 0.00019394062447923352)	(20, 8.260434005596983e-05)	(25, 0.0003998528924448395)	(30, 0.0012378679364909101)	(35, 9.337881919370502e-05)	(40, 3.5914930459117314e-06)	(45, 0.0)	(50, 0.0)	(55, 2.3943286972744877e-06)	(60, 4.7886573945489756e-05)	(65, 1.91546295781959e-05)	(70, 0.0)	(75, 1.1971643486372439e-06)	(80, 4.309791655094078e-05)	(85, 6.464687482641116e-05)	(90, 2.0351793926833146e-05)	(95, 0.0)	(100, 0.0)	(105, 0.0)	(110, 0.0)	(115, 0.0)	(120, 0.0)	(125, 0.0)	(130, 4.788657394548975e-06)	(135, 0.0)	(140, 0.0)	(145, 0.0)	(150, 0.0)	
/ | scratch | karcher | fastqc | 240813_MG011_PRISMA_NovaSeq_final_for_Q | H5YFCDSXC_240813_MG_PRISMA_24s001116-1-1_Gross_lane1MG378 | H5YFCDSXC_240813_MG_PRISMA_24s001116-1-1_Gross_lane1MG378_2	(1, 0.0016700442663489553)	(2, 0.00035914930459117315)	(3, 0.0)	(4, 0.0)	(5, 0.0)	(6, 0.0)	(7, 0.0)	(8, 0.0)	(9, 0.0)	(10, 0.0)	(15, 0.0)	(20, 0.0)	(25, 0.0)	(30, 0.0)	(35, 0.0)	(40, 0.0)	(45, 0.0)	(50, 0.0)	(55, 0.0)	(60, 8.380150440460707e-06)	(65, 0.0)	(70, 0.0)	(75, 0.0)	(80, 0.0)	(85, 0.0)	(90, 0.0)	(95, 0.0)	(100, 1.3168807835009681e-05)	(105, 0.0)	(110, 0.0)	(115, 0.0)	(120, 0.0)	(125, 1.6760300880921414e-05)	(130, 4.788657394548975e-06)	(135, 0.0)	(140, 0.0)	(145, 0.0)	(150, 0.0)	
/ | scratch | karcher | fastqc | 240813_MG011_PRISMA_NovaSeq_final_for_Q | H5YFCDSXC_240813_MG_PRISMA_24s001116-1-1_Gross_lane1MG379 | H5YFCDSXC_240813_MG_PRISMA_24s001116-1-1_Gross_lane1MG379_1	(1, 0.00019328649148398004)	(2, 0.048593268750918434)	(3, 0.0)	(4, 0.0)	(5, 0.0)	(6, 0.0)	(7, 0.0)	(8, 0.0)	(9, 0.0)	(10, 2.6119796146483787e-05)	(15, 0.0001964208670215581)	(20, 0.00010865835196937257)	(25, 0.00043985736710678696)	(30, 0.0014021106571432498)	(35, 0.00011179272750695061)	(40, 8.358334766874812e-06)	(45, 0.0)	(50, 0.0)	(55, 1.2537502150312219e-05)	(60, 5.850834336812368e-05)	(65, 2.2985420608905734e-05)	(70, 0.0)	(75, 5.223959229296758e-06)	(80, 6.582188628913914e-05)	(85, 8.044897213117006e-05)	(90, 4.179167383437406e-05)	(95, 0.0)	(100, 0.0)	(105, 3.1343755375780548e-06)	(110, 0.0)	(115, 0.0)	(120, 0.0)	(125, 0.0)	(130, 8.358334766874812e-06)	(135, 0.0)	(140, 1.0447918458593514e-06)	(145, 0.0)	(150, 0.0)	
/ | scratch | karcher | fastqc | 240813_MG011_PRISMA_NovaSeq_final_for_Q | H5YFCDSXC_240813_MG_PRISMA_24s001116-1-1_Gross_lane1MG379 | H5YFCDSXC_240813_MG_PRISMA_24s001116-1-1_Gross_lane1MG379_2	(1, 0.0018754013633175358)	(2, 0.0003134375537578054)	(3, 5.223959229296758e-06)	(4, 0.0)	(5, 5.223959229296758e-06)	(6, 0.0)	(7, 0.0)	(8, 0.0)	(9, 0.0)	(10, 0.0)	(15, 0.0)	(20, 0.0)	(25, 3.1343755375780548e-06)	(30, 0.0)	(35, 0.0)	(40, 0.0)	(45, 0.0)	(50, 0.0)	(55, 0.0)	(60, 1.567187768789027e-05)	(65, 0.0)	(70, 0.0)	(75, 3.1343755375780548e-06)	(80, 3.1343755375780548e-06)	(85, 2.089583691718703e-06)	(90, 0.0)	(95, 0.0)	(100, 2.5075004300624438e-05)	(105, 2.089583691718703e-06)	(110, 1.0447918458593514e-06)	(115, 1.0447918458593514e-06)	(120, 0.0)	(125, 3.0298963529921194e-05)	(130, 1.7761461379608975e-05)	(135, 0.0)	(140, 0.0)	(145, 0.0)	(150, 0.0)	
/ | scratch | karcher | fastqc | 240813_MG011_PRISMA_NovaSeq_final_for_Q | H5YFCDSXC_240813_MG_PRISMA_24s001116-1-1_Gross_lane1MG380 | H5YFCDSXC_240813_MG_PRISMA_24s001116-1-1_Gross_lane1MG380_1	(1, 0.00022806686863571682)	(2, 0.048663768095146075)	(3, 0.0)	(4, 0.0)	(5, 0.0)	(6, 0.0)	(7, 0.0)	(8, 0.0)	(9, 0.0)	(10, 3.3259751676042036e-05)	(15, 0.00019005572386309735)	(20, 9.597814055086417e-05)	(25, 0.0004143214780215522)	(30, 0.0013465448035700448)	(35, 9.027646883497124e-05)	(40, 6.6519503352084065e-06)	(45, 0.0)	(50, 0.0)	(55, 9.502786193154867e-06)	(60, 5.131504544303628e-05)	(65, 1.9005572386309735e-05)	(70, 0.0)	(75, 1.9005572386309734e-06)	(80, 5.416588130098274e-05)	(85, 5.891727439756018e-05)	(90, 4.466309510782788e-05)	(95, 0.0)	(100, 0.0)	(105, 9.502786193154867e-07)	(110, 0.0)	(115, 0.0)	(120, 0.0)	(125, 0.0)	(130, 8.552507573839381e-06)	(135, 0.0)	(140, 0.0)	(145, 0.0)	(150, 0.0)	
/ | scratch | karcher | fastqc | 240813_MG011_PRISMA_NovaSeq_final_for_Q | H5YFCDSXC_240813_MG_PRISMA_24s001116-1-1_Gross_lane1MG380 | H5YFCDSXC_240813_MG_PRISMA_24s001116-1-1_Gross_lane1MG380_2	(1, 0.0018768002731480865)	(2, 0.00034685169605015265)	(3, 4.751393096577434e-06)	(4, 0.0)	(5, 0.0)	(6, 0.0)	(7, 0.0)	(8, 0.0)	(9, 0.0)	(10, 0.0)	(15, 0.0)	(20, 0.0)	(25, 1.9005572386309734e-06)	(30, 0.0)	(35, 0.0)	(40, 0.0)	(45, 0.0)	(50, 0.0)	(55, 0.0)	(60, 1.5204457909047787e-05)	(65, 0.0)	(70, 0.0)	(75, 1.9005572386309734e-06)	(80, 9.502786193154867e-07)	(85, 0.0)	(90, 0.0)	(95, 0.0)	(100, 2.0906129624940708e-05)	(105, 9.502786193154867e-07)	(110, 0.0)	(115, 0.0)	(120, 0.0)	(125, 2.6607801340833626e-05)	(130, 1.2353622051101328e-05)	(135, 0.0)	(140, 0.0)	(145, 0.0)	(150, 0.0)	
/ | scratch | karcher | fastqc | 240813_MG011_PRISMA_NovaSeq_final_for_Q | H5YFCDSXC_240813_MG_PRISMA_24s001116-1-1_Gross_lane1MG381 | H5YFCDSXC_240813_MG_PRISMA_24s001116-1-1_Gross_lane1MG381_1	(1, 0.00023507395082482288)	(2, 0.04846536844688361)	(3, 0.0)	(4, 0.0)	(5, 0.0)	(6, 0.0)	(7, 0.0)	(8, 0.0)	(9, 0.0)	(10, 2.6374150580345985e-05)	(15, 0.00019952618265131307)	(20, 8.485596273676534e-05)	(25, 0.00034974417073937064)	(30, 0.0012315581618822429)	(35, 9.17361759316382e-05)	(40, 5.7335109957273874e-06)	(45, 0.0)	(50, 0.0)	(55, 9.17361759316382e-06)	(60, 5.962851435556483e-05)	(65, 1.3760426389745732e-05)	(70, 0.0)	(75, 2.293404398290955e-06)	(80, 5.0454896762401006e-05)	(85, 5.962851435556483e-05)	(90, 2.7520852779491463e-05)	(95, 0.0)	(100, 0.0)	(105, 3.440106597436433e-06)	(110, 0.0)	(115, 0.0)	(120, 0.0)	(125, 0.0)	(130, 5.7335109957273874e-06)	(135, 0.0)	(140, 0.0)	(145, 0.0)	(150, 0.0)	
/ | scratch | karcher | fastqc | 240813_MG011_PRISMA_NovaSeq_final_for_Q | H5YFCDSXC_240813_MG_PRISMA_24s001116-1-1_Gross_lane1MG381 | H5YFCDSXC_240813_MG_PRISMA_24s001116-1-1_Gross_lane1MG381_2	(1, 0.0017028527657310343)	(2, 0.0003669447037265528)	(3, 0.0)	(4, 0.0)	(5, 0.0)	(6, 0.0)	(7, 0.0)	(8, 0.0)	(9, 0.0)	(10, 0.0)	(15, 0.0)	(20, 0.0)	(25, 2.293404398290955e-06)	(30, 0.0)	(35, 0.0)	(40, 0.0)	(45, 0.0)	(50, 0.0)	(55, 0.0)	(60, 8.026915394018343e-06)	(65, 0.0)	(70, 0.0)	(75, 3.440106597436433e-06)	(80, 2.293404398290955e-06)	(85, 1.1467021991454775e-06)	(90, 0.0)	(95, 0.0)	(100, 1.2613724190600251e-05)	(105, 2.293404398290955e-06)	(110, 2.293404398290955e-06)	(115, 0.0)	(120, 0.0)	(125, 1.720053298718216e-05)	(130, 1.0320319792309297e-05)	(135, 0.0)	(140, 0.0)	(145, 0.0)	(150, 0.0)	
/ | scratch | karcher | fastqc | 240813_MG011_PRISMA_NovaSeq_final_for_Q | H5YFCDSXC_240813_MG_PRISMA_24s001116-1-1_Gross_lane1MG382 | H5YFCDSXC_240813_MG_PRISMA_24s001116-1-1_Gross_lane1MG382_1	(1, 0.00021856323576358255)	(2, 0.04882435058506479)	(3, 0.0)	(4, 0.0)	(5, 0.0)	(6, 0.0)	(7, 0.0)	(8, 0.0)	(9, 0.0)	(10, 2.3194465836135293e-05)	(15, 0.0001802031576499742)	(20, 7.136758718810858e-05)	(25, 0.00033364347010440766)	(30, 0.001178457283443643)	(35, 8.920948398513573e-05)	(40, 6.244663878959502e-06)	(45, 0.0)	(50, 0.0)	(55, 6.244663878959502e-06)	(60, 4.549683683241922e-05)	(65, 2.1410276156432577e-05)	(70, 0.0)	(75, 3.5683793594054296e-06)	(80, 5.5309880070784154e-05)	(85, 7.136758718810858e-05)	(90, 3.7467983273757004e-05)	(95, 0.0)	(100, 0.0)	(105, 1.7841896797027148e-06)	(110, 0.0)	(115, 0.0)	(120, 0.0)	(125, 0.0)	(130, 6.244663878959502e-06)	(135, 0.0)	(140, 0.0)	(145, 0.0)	(150, 0.0)	
/ | scratch | karcher | fastqc | 240813_MG011_PRISMA_NovaSeq_final_for_Q | H5YFCDSXC_240813_MG_PRISMA_24s001116-1-1_Gross_lane1MG382 | H5YFCDSXC_240813_MG_PRISMA_24s001116-1-1_Gross_lane1MG382_2	(1, 0.001819873473296769)	(2, 0.0003434565133427726)	(3, 0.0)	(4, 0.0)	(5, 0.0)	(6, 0.0)	(7, 0.0)	(8, 0.0)	(9, 0.0)	(10, 0.0)	(15, 0.0)	(20, 0.0)	(25, 2.676284519554072e-06)	(30, 0.0)	(35, 0.0)	(40, 0.0)	(45, 0.0)	(50, 0.0)	(55, 0.0)	(60, 1.6057707117324434e-05)	(65, 0.0)	(70, 0.0)	(75, 2.676284519554072e-06)	(80, 2.676284519554072e-06)	(85, 8.920948398513574e-07)	(90, 0.0)	(95, 0.0)	(100, 2.3194465836135293e-05)	(105, 8.920948398513574e-07)	(110, 8.920948398513574e-07)	(115, 1.7841896797027148e-06)	(120, 0.0)	(125, 2.587075035568936e-05)	(130, 1.5165612277473076e-05)	(135, 0.0)	(140, 0.0)	(145, 0.0)	(150, 0.0)	
/ | scratch | karcher | fastqc | 240813_MG011_PRISMA_NovaSeq_final_for_Q | H5YFCDSXC_240813_MG_PRISMA_24s001116-1-1_Gross_lane1MG383 | H5YFCDSXC_240813_MG_PRISMA_24s001116-1-1_Gross_lane1MG383_1	(1, 0.00023763160892490855)	(2, 0.04845828325123409)	(3, 0.0)	(4, 0.0)	(5, 0.0)	(6, 0.0)	(7, 0.0)	(8, 0.0)	(9, 0.0)	(10, 1.930756822514882e-05)	(15, 0.0001797089042494621)	(20, 8.614145823527935e-05)	(25, 0.00039729034617133147)	(30, 0.001284695885750287)	(35, 7.054688389958223e-05)	(40, 8.911185334684072e-06)	(45, 0.0)	(50, 0.0)	(55, 1.3366778002026105e-05)	(60, 6.015050100911748e-05)	(65, 2.302056211460052e-05)	(70, 0.0)	(75, 5.198191445232375e-06)	(80, 7.203208145536291e-05)	(85, 8.911185334684071e-05)	(90, 4.826892056287206e-05)	(95, 0.0)	(100, 0.0)	(105, 2.970395111561357e-06)	(110, 1.4851975557806784e-06)	(115, 0.0)	(120, 0.0)	(125, 0.0)	(130, 8.911185334684072e-06)	(135, 0.0)	(140, 7.425987778903392e-07)	(145, 0.0)	(150, 0.0)	
/ | scratch | karcher | fastqc | 240813_MG011_PRISMA_NovaSeq_final_for_Q | H5YFCDSXC_240813_MG_PRISMA_24s001116-1-1_Gross_lane1MG383 | H5YFCDSXC_240813_MG_PRISMA_24s001116-1-1_Gross_lane1MG383_2	(1, 0.0017785240730473625)	(2, 0.00031931747449284584)	(3, 3.712993889451696e-06)	(4, 0.0)	(5, 3.712993889451696e-06)	(6, 0.0)	(7, 0.0)	(8, 0.0)	(9, 0.0)	(10, 0.0)	(15, 0.0)	(20, 0.0)	(25, 5.198191445232375e-06)	(30, 0.0)	(35, 0.0)	(40, 0.0)	(45, 0.0)	(50, 7.425987778903392e-07)	(55, 0.0)	(60, 1.856496944725848e-05)	(65, 0.0)	(70, 0.0)	(75, 2.970395111561357e-06)	(80, 4.455592667342036e-06)	(85, 3.712993889451696e-06)	(90, 0.0)	(95, 0.0)	(100, 2.5248358448271535e-05)	(105, 2.227796333671018e-06)	(110, 1.4851975557806784e-06)	(115, 1.4851975557806784e-06)	(120, 0.0)	(125, 3.044654989350391e-05)	(130, 1.7079771891477802e-05)	(135, 1.4851975557806784e-06)	(140, 0.0)	(145, 0.0)	(150, 0.0)	
/ | scratch | karcher | fastqc | 240813_MG011_PRISMA_NovaSeq_final_for_Q | H5YFCDSXC_240813_MG_PRISMA_24s001116-1-1_Gross_lane1MG384 | H5YFCDSXC_240813_MG_PRISMA_24s001116-1-1_Gross_lane1MG384_1	(1, 0.00023934879602281812)	(2, 0.04864865698145144)	(3, 0.0)	(4, 0.0)	(5, 0.0)	(6, 0.0)	(7, 0.0)	(8, 0.0)	(9, 0.0)	(10, 2.9208666633293057e-05)	(15, 0.00017606335165068317)	(20, 7.87011295397063e-05)	(25, 0.00038458077733835865)	(30, 0.001208102906027038)	(35, 8.843735175080399e-05)	(40, 4.8681111055488434e-06)	(45, 0.0)	(50, 0.0)	(55, 3.245407403699229e-06)	(60, 6.004003696843574e-05)	(65, 2.109514812404499e-05)	(70, 0.0)	(75, 8.113518509248072e-07)	(80, 5.67946295647365e-05)	(85, 7.058761103045823e-05)	(90, 3.3265425887917097e-05)	(95, 0.0)	(100, 0.0)	(105, 8.113518509248072e-07)	(110, 0.0)	(115, 0.0)	(120, 0.0)	(125, 0.0)	(130, 4.8681111055488434e-06)	(135, 0.0)	(140, 0.0)	(145, 0.0)	(150, 0.0)	
/ | scratch | karcher | fastqc | 240813_MG011_PRISMA_NovaSeq_final_for_Q | H5YFCDSXC_240813_MG_PRISMA_24s001116-1-1_Gross_lane1MG384 | H5YFCDSXC_240813_MG_PRISMA_24s001116-1-1_Gross_lane1MG384_2	(1, 0.0016592145351412308)	(2, 0.00030425694409680267)	(3, 0.0)	(4, 0.0)	(5, 0.0)	(6, 0.0)	(7, 0.0)	(8, 0.0)	(9, 0.0)	(10, 0.0)	(15, 0.0)	(20, 0.0)	(25, 8.113518509248072e-07)	(30, 0.0)	(35, 0.0)	(40, 0.0)	(45, 0.0)	(50, 0.0)	(55, 0.0)	(60, 1.3792981465721723e-05)	(65, 0.0)	(70, 0.0)	(75, 8.113518509248072e-07)	(80, 1.6227037018496144e-06)	(85, 8.113518509248072e-07)	(90, 0.0)	(95, 0.0)	(100, 2.028379627312018e-05)	(105, 0.0)	(110, 8.113518509248072e-07)	(115, 8.113518509248072e-07)	(120, 0.0)	(125, 2.1906499974969795e-05)	(130, 6.490814807398458e-06)	(135, 0.0)	(140, 0.0)	(145, 0.0)	(150, 0.0)	
/ | scratch | karcher | fastqc | 240813_MG011_PRISMA_NovaSeq_final_for_Q | H5YFCDSXC_240813_MG_PRISMA_24s001116-1-1_Gross_lane1MG385 | H5YFCDSXC_240813_MG_PRISMA_24s001116-1-1_Gross_lane1MG385_1	(1, 0.00021727746984731913)	(2, 0.047472815699194044)	(3, 0.0)	(4, 0.0)	(5, 0.0)	(6, 0.0)	(7, 0.0)	(8, 0.0)	(9, 0.0)	(10, 3.1435889254505745e-05)	(15, 0.00019231367543932925)	(20, 9.708142269773833e-05)	(25, 0.00039109944572517444)	(30, 0.0012648322500048194)	(35, 8.136347807048545e-05)	(40, 4.622924890368492e-06)	(45, 0.0)	(50, 0.0)	(55, 9.245849780736984e-06)	(60, 6.102260855286409e-05)	(65, 2.126545449569506e-05)	(70, 0.0)	(75, 4.622924890368492e-06)	(80, 6.287177850901149e-05)	(85, 7.304221326782218e-05)	(90, 3.2360474232579444e-05)	(95, 0.0)	(100, 0.0)	(105, 3.6983399122947935e-06)	(110, 0.0)	(115, 0.0)	(120, 0.0)	(125, 0.0)	(130, 9.245849780736984e-06)	(135, 0.0)	(140, 0.0)	(145, 0.0)	(150, 0.0)	
/ | scratch | karcher | fastqc | 240813_MG011_PRISMA_NovaSeq_final_for_Q | H5YFCDSXC_240813_MG_PRISMA_24s001116-1-1_Gross_lane1MG385 | H5YFCDSXC_240813_MG_PRISMA_24s001116-1-1_Gross_lane1MG385_2	(1, 0.001728973908997816)	(2, 0.000291244268093215)	(3, 4.622924890368492e-06)	(4, 0.0)	(5, 0.0)	(6, 0.0)	(7, 0.0)	(8, 0.0)	(9, 0.0)	(10, 0.0)	(15, 0.0)	(20, 0.0)	(25, 1.8491699561473967e-06)	(30, 0.0)	(35, 0.0)	(40, 0.0)	(45, 0.0)	(50, 0.0)	(55, 0.0)	(60, 1.2944189693031777e-05)	(65, 0.0)	(70, 0.0)	(75, 1.8491699561473967e-06)	(80, 1.8491699561473967e-06)	(85, 1.8491699561473967e-06)	(90, 0.0)	(95, 0.0)	(100, 2.126545449569506e-05)	(105, 9.245849780736984e-07)	(110, 1.8491699561473967e-06)	(115, 9.245849780736984e-07)	(120, 0.0)	(125, 2.6812964364137252e-05)	(130, 1.2944189693031777e-05)	(135, 0.0)	(140, 0.0)	(145, 0.0)	(150, 0.0)	
/ | scratch | karcher | fastqc | 240813_MG011_PRISMA_NovaSeq_final_for_Q | H5YFCDSXC_240813_MG_PRISMA_24s001116-1-1_Gross_lane1MG386 | H5YFCDSXC_240813_MG_PRISMA_24s001116-1-1_Gross_lane1MG386_1	(1, 0.00021060592357373295)	(2, 0.0479943083947839)	(3, 0.0)	(4, 0.0)	(5, 0.0)	(6, 0.0)	(7, 0.0)	(8, 0.0)	(9, 0.0)	(10, 2.7815876698417564e-05)	(15, 0.0002050427482340495)	(20, 8.34476300952527e-05)	(25, 0.0003473010890630993)	(30, 0.001249330233426069)	(35, 8.82160661006957e-05)	(40, 3.973696671202509e-06)	(45, 0.0)	(50, 0.0)	(55, 7.947393342405017e-06)	(60, 4.9273838722911104e-05)	(65, 1.1921090013607526e-05)	(70, 0.0)	(75, 3.973696671202509e-06)	(80, 4.29159240489871e-05)	(85, 4.53001420517086e-05)	(90, 2.6226398029936558e-05)	(95, 0.0)	(100, 0.0)	(105, 3.1789573369620073e-06)	(110, 0.0)	(115, 0.0)	(120, 0.0)	(125, 0.0)	(130, 4.768436005443011e-06)	(135, 0.0)	(140, 0.0)	(145, 0.0)	(150, 0.0)	
/ | scratch | karcher | fastqc | 240813_MG011_PRISMA_NovaSeq_final_for_Q | H5YFCDSXC_240813_MG_PRISMA_24s001116-1-1_Gross_lane1MG386 | H5YFCDSXC_240813_MG_PRISMA_24s001116-1-1_Gross_lane1MG386_2	(1, 0.001796110895383534)	(2, 0.00027815876698417564)	(3, 0.0)	(4, 0.0)	(5, 0.0)	(6, 0.0)	(7, 0.0)	(8, 0.0)	(9, 0.0)	(10, 0.0)	(15, 0.0)	(20, 0.0)	(25, 1.5894786684810036e-06)	(30, 0.0)	(35, 0.0)	(40, 0.0)	(45, 0.0)	(50, 0.0)	(55, 0.0)	(60, 7.152654008164516e-06)	(65, 0.0)	(70, 0.0)	(75, 7.947393342405018e-07)	(80, 7.947393342405018e-07)	(85, 1.5894786684810036e-06)	(90, 0.0)	(95, 0.0)	(100, 1.5894786684810035e-05)	(105, 7.947393342405018e-07)	(110, 1.5894786684810036e-06)	(115, 0.0)	(120, 0.0)	(125, 1.5100047350569533e-05)	(130, 6.357914673924015e-06)	(135, 0.0)	(140, 0.0)	(145, 0.0)	(150, 0.0)	
/ | scratch | karcher | fastqc | 240813_MG011_PRISMA_NovaSeq_final_for_Q | H5YFCDSXC_240813_MG_PRISMA_24s001116-1-1_Gross_lane1MG387 | H5YFCDSXC_240813_MG_PRISMA_24s001116-1-1_Gross_lane1MG387_1	(1, 0.00018391113230176048)	(2, 0.0480237944222972)	(3, 0.0)	(4, 0.0)	(5, 0.0)	(6, 0.0)	(7, 0.0)	(8, 0.0)	(9, 0.0)	(10, 2.0690002383948053e-05)	(15, 0.00018697631784012314)	(20, 7.662963845906685e-05)	(25, 0.00039847411998714767)	(30, 0.001292742000804458)	(35, 8.735778784333622e-05)	(40, 4.597778307544012e-06)	(45, 0.0)	(50, 0.0)	(55, 7.662963845906686e-06)	(60, 6.820037822856951e-05)	(65, 1.8391113230176046e-05)	(70, 0.0)	(75, 3.0651855383626747e-06)	(80, 6.053741438266282e-05)	(85, 6.36025999210255e-05)	(90, 3.448333730658009e-05)	(95, 0.0)	(100, 0.0)	(105, 2.298889153772006e-06)	(110, 0.0)	(115, 0.0)	(120, 0.0)	(125, 0.0)	(130, 9.195556615088023e-06)	(135, 0.0)	(140, 0.0)	(145, 0.0)	(150, 0.0)	
/ | scratch | karcher | fastqc | 240813_MG011_PRISMA_NovaSeq_final_for_Q | H5YFCDSXC_240813_MG_PRISMA_24s001116-1-1_Gross_lane1MG387 | H5YFCDSXC_240813_MG_PRISMA_24s001116-1-1_Gross_lane1MG387_2	(1, 0.0017586502026355844)	(2, 0.0003141815176821741)	(3, 0.0)	(4, 0.0)	(5, 0.0)	(6, 0.0)	(7, 0.0)	(8, 0.0)	(9, 0.0)	(10, 0.0)	(15, 0.0)	(20, 0.0)	(25, 3.831481922953343e-06)	(30, 0.0)	(35, 0.0)	(40, 0.0)	(45, 0.0)	(50, 0.0)	(55, 0.0)	(60, 1.4559631307222702e-05)	(65, 0.0)	(70, 0.0)	(75, 3.0651855383626747e-06)	(80, 2.298889153772006e-06)	(85, 1.5325927691813373e-06)	(90, 0.0)	(95, 0.0)	(100, 2.6054077076082734e-05)	(105, 1.5325927691813373e-06)	(110, 1.5325927691813373e-06)	(115, 0.0)	(120, 0.0)	(125, 2.5287780691492064e-05)	(130, 1.3793334922632034e-05)	(135, 0.0)	(140, 0.0)	(145, 0.0)	(150, 0.0)	
/ | scratch | karcher | fastqc | 240813_MG011_PRISMA_NovaSeq_final_for_Q | H5YFCDSXC_240813_MG_PRISMA_24s001116-1-1_Gross_lane1MG388 | H5YFCDSXC_240813_MG_PRISMA_24s001116-1-1_Gross_lane1MG388_1	(1, 0.00025442265367156764)	(2, 0.04874282361982451)	(3, 0.0)	(4, 0.0)	(5, 0.0)	(6, 0.0)	(7, 0.0)	(8, 0.0)	(9, 0.0)	(10, 2.7340941887093835e-05)	(15, 0.000190627122601682)	(20, 0.00010328800268457671)	(25, 0.00040631677526653336)	(30, 0.0013199599166602524)	(35, 9.037700234900462e-05)	(40, 9.113647295697945e-06)	(45, 0.0)	(50, 0.0)	(55, 1.2151529727597261e-05)	(60, 6.227658985393596e-05)	(65, 2.8100412495068663e-05)	(70, 0.0)	(75, 4.556823647848973e-06)	(80, 7.44281195815332e-05)	(85, 9.265541417292911e-05)	(90, 5.847923681406181e-05)	(95, 0.0)	(100, 0.0)	(105, 3.7973530398741438e-06)	(110, 0.0)	(115, 0.0)	(120, 0.0)	(125, 0.0)	(130, 9.113647295697945e-06)	(135, 0.0)	(140, 0.0)	(145, 0.0)	(150, 0.0)	
/ | scratch | karcher | fastqc | 240813_MG011_PRISMA_NovaSeq_final_for_Q | H5YFCDSXC_240813_MG_PRISMA_24s001116-1-1_Gross_lane1MG388 | H5YFCDSXC_240813_MG_PRISMA_24s001116-1-1_Gross_lane1MG388_2	(1, 0.0019100685790566943)	(2, 0.00031897765534942806)	(3, 0.0)	(4, 0.0)	(5, 0.0)	(6, 0.0)	(7, 0.0)	(8, 0.0)	(9, 0.0)	(10, 0.0)	(15, 0.0)	(20, 0.0)	(25, 5.316294255823801e-06)	(30, 0.0)	(35, 0.0)	(40, 0.0)	(45, 0.0)	(50, 0.0)	(55, 0.0)	(60, 2.202464763127003e-05)	(65, 0.0)	(70, 0.0)	(75, 1.5189412159496576e-06)	(80, 7.594706079748288e-07)	(85, 2.2784118239244864e-06)	(90, 0.0)	(95, 0.0)	(100, 2.354358884721969e-05)	(105, 3.0378824318993153e-06)	(110, 2.2784118239244864e-06)	(115, 0.0)	(120, 0.0)	(125, 3.493564796684212e-05)	(130, 1.4429941551521747e-05)	(135, 0.0)	(140, 0.0)	(145, 0.0)	(150, 0.0)	
/ | scratch | karcher | fastqc | 240813_MG011_PRISMA_NovaSeq_final_for_Q | H5YFCDSXC_240813_MG_PRISMA_24s001116-1-1_Gross_lane1MG389 | H5YFCDSXC_240813_MG_PRISMA_24s001116-1-1_Gross_lane1MG389_1	(1, 0.00029482931380406)	(2, 0.0488204278689751)	(3, 0.0)	(4, 0.0)	(5, 0.0)	(6, 0.0)	(7, 0.0)	(8, 0.0)	(9, 0.0)	(10, 2.369656167023286e-05)	(15, 0.00020004306712312857)	(20, 8.762216989690756e-05)	(25, 0.0003929220574622333)	(30, 0.001291187069612921)	(35, 9.919490931725383e-05)	(40, 6.612993954483589e-06)	(45, 0.0)	(50, 0.0)	(55, 9.919490931725384e-06)	(60, 5.78636971017314e-05)	(65, 2.039006469299107e-05)	(70, 0.0)	(75, 4.959745465862692e-06)	(80, 5.8965862760812e-05)	(85, 6.998751935161798e-05)	(90, 4.133121221552243e-05)	(95, 0.0)	(100, 0.0)	(105, 2.2043313181611964e-06)	(110, 0.0)	(115, 0.0)	(120, 0.0)	(125, 0.0)	(130, 8.266242443104487e-06)	(135, 0.0)	(140, 0.0)	(145, 0.0)	(150, 0.0)	
/ | scratch | karcher | fastqc | 240813_MG011_PRISMA_NovaSeq_final_for_Q | H5YFCDSXC_240813_MG_PRISMA_24s001116-1-1_Gross_lane1MG389 | H5YFCDSXC_240813_MG_PRISMA_24s001116-1-1_Gross_lane1MG389_2	(1, 0.0018295949940737933)	(2, 0.00033064969772417946)	(3, 2.7554141477014954e-06)	(4, 0.0)	(5, 0.0)	(6, 0.0)	(7, 0.0)	(8, 0.0)	(9, 0.0)	(10, 0.0)	(15, 0.0)	(20, 0.0)	(25, 3.857579806782093e-06)	(30, 0.0)	(35, 0.0)	(40, 0.0)	(45, 0.0)	(50, 1.1021656590805982e-06)	(55, 0.0)	(60, 1.4879236397588077e-05)	(65, 0.0)	(70, 0.0)	(75, 1.6532484886208972e-06)	(80, 1.6532484886208972e-06)	(85, 2.2043313181611964e-06)	(90, 0.0)	(95, 0.0)	(100, 2.039006469299107e-05)	(105, 1.1021656590805982e-06)	(110, 1.1021656590805982e-06)	(115, 1.1021656590805982e-06)	(120, 0.0)	(125, 2.5349810158853758e-05)	(130, 1.4328153568047776e-05)	(135, 0.0)	(140, 0.0)	(145, 0.0)	(150, 0.0)	
/ | scratch | karcher | fastqc | 240813_MG011_PRISMA_NovaSeq_final_for_Q | H5YFCDSXC_240813_MG_PRISMA_24s001116-1-1_Gross_lane1MG390 | H5YFCDSXC_240813_MG_PRISMA_24s001116-1-1_Gross_lane1MG390_1	(1, 0.00021232819393411753)	(2, 0.04832306589681937)	(3, 0.0)	(4, 0.0)	(5, 0.0)	(6, 0.0)	(7, 0.0)	(8, 0.0)	(9, 0.0)	(10, 2.66118003064094e-05)	(15, 0.00019307710435075755)	(20, 8.889473719375056e-05)	(25, 0.00036577070208383987)	(30, 0.001276233997673336)	(35, 9.512303088248467e-05)	(40, 6.7945022058917616e-06)	(45, 0.0)	(50, 0.0)	(55, 1.0191753308837643e-05)	(60, 5.831947726723762e-05)	(65, 2.491317475493646e-05)	(70, 0.0)	(75, 5.662085171576468e-06)	(80, 6.737881354175996e-05)	(85, 8.266644350501644e-05)	(90, 4.699530692408469e-05)	(95, 0.0)	(100, 0.0)	(105, 1.6986255514729404e-06)	(110, 5.662085171576469e-07)	(115, 0.0)	(120, 0.0)	(125, 0.0)	(130, 9.625544791679996e-06)	(135, 0.0)	(140, 5.662085171576469e-07)	(145, 0.0)	(150, 0.0)	
/ | scratch | karcher | fastqc | 240813_MG011_PRISMA_NovaSeq_final_for_Q | H5YFCDSXC_240813_MG_PRISMA_24s001116-1-1_Gross_lane1MG390 | H5YFCDSXC_240813_MG_PRISMA_24s001116-1-1_Gross_lane1MG390_2	(1, 0.001656159912686117)	(2, 0.00035104928063774105)	(3, 0.0)	(4, 0.0)	(5, 5.662085171576468e-06)	(6, 0.0)	(7, 0.0)	(8, 0.0)	(9, 0.0)	(10, 0.0)	(15, 0.0)	(20, 0.0)	(25, 2.2648340686305875e-06)	(30, 0.0)	(35, 0.0)	(40, 0.0)	(45, 0.0)	(50, 5.662085171576469e-07)	(55, 0.0)	(60, 1.585383848041411e-05)	(65, 0.0)	(70, 0.0)	(75, 1.6986255514729404e-06)	(80, 2.2648340686305875e-06)	(85, 1.6986255514729404e-06)	(90, 0.0)	(95, 0.0)	(100, 2.0949715134832932e-05)	(105, 2.831042585788234e-06)	(110, 1.1324170343152937e-06)	(115, 1.1324170343152937e-06)	(120, 0.0)	(125, 3.227388547798587e-05)	(130, 1.585383848041411e-05)	(135, 1.1324170343152937e-06)	(140, 0.0)	(145, 0.0)	(150, 0.0)	
/ | scratch | karcher | fastqc | 240813_MG011_PRISMA_NovaSeq_final_for_Q | H5YFCDSXC_240813_MG_PRISMA_24s001116-1-1_Gross_lane1MG391 | H5YFCDSXC_240813_MG_PRISMA_24s001116-1-1_Gross_lane1MG391_1	(1, 0.00023528442946466911)	(2, 0.04765083561121659)	(3, 0.0)	(4, 0.0)	(5, 0.0)	(6, 0.0)	(7, 0.0)	(8, 0.0)	(9, 0.0)	(10, 2.467617187068481e-05)	(15, 0.00019511391711704267)	(20, 8.894899162688709e-05)	(25, 0.00036899484913605426)	(30, 0.0012429904249279837)	(35, 8.493194039212445e-05)	(40, 5.73864462108949e-06)	(45, 0.0)	(50, 0.0)	(55, 8.607966931634235e-06)	(60, 5.394325943824121e-05)	(65, 1.7789798325377422e-05)	(70, 0.0)	(75, 4.017051234762643e-06)	(80, 5.1073937127696465e-05)	(85, 6.0255768521439655e-05)	(90, 2.869322310544745e-05)	(95, 0.0)	(100, 0.0)	(105, 2.869322310544745e-06)	(110, 0.0)	(115, 0.0)	(120, 0.0)	(125, 0.0)	(130, 5.73864462108949e-06)	(135, 0.0)	(140, 5.73864462108949e-07)	(145, 0.0)	(150, 0.0)	
/ | scratch | karcher | fastqc | 240813_MG011_PRISMA_NovaSeq_final_for_Q | H5YFCDSXC_240813_MG_PRISMA_24s001116-1-1_Gross_lane1MG391 | H5YFCDSXC_240813_MG_PRISMA_24s001116-1-1_Gross_lane1MG391_2	(1, 0.0017933264440904658)	(2, 0.00035292664419700367)	(3, 0.0)	(4, 0.0)	(5, 2.869322310544745e-06)	(6, 0.0)	(7, 0.0)	(8, 0.0)	(9, 0.0)	(10, 0.0)	(15, 0.0)	(20, 0.0)	(25, 2.295457848435796e-06)	(30, 0.0)	(35, 0.0)	(40, 0.0)	(45, 0.0)	(50, 5.73864462108949e-07)	(55, 0.0)	(60, 1.147728924217898e-05)	(65, 0.0)	(70, 0.0)	(75, 1.721593386326847e-06)	(80, 2.295457848435796e-06)	(85, 1.147728924217898e-06)	(90, 0.0)	(95, 0.0)	(100, 2.0085256173813216e-05)	(105, 1.721593386326847e-06)	(110, 2.295457848435796e-06)	(115, 1.147728924217898e-06)	(120, 0.0)	(125, 2.123298509803111e-05)	(130, 1.3198882628505829e-05)	(135, 0.0)	(140, 0.0)	(145, 0.0)	(150, 0.0)	
/ | scratch | karcher | fastqc | 240813_MG011_PRISMA_NovaSeq_final_for_Q | H5YFCDSXC_240813_MG_PRISMA_24s001116-1-1_Gross_lane1MG392 | H5YFCDSXC_240813_MG_PRISMA_24s001116-1-1_Gross_lane1MG392_1	(1, 0.00024631946857222865)	(2, 0.04811008146692319)	(3, 0.0)	(4, 0.0)	(5, 0.0)	(6, 0.0)	(7, 0.0)	(8, 0.0)	(9, 0.0)	(10, 2.8002634321895466e-05)	(15, 0.0001903141999284377)	(20, 9.69720855221195e-05)	(25, 0.0003899626112975073)	(30, 0.0012160403237934235)	(35, 9.593495091760484e-05)	(40, 6.741374929345205e-06)	(45, 0.0)	(50, 0.0)	(55, 7.778509533859852e-06)	(60, 5.393099943476164e-05)	(65, 2.0742692090292938e-05)	(70, 0.0)	(75, 3.6299711158012643e-06)	(80, 5.7042403248305584e-05)	(85, 7.415512422279725e-05)	(90, 3.578114385575532e-05)	(95, 0.0)	(100, 0.0)	(105, 1.037134604514647e-06)	(110, 0.0)	(115, 0.0)	(120, 0.0)	(125, 0.0)	(130, 8.297076836117176e-06)	(135, 0.0)	(140, 0.0)	(145, 0.0)	(150, 0.0)	
/ | scratch | karcher | fastqc | 240813_MG011_PRISMA_NovaSeq_final_for_Q | H5YFCDSXC_240813_MG_PRISMA_24s001116-1-1_Gross_lane1MG392 | H5YFCDSXC_240813_MG_PRISMA_24s001116-1-1_Gross_lane1MG392_2	(1, 0.0018953634897505172)	(2, 0.0003241045639108272)	(3, 2.5928365112866173e-06)	(4, 0.0)	(5, 2.5928365112866173e-06)	(6, 0.0)	(7, 0.0)	(8, 0.0)	(9, 0.0)	(10, 0.0)	(15, 0.0)	(20, 0.0)	(25, 1.5557019067719703e-06)	(30, 0.0)	(35, 0.0)	(40, 0.0)	(45, 0.0)	(50, 5.185673022573235e-07)	(55, 0.0)	(60, 1.503845176546238e-05)	(65, 0.0)	(70, 0.0)	(75, 1.037134604514647e-06)	(80, 2.074269209029294e-06)	(85, 1.037134604514647e-06)	(90, 0.0)	(95, 0.0)	(100, 1.7112720974491674e-05)	(105, 1.5557019067719703e-06)	(110, 1.037134604514647e-06)	(115, 1.037134604514647e-06)	(120, 0.0)	(125, 2.281696129932223e-05)	(130, 1.2964182556433088e-05)	(135, 0.0)	(140, 0.0)	(145, 0.0)	(150, 0.0)	
/ | scratch | karcher | fastqc | 240813_MG011_PRISMA_NovaSeq_final_for_Q | H5YFCDSXC_240813_MG_PRISMA_24s001116-1-1_Gross_lane1MG393 | H5YFCDSXC_240813_MG_PRISMA_24s001116-1-1_Gross_lane1MG393_1	(1, 0.00019366354104470506)	(2, 0.04880782337995722)	(3, 4.6110366915405965e-06)	(4, 0.0)	(5, 0.0)	(6, 0.0)	(7, 0.0)	(8, 0.0)	(9, 0.0)	(10, 2.3055183457702984e-05)	(15, 0.00018905250435316448)	(20, 0.00011066488059697432)	(25, 0.000432515241666508)	(30, 0.0013344340185318488)	(35, 9.129852649250382e-05)	(40, 8.299866044773074e-06)	(45, 0.0)	(50, 0.0)	(55, 1.0144280721389312e-05)	(60, 5.902126965171964e-05)	(65, 2.3977390796011102e-05)	(70, 0.0)	(75, 3.6888293532324773e-06)	(80, 7.008775771141707e-05)	(85, 8.023203843280639e-05)	(90, 3.4121671517400416e-05)	(95, 0.0)	(100, 0.0)	(105, 2.766622014924358e-06)	(110, 0.0)	(115, 0.0)	(120, 0.0)	(125, 0.0)	(130, 6.455451368156835e-06)	(135, 0.0)	(140, 0.0)	(145, 0.0)	(150, 0.0)	
/ | scratch | karcher | fastqc | 240813_MG011_PRISMA_NovaSeq_final_for_Q | H5YFCDSXC_240813_MG_PRISMA_24s001116-1-1_Gross_lane1MG393 | H5YFCDSXC_240813_MG_PRISMA_24s001116-1-1_Gross_lane1MG393_2	(1, 0.0018398036399246982)	(2, 0.0002812732381839764)	(3, 0.0)	(4, 0.0)	(5, 0.0)	(6, 0.0)	(7, 0.0)	(8, 0.0)	(9, 0.0)	(10, 0.0)	(15, 0.0)	(20, 0.0)	(25, 4.6110366915405965e-06)	(30, 0.0)	(35, 0.0)	(40, 0.0)	(45, 0.0)	(50, 0.0)	(55, 0.0)	(60, 1.567752475123803e-05)	(65, 0.0)	(70, 0.0)	(75, 1.8444146766162387e-06)	(80, 9.222073383081193e-07)	(85, 2.766622014924358e-06)	(90, 0.0)	(95, 0.0)	(100, 2.3977390796011102e-05)	(105, 0.0)	(110, 2.766622014924358e-06)	(115, 0.0)	(120, 0.0)	(125, 2.582180547262734e-05)	(130, 1.1066488059697432e-05)	(135, 0.0)	(140, 0.0)	(145, 0.0)	(150, 0.0)	
/ | scratch | karcher | fastqc | 240813_MG011_PRISMA_NovaSeq_final_for_Q | H5YFCDSXC_240813_MG_PRISMA_24s001116-1-1_Gross_lane1MG394 | H5YFCDSXC_240813_MG_PRISMA_24s001116-1-1_Gross_lane1MG394_1	(1, 0.0002202410436159454)	(2, 0.04795883018056488)	(3, 0.0)	(4, 0.0)	(5, 0.0)	(6, 0.0)	(7, 0.0)	(8, 0.0)	(9, 0.0)	(10, 2.7395837132715156e-05)	(15, 0.0001751184883385322)	(20, 9.883988298861939e-05)	(25, 0.00038891345262913286)	(30, 0.0012784723995267074)	(35, 7.842729845836104e-05)	(40, 5.371732771120619e-06)	(45, 0.0)	(50, 0.0)	(55, 7.520425879568867e-06)	(60, 4.995711477142175e-05)	(65, 1.5040851759137734e-05)	(70, 0.0)	(75, 3.2230396626723713e-06)	(80, 4.834559494008557e-05)	(85, 5.694036737387856e-05)	(90, 2.9544530241163406e-05)	(95, 0.0)	(100, 0.0)	(105, 2.1486931084482476e-06)	(110, 5.371732771120619e-07)	(115, 0.0)	(120, 0.0)	(125, 0.0)	(130, 6.446079325344743e-06)	(135, 0.0)	(140, 5.371732771120619e-07)	(145, 0.0)	(150, 0.0)	
/ | scratch | karcher | fastqc | 240813_MG011_PRISMA_NovaSeq_final_for_Q | H5YFCDSXC_240813_MG_PRISMA_24s001116-1-1_Gross_lane1MG394 | H5YFCDSXC_240813_MG_PRISMA_24s001116-1-1_Gross_lane1MG394_2	(1, 0.0017135827539874774)	(2, 0.0003249898326527975)	(3, 2.6858663855603097e-06)	(4, 0.0)	(5, 2.6858663855603097e-06)	(6, 0.0)	(7, 0.0)	(8, 0.0)	(9, 0.0)	(10, 0.0)	(15, 0.0)	(20, 0.0)	(25, 3.2230396626723713e-06)	(30, 5.371732771120619e-07)	(35, 0.0)	(40, 0.0)	(45, 0.0)	(50, 1.0743465542241238e-06)	(55, 0.0)	(60, 1.0206292265129175e-05)	(65, 0.0)	(70, 0.0)	(75, 2.1486931084482476e-06)	(80, 2.6858663855603097e-06)	(85, 2.6858663855603097e-06)	(90, 0.0)	(95, 0.0)	(100, 1.718954486758598e-05)	(105, 2.1486931084482476e-06)	(110, 2.1486931084482476e-06)	(115, 1.6115198313361857e-06)	(120, 0.0)	(125, 2.0949757807370416e-05)	(130, 9.669118988017115e-06)	(135, 1.0743465542241238e-06)	(140, 0.0)	(145, 0.0)	(150, 0.0)	
/ | scratch | karcher | fastqc | 240813_MG011_PRISMA_NovaSeq_final_for_Q | H5YFCDSXC_240813_MG_PRISMA_24s001116-1-1_Gross_lane1MG395 | H5YFCDSXC_240813_MG_PRISMA_24s001116-1-1_Gross_lane1MG395_1	(1, 0.00020667062003042544)	(2, 0.04828386146609125)	(3, 0.0)	(4, 0.0)	(5, 0.0)	(6, 0.0)	(7, 0.0)	(8, 0.0)	(9, 0.0)	(10, 2.9424291665348704e-05)	(15, 0.0001884555823328286)	(20, 8.757229662306162e-05)	(25, 0.00039442562399026956)	(30, 0.0013451104761302264)	(35, 8.757229662306162e-05)	(40, 8.406940475813914e-06)	(45, 0.0)	(50, 0.0)	(55, 1.0508675594767394e-05)	(60, 5.5345691465774944e-05)	(65, 1.8215037697596815e-05)	(70, 0.0)	(75, 6.305205356860437e-06)	(80, 5.744742658472842e-05)	(85, 6.305205356860436e-05)	(90, 4.9040486108914506e-05)	(95, 0.0)	(100, 0.0)	(105, 2.1017351189534786e-06)	(110, 0.0)	(115, 0.0)	(120, 0.0)	(125, 0.0)	(130, 7.706362102829421e-06)	(135, 0.0)	(140, 0.0)	(145, 0.0)	(150, 0.0)	
/ | scratch | karcher | fastqc | 240813_MG011_PRISMA_NovaSeq_final_for_Q | H5YFCDSXC_240813_MG_PRISMA_24s001116-1-1_Gross_lane1MG395 | H5YFCDSXC_240813_MG_PRISMA_24s001116-1-1_Gross_lane1MG395_2	(1, 0.0016078273659994114)	(2, 0.0003047515922482545)	(3, 3.5028918649224643e-06)	(4, 0.0)	(5, 0.0)	(6, 0.0)	(7, 0.0)	(8, 0.0)	(9, 0.0)	(10, 0.0)	(15, 0.0)	(20, 0.0)	(25, 3.5028918649224643e-06)	(30, 0.0)	(35, 0.0)	(40, 0.0)	(45, 0.0)	(50, 0.0)	(55, 0.0)	(60, 1.681388095162783e-05)	(65, 0.0)	(70, 0.0)	(75, 2.1017351189534786e-06)	(80, 1.401156745968986e-06)	(85, 1.401156745968986e-06)	(90, 0.0)	(95, 0.0)	(100, 2.381966468147276e-05)	(105, 1.401156745968986e-06)	(110, 7.00578372984493e-07)	(115, 7.00578372984493e-07)	(120, 0.0)	(125, 2.662197817341073e-05)	(130, 1.4011567459689857e-05)	(135, 0.0)	(140, 0.0)	(145, 0.0)	(150, 0.0)	
/ | scratch | karcher | fastqc | 240813_MG011_PRISMA_NovaSeq_final_for_Q | H5YFCDSXC_240813_MG_PRISMA_24s001116-1-1_Gross_lane1MG396 | H5YFCDSXC_240813_MG_PRISMA_24s001116-1-1_Gross_lane1MG396_1	(1, 0.00025952681524926555)	(2, 0.048382424579022656)	(3, 0.0)	(4, 0.0)	(5, 0.0)	(6, 0.0)	(7, 0.0)	(8, 0.0)	(9, 0.0)	(10, 2.7057050951519176e-05)	(15, 0.00018553406366756008)	(20, 9.71845095401505e-05)	(25, 0.00040585576427278763)	(30, 0.0012954253373931427)	(35, 8.061896814126122e-05)	(40, 5.521847132963097e-06)	(45, 0.0)	(50, 0.0)	(55, 6.074031846259406e-06)	(60, 5.245754776314942e-05)	(65, 1.932646496537084e-05)	(70, 0.0)	(75, 2.208738853185239e-06)	(80, 5.6875025469519905e-05)	(85, 6.957527387533502e-05)	(90, 2.595268152492656e-05)	(95, 0.0)	(100, 0.0)	(105, 1.6565541398889292e-06)	(110, 5.521847132963097e-07)	(115, 0.0)	(120, 0.0)	(125, 0.0)	(130, 3.865292993074168e-06)	(135, 0.0)	(140, 0.0)	(145, 0.0)	(150, 0.0)	
/ | scratch | karcher | fastqc | 240813_MG011_PRISMA_NovaSeq_final_for_Q | H5YFCDSXC_240813_MG_PRISMA_24s001116-1-1_Gross_lane1MG396 | H5YFCDSXC_240813_MG_PRISMA_24s001116-1-1_Gross_lane1MG396_2	(1, 0.0017946003182130067)	(2, 0.0002954188216135257)	(3, 0.0)	(4, 0.0)	(5, 0.0)	(6, 0.0)	(7, 0.0)	(8, 0.0)	(9, 0.0)	(10, 0.0)	(15, 0.0)	(20, 0.0)	(25, 1.1043694265926194e-06)	(30, 0.0)	(35, 0.0)	(40, 0.0)	(45, 0.0)	(50, 5.521847132963097e-07)	(55, 0.0)	(60, 1.2148063692518812e-05)	(65, 0.0)	(70, 0.0)	(75, 1.6565541398889292e-06)	(80, 1.6565541398889292e-06)	(85, 1.6565541398889292e-06)	(90, 0.0)	(95, 0.0)	(100, 1.9878649678667148e-05)	(105, 0.0)	(110, 1.1043694265926194e-06)	(115, 1.1043694265926194e-06)	(120, 0.0)	(125, 2.098301910525977e-05)	(130, 1.0491509552629884e-05)	(135, 1.1043694265926194e-06)	(140, 0.0)	(145, 0.0)	(150, 0.0)	
/ | scratch | karcher | fastqc | 240813_MG011_PRISMA_NovaSeq_final_for_Q | H5YFCDSXC_240813_MG_PRISMA_24s001116-1-1_Gross_lane1MG397 | H5YFCDSXC_240813_MG_PRISMA_24s001116-1-1_Gross_lane1MG397_1	(1, 0.00024168849302834742)	(2, 0.04834509723300709)	(3, 0.0)	(4, 0.0)	(5, 0.0)	(6, 0.0)	(7, 0.0)	(8, 0.0)	(9, 0.0)	(10, 2.860802570539623e-05)	(15, 0.00018397919979504815)	(20, 7.694572431106572e-05)	(25, 0.0003679583995900963)	(30, 0.0012602328565049547)	(35, 9.519567174381849e-05)	(40, 6.41214369258881e-06)	(45, 0.0)	(50, 0.0)	(55, 7.398627337602472e-06)	(60, 6.0668744168340274e-05)	(65, 2.0222914722780093e-05)	(70, 0.0)	(75, 4.439176402561483e-06)	(80, 6.362819510338127e-05)	(85, 7.398627337602472e-05)	(90, 3.5513411220491866e-05)	(95, 0.0)	(100, 0.0)	(105, 2.4662091125341574e-06)	(110, 4.932418225068315e-07)	(115, 0.0)	(120, 0.0)	(125, 0.0)	(130, 6.905385515095642e-06)	(135, 0.0)	(140, 9.86483645013663e-07)	(145, 0.0)	(150, 0.0)	
/ | scratch | karcher | fastqc | 240813_MG011_PRISMA_NovaSeq_final_for_Q | H5YFCDSXC_240813_MG_PRISMA_24s001116-1-1_Gross_lane1MG397 | H5YFCDSXC_240813_MG_PRISMA_24s001116-1-1_Gross_lane1MG397_2	(1, 0.001736211215224047)	(2, 0.00031567476640437215)	(3, 2.4662091125341574e-06)	(4, 0.0)	(5, 0.0)	(6, 0.0)	(7, 0.0)	(8, 0.0)	(9, 0.0)	(10, 0.0)	(15, 0.0)	(20, 0.0)	(25, 2.4662091125341574e-06)	(30, 0.0)	(35, 0.0)	(40, 0.0)	(45, 0.0)	(50, 4.932418225068315e-07)	(55, 0.0)	(60, 1.4304012852698115e-05)	(65, 0.0)	(70, 0.0)	(75, 1.4797254675204945e-06)	(80, 1.972967290027326e-06)	(85, 1.972967290027326e-06)	(90, 0.0)	(95, 0.0)	(100, 2.268912383531425e-05)	(105, 1.972967290027326e-06)	(110, 1.4797254675204945e-06)	(115, 4.932418225068315e-07)	(120, 0.0)	(125, 2.6635058415368905e-05)	(130, 1.3317529207684452e-05)	(135, 9.86483645013663e-07)	(140, 0.0)	(145, 0.0)	(150, 0.0)	
/ | scratch | karcher | fastqc | 240813_MG011_PRISMA_NovaSeq_final_for_Q | H5YFCDSXC_240813_MG_PRISMA_24s001116-1-1_Gross_lane1MG398 | H5YFCDSXC_240813_MG_PRISMA_24s001116-1-1_Gross_lane1MG398_1	(1, 0.0002689910522218631)	(2, 0.04790431761124468)	(3, 0.0)	(4, 0.0)	(5, 0.0)	(6, 0.0)	(7, 0.0)	(8, 0.0)	(9, 0.0)	(10, 2.8094621009839034e-05)	(15, 0.0001685677260590342)	(20, 9.265247354308618e-05)	(25, 0.0004046820941204474)	(30, 0.00130311220854147)	(35, 8.249058934803801e-05)	(40, 5.977578938263625e-06)	(45, 0.0)	(50, 0.0)	(55, 9.564126301221799e-06)	(60, 6.336233674559442e-05)	(65, 2.5105831540707223e-05)	(70, 0.0)	(75, 4.1843052567845375e-06)	(80, 6.754664200237896e-05)	(85, 8.189283145421165e-05)	(90, 4.124529467401901e-05)	(95, 0.0)	(100, 0.0)	(105, 2.3910315753054498e-06)	(110, 0.0)	(115, 0.0)	(120, 0.0)	(125, 0.0)	(130, 1.0759642088874523e-05)	(135, 0.0)	(140, 0.0)	(145, 0.0)	(150, 0.0)	
/ | scratch | karcher | fastqc | 240813_MG011_PRISMA_NovaSeq_final_for_Q | H5YFCDSXC_240813_MG_PRISMA_24s001116-1-1_Gross_lane1MG398 | H5YFCDSXC_240813_MG_PRISMA_24s001116-1-1_Gross_lane1MG398_2	(1, 0.0017902848920099555)	(2, 0.00032876684160449934)	(3, 0.0)	(4, 0.0)	(5, 0.0)	(6, 0.0)	(7, 0.0)	(8, 0.0)	(9, 0.0)	(10, 0.0)	(15, 0.0)	(20, 0.0)	(25, 3.5865473629581746e-06)	(30, 0.0)	(35, 0.0)	(40, 0.0)	(45, 0.0)	(50, 0.0)	(55, 0.0)	(60, 1.8530494708617235e-05)	(65, 0.0)	(70, 0.0)	(75, 1.1955157876527249e-06)	(80, 2.3910315753054498e-06)	(85, 1.1955157876527249e-06)	(90, 0.0)	(95, 0.0)	(100, 2.3312557859228135e-05)	(105, 5.977578938263624e-07)	(110, 1.7932736814790873e-06)	(115, 5.977578938263624e-07)	(120, 0.0)	(125, 3.168116837279721e-05)	(130, 1.3748431558006337e-05)	(135, 0.0)	(140, 0.0)	(145, 0.0)	(150, 0.0)	
/ | scratch | karcher | fastqc | 240813_MG011_PRISMA_NovaSeq_final_for_Q | H5YFCDSXC_240813_MG_PRISMA_24s001116-1-1_Gross_lane1MG399 | H5YFCDSXC_240813_MG_PRISMA_24s001116-1-1_Gross_lane1MG399_1	(1, 0.00029643594250448126)	(2, 0.04818307883809077)	(3, 0.0)	(4, 0.0)	(5, 0.0)	(6, 0.0)	(7, 0.0)	(8, 0.0)	(9, 0.0)	(10, 3.1003392151844825e-05)	(15, 0.00017187845473654324)	(20, 0.00010497639798782545)	(25, 0.0004166420769879497)	(30, 0.0012814735422762528)	(35, 8.050003576268481e-05)	(40, 3.807434123910768e-06)	(45, 0.0)	(50, 0.0)	(55, 4.89527244502813e-06)	(60, 5.384799689530944e-05)	(65, 1.8493251458995157e-05)	(70, 0.0)	(75, 2.7195958027934056e-06)	(80, 5.6023673537544154e-05)	(85, 6.90777333909525e-05)	(90, 3.753042207854899e-05)	(95, 0.0)	(100, 0.0)	(105, 5.439191605586812e-07)	(110, 0.0)	(115, 0.0)	(120, 0.0)	(125, 0.0)	(130, 8.702706568938899e-06)	(135, 0.0)	(140, 0.0)	(145, 0.0)	(150, 0.0)	
/ | scratch | karcher | fastqc | 240813_MG011_PRISMA_NovaSeq_final_for_Q | H5YFCDSXC_240813_MG_PRISMA_24s001116-1-1_Gross_lane1MG399 | H5YFCDSXC_240813_MG_PRISMA_24s001116-1-1_Gross_lane1MG399_2	(1, 0.0018221291878715818)	(2, 0.0003290710921380021)	(3, 0.0)	(4, 0.0)	(5, 0.0)	(6, 0.0)	(7, 0.0)	(8, 0.0)	(9, 0.0)	(10, 0.0)	(15, 0.0)	(20, 0.0)	(25, 2.1756766422347246e-06)	(30, 0.0)	(35, 0.0)	(40, 0.0)	(45, 0.0)	(50, 0.0)	(55, 0.0)	(60, 1.468581733508439e-05)	(65, 0.0)	(70, 0.0)	(75, 5.439191605586812e-07)	(80, 1.0878383211173623e-06)	(85, 1.0878383211173623e-06)	(90, 0.0)	(95, 0.0)	(100, 1.958108978011252e-05)	(105, 5.439191605586812e-07)	(110, 5.439191605586812e-07)	(115, 5.439191605586812e-07)	(120, 0.0)	(125, 2.502028138569933e-05)	(130, 1.0334464050614942e-05)	(135, 1.0878383211173623e-06)	(140, 0.0)	(145, 0.0)	(150, 0.0)	
/ | scratch | karcher | fastqc | 240813_MG011_PRISMA_NovaSeq_final_for_Q | H5YFCDSXC_240813_MG_PRISMA_24s001116-1-1_Gross_lane1MG400 | H5YFCDSXC_240813_MG_PRISMA_24s001116-1-1_Gross_lane1MG400_1	(1, 0.0002415826437469333)	(2, 0.04850615813641382)	(3, 0.0)	(4, 0.0)	(5, 0.0)	(6, 0.0)	(7, 0.0)	(8, 0.0)	(9, 0.0)	(10, 2.59766283598853e-05)	(15, 0.00018443406135518564)	(20, 9.039866669240085e-05)	(25, 0.00040367680471261756)	(30, 0.0012702571267983913)	(35, 9.039866669240085e-05)	(40, 4.675793104779354e-06)	(45, 0.0)	(50, 0.0)	(55, 5.714858239174766e-06)	(60, 4.519933334620043e-05)	(65, 1.4027379314338062e-05)	(70, 0.0)	(75, 2.59766283598853e-06)	(80, 4.31212030774096e-05)	(85, 5.0394659018177485e-05)	(90, 2.545709579268759e-05)	(95, 0.0)	(100, 0.0)	(105, 1.0390651343954122e-06)	(110, 0.0)	(115, 0.0)	(120, 0.0)	(125, 0.0)	(130, 4.156260537581649e-06)	(135, 0.0)	(140, 0.0)	(145, 0.0)	(150, 0.0)	
/ | scratch | karcher | fastqc | 240813_MG011_PRISMA_NovaSeq_final_for_Q | H5YFCDSXC_240813_MG_PRISMA_24s001116-1-1_Gross_lane1MG400 | H5YFCDSXC_240813_MG_PRISMA_24s001116-1-1_Gross_lane1MG400_2	(1, 0.0017975826825040626)	(2, 0.0003169148659906007)	(3, 0.0)	(4, 0.0)	(5, 0.0)	(6, 0.0)	(7, 0.0)	(8, 0.0)	(9, 0.0)	(10, 0.0)	(15, 0.0)	(20, 0.0)	(25, 2.0781302687908244e-06)	(30, 0.0)	(35, 0.0)	(40, 0.0)	(45, 0.0)	(50, 0.0)	(55, 0.0)	(60, 7.792988507965591e-06)	(65, 0.0)	(70, 0.0)	(75, 2.0781302687908244e-06)	(80, 5.195325671977061e-07)	(85, 2.0781302687908244e-06)	(90, 0.0)	(95, 0.0)	(100, 1.5066444448733474e-05)	(105, 5.195325671977061e-07)	(110, 5.195325671977061e-07)	(115, 0.0)	(120, 0.0)	(125, 1.6105509583128887e-05)	(130, 9.871118776756413e-06)	(135, 0.0)	(140, 0.0)	(145, 0.0)	(150, 0.0)	
/ | scratch | karcher | fastqc | 240813_MG011_PRISMA_NovaSeq_final_for_Q | H5YFCDSXC_240813_MG_PRISMA_24s001116-1-1_Gross_lane1MG401 | H5YFCDSXC_240813_MG_PRISMA_24s001116-1-1_Gross_lane1MG401_1	(1, 0.0002381045635388181)	(2, 0.048196109125301215)	(3, 0.0)	(4, 0.0)	(5, 0.0)	(6, 0.0)	(7, 0.0)	(8, 0.0)	(9, 0.0)	(10, 2.3007856701503773e-05)	(15, 0.00019529924874532272)	(20, 8.935609463142163e-05)	(25, 0.00042751808150003523)	(30, 0.0013178686292047393)	(35, 9.524182541552723e-05)	(40, 8.561062958699077e-06)	(45, 0.0)	(50, 0.0)	(55, 1.2841594438048618e-05)	(60, 6.367290575532439e-05)	(65, 2.033252452691031e-05)	(70, 0.0)	(75, 5.885730784105616e-06)	(80, 6.527810506008048e-05)	(85, 7.276903514894217e-05)	(90, 4.762091270776362e-05)	(95, 0.0)	(100, 0.0)	(105, 2.1402657396747693e-06)	(110, 0.0)	(115, 0.0)	(120, 0.0)	(125, 0.0)	(130, 8.025996523780387e-06)	(135, 0.0)	(140, 0.0)	(145, 0.0)	(150, 0.0)	
/ | scratch | karcher | fastqc | 240813_MG011_PRISMA_NovaSeq_final_for_Q | H5YFCDSXC_240813_MG_PRISMA_24s001116-1-1_Gross_lane1MG401 | H5YFCDSXC_240813_MG_PRISMA_24s001116-1-1_Gross_lane1MG401_2	(1, 0.0017122125917398154)	(2, 0.00034511785052255655)	(3, 2.675332174593462e-06)	(4, 0.0)	(5, 2.675332174593462e-06)	(6, 0.0)	(7, 0.0)	(8, 0.0)	(9, 0.0)	(10, 0.0)	(15, 0.0)	(20, 0.0)	(25, 2.675332174593462e-06)	(30, 0.0)	(35, 0.0)	(40, 0.0)	(45, 0.0)	(50, 0.0)	(55, 0.0)	(60, 1.6051993047560774e-05)	(65, 0.0)	(70, 0.0)	(75, 2.675332174593462e-06)	(80, 1.6051993047560772e-06)	(85, 1.6051993047560772e-06)	(90, 0.0)	(95, 0.0)	(100, 2.247279026658508e-05)	(105, 2.675332174593462e-06)	(110, 1.6051993047560772e-06)	(115, 1.0701328698373847e-06)	(120, 0.0)	(125, 2.8893587485609388e-05)	(130, 1.8192258787235542e-05)	(135, 0.0)	(140, 0.0)	(145, 0.0)	(150, 0.0)	
/ | scratch | karcher | fastqc | 240813_MG011_PRISMA_NovaSeq_final_for_Q | H5YFCDSXC_240813_MG_PRISMA_24s001116-1-1_Gross_lane1MG402 | H5YFCDSXC_240813_MG_PRISMA_24s001116-1-1_Gross_lane1MG402_1	(1, 0.00024807036225530266)	(2, 0.0485135900993535)	(3, 0.0)	(4, 0.0)	(5, 0.0)	(6, 0.0)	(7, 0.0)	(8, 0.0)	(9, 0.0)	(10, 2.744608263250157e-05)	(15, 0.0001952894341158766)	(20, 9.131100568120715e-05)	(25, 0.00040430190954800395)	(30, 0.0013453858582739714)	(35, 8.761634071144732e-05)	(40, 5.805902095336871e-06)	(45, 0.0)	(50, 0.0)	(55, 8.972757783702437e-06)	(60, 5.700340239058019e-05)	(65, 2.111237125577044e-05)	(70, 0.0)	(75, 4.750283532548349e-06)	(80, 5.858683023476297e-05)	(85, 7.17820622696195e-05)	(90, 3.4307603290626963e-05)	(95, 0.0)	(100, 0.0)	(105, 1.583427844182783e-06)	(110, 0.0)	(115, 0.0)	(120, 0.0)	(125, 0.0)	(130, 8.444948502308175e-06)	(135, 0.0)	(140, 0.0)	(145, 0.0)	(150, 0.0)	
/ | scratch | karcher | fastqc | 240813_MG011_PRISMA_NovaSeq_final_for_Q | H5YFCDSXC_240813_MG_PRISMA_24s001116-1-1_Gross_lane1MG402 | H5YFCDSXC_240813_MG_PRISMA_24s001116-1-1_Gross_lane1MG402_2	(1, 0.0017417706286010613)	(2, 0.00032988080087141314)	(3, 5.27809281394261e-06)	(4, 0.0)	(5, 0.0)	(6, 0.0)	(7, 0.0)	(8, 0.0)	(9, 0.0)	(10, 0.0)	(15, 0.0)	(20, 0.0)	(25, 3.166855688365566e-06)	(30, 0.0)	(35, 0.0)	(40, 0.0)	(45, 0.0)	(50, 0.0)	(55, 0.0)	(60, 1.108399490927948e-05)	(65, 0.0)	(70, 0.0)	(75, 1.055618562788522e-06)	(80, 1.583427844182783e-06)	(85, 2.111237125577044e-06)	(90, 0.0)	(95, 0.0)	(100, 1.7945515567404875e-05)	(105, 1.583427844182783e-06)	(110, 1.055618562788522e-06)	(115, 5.27809281394261e-07)	(120, 0.0)	(125, 2.2695799099953223e-05)	(130, 1.055618562788522e-05)	(135, 0.0)	(140, 0.0)	(145, 0.0)	(150, 0.0)	
/ | scratch | karcher | fastqc | 240813_MG011_PRISMA_NovaSeq_final_for_Q | H5YFCDSXC_240813_MG_PRISMA_24s001116-1-1_Gross_lane1MG403 | H5YFCDSXC_240813_MG_PRISMA_24s001116-1-1_Gross_lane1MG403_1	(1, 0.0002464273586291364)	(2, 0.0492889425336953)	(3, 3.470807868016006e-06)	(4, 0.0)	(5, 0.0)	(6, 0.0)	(7, 0.0)	(8, 0.0)	(9, 0.0)	(10, 3.2625593959350454e-05)	(15, 0.00015826883878152987)	(20, 8.121690411157454e-05)	(25, 0.0003679056340096966)	(30, 0.0011557790200493298)	(35, 8.607603512679695e-05)	(40, 4.859131015222407e-06)	(45, 0.0)	(50, 0.0)	(55, 5.553292588825609e-06)	(60, 6.10862184770817e-05)	(65, 2.0130685634492834e-05)	(70, 0.0)	(75, 3.470807868016006e-06)	(80, 5.761541060906569e-05)	(85, 7.427528837554252e-05)	(90, 2.7072301370524843e-05)	(95, 0.0)	(100, 0.0)	(105, 2.0824847208096034e-06)	(110, 0.0)	(115, 0.0)	(120, 0.0)	(125, 0.0)	(130, 5.553292588825609e-06)	(135, 0.0)	(140, 0.0)	(145, 0.0)	(150, 0.0)	
/ | scratch | karcher | fastqc | 240813_MG011_PRISMA_NovaSeq_final_for_Q | H5YFCDSXC_240813_MG_PRISMA_24s001116-1-1_Gross_lane1MG403 | H5YFCDSXC_240813_MG_PRISMA_24s001116-1-1_Gross_lane1MG403_2	(1, 0.001697225047459827)	(2, 0.00034013917106556855)	(3, 0.0)	(4, 0.0)	(5, 0.0)	(6, 0.0)	(7, 0.0)	(8, 0.0)	(9, 0.0)	(10, 0.0)	(15, 0.0)	(20, 0.0)	(25, 1.3883231472064024e-06)	(30, 0.0)	(35, 0.0)	(40, 0.0)	(45, 0.0)	(50, 0.0)	(55, 0.0)	(60, 1.0412423604048018e-05)	(65, 0.0)	(70, 0.0)	(75, 0.0)	(80, 1.3883231472064024e-06)	(85, 0.0)	(90, 0.0)	(95, 0.0)	(100, 1.4577393045667224e-05)	(105, 6.941615736032012e-07)	(110, 6.941615736032012e-07)	(115, 6.941615736032012e-07)	(120, 0.0)	(125, 1.874236248728643e-05)	(130, 6.247454162428811e-06)	(135, 0.0)	(140, 0.0)	(145, 0.0)	(150, 0.0)	
/ | scratch | karcher | fastqc | 240813_MG011_PRISMA_NovaSeq_final_for_Q | H5YFCDSXC_240813_MG_PRISMA_24s001116-1-1_Gross_lane1MG404 | H5YFCDSXC_240813_MG_PRISMA_24s001116-1-1_Gross_lane1MG404_1	(1, 0.0002315160292405397)	(2, 0.04794338278765712)	(3, 0.0)	(4, 0.0)	(5, 0.0)	(6, 0.0)	(7, 0.0)	(8, 0.0)	(9, 0.0)	(10, 2.3477681838477266e-05)	(15, 0.00017738692944627268)	(20, 9.651935866929542e-05)	(25, 0.0003658605419829374)	(30, 0.001222143771258511)	(35, 9.456288518275565e-05)	(40, 3.912946973079544e-06)	(45, 0.0)	(50, 0.0)	(55, 6.5215782884659075e-06)	(60, 5.738988893849999e-05)	(65, 1.956473486539772e-05)	(70, 0.0)	(75, 2.608631315386363e-06)	(80, 5.478125762311362e-05)	(85, 6.652009854235226e-05)	(90, 2.739062881155681e-05)	(95, 0.0)	(100, 0.0)	(105, 1.956473486539772e-06)	(110, 0.0)	(115, 0.0)	(120, 0.0)	(125, 0.0)	(130, 5.8694204596193165e-06)	(135, 0.0)	(140, 0.0)	(145, 0.0)	(150, 0.0)	
/ | scratch | karcher | fastqc | 240813_MG011_PRISMA_NovaSeq_final_for_Q | H5YFCDSXC_240813_MG_PRISMA_24s001116-1-1_Gross_lane1MG404 | H5YFCDSXC_240813_MG_PRISMA_24s001116-1-1_Gross_lane1MG404_2	(1, 0.0017934340293281246)	(2, 0.0003260789144232954)	(3, 0.0)	(4, 0.0)	(5, 0.0)	(6, 0.0)	(7, 0.0)	(8, 0.0)	(9, 0.0)	(10, 0.0)	(15, 0.0)	(20, 0.0)	(25, 2.608631315386363e-06)	(30, 0.0)	(35, 0.0)	(40, 0.0)	(45, 0.0)	(50, 6.521578288465908e-07)	(55, 0.0)	(60, 1.1738840919238633e-05)	(65, 0.0)	(70, 0.0)	(75, 1.956473486539772e-06)	(80, 1.956473486539772e-06)	(85, 1.3043156576931816e-06)	(90, 0.0)	(95, 0.0)	(100, 1.760826137885795e-05)	(105, 1.3043156576931816e-06)	(110, 6.521578288465908e-07)	(115, 6.521578288465908e-07)	(120, 0.0)	(125, 2.1521208351937495e-05)	(130, 1.1738840919238633e-05)	(135, 0.0)	(140, 0.0)	(145, 0.0)	(150, 0.0)	
/ | scratch | karcher | fastqc | 240813_MG011_PRISMA_NovaSeq_final_for_Q | H5YFCDSXC_240813_MG_PRISMA_24s001116-1-1_Gross_lane1MG405 | H5YFCDSXC_240813_MG_PRISMA_24s001116-1-1_Gross_lane1MG405_1	(1, 0.00020603639039255256)	(2, 0.048102138714147)	(3, 0.0)	(4, 0.0)	(5, 0.0)	(6, 0.0)	(7, 0.0)	(8, 0.0)	(9, 0.0)	(10, 2.3547016044863148e-05)	(15, 0.00020407413905548064)	(20, 8.83013101682368e-05)	(25, 0.00039097857891158186)	(30, 0.0012376900308581193)	(35, 9.026356150530873e-05)	(40, 8.339568182555698e-06)	(45, 0.0)	(50, 0.0)	(55, 1.471688502803947e-05)	(60, 5.984866578069384e-05)	(65, 2.599983021620306e-05)	(70, 0.0)	(75, 7.358442514019735e-06)	(80, 7.50561136430013e-05)	(85, 9.026356150530873e-05)	(90, 5.052797192960217e-05)	(95, 0.0)	(100, 0.0)	(105, 4.41506550841184e-06)	(110, 4.905628342679822e-07)	(115, 0.0)	(120, 0.0)	(125, 0.0)	(130, 1.079238235389561e-05)	(135, 0.0)	(140, 1.4716885028039467e-06)	(145, 0.0)	(150, 0.0)	
/ | scratch | karcher | fastqc | 240813_MG011_PRISMA_NovaSeq_final_for_Q | H5YFCDSXC_240813_MG_PRISMA_24s001116-1-1_Gross_lane1MG405 | H5YFCDSXC_240813_MG_PRISMA_24s001116-1-1_Gross_lane1MG405_2	(1, 0.0017562149466793765)	(2, 0.0003507524265016073)	(3, 2.4528141713399112e-06)	(4, 0.0)	(5, 2.4528141713399112e-06)	(6, 0.0)	(7, 0.0)	(8, 0.0)	(9, 0.0)	(10, 0.0)	(15, 0.0)	(20, 0.0)	(25, 5.886754011215787e-06)	(30, 4.905628342679822e-07)	(35, 0.0)	(40, 0.0)	(45, 0.0)	(50, 9.811256685359645e-07)	(55, 0.0)	(60, 2.0113076204987272e-05)	(65, 0.0)	(70, 0.0)	(75, 4.41506550841184e-06)	(80, 5.886754011215787e-06)	(85, 2.9433770056078935e-06)	(90, 0.0)	(95, 0.0)	(100, 2.649039305047104e-05)	(105, 2.9433770056078935e-06)	(110, 4.41506550841184e-06)	(115, 2.4528141713399112e-06)	(120, 0.0)	(125, 3.1396021393150864e-05)	(130, 2.20753275420592e-05)	(135, 9.811256685359645e-07)	(140, 0.0)	(145, 0.0)	(150, 0.0)	
/ | scratch | karcher | fastqc | 240813_MG011_PRISMA_NovaSeq_final_for_Q | H5YFCDSXC_240813_MG_PRISMA_24s001116-1-1_Gross_lane1MG406 | H5YFCDSXC_240813_MG_PRISMA_24s001116-1-1_Gross_lane1MG406_1	(1, 0.00021816790171414821)	(2, 0.04848781615596944)	(3, 0.0)	(4, 0.0)	(5, 0.0)	(6, 0.0)	(7, 0.0)	(8, 0.0)	(9, 0.0)	(10, 2.5452921866650626e-05)	(15, 0.00018301862866020214)	(20, 8.241898509201155e-05)	(25, 0.0003878540474918191)	(30, 0.00129688697130077)	(35, 8.363102899042349e-05)	(40, 3.636131695235804e-06)	(45, 0.0)	(50, 0.0)	(55, 8.484307288883543e-06)	(60, 4.666369008885948e-05)	(65, 1.6362592628561117e-05)	(70, 0.0)	(75, 3.0301097460298367e-06)	(80, 5.090584373330125e-05)	(85, 6.0602194920596726e-05)	(90, 3.15131413587103e-05)	(95, 0.0)	(100, 0.0)	(105, 3.636131695235804e-06)	(110, 6.060219492059673e-07)	(115, 0.0)	(120, 0.0)	(125, 0.0)	(130, 6.0602194920596735e-06)	(135, 0.0)	(140, 6.060219492059673e-07)	(145, 0.0)	(150, 0.0)	
/ | scratch | karcher | fastqc | 240813_MG011_PRISMA_NovaSeq_final_for_Q | H5YFCDSXC_240813_MG_PRISMA_24s001116-1-1_Gross_lane1MG406 | H5YFCDSXC_240813_MG_PRISMA_24s001116-1-1_Gross_lane1MG406_2	(1, 0.0015453559704752167)	(2, 0.00038179382799975937)	(3, 0.0)	(4, 0.0)	(5, 3.0301097460298367e-06)	(6, 0.0)	(7, 0.0)	(8, 0.0)	(9, 0.0)	(10, 0.0)	(15, 0.0)	(20, 0.0)	(25, 3.0301097460298367e-06)	(30, 6.060219492059673e-07)	(35, 0.0)	(40, 0.0)	(45, 0.0)	(50, 1.2120438984119346e-06)	(55, 0.0)	(60, 1.3332482882531282e-05)	(65, 0.0)	(70, 0.0)	(75, 1.818065847617902e-06)	(80, 2.424087796823869e-06)	(85, 1.818065847617902e-06)	(90, 0.0)	(95, 0.0)	(100, 1.6362592628561117e-05)	(105, 2.424087796823869e-06)	(110, 2.424087796823869e-06)	(115, 6.060219492059673e-07)	(120, 0.0)	(125, 1.999872432379692e-05)	(130, 9.696351187295477e-06)	(135, 1.2120438984119346e-06)	(140, 0.0)	(145, 0.0)	(150, 0.0)	
/ | scratch | karcher | fastqc | 240813_MG011_PRISMA_NovaSeq_final_for_Q | H5YFCDSXC_240813_MG_PRISMA_24s001116-1-1_Gross_lane1MG407 | H5YFCDSXC_240813_MG_PRISMA_24s001116-1-1_Gross_lane1MG407_1	(1, 0.0001906842549115144)	(2, 0.04865744277489001)	(3, 0.0)	(4, 0.0)	(5, 0.0)	(6, 0.0)	(7, 0.0)	(8, 0.0)	(9, 0.0)	(10, 2.6837043283842765e-05)	(15, 0.000186917652345361)	(20, 9.604836543691096e-05)	(25, 0.00043457177106994517)	(30, 0.0013239608020029097)	(35, 8.945681094614256e-05)	(40, 8.945681094614256e-06)	(45, 0.0)	(50, 0.0)	(55, 1.3183108981536796e-05)	(60, 6.356141830383812e-05)	(65, 2.3541266038458567e-05)	(70, 0.0)	(75, 6.591554490768398e-06)	(80, 6.685719554922232e-05)	(85, 7.956947920998995e-05)	(90, 4.9436658680762994e-05)	(95, 0.0)	(100, 0.0)	(105, 4.708253207691713e-06)	(110, 0.0)	(115, 0.0)	(120, 0.0)	(125, 0.0)	(130, 9.416506415383426e-06)	(135, 0.0)	(140, 9.416506415383426e-07)	(145, 0.0)	(150, 0.0)	
/ | scratch | karcher | fastqc | 240813_MG011_PRISMA_NovaSeq_final_for_Q | H5YFCDSXC_240813_MG_PRISMA_24s001116-1-1_Gross_lane1MG407 | H5YFCDSXC_240813_MG_PRISMA_24s001116-1-1_Gross_lane1MG407_2	(1, 0.0016996794079767086)	(2, 0.00038372263642687466)	(3, 9.416506415383426e-06)	(4, 0.0)	(5, 2.3541266038458565e-06)	(6, 0.0)	(7, 0.0)	(8, 0.0)	(9, 0.0)	(10, 0.0)	(15, 0.0)	(20, 0.0)	(25, 5.179078528460884e-06)	(30, 0.0)	(35, 0.0)	(40, 0.0)	(45, 0.0)	(50, 4.708253207691713e-07)	(55, 0.0)	(60, 1.789136218922851e-05)	(65, 0.0)	(70, 0.0)	(75, 5.179078528460884e-06)	(80, 5.179078528460884e-06)	(85, 4.237427886922542e-06)	(90, 0.0)	(95, 0.0)	(100, 2.9661995208457795e-05)	(105, 3.295777245384199e-06)	(110, 3.7666025661533704e-06)	(115, 3.295777245384199e-06)	(120, 0.0)	(125, 3.248694713307282e-05)	(130, 2.0716314113843537e-05)	(135, 4.708253207691713e-07)	(140, 0.0)	(145, 0.0)	(150, 0.0)	
/ | scratch | karcher | fastqc | 240813_MG011_PRISMA_NovaSeq_final_for_Q | H5YFCDSXC_240813_MG_PRISMA_24s001116-1-1_Gross_lane1MG408 | H5YFCDSXC_240813_MG_PRISMA_24s001116-1-1_Gross_lane1MG408_1	(1, 0.00023141752527088414)	(2, 0.048196315536493985)	(3, 0.0)	(4, 0.0)	(5, 0.0)	(6, 0.0)	(7, 0.0)	(8, 0.0)	(9, 0.0)	(10, 3.109672995827506e-05)	(15, 0.0002003207953126091)	(20, 7.521069571303736e-05)	(25, 0.0003999184108587467)	(30, 0.001225066524402743)	(35, 9.112065057541064e-05)	(40, 5.062258365300591e-06)	(45, 0.0)	(50, 0.0)	(55, 7.2317976647151295e-06)	(60, 5.7854381317721036e-05)	(65, 2.097221322767388e-05)	(70, 0.0)	(75, 3.6158988323575648e-06)	(80, 5.7131201551249525e-05)	(85, 7.159479688067979e-05)	(90, 3.398944902416111e-05)	(95, 0.0)	(100, 0.0)	(105, 3.6158988323575648e-06)	(110, 0.0)	(115, 0.0)	(120, 0.0)	(125, 0.0)	(130, 5.7854381317721045e-06)	(135, 0.0)	(140, 0.0)	(145, 0.0)	(150, 0.0)	
/ | scratch | karcher | fastqc | 240813_MG011_PRISMA_NovaSeq_final_for_Q | H5YFCDSXC_240813_MG_PRISMA_24s001116-1-1_Gross_lane1MG408 | H5YFCDSXC_240813_MG_PRISMA_24s001116-1-1_Gross_lane1MG408_2	(1, 0.0018007176185140675)	(2, 0.0003290467937445384)	(3, 0.0)	(4, 0.0)	(5, 0.0)	(6, 0.0)	(7, 0.0)	(8, 0.0)	(9, 0.0)	(10, 0.0)	(15, 0.0)	(20, 0.0)	(25, 2.169539299414539e-06)	(30, 0.0)	(35, 0.0)	(40, 0.0)	(45, 0.0)	(50, 0.0)	(55, 0.0)	(60, 1.4463595329430259e-05)	(65, 0.0)	(70, 0.0)	(75, 2.169539299414539e-06)	(80, 2.169539299414539e-06)	(85, 1.4463595329430261e-06)	(90, 0.0)	(95, 0.0)	(100, 2.0249033461202364e-05)	(105, 7.231797664715131e-07)	(110, 2.169539299414539e-06)	(115, 1.4463595329430261e-06)	(120, 0.0)	(125, 2.3141752527088418e-05)	(130, 1.3017235796487234e-05)	(135, 0.0)	(140, 0.0)	(145, 0.0)	(150, 0.0)	
/ | scratch | karcher | fastqc | 240813_MG011_PRISMA_NovaSeq_final_for_Q | H5YFCDSXC_240813_MG_PRISMA_24s001116-1-1_Gross_lane1MG409 | H5YFCDSXC_240813_MG_PRISMA_24s001116-1-1_Gross_lane1MG409_1	(1, 0.0002122108464891125)	(2, 0.047737938481849304)	(3, 0.0)	(4, 0.0)	(5, 0.0)	(6, 0.0)	(7, 0.0)	(8, 0.0)	(9, 0.0)	(10, 3.167326067001679e-05)	(15, 0.00017420293368509236)	(20, 8.741819944924634e-05)	(25, 0.00037121061505259676)	(30, 0.001209285092381241)	(35, 8.741819944924634e-05)	(40, 3.8007912804020148e-06)	(45, 0.0)	(50, 0.0)	(55, 6.334652134003358e-06)	(60, 5.257761271222787e-05)	(65, 1.8370491188609736e-05)	(70, 0.0)	(75, 2.533860853601343e-06)	(80, 5.7645334419430564e-05)	(85, 6.397998655343391e-05)	(90, 3.674098237721947e-05)	(95, 0.0)	(100, 0.0)	(105, 2.533860853601343e-06)	(110, 0.0)	(115, 0.0)	(120, 0.0)	(125, 0.0)	(130, 4.434256493802351e-06)	(135, 0.0)	(140, 0.0)	(145, 0.0)	(150, 0.0)	
/ | scratch | karcher | fastqc | 240813_MG011_PRISMA_NovaSeq_final_for_Q | H5YFCDSXC_240813_MG_PRISMA_24s001116-1-1_Gross_lane1MG409 | H5YFCDSXC_240813_MG_PRISMA_24s001116-1-1_Gross_lane1MG409_2	(1, 0.0017990412060569535)	(2, 0.0003008959763651595)	(3, 3.167326067001679e-06)	(4, 0.0)	(5, 3.167326067001679e-06)	(6, 0.0)	(7, 0.0)	(8, 0.0)	(9, 0.0)	(10, 0.0)	(15, 0.0)	(20, 0.0)	(25, 1.9003956402010074e-06)	(30, 0.0)	(35, 0.0)	(40, 0.0)	(45, 0.0)	(50, 0.0)	(55, 0.0)	(60, 1.1402373841206044e-05)	(65, 0.0)	(70, 0.0)	(75, 1.2669304268006716e-06)	(80, 6.334652134003358e-07)	(85, 1.2669304268006716e-06)	(90, 0.0)	(95, 0.0)	(100, 1.4569699908207724e-05)	(105, 1.2669304268006716e-06)	(110, 6.334652134003358e-07)	(115, 0.0)	(120, 0.0)	(125, 2.2804747682412088e-05)	(130, 1.0768908627805707e-05)	(135, 0.0)	(140, 0.0)	(145, 0.0)	(150, 0.0)	
/ | scratch | karcher | fastqc | 240813_MG011_PRISMA_NovaSeq_final_for_Q | H5YFCDSXC_240813_MG_PRISMA_24s001116-1-1_Gross_lane1MG410 | H5YFCDSXC_240813_MG_PRISMA_24s001116-1-1_Gross_lane1MG410_1	(1, 0.00028569989732326625)	(2, 0.04839375327459699)	(3, 0.0)	(4, 0.0)	(5, 0.0)	(6, 0.0)	(7, 0.0)	(8, 0.0)	(9, 0.0)	(10, 3.733145325024012e-05)	(15, 0.00017522927035826995)	(20, 8.837650157199703e-05)	(25, 0.0004007417226454348)	(30, 0.0012586032810080955)	(35, 8.075783764337659e-05)	(40, 9.904263107206563e-06)	(45, 0.0)	(50, 0.0)	(55, 1.3713595071516777e-05)	(60, 5.790184585751528e-05)	(65, 2.6665323750171514e-05)	(70, 0.0)	(75, 5.333064750034303e-06)	(80, 6.932984175044594e-05)	(85, 8.45671696076868e-05)	(90, 5.333064750034303e-05)	(95, 0.0)	(100, 0.0)	(105, 1.5237327857240867e-06)	(110, 0.0)	(115, 0.0)	(120, 0.0)	(125, 0.0)	(130, 1.2951728678654737e-05)	(135, 0.0)	(140, 7.618663928620433e-07)	(145, 0.0)	(150, 0.0)	
/ | scratch | karcher | fastqc | 240813_MG011_PRISMA_NovaSeq_final_for_Q | H5YFCDSXC_240813_MG_PRISMA_24s001116-1-1_Gross_lane1MG410 | H5YFCDSXC_240813_MG_PRISMA_24s001116-1-1_Gross_lane1MG410_2	(1, 0.001809432683047353)	(2, 0.0003618865366094706)	(3, 0.0)	(4, 0.0)	(5, 3.8093319643102165e-06)	(6, 0.0)	(7, 0.0)	(8, 0.0)	(9, 0.0)	(10, 0.0)	(15, 0.0)	(20, 0.0)	(25, 4.57119835717226e-06)	(30, 0.0)	(35, 0.0)	(40, 0.0)	(45, 0.0)	(50, 0.0)	(55, 0.0)	(60, 1.9046659821551082e-05)	(65, 0.0)	(70, 0.0)	(75, 1.5237327857240867e-06)	(80, 3.0474655714481734e-06)	(85, 7.618663928620433e-07)	(90, 0.0)	(95, 0.0)	(100, 2.5903457357309474e-05)	(105, 3.8093319643102165e-06)	(110, 1.5237327857240867e-06)	(115, 7.618663928620433e-07)	(120, 0.0)	(125, 3.504585407165399e-05)	(130, 2.057039260727517e-05)	(135, 0.0)	(140, 0.0)	(145, 0.0)	(150, 0.0)	
/ | scratch | karcher | fastqc | 240813_MG011_PRISMA_NovaSeq_final_for_Q | H5YFCDSXC_240813_MG_PRISMA_24s001116-1-1_Gross_lane1MG411 | H5YFCDSXC_240813_MG_PRISMA_24s001116-1-1_Gross_lane1MG411_1	(1, 0.00023624096401936724)	(2, 0.04882313256400256)	(3, 0.0)	(4, 0.0)	(5, 0.0)	(6, 0.0)	(7, 0.0)	(8, 0.0)	(9, 0.0)	(10, 2.8348915682324067e-05)	(15, 0.00019529253025601023)	(20, 8.50467470469722e-05)	(25, 0.00038869513279986555)	(30, 0.0012643616394316533)	(35, 8.693667475912714e-05)	(40, 5.039807232413167e-06)	(45, 0.0)	(50, 0.0)	(55, 1.1969542176981272e-05)	(60, 5.165802413223497e-05)	(65, 2.0789204833704316e-05)	(70, 0.0)	(75, 4.409831328361522e-06)	(80, 6.047768678895801e-05)	(85, 7.433715667809422e-05)	(90, 4.0318457859305336e-05)	(95, 0.0)	(100, 0.0)	(105, 4.409831328361522e-06)	(110, 0.0)	(115, 0.0)	(120, 0.0)	(125, 0.0)	(130, 9.449638560774689e-06)	(135, 0.0)	(140, 6.299759040516459e-07)	(145, 0.0)	(150, 0.0)	
/ | scratch | karcher | fastqc | 240813_MG011_PRISMA_NovaSeq_final_for_Q | H5YFCDSXC_240813_MG_PRISMA_24s001116-1-1_Gross_lane1MG411 | H5YFCDSXC_240813_MG_PRISMA_24s001116-1-1_Gross_lane1MG411_2	(1, 0.0018111807241484822)	(2, 0.00034333686770814705)	(3, 0.0)	(4, 0.0)	(5, 3.14987952025823e-06)	(6, 0.0)	(7, 0.0)	(8, 0.0)	(9, 0.0)	(10, 0.0)	(15, 0.0)	(20, 0.0)	(25, 3.14987952025823e-06)	(30, 0.0)	(35, 0.0)	(40, 0.0)	(45, 0.0)	(50, 0.0)	(55, 0.0)	(60, 1.385946988913621e-05)	(65, 0.0)	(70, 0.0)	(75, 3.14987952025823e-06)	(80, 1.8899277121549378e-06)	(85, 1.8899277121549378e-06)	(90, 0.0)	(95, 0.0)	(100, 1.826930121749773e-05)	(105, 6.299759040516459e-07)	(110, 3.7798554243098757e-06)	(115, 1.8899277121549378e-06)	(120, 0.0)	(125, 2.519903616206584e-05)	(130, 1.385946988913621e-05)	(135, 0.0)	(140, 0.0)	(145, 0.0)	(150, 0.0)	
/ | scratch | karcher | fastqc | 240813_MG011_PRISMA_NovaSeq_final_for_Q | H5YFCDSXC_240813_MG_PRISMA_24s001116-1-1_Gross_lane1MG412 | H5YFCDSXC_240813_MG_PRISMA_24s001116-1-1_Gross_lane1MG412_1	(1, 0.00020664938684174792)	(2, 0.04833627562698408)	(3, 0.0)	(4, 0.0)	(5, 0.0)	(6, 0.0)	(7, 0.0)	(8, 0.0)	(9, 0.0)	(10, 2.8209281378397335e-05)	(15, 0.0001909046716538052)	(20, 0.00010627682751861321)	(25, 0.00039689802869605554)	(30, 0.0012884425262133107)	(35, 9.971652952363709e-05)	(40, 3.936178796985674e-06)	(45, 0.0)	(50, 0.0)	(55, 7.872357593971348e-06)	(60, 3.673766877186629e-05)	(65, 1.5088685388445085e-05)	(70, 0.0)	(75, 3.936178796985674e-06)	(80, 4.0017817769354356e-05)	(85, 5.1826354160311377e-05)	(90, 2.8209281378397335e-05)	(95, 0.0)	(100, 0.0)	(105, 1.3120595989952248e-06)	(110, 0.0)	(115, 0.0)	(120, 0.0)	(125, 0.0)	(130, 5.904268195478511e-06)	(135, 0.0)	(140, 0.0)	(145, 0.0)	(150, 0.0)	
/ | scratch | karcher | fastqc | 240813_MG011_PRISMA_NovaSeq_final_for_Q | H5YFCDSXC_240813_MG_PRISMA_24s001116-1-1_Gross_lane1MG412 | H5YFCDSXC_240813_MG_PRISMA_24s001116-1-1_Gross_lane1MG412_2	(1, 0.0019123268655355402)	(2, 0.0003575362407261987)	(3, 3.2801489974880616e-06)	(4, 0.0)	(5, 3.2801489974880616e-06)	(6, 0.0)	(7, 0.0)	(8, 0.0)	(9, 0.0)	(10, 0.0)	(15, 0.0)	(20, 0.0)	(25, 1.968089398492837e-06)	(30, 0.0)	(35, 0.0)	(40, 0.0)	(45, 0.0)	(50, 0.0)	(55, 0.0)	(60, 9.840446992464185e-06)	(65, 0.0)	(70, 0.0)	(75, 1.968089398492837e-06)	(80, 1.968089398492837e-06)	(85, 1.3120595989952248e-06)	(90, 0.0)	(95, 0.0)	(100, 1.377662578944986e-05)	(105, 6.560297994976124e-07)	(110, 6.560297994976124e-07)	(115, 0.0)	(120, 0.0)	(125, 1.8368834385933146e-05)	(130, 8.528387393468961e-06)	(135, 0.0)	(140, 0.0)	(145, 0.0)	(150, 0.0)	
/ | scratch | karcher | fastqc | 240813_MG011_PRISMA_NovaSeq_final_for_Q | H5YFCDSXC_240813_MG_PRISMA_24s001116-1-1_Gross_lane1MG413 | H5YFCDSXC_240813_MG_PRISMA_24s001116-1-1_Gross_lane1MG413_1	(1, 0.00022613494544720578)	(2, 0.04806013690597258)	(3, 0.0)	(4, 0.0)	(5, 0.0)	(6, 0.0)	(7, 0.0)	(8, 0.0)	(9, 0.0)	(10, 2.842839314193444e-05)	(15, 0.00020610585027902467)	(20, 8.205468020512895e-05)	(25, 0.00037021521068928255)	(30, 0.001241803900427227)	(35, 9.756107646436592e-05)	(40, 8.399297973753357e-06)	(45, 0.0)	(50, 0.0)	(55, 1.5506396259236968e-05)	(60, 5.039578784252014e-05)	(65, 1.809079563577646e-05)	(70, 0.0)	(75, 5.814898597213863e-06)	(80, 5.427238690732939e-05)	(85, 6.331778472521762e-05)	(90, 4.070429018049704e-05)	(95, 0.0)	(100, 0.0)	(105, 6.4609984413487355e-06)	(110, 0.0)	(115, 0.0)	(120, 0.0)	(125, 0.0)	(130, 9.691497662023105e-06)	(135, 0.0)	(140, 1.2921996882697472e-06)	(145, 0.0)	(150, 0.0)	
/ | scratch | karcher | fastqc | 240813_MG011_PRISMA_NovaSeq_final_for_Q | H5YFCDSXC_240813_MG_PRISMA_24s001116-1-1_Gross_lane1MG413 | H5YFCDSXC_240813_MG_PRISMA_24s001116-1-1_Gross_lane1MG413_2	(1, 0.0019059945401978771)	(2, 0.0003553549142741805)	(3, 3.2304992206743678e-06)	(4, 0.0)	(5, 6.4609984413487355e-06)	(6, 0.0)	(7, 0.0)	(8, 0.0)	(9, 0.0)	(10, 0.0)	(15, 0.0)	(20, 0.0)	(25, 5.814898597213863e-06)	(30, 0.0)	(35, 0.0)	(40, 0.0)	(45, 0.0)	(50, 0.0)	(55, 0.0)	(60, 1.2921996882697471e-05)	(65, 0.0)	(70, 0.0)	(75, 4.522698908944115e-06)	(80, 3.876599064809242e-06)	(85, 4.522698908944115e-06)	(90, 0.0)	(95, 0.0)	(100, 1.938299532404621e-05)	(105, 1.938299532404621e-06)	(110, 3.876599064809242e-06)	(115, 1.938299532404621e-06)	(120, 0.0)	(125, 2.3905694232990325e-05)	(130, 1.8736895479911334e-05)	(135, 0.0)	(140, 0.0)	(145, 0.0)	(150, 0.0)	
/ | scratch | karcher | fastqc | 240813_MG011_PRISMA_NovaSeq_final_for_Q | H5YFCDSXC_240813_MG_PRISMA_24s001116-1-1_Gross_lane1MG414 | H5YFCDSXC_240813_MG_PRISMA_24s001116-1-1_Gross_lane1MG414_1	(1, 0.00023530161269548676)	(2, 0.04733091939369716)	(3, 0.0)	(4, 0.0)	(5, 0.0)	(6, 0.0)	(7, 0.0)	(8, 0.0)	(9, 0.0)	(10, 3.000095561867456e-05)	(15, 0.00018941779821986682)	(20, 8.764985072906882e-05)	(25, 0.0003970714714236339)	(30, 0.001238274736809999)	(35, 8.823810476080752e-05)	(40, 5.882540317387168e-06)	(45, 0.0)	(50, 0.0)	(55, 8.235556444342037e-06)	(60, 5.706064107865554e-05)	(65, 1.882412901563894e-05)	(70, 0.0)	(75, 3.529524190432301e-06)	(80, 5.411937091996195e-05)	(85, 6.823746768169116e-05)	(90, 3.353047980910686e-05)	(95, 0.0)	(100, 0.0)	(105, 1.7647620952161506e-06)	(110, 0.0)	(115, 0.0)	(120, 0.0)	(125, 0.0)	(130, 7.059048380864602e-06)	(135, 0.0)	(140, 0.0)	(145, 0.0)	(150, 0.0)	
/ | scratch | karcher | fastqc | 240813_MG011_PRISMA_NovaSeq_final_for_Q | H5YFCDSXC_240813_MG_PRISMA_24s001116-1-1_Gross_lane1MG414 | H5YFCDSXC_240813_MG_PRISMA_24s001116-1-1_Gross_lane1MG414_2	(1, 0.0017882922564856994)	(2, 0.00039118893110624673)	(3, 0.0)	(4, 0.0)	(5, 0.0)	(6, 0.0)	(7, 0.0)	(8, 0.0)	(9, 0.0)	(10, 0.0)	(15, 0.0)	(20, 0.0)	(25, 1.7647620952161506e-06)	(30, 0.0)	(35, 0.0)	(40, 0.0)	(45, 0.0)	(50, 0.0)	(55, 0.0)	(60, 1.2353334666513054e-05)	(65, 0.0)	(70, 0.0)	(75, 1.1765080634774337e-06)	(80, 1.1765080634774337e-06)	(85, 1.1765080634774337e-06)	(90, 0.0)	(95, 0.0)	(100, 2.0000637079116375e-05)	(105, 1.1765080634774337e-06)	(110, 1.1765080634774337e-06)	(115, 0.0)	(120, 0.0)	(125, 2.2941907237809955e-05)	(130, 1.117682660303562e-05)	(135, 0.0)	(140, 0.0)	(145, 0.0)	(150, 0.0)	
/ | scratch | karcher | fastqc | 240813_MG011_PRISMA_NovaSeq_final_for_Q | H5YFCDSXC_240813_MG_PRISMA_24s001116-1-1_Gross_lane1MG415 | H5YFCDSXC_240813_MG_PRISMA_24s001116-1-1_Gross_lane1MG415_1	(1, 0.00022985188130240453)	(2, 0.048897156882398186)	(3, 0.0)	(4, 0.0)	(5, 0.0)	(6, 0.0)	(7, 0.0)	(8, 0.0)	(9, 0.0)	(10, 2.5743410705869305e-05)	(15, 0.0001906238268934608)	(20, 7.96819855181669e-05)	(25, 0.00038982879068887803)	(30, 0.0012362966522318664)	(35, 8.581136901956436e-05)	(40, 4.903506801117963e-06)	(45, 0.0)	(50, 0.0)	(55, 5.516445151257708e-06)	(60, 4.780919131090014e-05)	(65, 1.593639710363338e-05)	(70, 0.0)	(75, 3.6776301008384725e-06)	(80, 4.5357437910341154e-05)	(85, 4.964800636131937e-05)	(90, 2.758222575628854e-05)	(95, 0.0)	(100, 0.0)	(105, 1.2258767002794908e-06)	(110, 6.129383501397454e-07)	(115, 0.0)	(120, 0.0)	(125, 0.0)	(130, 5.516445151257708e-06)	(135, 0.0)	(140, 0.0)	(145, 0.0)	(150, 0.0)	
/ | scratch | karcher | fastqc | 240813_MG011_PRISMA_NovaSeq_final_for_Q | H5YFCDSXC_240813_MG_PRISMA_24s001116-1-1_Gross_lane1MG415 | H5YFCDSXC_240813_MG_PRISMA_24s001116-1-1_Gross_lane1MG415_2	(1, 0.0018939795019318132)	(2, 0.00034018078432755867)	(3, 0.0)	(4, 0.0)	(5, 0.0)	(6, 0.0)	(7, 0.0)	(8, 0.0)	(9, 0.0)	(10, 0.0)	(15, 0.0)	(20, 0.0)	(25, 1.2258767002794908e-06)	(30, 6.129383501397454e-07)	(35, 0.0)	(40, 0.0)	(45, 0.0)	(50, 6.129383501397454e-07)	(55, 0.0)	(60, 1.2258767002794907e-05)	(65, 0.0)	(70, 0.0)	(75, 2.4517534005589815e-06)	(80, 1.8388150504192362e-06)	(85, 2.4517534005589815e-06)	(90, 0.0)	(95, 0.0)	(100, 1.2871705352934652e-05)	(105, 6.129383501397454e-07)	(110, 1.2258767002794908e-06)	(115, 6.129383501397454e-07)	(120, 0.0)	(125, 1.9001088854332105e-05)	(130, 1.041995195237567e-05)	(135, 1.2258767002794908e-06)	(140, 0.0)	(145, 0.0)	(150, 0.0)	
/ | scratch | karcher | fastqc | 240813_MG011_PRISMA_NovaSeq_final_for_Q | H5YFCDSXC_240813_MG_PRISMA_24s001116-1-1_Gross_lane1MG416 | H5YFCDSXC_240813_MG_PRISMA_24s001116-1-1_Gross_lane1MG416_1	(1, 0.0002461158033566756)	(2, 0.04823573220726556)	(3, 0.0)	(4, 0.0)	(5, 0.0)	(6, 0.0)	(7, 0.0)	(8, 0.0)	(9, 0.0)	(10, 2.3722005142812104e-05)	(15, 0.00017672893831395019)	(20, 9.310887018553751e-05)	(25, 0.00037540073138500157)	(30, 0.0012548940720547603)	(35, 8.362006812841266e-05)	(40, 5.930501285703026e-06)	(45, 0.0)	(50, 0.0)	(55, 5.930501285703026e-06)	(60, 5.2188411314186624e-05)	(65, 2.016370437139029e-05)	(70, 0.0)	(75, 5.930501285703026e-07)	(80, 5.4560611828467846e-05)	(85, 6.879381491415511e-05)	(90, 3.0245556557085435e-05)	(95, 0.0)	(100, 0.0)	(105, 5.930501285703026e-07)	(110, 0.0)	(115, 0.0)	(120, 0.0)	(125, 0.0)	(130, 7.709651671413935e-06)	(135, 0.0)	(140, 0.0)	(145, 0.0)	(150, 0.0)	
/ | scratch | karcher | fastqc | 240813_MG011_PRISMA_NovaSeq_final_for_Q | H5YFCDSXC_240813_MG_PRISMA_24s001116-1-1_Gross_lane1MG416 | H5YFCDSXC_240813_MG_PRISMA_24s001116-1-1_Gross_lane1MG416_2	(1, 0.0019066561633535228)	(2, 0.0003587953277850331)	(3, 0.0)	(4, 0.0)	(5, 2.965250642851513e-06)	(6, 0.0)	(7, 0.0)	(8, 0.0)	(9, 0.0)	(10, 0.0)	(15, 0.0)	(20, 0.0)	(25, 1.7791503857109077e-06)	(30, 0.0)	(35, 0.0)	(40, 0.0)	(45, 0.0)	(50, 5.930501285703026e-07)	(55, 0.0)	(60, 1.2454052699976356e-05)	(65, 0.0)	(70, 0.0)	(75, 5.930501285703026e-07)	(80, 1.7791503857109077e-06)	(85, 5.930501285703026e-07)	(90, 0.0)	(95, 0.0)	(100, 1.8977604114249685e-05)	(105, 1.7791503857109077e-06)	(110, 5.930501285703026e-07)	(115, 5.930501285703026e-07)	(120, 0.0)	(125, 2.31289550142418e-05)	(130, 9.488802057124842e-06)	(135, 5.930501285703026e-07)	(140, 0.0)	(145, 0.0)	(150, 0.0)	
/ | scratch | karcher | fastqc | 240813_MG011_PRISMA_NovaSeq_final_for_Q | H5YFCDSXC_240813_MG_PRISMA_24s001116-1-1_Gross_lane1MG417 | H5YFCDSXC_240813_MG_PRISMA_24s001116-1-1_Gross_lane1MG417_1	(1, 0.00024571860717913105)	(2, 0.04869815169480805)	(3, 0.0)	(4, 0.0)	(5, 0.0)	(6, 0.0)	(7, 0.0)	(8, 0.0)	(9, 0.0)	(10, 1.9002238955186135e-05)	(15, 0.00019264338802843874)	(20, 9.370069553764198e-05)	(25, 0.00039380502110575403)	(30, 0.001314430736003565)	(35, 9.304544591849763e-05)	(40, 1.0483993906309591e-05)	(45, 0.0)	(50, 0.0)	(55, 1.5070741240320037e-05)	(60, 6.224871381871321e-05)	(65, 2.2933736670052232e-05)	(70, 0.0)	(75, 7.862995429732193e-06)	(80, 7.535370620160019e-05)	(85, 8.256145201218804e-05)	(90, 5.766196648470275e-05)	(95, 0.0)	(100, 0.0)	(105, 1.9657488574330483e-06)	(110, 0.0)	(115, 0.0)	(120, 0.0)	(125, 0.0)	(130, 9.828744287165242e-06)	(135, 0.0)	(140, 0.0)	(145, 0.0)	(150, 0.0)	
/ | scratch | karcher | fastqc | 240813_MG011_PRISMA_NovaSeq_final_for_Q | H5YFCDSXC_240813_MG_PRISMA_24s001116-1-1_Gross_lane1MG417 | H5YFCDSXC_240813_MG_PRISMA_24s001116-1-1_Gross_lane1MG417_2	(1, 0.0016938202654881436)	(2, 0.0002915860805192355)	(3, 0.0)	(4, 0.0)	(5, 0.0)	(6, 0.0)	(7, 0.0)	(8, 0.0)	(9, 0.0)	(10, 0.0)	(15, 0.0)	(20, 0.0)	(25, 3.931497714866097e-06)	(30, 0.0)	(35, 0.0)	(40, 0.0)	(45, 0.0)	(50, 0.0)	(55, 0.0)	(60, 1.703649009775309e-05)	(65, 0.0)	(70, 0.0)	(75, 3.931497714866097e-06)	(80, 1.9657488574330483e-06)	(85, 4.586747334010447e-06)	(90, 0.0)	(95, 0.0)	(100, 2.620998476577398e-05)	(105, 1.3104992382886989e-06)	(110, 1.9657488574330483e-06)	(115, 6.552496191443494e-07)	(120, 0.0)	(125, 3.2762480957217475e-05)	(130, 2.2933736670052232e-05)	(135, 0.0)	(140, 0.0)	(145, 0.0)	(150, 0.0)	
/ | scratch | karcher | fastqc | 240813_MG011_PRISMA_NovaSeq_final_for_Q | H5YFCDSXC_240813_MG_PRISMA_24s001116-1-1_Gross_lane1MG418 | H5YFCDSXC_240813_MG_PRISMA_24s001116-1-1_Gross_lane1MG418_1	(1, 0.00016569505346791086)	(2, 0.04834529764593272)	(3, 0.0)	(4, 0.0)	(5, 0.0)	(6, 0.0)	(7, 0.0)	(8, 0.0)	(9, 0.0)	(10, 3.238585135963712e-05)	(15, 0.0001724734874734163)	(20, 9.791071341285641e-05)	(25, 0.0003841112603119751)	(30, 0.0012638013623597927)	(35, 8.661332340368067e-05)	(40, 3.765796669725247e-06)	(45, 0.0)	(50, 0.0)	(55, 3.765796669725247e-06)	(60, 4.669587870459306e-05)	(65, 1.8075824014681185e-05)	(70, 0.0)	(75, 2.259478001835148e-06)	(80, 4.9708516040373253e-05)	(85, 6.251222471743909e-05)	(90, 3.087953269174702e-05)	(95, 0.0)	(100, 0.0)	(105, 0.0)	(110, 0.0)	(115, 0.0)	(120, 0.0)	(125, 0.0)	(130, 6.778434005505444e-06)	(135, 0.0)	(140, 0.0)	(145, 0.0)	(150, 0.0)	
/ | scratch | karcher | fastqc | 240813_MG011_PRISMA_NovaSeq_final_for_Q | H5YFCDSXC_240813_MG_PRISMA_24s001116-1-1_Gross_lane1MG418 | H5YFCDSXC_240813_MG_PRISMA_24s001116-1-1_Gross_lane1MG418_2	(1, 0.0018301771814864698)	(2, 0.0003841112603119751)	(3, 0.0)	(4, 0.0)	(5, 0.0)	(6, 0.0)	(7, 0.0)	(8, 0.0)	(9, 0.0)	(10, 0.0)	(15, 0.0)	(20, 0.0)	(25, 1.5063186678900988e-06)	(30, 0.0)	(35, 0.0)	(40, 0.0)	(45, 0.0)	(50, 0.0)	(55, 0.0)	(60, 1.3556868011010888e-05)	(65, 0.0)	(70, 0.0)	(75, 7.531593339450494e-07)	(80, 0.0)	(85, 7.531593339450494e-07)	(90, 0.0)	(95, 0.0)	(100, 1.9582142682571284e-05)	(105, 0.0)	(110, 7.531593339450494e-07)	(115, 0.0)	(120, 0.0)	(125, 2.1088461350461383e-05)	(130, 9.791071341285642e-06)	(135, 0.0)	(140, 0.0)	(145, 0.0)	(150, 0.0)	
/ | scratch | karcher | fastqc | 240813_MG011_PRISMA_NovaSeq_final_for_Q | H5YFCDSXC_240813_MG_PRISMA_24s001116-1-1_Gross_lane1MG419 | H5YFCDSXC_240813_MG_PRISMA_24s001116-1-1_Gross_lane1MG419_1	(1, 0.00025473259090828576)	(2, 0.048618380781030264)	(3, 0.0)	(4, 0.0)	(5, 0.0)	(6, 0.0)	(7, 0.0)	(8, 0.0)	(9, 0.0)	(10, 3.139727283288173e-05)	(15, 0.000191345643868317)	(20, 8.29361923887442e-05)	(25, 0.000382691287736634)	(30, 0.0012464124913279843)	(35, 0.00010722464873116216)	(40, 7.108816490463789e-06)	(45, 0.0)	(50, 0.0)	(55, 8.886020613079737e-06)	(60, 6.694135528520068e-05)	(65, 2.2511252219801998e-05)	(70, 0.0)	(75, 4.1468096194372106e-06)	(80, 6.7533756659406e-05)	(85, 7.997418551771762e-05)	(90, 4.383770169119337e-05)	(95, 0.0)	(100, 0.0)	(105, 1.7772041226159474e-06)	(110, 5.924013742053157e-07)	(115, 0.0)	(120, 0.0)	(125, 0.0)	(130, 9.478421987285052e-06)	(135, 0.0)	(140, 0.0)	(145, 0.0)	(150, 0.0)	
/ | scratch | karcher | fastqc | 240813_MG011_PRISMA_NovaSeq_final_for_Q | H5YFCDSXC_240813_MG_PRISMA_24s001116-1-1_Gross_lane1MG419 | H5YFCDSXC_240813_MG_PRISMA_24s001116-1-1_Gross_lane1MG419_2	(1, 0.0018690263356177712)	(2, 0.0003317447695549768)	(3, 2.962006871026579e-06)	(4, 0.0)	(5, 0.0)	(6, 0.0)	(7, 0.0)	(8, 0.0)	(9, 0.0)	(10, 0.0)	(15, 0.0)	(20, 0.0)	(25, 3.5544082452318947e-06)	(30, 0.0)	(35, 0.0)	(40, 0.0)	(45, 0.0)	(50, 0.0)	(55, 0.0)	(60, 1.717963985195416e-05)	(65, 0.0)	(70, 0.0)	(75, 1.7772041226159474e-06)	(80, 1.1848027484106315e-06)	(85, 1.1848027484106315e-06)	(90, 0.0)	(95, 0.0)	(100, 2.3103653594007315e-05)	(105, 1.7772041226159474e-06)	(110, 1.1848027484106315e-06)	(115, 5.924013742053157e-07)	(120, 0.0)	(125, 2.9620068710265787e-05)	(130, 1.3032830232516948e-05)	(135, 0.0)	(140, 0.0)	(145, 0.0)	(150, 0.0)	
/ | scratch | karcher | fastqc | 240813_MG011_PRISMA_NovaSeq_final_for_Q | H5YFCDSXC_240813_MG_PRISMA_24s001116-1-1_Gross_lane1MG420 | H5YFCDSXC_240813_MG_PRISMA_24s001116-1-1_Gross_lane1MG420_1	(1, 0.0002517387142348826)	(2, 0.049033107339305465)	(3, 0.0)	(4, 0.0)	(5, 0.0)	(6, 0.0)	(7, 0.0)	(8, 0.0)	(9, 0.0)	(10, 2.921412239269008e-05)	(15, 0.0001877162757998384)	(20, 9.883075447739835e-05)	(25, 0.00041832136958043454)	(30, 0.0013662264046624)	(35, 8.888552132244004e-05)	(40, 5.594193649664058e-06)	(45, 0.0)	(50, 0.0)	(55, 6.215770721848953e-06)	(60, 5.7185090641010365e-05)	(65, 1.553942680462238e-05)	(70, 0.0)	(75, 4.351039505294267e-06)	(80, 5.3455628207901005e-05)	(85, 6.464401550722911e-05)	(90, 3.542989311453903e-05)	(95, 0.0)	(100, 0.0)	(105, 1.8647312165546862e-06)	(110, 0.0)	(115, 0.0)	(120, 0.0)	(125, 0.0)	(130, 6.837347794033848e-06)	(135, 0.0)	(140, 6.215770721848953e-07)	(145, 0.0)	(150, 0.0)	
/ | scratch | karcher | fastqc | 240813_MG011_PRISMA_NovaSeq_final_for_Q | H5YFCDSXC_240813_MG_PRISMA_24s001116-1-1_Gross_lane1MG420 | H5YFCDSXC_240813_MG_PRISMA_24s001116-1-1_Gross_lane1MG420_2	(1, 0.0017404158021177068)	(2, 0.00031078853609244766)	(3, 3.1078853609244765e-06)	(4, 0.0)	(5, 0.0)	(6, 0.0)	(7, 0.0)	(8, 0.0)	(9, 0.0)	(10, 0.0)	(15, 0.0)	(20, 0.0)	(25, 2.486308288739581e-06)	(30, 0.0)	(35, 0.0)	(40, 0.0)	(45, 0.0)	(50, 0.0)	(55, 0.0)	(60, 1.2431541443697906e-05)	(65, 0.0)	(70, 0.0)	(75, 1.2431541443697906e-06)	(80, 1.2431541443697906e-06)	(85, 1.2431541443697906e-06)	(90, 0.0)	(95, 0.0)	(100, 2.0512043382101547e-05)	(105, 1.8647312165546862e-06)	(110, 6.215770721848953e-07)	(115, 6.215770721848953e-07)	(120, 0.0)	(125, 2.113362045428644e-05)	(130, 1.1188387299328115e-05)	(135, 0.0)	(140, 0.0)	(145, 0.0)	(150, 0.0)	
/ | scratch | karcher | fastqc | 240813_MG011_PRISMA_NovaSeq_final_for_Q | H5YFCDSXC_240813_MG_PRISMA_24s001116-1-1_Gross_lane1MG421 | H5YFCDSXC_240813_MG_PRISMA_24s001116-1-1_Gross_lane1MG421_1	(1, 0.0002676517927740407)	(2, 0.04861976749962727)	(3, 0.0)	(4, 0.0)	(5, 0.0)	(6, 0.0)	(7, 0.0)	(8, 0.0)	(9, 0.0)	(10, 3.605105780221772e-05)	(15, 0.00018407888605071778)	(20, 9.176632895109967e-05)	(25, 0.00043370514992364955)	(30, 0.0013349815949790927)	(35, 9.668238228776573e-05)	(40, 8.193422227776755e-06)	(45, 0.0)	(50, 0.0)	(55, 1.0924562970369008e-05)	(60, 5.298413040628969e-05)	(65, 1.8571757049627314e-05)	(70, 0.0)	(75, 4.916053336666053e-06)	(80, 5.844641189147419e-05)	(85, 6.281623707962179e-05)	(90, 3.932842669332842e-05)	(95, 0.0)	(100, 0.0)	(105, 2.1849125940738013e-06)	(110, 0.0)	(115, 0.0)	(120, 0.0)	(125, 0.0)	(130, 7.100965930739855e-06)	(135, 0.0)	(140, 5.462281485184503e-07)	(145, 0.0)	(150, 0.0)	
/ | scratch | karcher | fastqc | 240813_MG011_PRISMA_NovaSeq_final_for_Q | H5YFCDSXC_240813_MG_PRISMA_24s001116-1-1_Gross_lane1MG421 | H5YFCDSXC_240813_MG_PRISMA_24s001116-1-1_Gross_lane1MG421_2	(1, 0.0018052840308534783)	(2, 0.00040147768916106103)	(3, 0.0)	(4, 0.0)	(5, 2.731140742592252e-06)	(6, 0.0)	(7, 0.0)	(8, 0.0)	(9, 0.0)	(10, 0.0)	(15, 0.0)	(20, 0.0)	(25, 2.731140742592252e-06)	(30, 0.0)	(35, 0.0)	(40, 0.0)	(45, 0.0)	(50, 0.0)	(55, 0.0)	(60, 1.3655703712961259e-05)	(65, 0.0)	(70, 0.0)	(75, 2.731140742592252e-06)	(80, 1.0924562970369007e-06)	(85, 2.1849125940738013e-06)	(90, 0.0)	(95, 0.0)	(100, 2.0756669643701115e-05)	(105, 1.6386844455553513e-06)	(110, 1.6386844455553513e-06)	(115, 1.0924562970369007e-06)	(120, 0.0)	(125, 2.567272298036717e-05)	(130, 1.529438815851661e-05)	(135, 0.0)	(140, 0.0)	(145, 0.0)	(150, 0.0)	
/ | scratch | karcher | fastqc | 240813_MG011_PRISMA_NovaSeq_final_for_Q | H5YFCDSXC_240813_MG_PRISMA_24s001116-1-1_Gross_lane1MG422 | H5YFCDSXC_240813_MG_PRISMA_24s001116-1-1_Gross_lane1MG422_1	(1, 0.0002563910220005171)	(2, 0.04791340263714819)	(3, 2.643206412376465e-06)	(4, 0.0)	(5, 0.0)	(6, 0.0)	(7, 0.0)	(8, 0.0)	(9, 0.0)	(10, 2.4846140276338768e-05)	(15, 0.00018766765527872901)	(20, 9.779863725792921e-05)	(25, 0.0004165693305905309)	(30, 0.0012761400558953574)	(35, 8.986901802079982e-05)	(40, 5.815054107228223e-06)	(45, 0.0)	(50, 0.0)	(55, 6.343695389703516e-06)	(60, 5.2864128247529296e-05)	(65, 2.114565129901172e-05)	(70, 0.0)	(75, 3.7004889773270514e-06)	(80, 5.497869337743047e-05)	(85, 7.030929056921397e-05)	(90, 3.700488977327051e-05)	(95, 0.0)	(100, 0.0)	(105, 5.28641282475293e-07)	(110, 0.0)	(115, 0.0)	(120, 0.0)	(125, 0.0)	(130, 7.400977954654103e-06)	(135, 0.0)	(140, 1.057282564950586e-06)	(145, 0.0)	(150, 0.0)	
/ | scratch | karcher | fastqc | 240813_MG011_PRISMA_NovaSeq_final_for_Q | H5YFCDSXC_240813_MG_PRISMA_24s001116-1-1_Gross_lane1MG422 | H5YFCDSXC_240813_MG_PRISMA_24s001116-1-1_Gross_lane1MG422_2	(1, 0.0018978222040863019)	(2, 0.0003726921041450816)	(3, 2.643206412376465e-06)	(4, 0.0)	(5, 0.0)	(6, 0.0)	(7, 0.0)	(8, 0.0)	(9, 0.0)	(10, 0.0)	(15, 0.0)	(20, 0.0)	(25, 1.585923847425879e-06)	(30, 0.0)	(35, 0.0)	(40, 0.0)	(45, 0.0)	(50, 0.0)	(55, 0.0)	(60, 1.4273314626832912e-05)	(65, 0.0)	(70, 0.0)	(75, 1.585923847425879e-06)	(80, 5.28641282475293e-07)	(85, 5.28641282475293e-07)	(90, 0.0)	(95, 0.0)	(100, 1.903108616911055e-05)	(105, 2.114565129901172e-06)	(110, 5.28641282475293e-07)	(115, 5.28641282475293e-07)	(120, 0.0)	(125, 2.5903422841289356e-05)	(130, 1.2158749496931741e-05)	(135, 0.0)	(140, 0.0)	(145, 0.0)	(150, 0.0)	
/ | scratch | karcher | fastqc | 240813_MG011_PRISMA_NovaSeq_final_for_Q | H5YFCDSXC_240813_MG_PRISMA_24s001116-1-1_Gross_lane1MG423 | H5YFCDSXC_240813_MG_PRISMA_24s001116-1-1_Gross_lane1MG423_1	(1, 0.00026244847926663775)	(2, 0.048566496936455136)	(3, 0.0)	(4, 0.0)	(5, 0.0)	(6, 0.0)	(7, 0.0)	(8, 0.0)	(9, 0.0)	(10, 2.8138806024464255e-05)	(15, 0.00020617086721770928)	(20, 9.090998869442298e-05)	(25, 0.00041883530505644874)	(30, 0.0012770688888026087)	(35, 9.902695197071075e-05)	(40, 5.411308850858511e-06)	(45, 0.0)	(50, 0.0)	(55, 5.952439735944362e-06)	(60, 5.9524397359443616e-05)	(65, 1.893958097800479e-05)	(70, 0.0)	(75, 2.7056544254292555e-06)	(80, 5.573648116384266e-05)	(85, 6.601796798047383e-05)	(90, 3.5173507530580324e-05)	(95, 0.0)	(100, 0.0)	(105, 0.0)	(110, 0.0)	(115, 0.0)	(120, 0.0)	(125, 0.0)	(130, 5.952439735944362e-06)	(135, 0.0)	(140, 0.0)	(145, 0.0)	(150, 0.0)	
/ | scratch | karcher | fastqc | 240813_MG011_PRISMA_NovaSeq_final_for_Q | H5YFCDSXC_240813_MG_PRISMA_24s001116-1-1_Gross_lane1MG423 | H5YFCDSXC_240813_MG_PRISMA_24s001116-1-1_Gross_lane1MG423_2	(1, 0.0017803206119324502)	(2, 0.00034361811202951545)	(3, 0.0)	(4, 0.0)	(5, 0.0)	(6, 0.0)	(7, 0.0)	(8, 0.0)	(9, 0.0)	(10, 0.0)	(15, 0.0)	(20, 0.0)	(25, 2.164523540343404e-06)	(30, 0.0)	(35, 0.0)	(40, 0.0)	(45, 0.0)	(50, 0.0)	(55, 0.0)	(60, 1.3528272127146278e-05)	(65, 0.0)	(70, 0.0)	(75, 1.082261770171702e-06)	(80, 1.082261770171702e-06)	(85, 1.082261770171702e-06)	(90, 0.0)	(95, 0.0)	(100, 1.893958097800479e-05)	(105, 1.082261770171702e-06)	(110, 5.41130885085851e-07)	(115, 0.0)	(120, 0.0)	(125, 2.2727497173605746e-05)	(130, 9.19922504645947e-06)	(135, 0.0)	(140, 0.0)	(145, 0.0)	(150, 0.0)	
/ | scratch | karcher | fastqc | 240813_MG011_PRISMA_NovaSeq_final_for_Q | H5YFCDSXC_240813_MG_PRISMA_24s001116-1-1_Gross_lane1MG424 | H5YFCDSXC_240813_MG_PRISMA_24s001116-1-1_Gross_lane1MG424_1	(1, 0.00020247296269404106)	(2, 0.04849358932472085)	(3, 0.0)	(4, 0.0)	(5, 0.0)	(6, 0.0)	(7, 0.0)	(8, 0.0)	(9, 0.0)	(10, 2.892470895629158e-05)	(15, 0.00018248861832423962)	(20, 9.308497245933836e-05)	(25, 0.0003949537532031814)	(30, 0.0012832052700609358)	(35, 9.518858765615957e-05)	(40, 5.259037992053015e-06)	(45, 0.0)	(50, 0.0)	(55, 9.466268385695428e-06)	(60, 5.259037992053016e-05)	(65, 1.735482537377495e-05)	(70, 0.0)	(75, 4.207230393642412e-06)	(80, 5.048676472370895e-05)	(85, 5.9427129310199076e-05)	(90, 3.9968688739602914e-05)	(95, 0.0)	(100, 0.0)	(105, 1.5777113976159047e-06)	(110, 5.259037992053016e-07)	(115, 0.0)	(120, 0.0)	(125, 0.0)	(130, 7.362653188874221e-06)	(135, 0.0)	(140, 0.0)	(145, 0.0)	(150, 0.0)	
/ | scratch | karcher | fastqc | 240813_MG011_PRISMA_NovaSeq_final_for_Q | H5YFCDSXC_240813_MG_PRISMA_24s001116-1-1_Gross_lane1MG424 | H5YFCDSXC_240813_MG_PRISMA_24s001116-1-1_Gross_lane1MG424_2	(1, 0.0018669584871788204)	(2, 0.000341837469483446)	(3, 0.0)	(4, 0.0)	(5, 2.6295189960265073e-06)	(6, 0.0)	(7, 0.0)	(8, 0.0)	(9, 0.0)	(10, 0.0)	(15, 0.0)	(20, 0.0)	(25, 2.6295189960265073e-06)	(30, 0.0)	(35, 0.0)	(40, 0.0)	(45, 0.0)	(50, 5.259037992053016e-07)	(55, 0.0)	(60, 1.2621691180927237e-05)	(65, 0.0)	(70, 0.0)	(75, 2.6295189960265073e-06)	(80, 2.103615196821206e-06)	(85, 2.6295189960265073e-06)	(90, 0.0)	(95, 0.0)	(100, 1.8932536771390856e-05)	(105, 1.5777113976159047e-06)	(110, 1.051807598410603e-06)	(115, 1.051807598410603e-06)	(120, 0.0)	(125, 2.3139767165033268e-05)	(130, 1.4725306377748442e-05)	(135, 1.051807598410603e-06)	(140, 0.0)	(145, 0.0)	(150, 0.0)	
/ | scratch | karcher | fastqc | 240813_MG011_PRISMA_NovaSeq_final_for_Q | H5YFCDSXC_240813_MG_PRISMA_24s001116-1-1_Gross_lane1MG425 | H5YFCDSXC_240813_MG_PRISMA_24s001116-1-1_Gross_lane1MG425_1	(1, 0.0002724862853350176)	(2, 0.04873775747802757)	(3, 0.0)	(4, 0.0)	(5, 0.0)	(6, 0.0)	(7, 0.0)	(8, 0.0)	(9, 0.0)	(10, 2.753545620227546e-05)	(15, 0.00017840680997724309)	(20, 9.235850934513227e-05)	(25, 0.0004050006683084682)	(30, 0.0013572685286371612)	(35, 9.752140738305892e-05)	(40, 5.736553375474055e-06)	(45, 0.0)	(50, 0.0)	(55, 9.752140738305893e-06)	(60, 5.6218223079645735e-05)	(65, 2.0651592151706598e-05)	(70, 0.0)	(75, 4.015587362831838e-06)	(80, 6.138112111757238e-05)	(85, 7.170691719342568e-05)	(90, 3.6140286265486545e-05)	(95, 0.0)	(100, 0.0)	(105, 3.4419320252844324e-06)	(110, 5.736553375474054e-07)	(115, 0.0)	(120, 0.0)	(125, 0.0)	(130, 8.031174725663676e-06)	(135, 0.0)	(140, 0.0)	(145, 0.0)	(150, 0.0)	
/ | scratch | karcher | fastqc | 240813_MG011_PRISMA_NovaSeq_final_for_Q | H5YFCDSXC_240813_MG_PRISMA_24s001116-1-1_Gross_lane1MG425 | H5YFCDSXC_240813_MG_PRISMA_24s001116-1-1_Gross_lane1MG425_2	(1, 0.0018873260605309639)	(2, 0.0003069056055878619)	(3, 2.8682766877370275e-06)	(4, 0.0)	(5, 2.8682766877370275e-06)	(6, 0.0)	(7, 0.0)	(8, 0.0)	(9, 0.0)	(10, 0.0)	(15, 0.0)	(20, 0.0)	(25, 4.015587362831838e-06)	(30, 5.736553375474054e-07)	(35, 0.0)	(40, 0.0)	(45, 0.0)	(50, 5.736553375474054e-07)	(55, 0.0)	(60, 1.3194072763590325e-05)	(65, 0.0)	(70, 0.0)	(75, 2.8682766877370275e-06)	(80, 3.4419320252844324e-06)	(85, 1.7209660126422162e-06)	(90, 0.0)	(95, 0.0)	(100, 2.0651592151706598e-05)	(105, 1.1473106750948108e-06)	(110, 1.7209660126422162e-06)	(115, 1.7209660126422162e-06)	(120, 0.0)	(125, 2.5814490189633242e-05)	(130, 1.3194072763590325e-05)	(135, 1.1473106750948108e-06)	(140, 0.0)	(145, 0.0)	(150, 0.0)	
/ | scratch | karcher | fastqc | 240813_MG011_PRISMA_NovaSeq_final_for_Q | H5YFCDSXC_240813_MG_PRISMA_24s001116-1-1_Gross_lane1MG426 | H5YFCDSXC_240813_MG_PRISMA_24s001116-1-1_Gross_lane1MG426_1	(1, 0.00024317873996224145)	(2, 0.04795069568840832)	(3, 0.0)	(4, 0.0)	(5, 0.0)	(6, 0.0)	(7, 0.0)	(8, 0.0)	(9, 0.0)	(10, 2.550411175213752e-05)	(15, 0.0001755631878751792)	(20, 0.0001008302092526367)	(25, 0.00043356989978633785)	(30, 0.0013446004963278083)	(35, 9.489902047306984e-05)	(40, 4.744951023653492e-06)	(45, 0.0)	(50, 0.0)	(55, 6.5243076575235516e-06)	(60, 5.041510462631835e-05)	(65, 1.364173419300379e-05)	(70, 0.0)	(75, 2.372475511826746e-06)	(80, 4.8042629114491606e-05)	(85, 5.456693677201516e-05)	(90, 2.491099287418083e-05)	(95, 0.0)	(100, 0.0)	(105, 1.7793566338700593e-06)	(110, 5.931188779566865e-07)	(115, 0.0)	(120, 0.0)	(125, 0.0)	(130, 5.3380699016101786e-06)	(135, 0.0)	(140, 0.0)	(145, 0.0)	(150, 0.0)	
/ | scratch | karcher | fastqc | 240813_MG011_PRISMA_NovaSeq_final_for_Q | H5YFCDSXC_240813_MG_PRISMA_24s001116-1-1_Gross_lane1MG426 | H5YFCDSXC_240813_MG_PRISMA_24s001116-1-1_Gross_lane1MG426_2	(1, 0.0017823222282598431)	(2, 0.00034400894921487817)	(3, 0.0)	(4, 0.0)	(5, 0.0)	(6, 0.0)	(7, 0.0)	(8, 0.0)	(9, 0.0)	(10, 0.0)	(15, 0.0)	(20, 0.0)	(25, 2.9655943897834325e-06)	(30, 5.931188779566865e-07)	(35, 0.0)	(40, 0.0)	(45, 0.0)	(50, 5.931188779566865e-07)	(55, 0.0)	(60, 8.896783169350297e-06)	(65, 0.0)	(70, 0.0)	(75, 1.7793566338700593e-06)	(80, 1.7793566338700593e-06)	(85, 1.186237755913373e-06)	(90, 0.0)	(95, 0.0)	(100, 1.4234853070960474e-05)	(105, 1.186237755913373e-06)	(110, 1.7793566338700593e-06)	(115, 1.186237755913373e-06)	(120, 0.0)	(125, 1.6014209704830537e-05)	(130, 1.008302092526367e-05)	(135, 1.186237755913373e-06)	(140, 0.0)	(145, 0.0)	(150, 0.0)	
/ | scratch | karcher | fastqc | 240813_MG011_PRISMA_NovaSeq_final_for_Q | H5YFCDSXC_240813_MG_PRISMA_24s001116-1-1_Gross_lane1MG427 | H5YFCDSXC_240813_MG_PRISMA_24s001116-1-1_Gross_lane1MG427_1	(1, 0.00020741345801414223)	(2, 0.04792867088890432)	(3, 0.0)	(4, 0.0)	(5, 0.0)	(6, 0.0)	(7, 0.0)	(8, 0.0)	(9, 0.0)	(10, 3.124670276576688e-05)	(15, 0.00019340631539500533)	(20, 0.0001088247234256019)	(25, 0.00043045026741116784)	(30, 0.00127572745085062)	(35, 0.00010074367960686907)	(40, 8.619780073315001e-06)	(45, 0.0)	(50, 0.0)	(55, 1.2390933855390312e-05)	(60, 5.926098800404063e-05)	(65, 2.4243131456198437e-05)	(70, 0.0)	(75, 4.848626291239688e-06)	(80, 7.057444935026657e-05)	(85, 8.404285571482125e-05)	(90, 4.633131789406813e-05)	(95, 0.0)	(100, 0.0)	(105, 4.848626291239688e-06)	(110, 5.387362545821876e-07)	(115, 0.0)	(120, 0.0)	(125, 0.0)	(130, 1.0235988837061562e-05)	(135, 0.0)	(140, 1.0774725091643752e-06)	(145, 0.0)	(150, 0.0)	
/ | scratch | karcher | fastqc | 240813_MG011_PRISMA_NovaSeq_final_for_Q | H5YFCDSXC_240813_MG_PRISMA_24s001116-1-1_Gross_lane1MG427 | H5YFCDSXC_240813_MG_PRISMA_24s001116-1-1_Gross_lane1MG427_2	(1, 0.001683550795569336)	(2, 0.0003501785654784219)	(3, 5.3873625458218755e-06)	(4, 0.0)	(5, 2.6936812729109377e-06)	(6, 0.0)	(7, 0.0)	(8, 0.0)	(9, 0.0)	(10, 0.0)	(15, 0.0)	(20, 0.0)	(25, 4.309890036657501e-06)	(30, 5.387362545821876e-07)	(35, 0.0)	(40, 0.0)	(45, 0.0)	(50, 1.0774725091643752e-06)	(55, 0.0)	(60, 1.6162087637465626e-05)	(65, 0.0)	(70, 0.0)	(75, 3.232417527493125e-06)	(80, 3.771153782075313e-06)	(85, 3.232417527493125e-06)	(90, 0.0)	(95, 0.0)	(100, 1.9933241419540938e-05)	(105, 4.309890036657501e-06)	(110, 2.1549450183287504e-06)	(115, 1.0774725091643752e-06)	(120, 0.0)	(125, 2.9630494002020316e-05)	(130, 1.7239560146630003e-05)	(135, 1.0774725091643752e-06)	(140, 0.0)	(145, 0.0)	(150, 0.0)	
/ | scratch | karcher | fastqc | 240813_MG011_PRISMA_NovaSeq_final_for_Q | H5YFCDSXC_240813_MG_PRISMA_24s001116-1-1_Gross_lane1MG428 | H5YFCDSXC_240813_MG_PRISMA_24s001116-1-1_Gross_lane1MG428_1	(1, 0.00023233443795741168)	(2, 0.04856050803240194)	(3, 2.610499302892266e-06)	(4, 0.0)	(5, 0.0)	(6, 0.0)	(7, 0.0)	(8, 0.0)	(9, 0.0)	(10, 2.558289316834421e-05)	(15, 0.00018012445189956636)	(20, 8.562437713486634e-05)	(25, 0.0003853096971068985)	(30, 0.0012608711632969647)	(35, 8.92790761589155e-05)	(40, 4.698898745206079e-06)	(45, 0.0)	(50, 0.0)	(55, 6.787298187519892e-06)	(60, 5.273208591842378e-05)	(65, 1.5140895956775143e-05)	(70, 0.0)	(75, 4.176798884627626e-06)	(80, 4.698898745206079e-05)	(85, 5.0121586615531504e-05)	(90, 3.289229121644255e-05)	(95, 0.0)	(100, 0.0)	(105, 1.0441997211569065e-06)	(110, 0.0)	(115, 0.0)	(120, 0.0)	(125, 0.0)	(130, 6.787298187519892e-06)	(135, 0.0)	(140, 0.0)	(145, 0.0)	(150, 0.0)	
/ | scratch | karcher | fastqc | 240813_MG011_PRISMA_NovaSeq_final_for_Q | H5YFCDSXC_240813_MG_PRISMA_24s001116-1-1_Gross_lane1MG428 | H5YFCDSXC_240813_MG_PRISMA_24s001116-1-1_Gross_lane1MG428_2	(1, 0.001735982036423357)	(2, 0.00033936490937599463)	(3, 0.0)	(4, 0.0)	(5, 0.0)	(6, 0.0)	(7, 0.0)	(8, 0.0)	(9, 0.0)	(10, 0.0)	(15, 0.0)	(20, 0.0)	(25, 2.610499302892266e-06)	(30, 0.0)	(35, 0.0)	(40, 0.0)	(45, 0.0)	(50, 0.0)	(55, 0.0)	(60, 1.3052496514461332e-05)	(65, 0.0)	(70, 0.0)	(75, 1.5662995817353595e-06)	(80, 1.5662995817353595e-06)	(85, 0.0)	(90, 0.0)	(95, 0.0)	(100, 1.827349512024586e-05)	(105, 1.5662995817353595e-06)	(110, 5.220998605784533e-07)	(115, 1.0441997211569065e-06)	(120, 0.0)	(125, 1.983979470198122e-05)	(130, 1.3574596375039785e-05)	(135, 0.0)	(140, 0.0)	(145, 0.0)	(150, 0.0)	
/ | scratch | karcher | fastqc | 240813_MG011_PRISMA_NovaSeq_final_for_Q | H5YFCDSXC_240813_MG_PRISMA_24s001116-1-1_Gross_lane1MG429 | H5YFCDSXC_240813_MG_PRISMA_24s001116-1-1_Gross_lane1MG429_1	(1, 0.00022674776475793668)	(2, 0.049082709449715434)	(3, 0.0)	(4, 0.0)	(5, 0.0)	(6, 0.0)	(7, 0.0)	(8, 0.0)	(9, 0.0)	(10, 2.431110055136641e-05)	(15, 0.00018934607160198838)	(20, 7.994611912083953e-05)	(25, 0.00037962718553287547)	(30, 0.0012501515937375727)	(35, 8.74264577520292e-05)	(40, 6.077775137841602e-06)	(45, 0.0)	(50, 0.0)	(55, 7.480338631189665e-06)	(60, 6.498544185846021e-05)	(65, 2.33760582224677e-05)	(70, 0.0)	(75, 3.272648151145478e-06)	(80, 6.40503995295615e-05)	(85, 7.947859795639019e-05)	(90, 3.927177781374574e-05)	(95, 0.0)	(100, 0.0)	(105, 9.350423288987082e-07)	(110, 0.0)	(115, 0.0)	(120, 0.0)	(125, 0.0)	(130, 7.480338631189665e-06)	(135, 0.0)	(140, 0.0)	(145, 0.0)	(150, 0.0)	
/ | scratch | karcher | fastqc | 240813_MG011_PRISMA_NovaSeq_final_for_Q | H5YFCDSXC_240813_MG_PRISMA_24s001116-1-1_Gross_lane1MG429 | H5YFCDSXC_240813_MG_PRISMA_24s001116-1-1_Gross_lane1MG429_2	(1, 0.001771905213263052)	(2, 0.0003693417199149897)	(3, 0.0)	(4, 0.0)	(5, 0.0)	(6, 0.0)	(7, 0.0)	(8, 0.0)	(9, 0.0)	(10, 0.0)	(15, 0.0)	(20, 0.0)	(25, 2.805126986696124e-06)	(30, 0.0)	(35, 0.0)	(40, 0.0)	(45, 0.0)	(50, 0.0)	(55, 0.0)	(60, 1.4493156097929975e-05)	(65, 0.0)	(70, 0.0)	(75, 9.350423288987082e-07)	(80, 9.350423288987082e-07)	(85, 9.350423288987082e-07)	(90, 0.0)	(95, 0.0)	(100, 1.963588890687287e-05)	(105, 1.402563493348062e-06)	(110, 9.350423288987082e-07)	(115, 4.675211644493541e-07)	(120, 0.0)	(125, 2.4778621715815764e-05)	(130, 1.355811376903127e-05)	(135, 0.0)	(140, 0.0)	(145, 0.0)	(150, 0.0)	
/ | scratch | karcher | fastqc | 240813_MG011_PRISMA_NovaSeq_final_for_Q | H5YFCDSXC_240813_MG_PRISMA_24s001116-1-1_Gross_lane1MG430 | H5YFCDSXC_240813_MG_PRISMA_24s001116-1-1_Gross_lane1MG430_1	(1, 0.00016348392230989704)	(2, 0.04827316928206127)	(3, 0.0)	(4, 0.0)	(5, 0.0)	(6, 0.0)	(7, 0.0)	(8, 0.0)	(9, 0.0)	(10, 3.542151650047769e-05)	(15, 0.00017983231454088674)	(20, 9.718210937310545e-05)	(25, 0.0004177922459030702)	(30, 0.0012724498619786984)	(35, 9.536562134743994e-05)	(40, 6.357708089829329e-06)	(45, 0.0)	(50, 0.0)	(55, 1.2715416179658659e-05)	(60, 5.176990873146739e-05)	(65, 1.907312426948799e-05)	(70, 0.0)	(75, 5.449464076996568e-06)	(80, 5.540288478279844e-05)	(85, 7.084303300095537e-05)	(90, 4.2687468603139785e-05)	(95, 0.0)	(100, 0.0)	(105, 1.8164880256655226e-06)	(110, 0.0)	(115, 0.0)	(120, 0.0)	(125, 0.0)	(130, 9.990684141160374e-06)	(135, 0.0)	(140, 1.8164880256655226e-06)	(145, 0.0)	(150, 0.0)	
/ | scratch | karcher | fastqc | 240813_MG011_PRISMA_NovaSeq_final_for_Q | H5YFCDSXC_240813_MG_PRISMA_24s001116-1-1_Gross_lane1MG430 | H5YFCDSXC_240813_MG_PRISMA_24s001116-1-1_Gross_lane1MG430_2	(1, 0.0018391941259863417)	(2, 0.00034059150481228546)	(3, 4.541220064163807e-06)	(4, 0.0)	(5, 9.082440128327613e-06)	(6, 0.0)	(7, 0.0)	(8, 0.0)	(9, 0.0)	(10, 0.0)	(15, 0.0)	(20, 0.0)	(25, 3.6329760513310453e-06)	(30, 0.0)	(35, 0.0)	(40, 0.0)	(45, 0.0)	(50, 0.0)	(55, 0.0)	(60, 1.3623660192491419e-05)	(65, 0.0)	(70, 0.0)	(75, 3.6329760513310453e-06)	(80, 3.6329760513310453e-06)	(85, 2.724732038498284e-06)	(90, 0.0)	(95, 0.0)	(100, 1.8164880256655226e-05)	(105, 2.724732038498284e-06)	(110, 1.8164880256655226e-06)	(115, 9.082440128327613e-07)	(120, 0.0)	(125, 2.3614344333651796e-05)	(130, 1.6348392230989702e-05)	(135, 0.0)	(140, 0.0)	(145, 0.0)	(150, 0.0)	
/ | scratch | karcher | fastqc | 240813_MG011_PRISMA_NovaSeq_final_for_Q | H5YFCDSXC_240813_MG_PRISMA_24s001116-1-1_Gross_lane1MG431 | H5YFCDSXC_240813_MG_PRISMA_24s001116-1-1_Gross_lane1MG431_1	(1, 0.00022566917357656126)	(2, 0.047917087856089835)	(3, 0.0)	(4, 0.0)	(5, 0.0)	(6, 0.0)	(7, 0.0)	(8, 0.0)	(9, 0.0)	(10, 2.0775892170540557e-05)	(15, 0.0001776696985618641)	(20, 9.02676694306245e-05)	(25, 0.0004112193829617338)	(30, 0.0012816576238998986)	(35, 7.880510823308488e-05)	(40, 7.164100748462262e-06)	(45, 0.0)	(50, 0.0)	(55, 7.880510823308487e-06)	(60, 6.232767651162168e-05)	(65, 2.2208712320233012e-05)	(70, 0.0)	(75, 4.2984604490773566e-06)	(80, 6.734254703554526e-05)	(85, 8.167074853246978e-05)	(90, 3.510409366746508e-05)	(95, 0.0)	(100, 0.0)	(105, 1.4328201496924524e-06)	(110, 0.0)	(115, 0.0)	(120, 0.0)	(125, 0.0)	(130, 9.313330973000941e-06)	(135, 0.0)	(140, 0.0)	(145, 0.0)	(150, 0.0)	
/ | scratch | karcher | fastqc | 240813_MG011_PRISMA_NovaSeq_final_for_Q | H5YFCDSXC_240813_MG_PRISMA_24s001116-1-1_Gross_lane1MG431 | H5YFCDSXC_240813_MG_PRISMA_24s001116-1-1_Gross_lane1MG431_2	(1, 0.0018268456908578767)	(2, 0.00030447428180964615)	(3, 0.0)	(4, 0.0)	(5, 0.0)	(6, 0.0)	(7, 0.0)	(8, 0.0)	(9, 0.0)	(10, 0.0)	(15, 0.0)	(20, 0.0)	(25, 3.582050374231131e-06)	(30, 0.0)	(35, 0.0)	(40, 0.0)	(45, 0.0)	(50, 7.164100748462262e-07)	(55, 0.0)	(60, 1.64774317214632e-05)	(65, 0.0)	(70, 0.0)	(75, 2.1492302245386783e-06)	(80, 3.582050374231131e-06)	(85, 7.164100748462262e-07)	(90, 0.0)	(95, 0.0)	(100, 2.292512239507924e-05)	(105, 2.865640299384905e-06)	(110, 1.4328201496924524e-06)	(115, 1.4328201496924524e-06)	(120, 0.0)	(125, 2.579076269446414e-05)	(130, 1.5761021646616974e-05)	(135, 0.0)	(140, 0.0)	(145, 0.0)	(150, 0.0)	
/ | scratch | karcher | fastqc | 240813_MG011_PRISMA_NovaSeq_final_for_Q | H5YFCDSXC_240813_MG_PRISMA_24s001116-1-1_Gross_lane1MG432 | H5YFCDSXC_240813_MG_PRISMA_24s001116-1-1_Gross_lane1MG432_1	(1, 0.00027607824109939085)	(2, 0.0480770537000225)	(3, 0.0)	(4, 0.0)	(5, 0.0)	(6, 0.0)	(7, 0.0)	(8, 0.0)	(9, 0.0)	(10, 3.33046767040535e-05)	(15, 0.00020596313224875191)	(20, 9.290251922709662e-05)	(25, 0.00042244353082509974)	(30, 0.0013225462406951773)	(35, 9.114964150583065e-05)	(40, 3.5057554425319476e-06)	(45, 0.0)	(50, 0.0)	(55, 8.76438860632987e-06)	(60, 6.135072024430909e-05)	(65, 2.1034532655191685e-05)	(70, 0.0)	(75, 2.6293165818989606e-06)	(80, 5.872140366241012e-05)	(85, 7.186798657190492e-05)	(90, 2.4540288097723634e-05)	(95, 0.0)	(100, 0.0)	(105, 3.5057554425319476e-06)	(110, 0.0)	(115, 0.0)	(120, 0.0)	(125, 0.0)	(130, 4.382194303164935e-06)	(135, 0.0)	(140, 0.0)	(145, 0.0)	(150, 0.0)	
/ | scratch | karcher | fastqc | 240813_MG011_PRISMA_NovaSeq_final_for_Q | H5YFCDSXC_240813_MG_PRISMA_24s001116-1-1_Gross_lane1MG432 | H5YFCDSXC_240813_MG_PRISMA_24s001116-1-1_Gross_lane1MG432_2	(1, 0.0017178201668406543)	(2, 0.00035057554425319475)	(3, 0.0)	(4, 0.0)	(5, 0.0)	(6, 0.0)	(7, 0.0)	(8, 0.0)	(9, 0.0)	(10, 0.0)	(15, 0.0)	(20, 0.0)	(25, 2.6293165818989606e-06)	(30, 0.0)	(35, 0.0)	(40, 0.0)	(45, 0.0)	(50, 0.0)	(55, 0.0)	(60, 1.2270144048861817e-05)	(65, 0.0)	(70, 0.0)	(75, 2.6293165818989606e-06)	(80, 8.764388606329869e-07)	(85, 2.6293165818989606e-06)	(90, 0.0)	(95, 0.0)	(100, 1.402302177012779e-05)	(105, 8.764388606329869e-07)	(110, 1.7528777212659738e-06)	(115, 0.0)	(120, 0.0)	(125, 2.1910971515824672e-05)	(130, 9.640827466962857e-06)	(135, 0.0)	(140, 0.0)	(145, 0.0)	(150, 0.0)	
/ | scratch | karcher | fastqc | 240813_MG011_PRISMA_NovaSeq_final_for_Q | H5YFCDSXC_240813_MG_PRISMA_24s001116-1-1_Gross_lane1MG433 | H5YFCDSXC_240813_MG_PRISMA_24s001116-1-1_Gross_lane1MG433_1	(1, 0.000256859158822949)	(2, 0.04812643667850937)	(3, 0.0)	(4, 0.0)	(5, 0.0)	(6, 0.0)	(7, 0.0)	(8, 0.0)	(9, 0.0)	(10, 3.26170360410094e-05)	(15, 0.00019651764214708163)	(20, 9.866653402405343e-05)	(25, 0.00038325017348186046)	(30, 0.0012614638688860384)	(35, 7.90963123994478e-05)	(40, 8.969684911277585e-06)	(45, 0.0)	(50, 0.0)	(55, 1.0600536713328056e-05)	(60, 5.38181094676655e-05)	(65, 1.957022162460564e-05)	(70, 0.0)	(75, 4.077129505126175e-06)	(80, 6.52340720820188e-05)	(85, 7.094205338919545e-05)	(90, 4.077129505126175e-05)	(95, 0.0)	(100, 0.0)	(105, 5.707981307176645e-06)	(110, 8.154259010252349e-07)	(115, 0.0)	(120, 0.0)	(125, 0.0)	(130, 8.15425901025235e-06)	(135, 0.0)	(140, 8.154259010252349e-07)	(145, 0.0)	(150, 0.0)	
/ | scratch | karcher | fastqc | 240813_MG011_PRISMA_NovaSeq_final_for_Q | H5YFCDSXC_240813_MG_PRISMA_24s001116-1-1_Gross_lane1MG433 | H5YFCDSXC_240813_MG_PRISMA_24s001116-1-1_Gross_lane1MG433_2	(1, 0.0019366365149349328)	(2, 0.00037101878496648193)	(3, 4.077129505126175e-06)	(4, 0.0)	(5, 0.0)	(6, 0.0)	(7, 0.0)	(8, 0.0)	(9, 0.0)	(10, 0.0)	(15, 0.0)	(20, 0.0)	(25, 2.446277703075705e-06)	(30, 8.154259010252349e-07)	(35, 0.0)	(40, 0.0)	(45, 0.0)	(50, 8.154259010252349e-07)	(55, 0.0)	(60, 1.5493092119479466e-05)	(65, 0.0)	(70, 0.0)	(75, 2.446277703075705e-06)	(80, 2.446277703075705e-06)	(85, 2.446277703075705e-06)	(90, 0.0)	(95, 0.0)	(100, 2.283192522870658e-05)	(105, 1.6308518020504698e-06)	(110, 3.2617036041009396e-06)	(115, 1.6308518020504698e-06)	(120, 0.0)	(125, 2.5278202931782283e-05)	(130, 1.5493092119479466e-05)	(135, 1.6308518020504698e-06)	(140, 0.0)	(145, 0.0)	(150, 0.0)	
/ | scratch | karcher | fastqc | 240813_MG011_PRISMA_NovaSeq_final_for_Q | H5YFCDSXC_240813_MG_PRISMA_24s001116-1-1_Gross_lane1MG434 | H5YFCDSXC_240813_MG_PRISMA_24s001116-1-1_Gross_lane1MG434_1	(1, 0.00023210760901048276)	(2, 0.04798416176135023)	(3, 0.0)	(4, 0.0)	(5, 0.0)	(6, 0.0)	(7, 0.0)	(8, 0.0)	(9, 0.0)	(10, 3.13835640352202e-05)	(15, 0.00017784019619958115)	(20, 8.499715259538805e-05)	(25, 0.00037398747141970747)	(30, 0.0012762649374322883)	(35, 8.630480109685556e-05)	(40, 5.884418256603789e-06)	(45, 0.0)	(50, 0.0)	(55, 7.84589100880505e-06)	(60, 5.622888556310287e-05)	(65, 1.8960903271278874e-05)	(70, 0.0)	(75, 3.922945504402525e-06)	(80, 5.8844182566037884e-05)	(85, 6.407477657190792e-05)	(90, 3.530650953962273e-05)	(95, 0.0)	(100, 0.0)	(105, 2.615297002935017e-06)	(110, 6.538242507337542e-07)	(115, 0.0)	(120, 0.0)	(125, 0.0)	(130, 8.499715259538807e-06)	(135, 0.0)	(140, 6.538242507337542e-07)	(145, 0.0)	(150, 0.0)	
/ | scratch | karcher | fastqc | 240813_MG011_PRISMA_NovaSeq_final_for_Q | H5YFCDSXC_240813_MG_PRISMA_24s001116-1-1_Gross_lane1MG434 | H5YFCDSXC_240813_MG_PRISMA_24s001116-1-1_Gross_lane1MG434_2	(1, 0.0019549345096939253)	(2, 0.000385756307932915)	(3, 0.0)	(4, 0.0)	(5, 0.0)	(6, 0.0)	(7, 0.0)	(8, 0.0)	(9, 0.0)	(10, 0.0)	(15, 0.0)	(20, 0.0)	(25, 1.3076485014675085e-06)	(30, 6.538242507337542e-07)	(35, 0.0)	(40, 0.0)	(45, 0.0)	(50, 6.538242507337542e-07)	(55, 0.0)	(60, 1.373030926540884e-05)	(65, 0.0)	(70, 0.0)	(75, 3.922945504402525e-06)	(80, 1.9614727522012627e-06)	(85, 2.615297002935017e-06)	(90, 0.0)	(95, 0.0)	(100, 1.7653254769811366e-05)	(105, 2.615297002935017e-06)	(110, 1.9614727522012627e-06)	(115, 1.3076485014675085e-06)	(120, 0.0)	(125, 2.484532152788266e-05)	(130, 1.4384133516142595e-05)	(135, 1.3076485014675085e-06)	(140, 0.0)	(145, 0.0)	(150, 0.0)	
/ | scratch | karcher | fastqc | 240813_MG011_PRISMA_NovaSeq_final_for_Q | H5YFCDSXC_240813_MG_PRISMA_24s001116-1-1_Gross_lane1MG435 | H5YFCDSXC_240813_MG_PRISMA_24s001116-1-1_Gross_lane1MG435_1	(1, 0.00025345305080792883)	(2, 0.04791551404595997)	(3, 0.0)	(4, 0.0)	(5, 0.0)	(6, 0.0)	(7, 0.0)	(8, 0.0)	(9, 0.0)	(10, 3.178902671150294e-05)	(15, 0.00019073416026901764)	(20, 8.93529399458461e-05)	(25, 0.00041927148743820095)	(30, 0.0013488857280286384)	(35, 8.677545129356207e-05)	(40, 5.1549773045680445e-06)	(45, 0.0)	(50, 0.0)	(55, 4.295814420473371e-06)	(60, 5.670475035024849e-05)	(65, 1.7183257681893484e-05)	(70, 0.0)	(75, 8.591628840946741e-07)	(80, 4.63947957411124e-05)	(85, 5.584558746615382e-05)	(90, 2.2338234986461525e-05)	(95, 0.0)	(100, 0.0)	(105, 8.591628840946741e-07)	(110, 0.0)	(115, 0.0)	(120, 0.0)	(125, 0.0)	(130, 6.014140188662718e-06)	(135, 0.0)	(140, 0.0)	(145, 0.0)	(150, 0.0)	
/ | scratch | karcher | fastqc | 240813_MG011_PRISMA_NovaSeq_final_for_Q | H5YFCDSXC_240813_MG_PRISMA_24s001116-1-1_Gross_lane1MG435 | H5YFCDSXC_240813_MG_PRISMA_24s001116-1-1_Gross_lane1MG435_2	(1, 0.0018643834584854426)	(2, 0.0003909191122630767)	(3, 0.0)	(4, 0.0)	(5, 0.0)	(6, 0.0)	(7, 0.0)	(8, 0.0)	(9, 0.0)	(10, 0.0)	(15, 0.0)	(20, 0.0)	(25, 3.4366515363786966e-06)	(30, 0.0)	(35, 0.0)	(40, 0.0)	(45, 0.0)	(50, 8.591628840946741e-07)	(55, 0.0)	(60, 1.1169117493230762e-05)	(65, 0.0)	(70, 0.0)	(75, 8.591628840946741e-07)	(80, 1.7183257681893483e-06)	(85, 8.591628840946741e-07)	(90, 0.0)	(95, 0.0)	(100, 1.8042420565988154e-05)	(105, 1.7183257681893483e-06)	(110, 8.591628840946741e-07)	(115, 8.591628840946741e-07)	(120, 0.0)	(125, 1.890158345008283e-05)	(130, 6.873303072757393e-06)	(135, 8.591628840946741e-07)	(140, 0.0)	(145, 0.0)	(150, 0.0)	
/ | scratch | karcher | fastqc | 240813_MG011_PRISMA_NovaSeq_final_for_Q | H5YFCDSXC_240813_MG_PRISMA_24s001116-1-1_Gross_lane1MG436 | H5YFCDSXC_240813_MG_PRISMA_24s001116-1-1_Gross_lane1MG436_1	(1, 0.0001984954202825267)	(2, 0.048288876067555074)	(3, 0.0)	(4, 0.0)	(5, 0.0)	(6, 0.0)	(7, 0.0)	(8, 0.0)	(9, 0.0)	(10, 3.425019016639677e-05)	(15, 0.00019771700686965402)	(20, 8.095499493875599e-05)	(25, 0.00038920670643632693)	(30, 0.0012999503994973317)	(35, 9.263119613184579e-05)	(40, 6.227307302981229e-06)	(45, 0.0)	(50, 0.0)	(55, 1.0119374367344498e-05)	(60, 5.7602592552576385e-05)	(65, 1.634668167032573e-05)	(70, 0.0)	(75, 4.670480477235922e-06)	(80, 4.826163159810454e-05)	(85, 5.5267352313958414e-05)	(90, 2.8022882863415537e-05)	(95, 0.0)	(100, 0.0)	(105, 3.1136536514906147e-06)	(110, 0.0)	(115, 0.0)	(120, 0.0)	(125, 0.0)	(130, 5.448893890108576e-06)	(135, 0.0)	(140, 7.784134128726537e-07)	(145, 0.0)	(150, 0.0)	
/ | scratch | karcher | fastqc | 240813_MG011_PRISMA_NovaSeq_final_for_Q | H5YFCDSXC_240813_MG_PRISMA_24s001116-1-1_Gross_lane1MG436 | H5YFCDSXC_240813_MG_PRISMA_24s001116-1-1_Gross_lane1MG436_2	(1, 0.0018915445932805488)	(2, 0.00034250190166396766)	(3, 3.892067064363268e-06)	(4, 0.0)	(5, 3.892067064363268e-06)	(6, 0.0)	(7, 0.0)	(8, 0.0)	(9, 0.0)	(10, 0.0)	(15, 0.0)	(20, 0.0)	(25, 3.892067064363268e-06)	(30, 0.0)	(35, 0.0)	(40, 0.0)	(45, 0.0)	(50, 7.784134128726537e-07)	(55, 0.0)	(60, 9.340960954471844e-06)	(65, 0.0)	(70, 0.0)	(75, 3.892067064363268e-06)	(80, 4.670480477235922e-06)	(85, 2.335240238617961e-06)	(90, 0.0)	(95, 0.0)	(100, 1.4011441431707768e-05)	(105, 3.1136536514906147e-06)	(110, 3.1136536514906147e-06)	(115, 2.335240238617961e-06)	(120, 0.0)	(125, 2.257398897330696e-05)	(130, 1.7903508496071037e-05)	(135, 1.5568268257453073e-06)	(140, 0.0)	(145, 0.0)	(150, 0.0)	
/ | scratch | karcher | fastqc | 240813_MG011_PRISMA_NovaSeq_final_for_Q | H5YFCDSXC_240813_MG_PRISMA_24s001116-1-1_Gross_lane1MG437 | H5YFCDSXC_240813_MG_PRISMA_24s001116-1-1_Gross_lane1MG437_1	(1, 0.00022569382885957682)	(2, 0.04753230822008403)	(3, 0.0)	(4, 0.0)	(5, 0.0)	(6, 0.0)	(7, 0.0)	(8, 0.0)	(9, 0.0)	(10, 1.425434708586801e-05)	(15, 0.0001942154790449516)	(20, 9.265325605814205e-05)	(25, 0.0004205032390331062)	(30, 0.0013375329015572813)	(35, 8.908966928667506e-05)	(40, 5.939311285778337e-06)	(45, 0.0)	(50, 0.0)	(55, 1.0096829185823173e-05)	(60, 5.582952608631637e-05)	(65, 2.1381520628802013e-05)	(70, 0.0)	(75, 3.5635867714670023e-06)	(80, 6.236276850067253e-05)	(85, 7.661711558654054e-05)	(90, 4.157517900044836e-05)	(95, 0.0)	(100, 0.0)	(105, 1.1878622571556674e-06)	(110, 0.0)	(115, 0.0)	(120, 0.0)	(125, 0.0)	(130, 8.315035800089671e-06)	(135, 0.0)	(140, 0.0)	(145, 0.0)	(150, 0.0)	
/ | scratch | karcher | fastqc | 240813_MG011_PRISMA_NovaSeq_final_for_Q | H5YFCDSXC_240813_MG_PRISMA_24s001116-1-1_Gross_lane1MG437 | H5YFCDSXC_240813_MG_PRISMA_24s001116-1-1_Gross_lane1MG437_2	(1, 0.0019688816912355185)	(2, 0.0003682372997182569)	(3, 0.0)	(4, 0.0)	(5, 0.0)	(6, 0.0)	(7, 0.0)	(8, 0.0)	(9, 0.0)	(10, 0.0)	(15, 0.0)	(20, 0.0)	(25, 1.1878622571556674e-06)	(30, 0.0)	(35, 0.0)	(40, 0.0)	(45, 0.0)	(50, 5.939311285778337e-07)	(55, 0.0)	(60, 1.425434708586801e-05)	(65, 0.0)	(70, 0.0)	(75, 1.7817933857335012e-06)	(80, 1.1878622571556674e-06)	(85, 2.9696556428891685e-06)	(90, 0.0)	(95, 0.0)	(100, 2.0193658371646346e-05)	(105, 1.1878622571556674e-06)	(110, 1.1878622571556674e-06)	(115, 5.939311285778337e-07)	(120, 0.0)	(125, 2.613296965742468e-05)	(130, 1.4848278214445841e-05)	(135, 5.939311285778337e-07)	(140, 0.0)	(145, 0.0)	(150, 0.0)	
/ | scratch | karcher | fastqc | 240813_MG011_PRISMA_NovaSeq_final_for_Q | H5YFCDSXC_240813_MG_PRISMA_24s001116-1-1_Gross_lane1MG438 | H5YFCDSXC_240813_MG_PRISMA_24s001116-1-1_Gross_lane1MG438_1	(1, 0.00025992810152413565)	(2, 0.048315120446940855)	(3, 0.0)	(4, 0.0)	(5, 0.0)	(6, 0.0)	(7, 0.0)	(8, 0.0)	(9, 0.0)	(10, 3.2294097462089586e-05)	(15, 0.00021266844670156558)	(20, 0.00010790954517820178)	(25, 0.00043085051979909763)	(30, 0.001369742328940824)	(35, 9.136866599030224e-05)	(40, 6.301287309676016e-06)	(45, 0.0)	(50, 0.0)	(55, 1.4177896446771037e-05)	(60, 4.804731573627963e-05)	(65, 1.2602574619352032e-05)	(70, 0.0)	(75, 5.513626395966515e-06)	(80, 4.332135025402261e-05)	(85, 4.8834976649989126e-05)	(90, 3.386941928950859e-05)	(95, 0.0)	(100, 0.0)	(105, 3.150643654838008e-06)	(110, 0.0)	(115, 0.0)	(120, 0.0)	(125, 0.0)	(130, 6.301287309676016e-06)	(135, 0.0)	(140, 0.0)	(145, 0.0)	(150, 0.0)	
/ | scratch | karcher | fastqc | 240813_MG011_PRISMA_NovaSeq_final_for_Q | H5YFCDSXC_240813_MG_PRISMA_24s001116-1-1_Gross_lane1MG438 | H5YFCDSXC_240813_MG_PRISMA_24s001116-1-1_Gross_lane1MG438_2	(1, 0.0017958668832576646)	(2, 0.000362324020306371)	(3, 0.0)	(4, 0.0)	(5, 0.0)	(6, 0.0)	(7, 0.0)	(8, 0.0)	(9, 0.0)	(10, 0.0)	(15, 0.0)	(20, 0.0)	(25, 4.725965482257012e-06)	(30, 0.0)	(35, 0.0)	(40, 0.0)	(45, 0.0)	(50, 0.0)	(55, 0.0)	(60, 1.0239591878223526e-05)	(65, 0.0)	(70, 0.0)	(75, 1.575321827419004e-06)	(80, 7.87660913709502e-07)	(85, 2.362982741128506e-06)	(90, 0.0)	(95, 0.0)	(100, 1.5753218274190043e-05)	(105, 0.0)	(110, 4.725965482257012e-06)	(115, 7.87660913709502e-07)	(120, 0.0)	(125, 1.8903861929028048e-05)	(130, 1.1814913705642531e-05)	(135, 0.0)	(140, 0.0)	(145, 0.0)	(150, 0.0)	
/ | scratch | karcher | fastqc | 240813_MG011_PRISMA_NovaSeq_final_for_Q | H5YFCDSXC_240813_MG_PRISMA_24s001116-1-1_Gross_lane1MG439 | H5YFCDSXC_240813_MG_PRISMA_24s001116-1-1_Gross_lane1MG439_1	(1, 0.00025175175550609343)	(2, 0.048130825420022116)	(3, 0.0)	(4, 0.0)	(5, 0.0)	(6, 0.0)	(7, 0.0)	(8, 0.0)	(9, 0.0)	(10, 2.1578721900522297e-05)	(15, 0.00019729117166191815)	(20, 9.042512034504582e-05)	(25, 0.0003914996687666188)	(30, 0.0012669792430163808)	(35, 9.35077949022633e-05)	(40, 4.1102327429566284e-06)	(45, 0.0)	(50, 0.0)	(55, 2.0551163714783142e-06)	(60, 4.4185001986783755e-05)	(65, 1.8496047343304828e-05)	(70, 0.0)	(75, 0.0)	(80, 4.8295234729740376e-05)	(85, 5.8570816587131955e-05)	(90, 2.774407101495724e-05)	(95, 0.0)	(100, 0.0)	(105, 0.0)	(110, 0.0)	(115, 0.0)	(120, 0.0)	(125, 0.0)	(130, 4.1102327429566284e-06)	(135, 0.0)	(140, 0.0)	(145, 0.0)	(150, 0.0)	
/ | scratch | karcher | fastqc | 240813_MG011_PRISMA_NovaSeq_final_for_Q | H5YFCDSXC_240813_MG_PRISMA_24s001116-1-1_Gross_lane1MG439 | H5YFCDSXC_240813_MG_PRISMA_24s001116-1-1_Gross_lane1MG439_2	(1, 0.0018496047343304828)	(2, 0.00034936978315131337)	(3, 0.0)	(4, 0.0)	(5, 5.137790928695785e-06)	(6, 0.0)	(7, 0.0)	(8, 0.0)	(9, 0.0)	(10, 0.0)	(15, 0.0)	(20, 0.0)	(25, 1.0275581857391571e-06)	(30, 0.0)	(35, 0.0)	(40, 0.0)	(45, 0.0)	(50, 0.0)	(55, 0.0)	(60, 1.027558185739157e-05)	(65, 0.0)	(70, 0.0)	(75, 1.0275581857391571e-06)	(80, 1.0275581857391571e-06)	(85, 0.0)	(90, 0.0)	(95, 0.0)	(100, 1.4385814600348198e-05)	(105, 1.0275581857391571e-06)	(110, 0.0)	(115, 0.0)	(120, 0.0)	(125, 1.8496047343304828e-05)	(130, 7.192907300174099e-06)	(135, 0.0)	(140, 0.0)	(145, 0.0)	(150, 0.0)	
/ | scratch | karcher | fastqc | 240813_MG011_PRISMA_NovaSeq_final_for_Q | H5YFCDSXC_240813_MG_PRISMA_24s001116-1-1_Gross_lane1MG440 | H5YFCDSXC_240813_MG_PRISMA_24s001116-1-1_Gross_lane1MG440_1	(1, 0.0002522158931726469)	(2, 0.04771420267040135)	(3, 0.0)	(4, 0.0)	(5, 0.0)	(6, 0.0)	(7, 0.0)	(8, 0.0)	(9, 0.0)	(10, 1.311522644497764e-05)	(15, 0.00015839158091242227)	(20, 9.281544868753407e-05)	(25, 0.0003813504304770421)	(30, 0.0011995387879291087)	(35, 7.465590437910349e-05)	(40, 4.0354542907623506e-06)	(45, 0.0)	(50, 0.0)	(55, 8.070908581524701e-06)	(60, 6.053181436143526e-05)	(65, 2.2194998599192928e-05)	(70, 0.0)	(75, 5.044317863452938e-06)	(80, 6.557613222488821e-05)	(85, 7.566476795179407e-05)	(90, 4.2372270053004685e-05)	(95, 0.0)	(100, 0.0)	(105, 2.0177271453811753e-06)	(110, 0.0)	(115, 0.0)	(120, 0.0)	(125, 0.0)	(130, 7.062045008834114e-06)	(135, 0.0)	(140, 0.0)	(145, 0.0)	(150, 0.0)	
/ | scratch | karcher | fastqc | 240813_MG011_PRISMA_NovaSeq_final_for_Q | H5YFCDSXC_240813_MG_PRISMA_24s001116-1-1_Gross_lane1MG440 | H5YFCDSXC_240813_MG_PRISMA_24s001116-1-1_Gross_lane1MG440_2	(1, 0.001634358987758752)	(2, 0.00031779202539753516)	(3, 0.0)	(4, 0.0)	(5, 0.0)	(6, 0.0)	(7, 0.0)	(8, 0.0)	(9, 0.0)	(10, 0.0)	(15, 0.0)	(20, 0.0)	(25, 3.026590718071763e-06)	(30, 0.0)	(35, 0.0)	(40, 0.0)	(45, 0.0)	(50, 0.0)	(55, 0.0)	(60, 1.6141817163049402e-05)	(65, 0.0)	(70, 0.0)	(75, 2.0177271453811753e-06)	(80, 2.0177271453811753e-06)	(85, 1.0088635726905876e-06)	(90, 0.0)	(95, 0.0)	(100, 1.9168407881121165e-05)	(105, 1.0088635726905876e-06)	(110, 2.0177271453811753e-06)	(115, 1.0088635726905876e-06)	(120, 0.0)	(125, 2.8248180035336456e-05)	(130, 1.5132953590358815e-05)	(135, 0.0)	(140, 0.0)	(145, 0.0)	(150, 0.0)	
/ | scratch | karcher | fastqc | 240813_MG011_PRISMA_NovaSeq_final_for_Q | H5YFCDSXC_240813_MG_PRISMA_24s001116-1-1_Gross_lane1MG441 | H5YFCDSXC_240813_MG_PRISMA_24s001116-1-1_Gross_lane1MG441_1	(1, 0.00019651458850012925)	(2, 0.04814128114378776)	(3, 0.0)	(4, 0.0)	(5, 0.0)	(6, 0.0)	(7, 0.0)	(8, 0.0)	(9, 0.0)	(10, 2.684101696587131e-05)	(15, 0.0001830940800171936)	(20, 9.298495163176847e-05)	(25, 0.0004208288017149109)	(30, 0.0013257545165642865)	(35, 7.86058354000517e-05)	(40, 7.668861990248946e-06)	(45, 0.0)	(50, 0.0)	(55, 9.586077487811184e-06)	(60, 5.368203393174262e-05)	(65, 1.5337723980497893e-05)	(70, 0.0)	(75, 5.75164649268671e-06)	(80, 5.847507267564821e-05)	(85, 6.518532691711604e-05)	(90, 3.6427094453682494e-05)	(95, 0.0)	(100, 0.0)	(105, 1.9172154975622366e-06)	(110, 0.0)	(115, 0.0)	(120, 0.0)	(125, 0.0)	(130, 4.793038743905592e-06)	(135, 0.0)	(140, 0.0)	(145, 0.0)	(150, 0.0)	
/ | scratch | karcher | fastqc | 240813_MG011_PRISMA_NovaSeq_final_for_Q | H5YFCDSXC_240813_MG_PRISMA_24s001116-1-1_Gross_lane1MG441 | H5YFCDSXC_240813_MG_PRISMA_24s001116-1-1_Gross_lane1MG441_2	(1, 0.0016967357153425794)	(2, 0.00037865006076854174)	(3, 0.0)	(4, 0.0)	(5, 0.0)	(6, 0.0)	(7, 0.0)	(8, 0.0)	(9, 0.0)	(10, 0.0)	(15, 0.0)	(20, 0.0)	(25, 6.710254241467828e-06)	(30, 0.0)	(35, 0.0)	(40, 0.0)	(45, 0.0)	(50, 0.0)	(55, 0.0)	(60, 9.586077487811184e-06)	(65, 0.0)	(70, 0.0)	(75, 3.834430995124473e-06)	(80, 1.9172154975622366e-06)	(85, 4.793038743905592e-06)	(90, 0.0)	(95, 0.0)	(100, 2.10893704731846e-05)	(105, 2.875823246343355e-06)	(110, 1.9172154975622366e-06)	(115, 9.586077487811183e-07)	(120, 0.0)	(125, 2.3965193719527956e-05)	(130, 1.3420508482935655e-05)	(135, 0.0)	(140, 0.0)	(145, 0.0)	(150, 0.0)	
/ | scratch | karcher | fastqc | 240813_MG011_PRISMA_NovaSeq_final_for_Q | H5YFCDSXC_240813_MG_PRISMA_24s001116-1-1_Gross_lane1MG442 | H5YFCDSXC_240813_MG_PRISMA_24s001116-1-1_Gross_lane1MG442_1	(1, 0.0002715283101795473)	(2, 0.04881948160011306)	(3, 0.0)	(4, 0.0)	(5, 0.0)	(6, 0.0)	(7, 0.0)	(8, 0.0)	(9, 0.0)	(10, 2.3554263051719765e-05)	(15, 0.00018974267458329812)	(20, 7.851421017239922e-05)	(25, 0.0003886453403533761)	(30, 0.001203884555976788)	(35, 8.767420135917911e-05)	(40, 5.888565762929941e-06)	(45, 0.0)	(50, 0.0)	(55, 5.234280678159947e-06)	(60, 5.234280678159948e-05)	(65, 1.6357127119249835e-05)	(70, 0.0)	(75, 1.3085701695399868e-06)	(80, 5.103423661205949e-05)	(85, 5.495994712067945e-05)	(90, 3.205996915372968e-05)	(95, 0.0)	(100, 0.0)	(105, 0.0)	(110, 0.0)	(115, 0.0)	(120, 0.0)	(125, 0.0)	(130, 5.234280678159947e-06)	(135, 0.0)	(140, 0.0)	(145, 0.0)	(150, 0.0)	
/ | scratch | karcher | fastqc | 240813_MG011_PRISMA_NovaSeq_final_for_Q | H5YFCDSXC_240813_MG_PRISMA_24s001116-1-1_Gross_lane1MG442 | H5YFCDSXC_240813_MG_PRISMA_24s001116-1-1_Gross_lane1MG442_2	(1, 0.001884341044137581)	(2, 0.0003565853711996464)	(3, 0.0)	(4, 0.0)	(5, 0.0)	(6, 0.0)	(7, 0.0)	(8, 0.0)	(9, 0.0)	(10, 0.0)	(15, 0.0)	(20, 0.0)	(25, 2.6171403390799737e-06)	(30, 0.0)	(35, 0.0)	(40, 0.0)	(45, 0.0)	(50, 0.0)	(55, 0.0)	(60, 1.1122846441089889e-05)	(65, 0.0)	(70, 0.0)	(75, 1.96285525430998e-06)	(80, 1.3085701695399868e-06)	(85, 1.3085701695399868e-06)	(90, 0.0)	(95, 0.0)	(100, 1.570284203447984e-05)	(105, 1.96285525430998e-06)	(110, 0.0)	(115, 0.0)	(120, 0.0)	(125, 1.9628552543099805e-05)	(130, 1.1777131525859883e-05)	(135, 0.0)	(140, 0.0)	(145, 0.0)	(150, 0.0)	
/ | scratch | karcher | fastqc | 240813_MG011_PRISMA_NovaSeq_final_for_Q | H5YFCDSXC_240813_MG_PRISMA_24s001116-1-1_Gross_lane1MG443 | H5YFCDSXC_240813_MG_PRISMA_24s001116-1-1_Gross_lane1MG443_1	(1, 0.00023173380438000065)	(2, 0.0483642081141319)	(3, 0.0)	(4, 0.0)	(5, 0.0)	(6, 0.0)	(7, 0.0)	(8, 0.0)	(9, 0.0)	(10, 2.453652046376477e-05)	(15, 0.00019970001377452997)	(20, 9.269352175200025e-05)	(25, 0.00042257340798705997)	(30, 0.001363821595777592)	(35, 8.4514681597412e-05)	(40, 8.178840154588258e-06)	(45, 0.0)	(50, 0.0)	(55, 1.1586690219000031e-05)	(60, 6.134130115941192e-05)	(65, 2.1128670399353e-05)	(70, 0.0)	(75, 6.134130115941193e-06)	(80, 6.747543127535313e-05)	(85, 7.497270141705902e-05)	(90, 5.3162461004823674e-05)	(95, 0.0)	(100, 0.0)	(105, 2.0447100386470644e-06)	(110, 0.0)	(115, 0.0)	(120, 0.0)	(125, 0.0)	(130, 1.2268260231882386e-05)	(135, 0.0)	(140, 0.0)	(145, 0.0)	(150, 0.0)	
/ | scratch | karcher | fastqc | 240813_MG011_PRISMA_NovaSeq_final_for_Q | H5YFCDSXC_240813_MG_PRISMA_24s001116-1-1_Gross_lane1MG443 | H5YFCDSXC_240813_MG_PRISMA_24s001116-1-1_Gross_lane1MG443_2	(1, 0.0018300154845891227)	(2, 0.0003305614562479421)	(3, 3.4078500644117738e-06)	(4, 0.0)	(5, 3.4078500644117738e-06)	(6, 0.0)	(7, 0.0)	(8, 0.0)	(9, 0.0)	(10, 0.0)	(15, 0.0)	(20, 0.0)	(25, 6.8157001288235475e-06)	(30, 0.0)	(35, 0.0)	(40, 0.0)	(45, 0.0)	(50, 0.0)	(55, 0.0)	(60, 1.6357680309176515e-05)	(65, 0.0)	(70, 0.0)	(75, 2.0447100386470644e-06)	(80, 3.4078500644117738e-06)	(85, 6.815700128823549e-07)	(90, 0.0)	(95, 0.0)	(100, 2.6581230502411837e-05)	(105, 2.0447100386470644e-06)	(110, 2.0447100386470644e-06)	(115, 1.3631400257647098e-06)	(120, 0.0)	(125, 3.339693063123539e-05)	(130, 1.9083960360705934e-05)	(135, 0.0)	(140, 0.0)	(145, 0.0)	(150, 0.0)	
/ | scratch | karcher | fastqc | 240813_MG011_PRISMA_NovaSeq_final_for_Q | H5YFCDSXC_240813_MG_PRISMA_24s001116-1-1_Gross_lane1MG444 | H5YFCDSXC_240813_MG_PRISMA_24s001116-1-1_Gross_lane1MG444_1	(1, 0.00018811879325556503)	(2, 0.04831713630523403)	(3, 0.0)	(4, 0.0)	(5, 0.0)	(6, 0.0)	(7, 0.0)	(8, 0.0)	(9, 0.0)	(10, 2.8217818988334752e-05)	(15, 0.000196348990460496)	(20, 9.288365416993523e-05)	(25, 0.0004197400574514795)	(30, 0.0013056619994394059)	(35, 8.876855556746974e-05)	(40, 4.115098602465485e-06)	(45, 0.0)	(50, 0.0)	(55, 7.054454747083688e-06)	(60, 5.702350920559315e-05)	(65, 1.7636136867709222e-05)	(70, 0.0)	(75, 3.527227373541844e-06)	(80, 4.938118322958582e-05)	(85, 6.172647903698227e-05)	(90, 3.115717513295296e-05)	(95, 0.0)	(100, 0.0)	(105, 1.763613686770922e-06)	(110, 0.0)	(115, 0.0)	(120, 0.0)	(125, 0.0)	(130, 5.878712289236407e-06)	(135, 0.0)	(140, 5.878712289236407e-07)	(145, 0.0)	(150, 0.0)	
/ | scratch | karcher | fastqc | 240813_MG011_PRISMA_NovaSeq_final_for_Q | H5YFCDSXC_240813_MG_PRISMA_24s001116-1-1_Gross_lane1MG444 | H5YFCDSXC_240813_MG_PRISMA_24s001116-1-1_Gross_lane1MG444_2	(1, 0.001845915658820232)	(2, 0.0003791769426557482)	(3, 0.0)	(4, 0.0)	(5, 0.0)	(6, 0.0)	(7, 0.0)	(8, 0.0)	(9, 0.0)	(10, 0.0)	(15, 0.0)	(20, 0.0)	(25, 2.3514849156945626e-06)	(30, 0.0)	(35, 0.0)	(40, 0.0)	(45, 0.0)	(50, 0.0)	(55, 0.0)	(60, 1.1169553349549173e-05)	(65, 0.0)	(70, 0.0)	(75, 2.9393561446182035e-06)	(80, 1.763613686770922e-06)	(85, 1.763613686770922e-06)	(90, 0.0)	(95, 0.0)	(100, 1.5284651952014657e-05)	(105, 1.763613686770922e-06)	(110, 1.1757424578472813e-06)	(115, 0.0)	(120, 0.0)	(125, 1.939975055448014e-05)	(130, 1.1757424578472814e-05)	(135, 0.0)	(140, 0.0)	(145, 0.0)	(150, 0.0)	
/ | scratch | karcher | fastqc | 240813_MG011_PRISMA_NovaSeq_final_for_Q | H5YFCDSXC_240813_MG_PRISMA_24s001116-1-1_Gross_lane1MG445 | H5YFCDSXC_240813_MG_PRISMA_24s001116-1-1_Gross_lane1MG445_1	(1, 0.00021294737277930933)	(2, 0.0482932295027102)	(3, 0.0)	(4, 0.0)	(5, 0.0)	(6, 0.0)	(7, 0.0)	(8, 0.0)	(9, 0.0)	(10, 2.5877149097232525e-05)	(15, 0.00019138308186494887)	(20, 8.625716365744175e-05)	(25, 0.00039947848918852713)	(30, 0.0012911619184973312)	(35, 8.517894911172372e-05)	(40, 3.2346436371540657e-06)	(45, 0.0)	(50, 0.0)	(55, 6.469287274308131e-06)	(60, 5.498894183161911e-05)	(65, 1.8868754550065383e-05)	(70, 0.0)	(75, 2.6955363642950547e-06)	(80, 5.552804910447812e-05)	(85, 6.90057309259534e-05)	(90, 3.288554364439967e-05)	(95, 0.0)	(100, 0.0)	(105, 5.391072728590109e-07)	(110, 0.0)	(115, 0.0)	(120, 0.0)	(125, 0.0)	(130, 4.312858182872087e-06)	(135, 0.0)	(140, 0.0)	(145, 0.0)	(150, 0.0)	
/ | scratch | karcher | fastqc | 240813_MG011_PRISMA_NovaSeq_final_for_Q | H5YFCDSXC_240813_MG_PRISMA_24s001116-1-1_Gross_lane1MG445 | H5YFCDSXC_240813_MG_PRISMA_24s001116-1-1_Gross_lane1MG445_2	(1, 0.0018949620640994233)	(2, 0.0003261599000797016)	(3, 0.0)	(4, 0.0)	(5, 0.0)	(6, 0.0)	(7, 0.0)	(8, 0.0)	(9, 0.0)	(10, 0.0)	(15, 0.0)	(20, 0.0)	(25, 1.6173218185770328e-06)	(30, 0.0)	(35, 0.0)	(40, 0.0)	(45, 0.0)	(50, 0.0)	(55, 0.0)	(60, 1.3477681821475272e-05)	(65, 0.0)	(70, 0.0)	(75, 1.6173218185770328e-06)	(80, 1.6173218185770328e-06)	(85, 1.6173218185770328e-06)	(90, 0.0)	(95, 0.0)	(100, 1.779054000434736e-05)	(105, 5.391072728590109e-07)	(110, 1.0782145457180218e-06)	(115, 1.0782145457180218e-06)	(120, 0.0)	(125, 2.5877149097232525e-05)	(130, 1.2399467275757253e-05)	(135, 5.391072728590109e-07)	(140, 0.0)	(145, 0.0)	(150, 0.0)	
/ | scratch | karcher | fastqc | 240813_MG011_PRISMA_NovaSeq_final_for_Q | H5YFCDSXC_240813_MG_PRISMA_24s001116-1-1_Gross_lane1MG446 | H5YFCDSXC_240813_MG_PRISMA_24s001116-1-1_Gross_lane1MG446_1	(1, 0.00024062487606704879)	(2, 0.04822894892529058)	(3, 0.0)	(4, 0.0)	(5, 0.0)	(6, 0.0)	(7, 0.0)	(8, 0.0)	(9, 0.0)	(10, 3.1489181312477994e-05)	(15, 0.0001823995974137876)	(20, 9.149686645512472e-05)	(25, 0.0003962883761400532)	(30, 0.0012845209433505172)	(35, 8.436724049758254e-05)	(40, 8.317896950465885e-06)	(45, 0.0)	(50, 0.0)	(55, 1.1288574432775128e-05)	(60, 6.297836262495599e-05)	(65, 2.2577148865550255e-05)	(70, 0.0)	(75, 6.535490461080337e-06)	(80, 6.060182063910858e-05)	(85, 7.486107255419295e-05)	(90, 5.050151719925715e-05)	(95, 0.0)	(100, 0.0)	(105, 1.7824064893855465e-06)	(110, 0.0)	(115, 0.0)	(120, 0.0)	(125, 0.0)	(130, 1.0100303439851432e-05)	(135, 0.0)	(140, 0.0)	(145, 0.0)	(150, 0.0)	
/ | scratch | karcher | fastqc | 240813_MG011_PRISMA_NovaSeq_final_for_Q | H5YFCDSXC_240813_MG_PRISMA_24s001116-1-1_Gross_lane1MG446 | H5YFCDSXC_240813_MG_PRISMA_24s001116-1-1_Gross_lane1MG446_2	(1, 0.0017319049721862892)	(2, 0.0003267745230540169)	(3, 0.0)	(4, 0.0)	(5, 0.0)	(6, 0.0)	(7, 0.0)	(8, 0.0)	(9, 0.0)	(10, 0.0)	(15, 0.0)	(20, 0.0)	(25, 3.564812978771093e-06)	(30, 0.0)	(35, 0.0)	(40, 0.0)	(45, 0.0)	(50, 0.0)	(55, 0.0)	(60, 1.7229929397393617e-05)	(65, 0.0)	(70, 0.0)	(75, 3.564812978771093e-06)	(80, 1.7824064893855465e-06)	(85, 1.7824064893855465e-06)	(90, 0.0)	(95, 0.0)	(100, 2.3171284362012106e-05)	(105, 1.7824064893855465e-06)	(110, 1.1882709929236976e-06)	(115, 1.1882709929236976e-06)	(120, 0.0)	(125, 2.7330232837245047e-05)	(130, 1.485338741154622e-05)	(135, 0.0)	(140, 0.0)	(145, 0.0)	(150, 0.0)	
/ | scratch | karcher | fastqc | 240813_MG011_PRISMA_NovaSeq_final_for_Q | H5YFCDSXC_240813_MG_PRISMA_24s001116-1-1_Gross_lane1MG447 | H5YFCDSXC_240813_MG_PRISMA_24s001116-1-1_Gross_lane1MG447_1	(1, 0.0001873251738717518)	(2, 0.04826946738346947)	(3, 3.021373772125029e-06)	(4, 0.0)	(5, 0.0)	(6, 0.0)	(7, 0.0)	(8, 0.0)	(9, 0.0)	(10, 2.7796638703550267e-05)	(15, 0.0002006192184691019)	(20, 8.157709184737578e-05)	(25, 0.0004060726349736039)	(30, 0.001251453016414187)	(35, 8.822411414605085e-05)	(40, 6.042747544250058e-06)	(45, 0.0)	(50, 0.0)	(55, 7.25129705310007e-06)	(60, 5.4384727898250524e-05)	(65, 1.9941066896025192e-05)	(70, 0.0)	(75, 2.417099017700023e-06)	(80, 5.3176178389400515e-05)	(85, 6.22402997057756e-05)	(90, 2.900518821240028e-05)	(95, 0.0)	(100, 0.0)	(105, 3.021373772125029e-06)	(110, 0.0)	(115, 0.0)	(120, 0.0)	(125, 0.0)	(130, 6.647022298675064e-06)	(135, 0.0)	(140, 0.0)	(145, 0.0)	(150, 0.0)	
/ | scratch | karcher | fastqc | 240813_MG011_PRISMA_NovaSeq_final_for_Q | H5YFCDSXC_240813_MG_PRISMA_24s001116-1-1_Gross_lane1MG447 | H5YFCDSXC_240813_MG_PRISMA_24s001116-1-1_Gross_lane1MG447_2	(1, 0.0016980120599342664)	(2, 0.00039882133792050386)	(3, 0.0)	(4, 0.0)	(5, 0.0)	(6, 0.0)	(7, 0.0)	(8, 0.0)	(9, 0.0)	(10, 0.0)	(15, 0.0)	(20, 0.0)	(25, 1.2085495088500115e-06)	(30, 0.0)	(35, 0.0)	(40, 0.0)	(45, 0.0)	(50, 0.0)	(55, 0.0)	(60, 1.3898319351775133e-05)	(65, 0.0)	(70, 0.0)	(75, 1.8128242632750175e-06)	(80, 6.042747544250058e-07)	(85, 1.8128242632750175e-06)	(90, 0.0)	(95, 0.0)	(100, 1.9336792141600184e-05)	(105, 6.042747544250058e-07)	(110, 1.8128242632750175e-06)	(115, 6.042747544250058e-07)	(120, 0.0)	(125, 2.2358165913725218e-05)	(130, 1.02726708252251e-05)	(135, 0.0)	(140, 0.0)	(145, 0.0)	(150, 0.0)	
/ | scratch | karcher | fastqc | 240813_MG011_PRISMA_NovaSeq_final_for_Q | H5YFCDSXC_240813_MG_PRISMA_24s001116-1-1_Gross_lane1MG448 | H5YFCDSXC_240813_MG_PRISMA_24s001116-1-1_Gross_lane1MG448_1	(1, 0.00023353061280947747)	(2, 0.04852721224447709)	(3, 0.0)	(4, 0.0)	(5, 0.0)	(6, 0.0)	(7, 0.0)	(8, 0.0)	(9, 0.0)	(10, 3.278410525979203e-05)	(15, 0.00019086636623851525)	(20, 8.353210381262078e-05)	(25, 0.00040104391776704494)	(30, 0.0012772328131349115)	(35, 9.520863445309466e-05)	(40, 4.9400706555851e-06)	(45, 0.0)	(50, 0.0)	(55, 6.287362652562855e-06)	(60, 5.029890122050284e-05)	(65, 1.8412990625362647e-05)	(70, 0.0)	(75, 3.592778658607346e-06)	(80, 5.838265320236937e-05)	(85, 6.736459984888774e-05)	(90, 3.862237058002897e-05)	(95, 0.0)	(100, 0.0)	(105, 0.0)	(110, 0.0)	(115, 0.0)	(120, 0.0)	(125, 0.0)	(130, 6.287362652562855e-06)	(135, 0.0)	(140, 0.0)	(145, 0.0)	(150, 0.0)	
/ | scratch | karcher | fastqc | 240813_MG011_PRISMA_NovaSeq_final_for_Q | H5YFCDSXC_240813_MG_PRISMA_24s001116-1-1_Gross_lane1MG448 | H5YFCDSXC_240813_MG_PRISMA_24s001116-1-1_Gross_lane1MG448_2	(1, 0.0018165987092583391)	(2, 0.00035703237919910497)	(3, 0.0)	(4, 0.0)	(5, 0.0)	(6, 0.0)	(7, 0.0)	(8, 0.0)	(9, 0.0)	(10, 0.0)	(15, 0.0)	(20, 0.0)	(25, 3.1436813262814274e-06)	(30, 0.0)	(35, 0.0)	(40, 0.0)	(45, 0.0)	(50, 0.0)	(55, 0.0)	(60, 1.3922017302103465e-05)	(65, 0.0)	(70, 0.0)	(75, 1.3472919969777545e-06)	(80, 2.694583993955509e-06)	(85, 4.4909733232591824e-07)	(90, 0.0)	(95, 0.0)	(100, 1.8862087957688564e-05)	(105, 2.694583993955509e-06)	(110, 4.4909733232591824e-07)	(115, 4.4909733232591824e-07)	(120, 0.0)	(125, 2.6945839939555093e-05)	(130, 1.1676530640473873e-05)	(135, 0.0)	(140, 0.0)	(145, 0.0)	(150, 0.0)	
/ | scratch | karcher | fastqc | 240813_MG011_PRISMA_NovaSeq_final_for_Q | H5YFCDSXC_240813_MG_PRISMA_24s001116-1-1_Gross_lane1MG449 | H5YFCDSXC_240813_MG_PRISMA_24s001116-1-1_Gross_lane1MG449_1	(1, 0.0002230907968039873)	(2, 0.04864425108436942)	(3, 0.0)	(4, 0.0)	(5, 0.0)	(6, 0.0)	(7, 0.0)	(8, 0.0)	(9, 0.0)	(10, 2.5794873380461032e-05)	(15, 0.00016383230390292817)	(20, 8.156757258145786e-05)	(25, 0.00035903675110641705)	(30, 0.001171923841960946)	(35, 7.52931439213457e-05)	(40, 7.668746140137064e-06)	(45, 0.0)	(50, 0.0)	(55, 8.365904880149523e-06)	(60, 5.9258492901059135e-05)	(65, 2.161192094038627e-05)	(70, 0.0)	(75, 4.880111180087222e-06)	(80, 6.692723904119618e-05)	(85, 7.320166770130834e-05)	(90, 3.834373070068532e-05)	(95, 0.0)	(100, 0.0)	(105, 2.7886349600498416e-06)	(110, 0.0)	(115, 0.0)	(120, 0.0)	(125, 0.0)	(130, 8.365904880149523e-06)	(135, 0.0)	(140, 0.0)	(145, 0.0)	(150, 0.0)	
/ | scratch | karcher | fastqc | 240813_MG011_PRISMA_NovaSeq_final_for_Q | H5YFCDSXC_240813_MG_PRISMA_24s001116-1-1_Gross_lane1MG449 | H5YFCDSXC_240813_MG_PRISMA_24s001116-1-1_Gross_lane1MG449_2	(1, 0.0017289536752309014)	(2, 0.00032766460780585634)	(3, 3.4857937000623016e-06)	(4, 0.0)	(5, 0.0)	(6, 0.0)	(7, 0.0)	(8, 0.0)	(9, 0.0)	(10, 0.0)	(15, 0.0)	(20, 0.0)	(25, 2.7886349600498416e-06)	(30, 0.0)	(35, 0.0)	(40, 0.0)	(45, 0.0)	(50, 0.0)	(55, 0.0)	(60, 1.6034651020286588e-05)	(65, 0.0)	(70, 0.0)	(75, 1.3943174800249208e-06)	(80, 2.7886349600498416e-06)	(85, 1.3943174800249208e-06)	(90, 0.0)	(95, 0.0)	(100, 2.161192094038627e-05)	(105, 1.3943174800249208e-06)	(110, 6.971587400124604e-07)	(115, 0.0)	(120, 0.0)	(125, 2.8583508340510874e-05)	(130, 1.1851698580211826e-05)	(135, 0.0)	(140, 0.0)	(145, 0.0)	(150, 0.0)	
/ | scratch | karcher | fastqc | 240813_MG011_PRISMA_NovaSeq_final_for_Q | H5YFCDSXC_240813_MG_PRISMA_24s001116-1-1_Gross_lane1MG450 | H5YFCDSXC_240813_MG_PRISMA_24s001116-1-1_Gross_lane1MG450_1	(1, 0.00018775941737228646)	(2, 0.04759416746421746)	(3, 0.0)	(4, 0.0)	(5, 0.0)	(6, 0.0)	(7, 0.0)	(8, 0.0)	(9, 0.0)	(10, 2.9586332434420897e-05)	(15, 0.0001911732249608735)	(20, 9.729351627473026e-05)	(25, 0.0004227431730533601)	(30, 0.0013404884464518392)	(35, 9.217280489184972e-05)	(40, 3.4138075885870267e-06)	(45, 0.0)	(50, 0.0)	(55, 3.982775520018198e-06)	(60, 7.11209914288964e-05)	(65, 1.8775941737228647e-05)	(70, 0.0)	(75, 1.7069037942935133e-06)	(80, 6.998305556603404e-05)	(85, 7.68106707432081e-05)	(90, 2.6741492777265045e-05)	(95, 0.0)	(100, 0.0)	(105, 1.1379358628623422e-06)	(110, 0.0)	(115, 0.0)	(120, 0.0)	(125, 0.0)	(130, 6.2586472457428825e-06)	(135, 0.0)	(140, 0.0)	(145, 0.0)	(150, 0.0)	
/ | scratch | karcher | fastqc | 240813_MG011_PRISMA_NovaSeq_final_for_Q | H5YFCDSXC_240813_MG_PRISMA_24s001116-1-1_Gross_lane1MG450 | H5YFCDSXC_240813_MG_PRISMA_24s001116-1-1_Gross_lane1MG450_2	(1, 0.001772335106408098)	(2, 0.00031862204160145585)	(3, 0.0)	(4, 0.0)	(5, 0.0)	(6, 0.0)	(7, 0.0)	(8, 0.0)	(9, 0.0)	(10, 0.0)	(15, 0.0)	(20, 0.0)	(25, 2.2758717257246845e-06)	(30, 0.0)	(35, 0.0)	(40, 0.0)	(45, 0.0)	(50, 0.0)	(55, 0.0)	(60, 1.4224198285779279e-05)	(65, 0.0)	(70, 0.0)	(75, 1.1379358628623422e-06)	(80, 1.7069037942935133e-06)	(85, 5.689679314311711e-07)	(90, 0.0)	(95, 0.0)	(100, 2.2189749325815675e-05)	(105, 1.1379358628623422e-06)	(110, 5.689679314311711e-07)	(115, 5.689679314311711e-07)	(120, 0.0)	(125, 2.2189749325815675e-05)	(130, 1.2517294491485765e-05)	(135, 0.0)	(140, 0.0)	(145, 0.0)	(150, 0.0)	
/ | scratch | karcher | fastqc | 240813_MG011_PRISMA_NovaSeq_final_for_Q | H5YFCDSXC_240813_MG_PRISMA_24s001116-1-1_Gross_lane1MG451 | H5YFCDSXC_240813_MG_PRISMA_24s001116-1-1_Gross_lane1MG451_1	(1, 0.0002263284396969849)	(2, 0.048837741139832004)	(3, 0.0)	(4, 0.0)	(5, 0.0)	(6, 0.0)	(7, 0.0)	(8, 0.0)	(9, 0.0)	(10, 3.1489174218710946e-05)	(15, 0.00019418324101538417)	(20, 8.397113124989585e-05)	(25, 0.00040804721591746265)	(30, 0.0012995844609847162)	(35, 8.725125356434492e-05)	(40, 1.0496391406236982e-05)	(45, 0.0)	(50, 0.0)	(55, 1.9680733886694343e-05)	(60, 5.510605488274415e-05)	(65, 2.2304831738253586e-05)	(70, 0.0)	(75, 6.560244628898114e-06)	(80, 6.757051967765058e-05)	(85, 7.937896000966718e-05)	(90, 4.460966347650717e-05)	(95, 0.0)	(100, 0.0)	(105, 7.872293554677737e-06)	(110, 6.560244628898113e-07)	(115, 0.0)	(120, 0.0)	(125, 0.0)	(130, 1.1152415869126793e-05)	(135, 0.0)	(140, 6.560244628898113e-07)	(145, 0.0)	(150, 0.0)	
/ | scratch | karcher | fastqc | 240813_MG011_PRISMA_NovaSeq_final_for_Q | H5YFCDSXC_240813_MG_PRISMA_24s001116-1-1_Gross_lane1MG451 | H5YFCDSXC_240813_MG_PRISMA_24s001116-1-1_Gross_lane1MG451_2	(1, 0.0016466214018534266)	(2, 0.00029521100830041513)	(3, 9.840366943347172e-06)	(4, 0.0)	(5, 3.280122314449057e-06)	(6, 0.0)	(7, 0.0)	(8, 0.0)	(9, 0.0)	(10, 0.0)	(15, 0.0)	(20, 0.0)	(25, 5.9042201660083024e-06)	(30, 0.0)	(35, 0.0)	(40, 0.0)	(45, 0.0)	(50, 6.560244628898113e-07)	(55, 0.0)	(60, 1.7712660498024905e-05)	(65, 0.0)	(70, 0.0)	(75, 3.936146777338868e-06)	(80, 4.59217124022868e-06)	(85, 3.936146777338868e-06)	(90, 0.0)	(95, 0.0)	(100, 2.2304831738253586e-05)	(105, 3.280122314449057e-06)	(110, 2.6240978515592454e-06)	(115, 1.968073388669434e-06)	(120, 0.0)	(125, 2.8209051904261888e-05)	(130, 2.1648807275363778e-05)	(135, 0.0)	(140, 0.0)	(145, 0.0)	(150, 0.0)	
/ | scratch | karcher | fastqc | 240813_MG011_PRISMA_NovaSeq_final_for_Q | H5YFCDSXC_240813_MG_PRISMA_24s001116-1-1_Gross_lane1MG452 | H5YFCDSXC_240813_MG_PRISMA_24s001116-1-1_Gross_lane1MG452_1	(1, 0.00024265767895978804)	(2, 0.04792113915622371)	(3, 2.501625556286475e-06)	(4, 0.0)	(5, 0.0)	(6, 0.0)	(7, 0.0)	(8, 0.0)	(9, 0.0)	(10, 3.202080712046688e-05)	(15, 0.00020863557139429203)	(20, 8.00520178011672e-05)	(25, 0.000388252286335661)	(30, 0.0012718264328160438)	(35, 0.00010256664780774547)	(40, 7.00455155760213e-06)	(45, 0.0)	(50, 0.0)	(55, 1.2508127781432373e-05)	(60, 5.7037062683331625e-05)	(65, 2.2514630006578276e-05)	(70, 0.0)	(75, 6.504226446344835e-06)	(80, 6.854454024224941e-05)	(85, 7.805071735613802e-05)	(90, 4.803121068070032e-05)	(95, 0.0)	(100, 0.0)	(105, 2.501625556286475e-06)	(110, 5.00325111257295e-07)	(115, 0.0)	(120, 0.0)	(125, 0.0)	(130, 1.1507477558917785e-05)	(135, 0.0)	(140, 2.00130044502918e-06)	(145, 0.0)	(150, 0.0)	
/ | scratch | karcher | fastqc | 240813_MG011_PRISMA_NovaSeq_final_for_Q | H5YFCDSXC_240813_MG_PRISMA_24s001116-1-1_Gross_lane1MG452 | H5YFCDSXC_240813_MG_PRISMA_24s001116-1-1_Gross_lane1MG452_2	(1, 0.0018937305461088614)	(2, 0.0003827487101118307)	(3, 7.5048766688594255e-06)	(4, 0.0)	(5, 1.00065022251459e-05)	(6, 0.0)	(7, 0.0)	(8, 0.0)	(9, 0.0)	(10, 0.0)	(15, 0.0)	(20, 0.0)	(25, 5.00325111257295e-06)	(30, 0.0)	(35, 0.0)	(40, 0.0)	(45, 0.0)	(50, 0.0)	(55, 0.0)	(60, 1.8512029116519913e-05)	(65, 0.0)	(70, 0.0)	(75, 2.00130044502918e-06)	(80, 3.00195066754377e-06)	(85, 1.500975333771885e-06)	(90, 0.0)	(95, 0.0)	(100, 2.301495511783557e-05)	(105, 3.00195066754377e-06)	(110, 2.00130044502918e-06)	(115, 2.00130044502918e-06)	(120, 0.0)	(125, 3.0019506675437702e-05)	(130, 1.801170400526262e-05)	(135, 0.0)	(140, 0.0)	(145, 0.0)	(150, 0.0)	
/ | scratch | karcher | fastqc | 240813_MG011_PRISMA_NovaSeq_final_for_Q | H5YFCDSXC_240813_MG_PRISMA_24s001116-1-1_Gross_lane1MG453 | H5YFCDSXC_240813_MG_PRISMA_24s001116-1-1_Gross_lane1MG453_1	(1, 0.00023164331543757457)	(2, 0.04873543713491132)	(3, 0.0)	(4, 0.0)	(5, 0.0)	(6, 0.0)	(7, 0.0)	(8, 0.0)	(9, 0.0)	(10, 2.4090904805507758e-05)	(15, 0.00018902094539706085)	(20, 9.636361922203103e-05)	(25, 0.0004044492287540052)	(30, 0.0013032252926517946)	(35, 8.20017336649014e-05)	(40, 4.632866308751491e-06)	(45, 0.0)	(50, 0.0)	(55, 5.55943957050179e-06)	(60, 4.864509624189066e-05)	(65, 1.6678318711505367e-05)	(70, 0.0)	(75, 3.243006416126044e-06)	(80, 4.864509624189066e-05)	(85, 5.605768233589305e-05)	(90, 2.7333911221633797e-05)	(95, 0.0)	(100, 0.0)	(105, 2.779719785250895e-06)	(110, 4.632866308751491e-07)	(115, 0.0)	(120, 0.0)	(125, 0.0)	(130, 5.55943957050179e-06)	(135, 0.0)	(140, 0.0)	(145, 0.0)	(150, 0.0)	
/ | scratch | karcher | fastqc | 240813_MG011_PRISMA_NovaSeq_final_for_Q | H5YFCDSXC_240813_MG_PRISMA_24s001116-1-1_Gross_lane1MG453 | H5YFCDSXC_240813_MG_PRISMA_24s001116-1-1_Gross_lane1MG453_2	(1, 0.0018369314914199663)	(2, 0.0003659964383913678)	(3, 0.0)	(4, 0.0)	(5, 0.0)	(6, 0.0)	(7, 0.0)	(8, 0.0)	(9, 0.0)	(10, 0.0)	(15, 0.0)	(20, 0.0)	(25, 2.3164331543757457e-06)	(30, 0.0)	(35, 0.0)	(40, 0.0)	(45, 0.0)	(50, 4.632866308751491e-07)	(55, 0.0)	(60, 1.111887914100358e-05)	(65, 0.0)	(70, 0.0)	(75, 2.779719785250895e-06)	(80, 2.3164331543757457e-06)	(85, 2.3164331543757457e-06)	(90, 0.0)	(95, 0.0)	(100, 1.3898598926254476e-05)	(105, 1.3898598926254474e-06)	(110, 1.3898598926254474e-06)	(115, 4.632866308751491e-07)	(120, 0.0)	(125, 1.9921325127631413e-05)	(130, 1.111887914100358e-05)	(135, 4.632866308751491e-07)	(140, 0.0)	(145, 0.0)	(150, 0.0)	
/ | scratch | karcher | fastqc | 240813_MG011_PRISMA_NovaSeq_final_for_Q | H5YFCDSXC_240813_MG_PRISMA_24s001116-1-1_Gross_lane1MG454 | H5YFCDSXC_240813_MG_PRISMA_24s001116-1-1_Gross_lane1MG454_1	(1, 0.0002514300801909188)	(2, 0.04836368985545826)	(3, 0.0)	(4, 0.0)	(5, 0.0)	(6, 0.0)	(7, 0.0)	(8, 0.0)	(9, 0.0)	(10, 2.546127394338418e-05)	(15, 0.00016040602584332036)	(20, 8.784139510467543e-05)	(25, 0.0003596404944503016)	(30, 0.0012348717862541328)	(35, 7.638382183015256e-05)	(40, 1.2094105123107488e-05)	(45, 0.0)	(50, 0.0)	(55, 1.2094105123107488e-05)	(60, 5.4105207129691394e-05)	(65, 1.8459423608953532e-05)	(70, 0.0)	(75, 5.728786637261442e-06)	(80, 6.047052561553743e-05)	(85, 6.492624855562967e-05)	(90, 4.773988864384534e-05)	(95, 0.0)	(100, 0.0)	(105, 1.9095955457538137e-06)	(110, 0.0)	(115, 0.0)	(120, 0.0)	(125, 0.0)	(130, 6.365318485846045e-06)	(135, 0.0)	(140, 0.0)	(145, 0.0)	(150, 0.0)	
/ | scratch | karcher | fastqc | 240813_MG011_PRISMA_NovaSeq_final_for_Q | H5YFCDSXC_240813_MG_PRISMA_24s001116-1-1_Gross_lane1MG454 | H5YFCDSXC_240813_MG_PRISMA_24s001116-1-1_Gross_lane1MG454_2	(1, 0.001661348124805818)	(2, 0.00029598730959184115)	(3, 0.0)	(4, 0.0)	(5, 0.0)	(6, 0.0)	(7, 0.0)	(8, 0.0)	(9, 0.0)	(10, 0.0)	(15, 0.0)	(20, 0.0)	(25, 4.455722940092233e-06)	(30, 0.0)	(35, 0.0)	(40, 0.0)	(45, 0.0)	(50, 0.0)	(55, 0.0)	(60, 1.7186359911784323e-05)	(65, 0.0)	(70, 0.0)	(75, 5.728786637261442e-06)	(80, 4.455722940092233e-06)	(85, 2.5461273943384186e-06)	(90, 0.0)	(95, 0.0)	(100, 2.4188210246214975e-05)	(105, 3.8191910915076275e-06)	(110, 1.9095955457538137e-06)	(115, 2.5461273943384186e-06)	(120, 0.0)	(125, 2.7370869489138e-05)	(130, 1.8459423608953532e-05)	(135, 6.365318485846046e-07)	(140, 0.0)	(145, 0.0)	(150, 0.0)	
/ | scratch | karcher | fastqc | 240813_MG011_PRISMA_NovaSeq_final_for_Q | H5YFCDSXC_240813_MG_PRISMA_24s001116-1-1_Gross_lane1MG455 | H5YFCDSXC_240813_MG_PRISMA_24s001116-1-1_Gross_lane1MG455_1	(1, 0.00022661317991318902)	(2, 0.04847539184818005)	(3, 0.0)	(4, 0.0)	(5, 0.0)	(6, 0.0)	(7, 0.0)	(8, 0.0)	(9, 0.0)	(10, 3.059277928828052e-05)	(15, 0.0001897885381772958)	(20, 9.347793671419048e-05)	(25, 0.00041356905334156995)	(30, 0.0012667676757147266)	(35, 9.461100261375641e-05)	(40, 4.5322635982637805e-06)	(45, 0.0)	(50, 0.0)	(55, 5.665329497829726e-06)	(60, 5.042143253068456e-05)	(65, 2.209478504153593e-05)	(70, 0.0)	(75, 2.832664748914863e-06)	(80, 5.4953696128948336e-05)	(85, 7.42158164215694e-05)	(90, 3.399197698697835e-05)	(95, 0.0)	(100, 0.0)	(105, 5.665329497829726e-07)	(110, 0.0)	(115, 0.0)	(120, 0.0)	(125, 0.0)	(130, 6.79839539739567e-06)	(135, 0.0)	(140, 5.665329497829726e-07)	(145, 0.0)	(150, 0.0)	
/ | scratch | karcher | fastqc | 240813_MG011_PRISMA_NovaSeq_final_for_Q | H5YFCDSXC_240813_MG_PRISMA_24s001116-1-1_Gross_lane1MG455 | H5YFCDSXC_240813_MG_PRISMA_24s001116-1-1_Gross_lane1MG455_2	(1, 0.0017619174738250445)	(2, 0.00035691575836327275)	(3, 2.832664748914863e-06)	(4, 0.0)	(5, 2.832664748914863e-06)	(6, 0.0)	(7, 0.0)	(8, 0.0)	(9, 0.0)	(10, 0.0)	(15, 0.0)	(20, 0.0)	(25, 3.399197698697835e-06)	(30, 0.0)	(35, 0.0)	(40, 0.0)	(45, 0.0)	(50, 0.0)	(55, 0.0)	(60, 9.064527196527561e-06)	(65, 0.0)	(70, 0.0)	(75, 1.1330658995659451e-06)	(80, 1.1330658995659451e-06)	(85, 1.1330658995659451e-06)	(90, 0.0)	(95, 0.0)	(100, 1.8695587342838095e-05)	(105, 1.1330658995659451e-06)	(110, 5.665329497829726e-07)	(115, 5.665329497829726e-07)	(120, 0.0)	(125, 2.492744979045079e-05)	(130, 9.631060146310534e-06)	(135, 0.0)	(140, 0.0)	(145, 0.0)	(150, 0.0)	
/ | scratch | karcher | fastqc | 240813_MG011_PRISMA_NovaSeq_final_for_Q | H5YFCDSXC_240813_MG_PRISMA_24s001116-1-1_Gross_lane1MG456 | H5YFCDSXC_240813_MG_PRISMA_24s001116-1-1_Gross_lane1MG456_1	(1, 0.00024382232379679622)	(2, 0.04863942767023268)	(3, 0.0)	(4, 0.0)	(5, 0.0)	(6, 0.0)	(7, 0.0)	(8, 0.0)	(9, 0.0)	(10, 2.6257788716578057e-05)	(15, 0.00017630229566845265)	(20, 8.69007769429607e-05)	(25, 0.0003807379363903818)	(30, 0.0012247382879946765)	(35, 8.815114783422632e-05)	(40, 8.127410793226541e-06)	(45, 0.0)	(50, 0.0)	(55, 9.377781684492163e-06)	(60, 5.064002109625768e-05)	(65, 1.9380748814617136e-05)	(70, 0.0)	(75, 3.1259272281640543e-06)	(80, 5.2515577433156115e-05)	(85, 6.251854456328108e-05)	(90, 3.813631218360146e-05)	(95, 0.0)	(100, 0.0)	(105, 2.500741782531243e-06)	(110, 0.0)	(115, 0.0)	(120, 0.0)	(125, 0.0)	(130, 7.502225347593731e-06)	(135, 0.0)	(140, 0.0)	(145, 0.0)	(150, 0.0)	
/ | scratch | karcher | fastqc | 240813_MG011_PRISMA_NovaSeq_final_for_Q | H5YFCDSXC_240813_MG_PRISMA_24s001116-1-1_Gross_lane1MG456 | H5YFCDSXC_240813_MG_PRISMA_24s001116-1-1_Gross_lane1MG456_2	(1, 0.001616104376960816)	(2, 0.0003751112673796865)	(3, 0.0)	(4, 0.0)	(5, 0.0)	(6, 0.0)	(7, 0.0)	(8, 0.0)	(9, 0.0)	(10, 0.0)	(15, 0.0)	(20, 0.0)	(25, 3.1259272281640543e-06)	(30, 0.0)	(35, 0.0)	(40, 0.0)	(45, 0.0)	(50, 1.2503708912656216e-06)	(55, 0.0)	(60, 1.2503708912656217e-05)	(65, 0.0)	(70, 0.0)	(75, 1.8755563368984327e-06)	(80, 2.500741782531243e-06)	(85, 1.2503708912656216e-06)	(90, 0.0)	(95, 0.0)	(100, 2.0005934260249945e-05)	(105, 1.8755563368984327e-06)	(110, 1.8755563368984327e-06)	(115, 1.2503708912656216e-06)	(120, 0.0)	(125, 2.375704693404681e-05)	(130, 1.1878523467023406e-05)	(135, 0.0)	(140, 0.0)	(145, 0.0)	(150, 0.0)	
/ | scratch | karcher | fastqc | 240813_MG011_PRISMA_NovaSeq_final_for_Q | H5YFCDSXC_240813_MG_PRISMA_24s001116-1-1_Gross_lane1MG457 | H5YFCDSXC_240813_MG_PRISMA_24s001116-1-1_Gross_lane1MG457_1	(1, 0.00025588823566119186)	(2, 0.04800463301003959)	(3, 0.0)	(4, 0.0)	(5, 0.0)	(6, 0.0)	(7, 0.0)	(8, 0.0)	(9, 0.0)	(10, 2.9341851022483328e-05)	(15, 0.00018765137281820732)	(20, 9.211976483802905e-05)	(25, 0.000431256973167662)	(30, 0.0012610172253383534)	(35, 8.939029032430969e-05)	(40, 7.506054912728293e-06)	(45, 0.0)	(50, 0.0)	(55, 1.1600266683307364e-05)	(60, 6.891923147141432e-05)	(65, 2.524763925190426e-05)	(70, 0.0)	(75, 4.094211770579069e-06)	(80, 7.574291775571278e-05)	(85, 7.983712952629185e-05)	(90, 4.5718698104799606e-05)	(95, 0.0)	(100, 0.0)	(105, 4.776580399008914e-06)	(110, 6.823686284298449e-07)	(115, 0.0)	(120, 0.0)	(125, 0.0)	(130, 9.553160798017828e-06)	(135, 0.0)	(140, 0.0)	(145, 0.0)	(150, 0.0)	
/ | scratch | karcher | fastqc | 240813_MG011_PRISMA_NovaSeq_final_for_Q | H5YFCDSXC_240813_MG_PRISMA_24s001116-1-1_Gross_lane1MG457 | H5YFCDSXC_240813_MG_PRISMA_24s001116-1-1_Gross_lane1MG457_2	(1, 0.0018355716104762828)	(2, 0.0003684790593521162)	(3, 3.411843142149225e-06)	(4, 0.0)	(5, 3.411843142149225e-06)	(6, 0.0)	(7, 0.0)	(8, 0.0)	(9, 0.0)	(10, 0.0)	(15, 0.0)	(20, 0.0)	(25, 6.82368628429845e-06)	(30, 6.823686284298449e-07)	(35, 0.0)	(40, 0.0)	(45, 0.0)	(50, 6.823686284298449e-07)	(55, 0.0)	(60, 1.6376847082316275e-05)	(65, 0.0)	(70, 0.0)	(75, 3.411843142149225e-06)	(80, 3.411843142149225e-06)	(85, 2.7294745137193796e-06)	(90, 0.0)	(95, 0.0)	(100, 2.4565270623474418e-05)	(105, 2.7294745137193796e-06)	(110, 3.411843142149225e-06)	(115, 1.3647372568596898e-06)	(120, 0.0)	(125, 2.9341851022483328e-05)	(130, 1.5012109825456587e-05)	(135, 1.3647372568596898e-06)	(140, 0.0)	(145, 0.0)	(150, 0.0)	
/ | scratch | karcher | fastqc | 240813_MG011_PRISMA_NovaSeq_final_for_Q | H5YFCDSXC_240813_MG_PRISMA_24s001116-1-1_Gross_lane1MG458 | H5YFCDSXC_240813_MG_PRISMA_24s001116-1-1_Gross_lane1MG458_1	(1, 0.00020850199461478443)	(2, 0.04880575595818883)	(3, 0.0)	(4, 0.0)	(5, 0.0)	(6, 0.0)	(7, 0.0)	(8, 0.0)	(9, 0.0)	(10, 2.6062749326848054e-05)	(15, 0.00017852983288890918)	(20, 8.600707277859857e-05)	(25, 0.00039745692723443276)	(30, 0.0012282070620277146)	(35, 9.447746630982419e-05)	(40, 1.433451212976643e-05)	(45, 0.0)	(50, 0.0)	(55, 2.019863072830724e-05)	(60, 5.603491105272331e-05)	(65, 2.2804905660992046e-05)	(70, 0.0)	(75, 1.0425099730739222e-05)	(80, 7.036942318248975e-05)	(85, 8.079452291322897e-05)	(90, 5.5383342319552114e-05)	(95, 0.0)	(100, 0.0)	(105, 6.515687331712013e-06)	(110, 0.0)	(115, 0.0)	(120, 0.0)	(125, 0.0)	(130, 1.1076668463910422e-05)	(135, 0.0)	(140, 0.0)	(145, 0.0)	(150, 0.0)	
/ | scratch | karcher | fastqc | 240813_MG011_PRISMA_NovaSeq_final_for_Q | H5YFCDSXC_240813_MG_PRISMA_24s001116-1-1_Gross_lane1MG458 | H5YFCDSXC_240813_MG_PRISMA_24s001116-1-1_Gross_lane1MG458_2	(1, 0.0016712738005841314)	(2, 0.00032578436658560066)	(3, 6.515687331712013e-06)	(4, 0.0)	(5, 0.0)	(6, 0.0)	(7, 0.0)	(8, 0.0)	(9, 0.0)	(10, 0.0)	(15, 0.0)	(20, 0.0)	(25, 9.77353099756802e-06)	(30, 0.0)	(35, 0.0)	(40, 0.0)	(45, 0.0)	(50, 1.3031374663424027e-06)	(55, 0.0)	(60, 2.019863072830724e-05)	(65, 0.0)	(70, 0.0)	(75, 6.515687331712013e-06)	(80, 9.121962264396818e-06)	(85, 5.212549865369611e-06)	(90, 0.0)	(95, 0.0)	(100, 2.2804905660992046e-05)	(105, 5.864118598540812e-06)	(110, 4.560981132198409e-06)	(115, 4.560981132198409e-06)	(120, 0.0)	(125, 3.518471159124487e-05)	(130, 2.8017455526361656e-05)	(135, 0.0)	(140, 0.0)	(145, 0.0)	(150, 0.0)	
/ | scratch | karcher | fastqc | 240813_MG011_PRISMA_NovaSeq_final_for_Q | H5YFCDSXC_240813_MG_PRISMA_24s001116-1-1_Gross_lane1MG459 | H5YFCDSXC_240813_MG_PRISMA_24s001116-1-1_Gross_lane1MG459_1	(1, 0.00023591117598988111)	(2, 0.048568932598306996)	(3, 0.0)	(4, 0.0)	(5, 0.0)	(6, 0.0)	(7, 0.0)	(8, 0.0)	(9, 0.0)	(10, 2.589269004766988e-05)	(15, 0.0001967844443622911)	(20, 9.78168290689751e-05)	(25, 0.0003843625989298551)	(30, 0.0012883051781496192)	(35, 9.148750483510025e-05)	(40, 5.178538009533976e-06)	(45, 0.0)	(50, 0.0)	(55, 6.3293242338748595e-06)	(60, 4.660684208580578e-05)	(65, 1.611100714077237e-05)	(70, 0.0)	(75, 3.4523586730226506e-06)	(80, 4.7182235197976224e-05)	(85, 5.2936166319680646e-05)	(90, 2.7618869384181205e-05)	(95, 0.0)	(100, 0.0)	(105, 1.1507862243408836e-06)	(110, 0.0)	(115, 0.0)	(120, 0.0)	(125, 0.0)	(130, 5.178538009533976e-06)	(135, 0.0)	(140, 5.753931121704418e-07)	(145, 0.0)	(150, 0.0)	
/ | scratch | karcher | fastqc | 240813_MG011_PRISMA_NovaSeq_final_for_Q | H5YFCDSXC_240813_MG_PRISMA_24s001116-1-1_Gross_lane1MG459 | H5YFCDSXC_240813_MG_PRISMA_24s001116-1-1_Gross_lane1MG459_2	(1, 0.0018498888556279704)	(2, 0.0003394819361805607)	(3, 2.876965560852209e-06)	(4, 0.0)	(5, 2.876965560852209e-06)	(6, 0.0)	(7, 0.0)	(8, 0.0)	(9, 0.0)	(10, 0.0)	(15, 0.0)	(20, 0.0)	(25, 1.1507862243408836e-06)	(30, 0.0)	(35, 0.0)	(40, 0.0)	(45, 0.0)	(50, 0.0)	(55, 0.0)	(60, 1.0357076019067952e-05)	(65, 0.0)	(70, 0.0)	(75, 2.301572448681767e-06)	(80, 5.753931121704418e-07)	(85, 1.7261793365113253e-06)	(90, 0.0)	(95, 0.0)	(100, 1.4960220916431487e-05)	(105, 1.1507862243408836e-06)	(110, 5.753931121704418e-07)	(115, 5.753931121704418e-07)	(120, 0.0)	(125, 2.1289545150306345e-05)	(130, 1.0932469131238393e-05)	(135, 0.0)	(140, 0.0)	(145, 0.0)	(150, 0.0)	
/ | scratch | karcher | fastqc | 240813_MG011_PRISMA_NovaSeq_final_for_Q | H5YFCDSXC_240813_MG_PRISMA_24s001116-1-1_Gross_lane1MG460 | H5YFCDSXC_240813_MG_PRISMA_24s001116-1-1_Gross_lane1MG460_1	(1, 0.0002741592184440036)	(2, 0.04822687022426903)	(3, 0.0)	(4, 0.0)	(5, 0.0)	(6, 0.0)	(7, 0.0)	(8, 0.0)	(9, 0.0)	(10, 3.370397731329952e-05)	(15, 0.00017858077531673626)	(20, 0.00010865759850257756)	(25, 0.0004381517050728938)	(30, 0.0013506743147195404)	(35, 9.457235425224343e-05)	(40, 8.048711000190931e-06)	(45, 0.0)	(50, 0.0)	(55, 8.551755437702865e-06)	(60, 6.388664356401552e-05)	(65, 2.9176577375692124e-05)	(70, 0.0)	(75, 3.0182666250715988e-06)	(80, 7.696579893932577e-05)	(85, 9.909975418985084e-05)	(90, 4.477095493856205e-05)	(95, 0.0)	(100, 0.0)	(105, 3.0182666250715988e-06)	(110, 0.0)	(115, 0.0)	(120, 0.0)	(125, 0.0)	(130, 8.551755437702865e-06)	(135, 0.0)	(140, 5.030444375119332e-07)	(145, 0.0)	(150, 0.0)	
/ | scratch | karcher | fastqc | 240813_MG011_PRISMA_NovaSeq_final_for_Q | H5YFCDSXC_240813_MG_PRISMA_24s001116-1-1_Gross_lane1MG460 | H5YFCDSXC_240813_MG_PRISMA_24s001116-1-1_Gross_lane1MG460_2	(1, 0.0017556250869166466)	(2, 0.0003445854396956742)	(3, 2.5152221875596658e-06)	(4, 0.0)	(5, 2.5152221875596658e-06)	(6, 0.0)	(7, 0.0)	(8, 0.0)	(9, 0.0)	(10, 0.0)	(15, 0.0)	(20, 0.0)	(25, 4.024355500095466e-06)	(30, 0.0)	(35, 0.0)	(40, 0.0)	(45, 0.0)	(50, 5.030444375119332e-07)	(55, 0.0)	(60, 2.213395525052506e-05)	(65, 0.0)	(70, 0.0)	(75, 1.5091333125357994e-06)	(80, 2.012177750047733e-06)	(85, 2.012177750047733e-06)	(90, 0.0)	(95, 0.0)	(100, 2.565526631310859e-05)	(105, 2.012177750047733e-06)	(110, 2.5152221875596658e-06)	(115, 1.0060888750238664e-06)	(120, 0.0)	(125, 3.370397731329952e-05)	(130, 1.4085244250334129e-05)	(135, 0.0)	(140, 0.0)	(145, 0.0)	(150, 0.0)	
/ | scratch | karcher | fastqc | 240813_MG011_PRISMA_NovaSeq_final_for_Q | H5YFCDSXC_240813_MG_PRISMA_24s001116-1-1_Gross_lane1MG461 | H5YFCDSXC_240813_MG_PRISMA_24s001116-1-1_Gross_lane1MG461_2	(1, 0.0017897078140730101)	(2, 0.00033833698958624043)	(3, 0.0)	(4, 0.0)	(5, 0.0)	(6, 0.0)	(7, 0.0)	(8, 0.0)	(9, 0.0)	(10, 0.0)	(15, 0.0)	(20, 0.0)	(25, 1.2648111760233286e-06)	(30, 0.0)	(35, 0.0)	(40, 0.0)	(45, 0.0)	(50, 0.0)	(55, 0.0)	(60, 1.0750894996198295e-05)	(65, 0.0)	(70, 0.0)	(75, 1.2648111760233286e-06)	(80, 1.2648111760233286e-06)	(85, 6.324055880116643e-07)	(90, 0.0)	(95, 0.0)	(100, 1.454532852426828e-05)	(105, 1.897216764034993e-06)	(110, 6.324055880116643e-07)	(115, 6.324055880116643e-07)	(120, 0.0)	(125, 1.77073564643266e-05)	(130, 7.588867056139972e-06)	(135, 0.0)	(140, 0.0)	(145, 0.0)	(150, 0.0)	
/ | scratch | karcher | fastqc | 240813_MG011_PRISMA_NovaSeq_final_for_Q | H5YFCDSXC_240813_MG_PRISMA_24s001116-1-1_Gross_lane1MG462 | H5YFCDSXC_240813_MG_PRISMA_24s001116-1-1_Gross_lane1MG462_1	(1, 0.00023318334941914605)	(2, 0.048113497763483795)	(3, 0.0)	(4, 0.0)	(5, 0.0)	(6, 0.0)	(7, 0.0)	(8, 0.0)	(9, 0.0)	(10, 2.2454692907028875e-05)	(15, 0.00018194058868259297)	(20, 8.463691941880115e-05)	(25, 0.0004024571882567483)	(30, 0.0012563112800804362)	(35, 8.060658992266776e-05)	(40, 5.181852209314356e-06)	(45, 0.0)	(50, 0.0)	(55, 6.909136279085809e-06)	(60, 5.9303419728819854e-05)	(65, 1.727284069771452e-05)	(70, 0.0)	(75, 3.4545681395429046e-06)	(80, 5.4121567519505496e-05)	(85, 6.736407872108663e-05)	(90, 2.87880678295242e-05)	(95, 0.0)	(100, 0.0)	(105, 1.7272840697714523e-06)	(110, 0.0)	(115, 0.0)	(120, 0.0)	(125, 0.0)	(130, 6.333374922495324e-06)	(135, 0.0)	(140, 0.0)	(145, 0.0)	(150, 0.0)	
/ | scratch | karcher | fastqc | 240813_MG011_PRISMA_NovaSeq_final_for_Q | H5YFCDSXC_240813_MG_PRISMA_24s001116-1-1_Gross_lane1MG462 | H5YFCDSXC_240813_MG_PRISMA_24s001116-1-1_Gross_lane1MG462_2	(1, 0.001885618442833835)	(2, 0.00031666874612476623)	(3, 2.87880678295242e-06)	(4, 0.0)	(5, 0.0)	(6, 0.0)	(7, 0.0)	(8, 0.0)	(9, 0.0)	(10, 0.0)	(15, 0.0)	(20, 0.0)	(25, 2.3030454263619364e-06)	(30, 0.0)	(35, 0.0)	(40, 0.0)	(45, 0.0)	(50, 0.0)	(55, 0.0)	(60, 9.787943062038229e-06)	(65, 0.0)	(70, 0.0)	(75, 2.3030454263619364e-06)	(80, 1.7272840697714523e-06)	(85, 1.1515227131809682e-06)	(90, 0.0)	(95, 0.0)	(100, 1.842436341089549e-05)	(105, 1.1515227131809682e-06)	(110, 5.757613565904841e-07)	(115, 5.757613565904841e-07)	(120, 0.0)	(125, 2.0727408837257424e-05)	(130, 8.63642034885726e-06)	(135, 0.0)	(140, 0.0)	(145, 0.0)	(150, 0.0)	
/ | scratch | karcher | fastqc | 240813_MG011_PRISMA_NovaSeq_final_for_Q | H5YFCDSXC_240813_MG_PRISMA_24s001116-1-1_Gross_lane1MG463 | H5YFCDSXC_240813_MG_PRISMA_24s001116-1-1_Gross_lane1MG463_1	(1, 0.00019077787512120054)	(2, 0.04829590411542799)	(3, 0.0)	(4, 0.0)	(5, 0.0)	(6, 0.0)	(7, 0.0)	(8, 0.0)	(9, 0.0)	(10, 3.3628642394245516e-05)	(15, 0.00017396355392407776)	(20, 9.312547124560298e-05)	(25, 0.00039707666211666825)	(30, 0.0012791818203041854)	(35, 8.795183395418059e-05)	(40, 6.467046614277985e-06)	(45, 0.0)	(50, 0.0)	(55, 1.2287388567128171e-05)	(60, 5.302978223707947e-05)	(65, 1.8107730519978356e-05)	(70, 0.0)	(75, 5.820341952850186e-06)	(80, 5.820341952850186e-05)	(85, 6.337705681992424e-05)	(90, 3.880227968566791e-05)	(95, 0.0)	(100, 0.0)	(105, 1.293409322855597e-06)	(110, 0.0)	(115, 0.0)	(120, 0.0)	(125, 0.0)	(130, 7.760455937133582e-06)	(135, 0.0)	(140, 0.0)	(145, 0.0)	(150, 0.0)	
/ | scratch | karcher | fastqc | 240813_MG011_PRISMA_NovaSeq_final_for_Q | H5YFCDSXC_240813_MG_PRISMA_24s001116-1-1_Gross_lane1MG463 | H5YFCDSXC_240813_MG_PRISMA_24s001116-1-1_Gross_lane1MG463_2	(1, 0.0017590366790836117)	(2, 0.0003589210870924281)	(3, 0.0)	(4, 0.0)	(5, 0.0)	(6, 0.0)	(7, 0.0)	(8, 0.0)	(9, 0.0)	(10, 0.0)	(15, 0.0)	(20, 0.0)	(25, 3.2335233071389926e-06)	(30, 0.0)	(35, 0.0)	(40, 0.0)	(45, 0.0)	(50, 6.467046614277985e-07)	(55, 0.0)	(60, 1.3580797889983766e-05)	(65, 0.0)	(70, 0.0)	(75, 3.880227968566791e-06)	(80, 2.586818645711194e-06)	(85, 2.586818645711194e-06)	(90, 0.0)	(95, 0.0)	(100, 2.004784450426175e-05)	(105, 3.880227968566791e-06)	(110, 6.467046614277985e-07)	(115, 1.293409322855597e-06)	(120, 0.0)	(125, 2.3928072472828542e-05)	(130, 1.746102585855056e-05)	(135, 1.293409322855597e-06)	(140, 0.0)	(145, 0.0)	(150, 0.0)	
/ | scratch | karcher | fastqc | 240813_MG011_PRISMA_NovaSeq_final_for_Q | H5YFCDSXC_240813_MG_PRISMA_24s001116-1-1_Gross_lane1MG464 | H5YFCDSXC_240813_MG_PRISMA_24s001116-1-1_Gross_lane1MG464_1	(1, 0.0002571292482923958)	(2, 0.04864176055627874)	(3, 0.0)	(4, 0.0)	(5, 0.0)	(6, 0.0)	(7, 0.0)	(8, 0.0)	(9, 0.0)	(10, 2.719067912977059e-05)	(15, 0.00018678814358711972)	(20, 8.984746147228543e-05)	(25, 0.00039367374566146116)	(30, 0.001267913189855607)	(35, 8.6300851151011e-05)	(40, 2.9555086010620207e-06)	(45, 0.0)	(50, 0.0)	(55, 1.7733051606372124e-06)	(60, 4.787923933720474e-05)	(65, 1.5368644725522508e-05)	(70, 0.0)	(75, 1.1822034404248083e-06)	(80, 4.669703589677993e-05)	(85, 5.438135825954118e-05)	(90, 1.8915255046796932e-05)	(95, 0.0)	(100, 0.0)	(105, 0.0)	(110, 0.0)	(115, 0.0)	(120, 0.0)	(125, 0.0)	(130, 4.137712041486829e-06)	(135, 0.0)	(140, 0.0)	(145, 0.0)	(150, 0.0)	
/ | scratch | karcher | fastqc | 240813_MG011_PRISMA_NovaSeq_final_for_Q | H5YFCDSXC_240813_MG_PRISMA_24s001116-1-1_Gross_lane1MG464 | H5YFCDSXC_240813_MG_PRISMA_24s001116-1-1_Gross_lane1MG464_2	(1, 0.0017939937208446466)	(2, 0.0003310169633189463)	(3, 0.0)	(4, 0.0)	(5, 0.0)	(6, 0.0)	(7, 0.0)	(8, 0.0)	(9, 0.0)	(10, 0.0)	(15, 0.0)	(20, 0.0)	(25, 1.1822034404248083e-06)	(30, 0.0)	(35, 0.0)	(40, 0.0)	(45, 0.0)	(50, 0.0)	(55, 0.0)	(60, 1.004872924361087e-05)	(65, 0.0)	(70, 0.0)	(75, 1.1822034404248083e-06)	(80, 0.0)	(85, 5.911017202124041e-07)	(90, 0.0)	(95, 0.0)	(100, 1.4777543005310103e-05)	(105, 5.911017202124041e-07)	(110, 5.911017202124041e-07)	(115, 0.0)	(120, 0.0)	(125, 1.5959746445734912e-05)	(130, 6.502118922336445e-06)	(135, 0.0)	(140, 0.0)	(145, 0.0)	(150, 0.0)	
/ | scratch | karcher | fastqc | 240813_MG011_PRISMA_NovaSeq_final_for_Q | H5YFCDSXC_240813_MG_PRISMA_24s001116-1-1_Gross_lane1MG465 | H5YFCDSXC_240813_MG_PRISMA_24s001116-1-1_Gross_lane1MG465_1	(1, 0.0002095333617890384)	(2, 0.04817977885075335)	(3, 0.0)	(4, 0.0)	(5, 0.0)	(6, 0.0)	(7, 0.0)	(8, 0.0)	(9, 0.0)	(10, 3.0301747704876323e-05)	(15, 0.00018052105015671)	(20, 8.187919060679347e-05)	(25, 0.0003571737920957762)	(30, 0.0012475294001901209)	(35, 8.832637096953311e-05)	(40, 5.802462326465679e-06)	(45, 0.0)	(50, 0.0)	(55, 5.157744290191714e-06)	(60, 5.6090469155834895e-05)	(65, 2.1920413233314785e-05)	(70, 0.0)	(75, 3.223590181369821e-06)	(80, 5.8669341300930745e-05)	(85, 7.349785613523194e-05)	(90, 3.2880619849972176e-05)	(95, 0.0)	(100, 0.0)	(105, 1.2894360725479285e-06)	(110, 0.0)	(115, 0.0)	(120, 0.0)	(125, 0.0)	(130, 6.447180362739642e-06)	(135, 0.0)	(140, 0.0)	(145, 0.0)	(150, 0.0)	
/ | scratch | karcher | fastqc | 240813_MG011_PRISMA_NovaSeq_final_for_Q | H5YFCDSXC_240813_MG_PRISMA_24s001116-1-1_Gross_lane1MG465 | H5YFCDSXC_240813_MG_PRISMA_24s001116-1-1_Gross_lane1MG465_2	(1, 0.0018084340917484698)	(2, 0.0003126882475928727)	(3, 0.0)	(4, 0.0)	(5, 0.0)	(6, 0.0)	(7, 0.0)	(8, 0.0)	(9, 0.0)	(10, 0.0)	(15, 0.0)	(20, 0.0)	(25, 0.0)	(30, 0.0)	(35, 0.0)	(40, 0.0)	(45, 0.0)	(50, 0.0)	(55, 0.0)	(60, 1.4828514834301178e-05)	(65, 0.0)	(70, 0.0)	(75, 1.2894360725479285e-06)	(80, 0.0)	(85, 6.447180362739643e-07)	(90, 0.0)	(95, 0.0)	(100, 2.0630977160766857e-05)	(105, 6.447180362739643e-07)	(110, 0.0)	(115, 0.0)	(120, 0.0)	(125, 2.3209849305862716e-05)	(130, 9.670770544109464e-06)	(135, 0.0)	(140, 0.0)	(145, 0.0)	(150, 0.0)	
/ | scratch | karcher | fastqc | 240813_MG011_PRISMA_NovaSeq_final_for_Q | H5YFCDSXC_240813_MG_PRISMA_24s001116-1-1_Gross_lane1MG466 | H5YFCDSXC_240813_MG_PRISMA_24s001116-1-1_Gross_lane1MG466_1	(1, 0.0002234357626553935)	(2, 0.047980401380651676)	(3, 0.0)	(4, 0.0)	(5, 0.0)	(6, 0.0)	(7, 0.0)	(8, 0.0)	(9, 0.0)	(10, 2.396267599492626e-05)	(15, 0.00018004388990782433)	(20, 9.714598376321456e-05)	(25, 0.00040995605148076545)	(30, 0.0012739076670816203)	(35, 9.196486462917646e-05)	(40, 5.18111913403811e-06)	(45, 0.0)	(50, 0.0)	(55, 6.476398917547637e-06)	(60, 6.023050993319303e-05)	(65, 1.4895717510359567e-05)	(70, 0.0)	(75, 3.885839350528582e-06)	(80, 5.116355144862634e-05)	(85, 6.735454874249543e-05)	(90, 2.6553235561945314e-05)	(95, 0.0)	(100, 0.0)	(105, 1.2952797835095275e-06)	(110, 0.0)	(115, 0.0)	(120, 0.0)	(125, 0.0)	(130, 5.18111913403811e-06)	(135, 0.0)	(140, 6.476398917547638e-07)	(145, 0.0)	(150, 0.0)	
/ | scratch | karcher | fastqc | 240813_MG011_PRISMA_NovaSeq_final_for_Q | H5YFCDSXC_240813_MG_PRISMA_24s001116-1-1_Gross_lane1MG466 | H5YFCDSXC_240813_MG_PRISMA_24s001116-1-1_Gross_lane1MG466_2	(1, 0.0018004388990782432)	(2, 0.00036591653884144156)	(3, 3.2381994587738185e-06)	(4, 0.0)	(5, 0.0)	(6, 0.0)	(7, 0.0)	(8, 0.0)	(9, 0.0)	(10, 0.0)	(15, 0.0)	(20, 0.0)	(25, 1.2952797835095275e-06)	(30, 0.0)	(35, 0.0)	(40, 0.0)	(45, 0.0)	(50, 0.0)	(55, 0.0)	(60, 1.036223826807622e-05)	(65, 0.0)	(70, 0.0)	(75, 1.2952797835095275e-06)	(80, 6.476398917547638e-07)	(85, 1.2952797835095275e-06)	(90, 0.0)	(95, 0.0)	(100, 1.878155686088815e-05)	(105, 1.942919675264291e-06)	(110, 0.0)	(115, 0.0)	(120, 0.0)	(125, 1.8133916969133387e-05)	(130, 1.036223826807622e-05)	(135, 0.0)	(140, 0.0)	(145, 0.0)	(150, 0.0)	
/ | scratch | karcher | fastqc | 240813_MG011_PRISMA_NovaSeq_final_for_Q | H5YFCDSXC_240813_MG_PRISMA_24s001116-1-1_Gross_lane1MG467 | H5YFCDSXC_240813_MG_PRISMA_24s001116-1-1_Gross_lane1MG467_1	(1, 0.00023934697289955005)	(2, 0.04793521499745739)	(3, 0.0)	(4, 0.0)	(5, 0.0)	(6, 0.0)	(7, 0.0)	(8, 0.0)	(9, 0.0)	(10, 2.572979958670163e-05)	(15, 0.00018908410859064454)	(20, 8.317307308259365e-05)	(25, 0.00037098780799430257)	(30, 0.0012631536494773752)	(35, 8.736164510833578e-05)	(40, 5.983674322488751e-06)	(45, 0.0)	(50, 0.0)	(55, 7.778776619235376e-06)	(60, 6.1033478089385263e-05)	(65, 2.4533064722203878e-05)	(70, 0.0)	(75, 2.9918371612443757e-06)	(80, 6.821388727637177e-05)	(85, 8.496817537934027e-05)	(90, 4.547592485091451e-05)	(95, 0.0)	(100, 0.0)	(105, 1.1967348644977504e-06)	(110, 0.0)	(115, 0.0)	(120, 0.0)	(125, 0.0)	(130, 9.573878915982003e-06)	(135, 0.0)	(140, 0.0)	(145, 0.0)	(150, 0.0)	
/ | scratch | karcher | fastqc | 240813_MG011_PRISMA_NovaSeq_final_for_Q | H5YFCDSXC_240813_MG_PRISMA_24s001116-1-1_Gross_lane1MG467 | H5YFCDSXC_240813_MG_PRISMA_24s001116-1-1_Gross_lane1MG467_2	(1, 0.0017921104595853812)	(2, 0.00029619187896319315)	(3, 0.0)	(4, 0.0)	(5, 0.0)	(6, 0.0)	(7, 0.0)	(8, 0.0)	(9, 0.0)	(10, 0.0)	(15, 0.0)	(20, 0.0)	(25, 1.1967348644977504e-06)	(30, 0.0)	(35, 0.0)	(40, 0.0)	(45, 0.0)	(50, 0.0)	(55, 0.0)	(60, 1.7951022967466255e-05)	(65, 0.0)	(70, 0.0)	(75, 0.0)	(80, 5.983674322488752e-07)	(85, 0.0)	(90, 0.0)	(95, 0.0)	(100, 2.2737962425457254e-05)	(105, 1.1967348644977504e-06)	(110, 5.983674322488752e-07)	(115, 0.0)	(120, 0.0)	(125, 3.0516739044692632e-05)	(130, 1.1368981212728627e-05)	(135, 0.0)	(140, 0.0)	(145, 0.0)	(150, 0.0)	
/ | scratch | karcher | fastqc | 240813_MG011_PRISMA_NovaSeq_final_for_Q | H5YFCDSXC_240813_MG_PRISMA_24s001116-1-1_Gross_lane1MG468 | H5YFCDSXC_240813_MG_PRISMA_24s001116-1-1_Gross_lane1MG468_1	(1, 0.00022041184782838823)	(2, 0.04847038525180244)	(3, 0.0)	(4, 0.0)	(5, 0.0)	(6, 0.0)	(7, 0.0)	(8, 0.0)	(9, 0.0)	(10, 2.3861099122706246e-05)	(15, 0.00018320471021332087)	(20, 9.665767271740329e-05)	(25, 0.00040887408835688164)	(30, 0.0013058896452070928)	(35, 7.320099900355645e-05)	(40, 6.875231950610275e-06)	(45, 0.0)	(50, 0.0)	(55, 1.0919486039204555e-05)	(60, 5.136202692514735e-05)	(65, 2.183897207840911e-05)	(70, 0.0)	(75, 4.448679497453707e-06)	(80, 6.025938592005477e-05)	(85, 7.481870063899417e-05)	(90, 4.6104496609974786e-05)	(95, 0.0)	(100, 0.0)	(105, 2.02212704429714e-06)	(110, 4.044254088594279e-07)	(115, 0.0)	(120, 0.0)	(125, 0.0)	(130, 8.492933586047986e-06)	(135, 0.0)	(140, 4.044254088594279e-07)	(145, 0.0)	(150, 0.0)	
/ | scratch | karcher | fastqc | 240813_MG011_PRISMA_NovaSeq_final_for_Q | H5YFCDSXC_240813_MG_PRISMA_24s001116-1-1_Gross_lane1MG468 | H5YFCDSXC_240813_MG_PRISMA_24s001116-1-1_Gross_lane1MG468_2	(1, 0.0017410513851398373)	(2, 0.0002992748025559767)	(3, 2.02212704429714e-06)	(4, 0.0)	(5, 4.04425408859428e-06)	(6, 0.0)	(7, 0.0)	(8, 0.0)	(9, 0.0)	(10, 0.0)	(15, 0.0)	(20, 0.0)	(25, 3.235403270875423e-06)	(30, 4.044254088594279e-07)	(35, 0.0)	(40, 0.0)	(45, 0.0)	(50, 4.044254088594279e-07)	(55, 0.0)	(60, 1.6581441763236546e-05)	(65, 0.0)	(70, 0.0)	(75, 3.6398286797348513e-06)	(80, 2.4265524531565677e-06)	(85, 3.235403270875423e-06)	(90, 0.0)	(95, 0.0)	(100, 2.2647822896127963e-05)	(105, 2.4265524531565677e-06)	(110, 1.6177016354377116e-06)	(115, 8.088508177188558e-07)	(120, 0.0)	(125, 3.154518189103538e-05)	(130, 1.6985867172095972e-05)	(135, 8.088508177188558e-07)	(140, 0.0)	(145, 0.0)	(150, 0.0)	
