Sample	0	1	2	3	4	5	6	7	8	9	10	11	12	13	14	15	16	17	18	19	20	21	22	23	24	25	26	27	28	29	30
/ | scratch | karcher | fastqc | 230111_PRISMA_Batch1_P3_for_Q | AAAY7KJHV_230111_MG_Batch1_23s000063-1-1_Gross_lane1MG1 | AAAY7KJHV_230111_MG_Batch1_23s000063-1-1_Gross_lane1MG1_1	(17.0, 6.0)	(18.0, 70.0)	(19.0, 680.0)	(20.0, 4592.0)	(21.0, 16592.0)	(22.0, 39135.0)	(23.0, 68323.0)	(24.0, 117801.0)	(25.0, 196087.0)	(26.0, 322140.0)	(27.0, 501960.0)	(28.0, 768937.0)	(29.0, 1114311.0)	(30.0, 1658166.0)	(31.0, 2611162.0)	(32.0, 6395281.0)	(33.0, 42819851.0)	(34.0, 1209125.0)													
/ | scratch | karcher | fastqc | 230111_PRISMA_Batch1_P3_for_Q | AAAY7KJHV_230111_MG_Batch1_23s000063-1-1_Gross_lane1MG1 | AAAY7KJHV_230111_MG_Batch1_23s000063-1-1_Gross_lane1MG1_2	(14.0, 5.0)	(15.0, 8.0)	(16.0, 73.0)	(17.0, 465.0)	(18.0, 2480.0)	(19.0, 8731.0)	(20.0, 21740.0)	(21.0, 38351.0)	(22.0, 59338.0)	(23.0, 88326.0)	(24.0, 141661.0)	(25.0, 221313.0)	(26.0, 351143.0)	(27.0, 528519.0)	(28.0, 802579.0)	(29.0, 1190263.0)	(30.0, 1905011.0)	(31.0, 3466711.0)	(32.0, 10884458.0)	(33.0, 37741929.0)	(34.0, 391115.0)										
/ | scratch | karcher | fastqc | 230111_PRISMA_Batch1_P3_for_Q | AAAY7KJHV_230111_MG_Batch1_23s000063-1-1_Gross_lane1MG10 | AAAY7KJHV_230111_MG_Batch1_23s000063-1-1_Gross_lane1MG10_1	(17.0, 4.0)	(18.0, 38.0)	(19.0, 481.0)	(20.0, 3257.0)	(21.0, 11817.0)	(22.0, 28161.0)	(23.0, 50092.0)	(24.0, 86145.0)	(25.0, 141973.0)	(26.0, 232210.0)	(27.0, 360184.0)	(28.0, 553946.0)	(29.0, 802627.0)	(30.0, 1208125.0)	(31.0, 1933261.0)	(32.0, 4868522.0)	(33.0, 30225156.0)	(34.0, 798618.0)													
/ | scratch | karcher | fastqc | 230111_PRISMA_Batch1_P3_for_Q | AAAY7KJHV_230111_MG_Batch1_23s000063-1-1_Gross_lane1MG10 | AAAY7KJHV_230111_MG_Batch1_23s000063-1-1_Gross_lane1MG10_2	(13.0, 2.0)	(14.0, 2.0)	(15.0, 9.0)	(16.0, 55.0)	(17.0, 338.0)	(18.0, 1678.0)	(19.0, 6055.0)	(20.0, 15868.0)	(21.0, 29439.0)	(22.0, 48014.0)	(23.0, 72443.0)	(24.0, 113727.0)	(25.0, 176320.0)	(26.0, 274311.0)	(27.0, 407544.0)	(28.0, 615187.0)	(29.0, 913053.0)	(30.0, 1475012.0)	(31.0, 2753143.0)	(32.0, 8613166.0)	(33.0, 25567752.0)	(34.0, 221499.0)									
/ | scratch | karcher | fastqc | 230111_PRISMA_Batch1_P3_for_Q | AAAY7KJHV_230111_MG_Batch1_23s000063-1-1_Gross_lane1MG11 | AAAY7KJHV_230111_MG_Batch1_23s000063-1-1_Gross_lane1MG11_1	(17.0, 1.0)	(18.0, 54.0)	(19.0, 635.0)	(20.0, 4259.0)	(21.0, 15072.0)	(22.0, 34176.0)	(23.0, 59388.0)	(24.0, 97661.0)	(25.0, 157586.0)	(26.0, 253197.0)	(27.0, 386844.0)	(28.0, 588189.0)	(29.0, 845959.0)	(30.0, 1258449.0)	(31.0, 1977606.0)	(32.0, 4788740.0)	(33.0, 31400933.0)	(34.0, 993414.0)													
/ | scratch | karcher | fastqc | 230111_PRISMA_Batch1_P3_for_Q | AAAY7KJHV_230111_MG_Batch1_23s000063-1-1_Gross_lane1MG11 | AAAY7KJHV_230111_MG_Batch1_23s000063-1-1_Gross_lane1MG11_2	(14.0, 7.0)	(15.0, 14.0)	(16.0, 63.0)	(17.0, 367.0)	(18.0, 1879.0)	(19.0, 6973.0)	(20.0, 17826.0)	(21.0, 32980.0)	(22.0, 52475.0)	(23.0, 78603.0)	(24.0, 122787.0)	(25.0, 188358.0)	(26.0, 290969.0)	(27.0, 428503.0)	(28.0, 642166.0)	(29.0, 942923.0)	(30.0, 1502879.0)	(31.0, 2749390.0)	(32.0, 8478339.0)	(33.0, 27058417.0)	(34.0, 266245.0)										
/ | scratch | karcher | fastqc | 230111_PRISMA_Batch1_P3_for_Q | AAAY7KJHV_230111_MG_Batch1_23s000063-1-1_Gross_lane1MG12 | AAAY7KJHV_230111_MG_Batch1_23s000063-1-1_Gross_lane1MG12_1	(18.0, 42.0)	(19.0, 462.0)	(20.0, 3442.0)	(21.0, 12174.0)	(22.0, 29074.0)	(23.0, 51665.0)	(24.0, 90140.0)	(25.0, 149973.0)	(26.0, 249434.0)	(27.0, 391581.0)	(28.0, 605802.0)	(29.0, 884871.0)	(30.0, 1336783.0)	(31.0, 2150937.0)	(32.0, 5502951.0)	(33.0, 33586328.0)	(34.0, 792802.0)														
/ | scratch | karcher | fastqc | 230111_PRISMA_Batch1_P3_for_Q | AAAY7KJHV_230111_MG_Batch1_23s000063-1-1_Gross_lane1MG12 | AAAY7KJHV_230111_MG_Batch1_23s000063-1-1_Gross_lane1MG12_2	(13.0, 1.0)	(14.0, 5.0)	(15.0, 15.0)	(16.0, 57.0)	(17.0, 358.0)	(18.0, 1759.0)	(19.0, 6120.0)	(20.0, 15847.0)	(21.0, 28797.0)	(22.0, 46382.0)	(23.0, 71116.0)	(24.0, 114013.0)	(25.0, 180223.0)	(26.0, 286609.0)	(27.0, 432279.0)	(28.0, 661655.0)	(29.0, 993998.0)	(30.0, 1620320.0)	(31.0, 3057821.0)	(32.0, 9732047.0)	(33.0, 28363553.0)	(34.0, 225486.0)									
/ | scratch | karcher | fastqc | 230111_PRISMA_Batch1_P3_for_Q | AAAY7KJHV_230111_MG_Batch1_23s000063-1-1_Gross_lane1MG13 | AAAY7KJHV_230111_MG_Batch1_23s000063-1-1_Gross_lane1MG13_1	(17.0, 1.0)	(18.0, 56.0)	(19.0, 688.0)	(20.0, 3912.0)	(21.0, 12756.0)	(22.0, 28108.0)	(23.0, 46954.0)	(24.0, 80294.0)	(25.0, 133573.0)	(26.0, 221873.0)	(27.0, 348047.0)	(28.0, 533567.0)	(29.0, 774648.0)	(30.0, 1171145.0)	(31.0, 1877630.0)	(32.0, 4839799.0)	(33.0, 28639696.0)	(34.0, 615572.0)													
/ | scratch | karcher | fastqc | 230111_PRISMA_Batch1_P3_for_Q | AAAY7KJHV_230111_MG_Batch1_23s000063-1-1_Gross_lane1MG13 | AAAY7KJHV_230111_MG_Batch1_23s000063-1-1_Gross_lane1MG13_2	(14.0, 1.0)	(15.0, 7.0)	(16.0, 67.0)	(17.0, 481.0)	(18.0, 2566.0)	(19.0, 8955.0)	(20.0, 20487.0)	(21.0, 32906.0)	(22.0, 46934.0)	(23.0, 67068.0)	(24.0, 103562.0)	(25.0, 160899.0)	(26.0, 253294.0)	(27.0, 377192.0)	(28.0, 574546.0)	(29.0, 856755.0)	(30.0, 1394552.0)	(31.0, 2608995.0)	(32.0, 8228057.0)	(33.0, 24389307.0)	(34.0, 201688.0)										
/ | scratch | karcher | fastqc | 230111_PRISMA_Batch1_P3_for_Q | AAAY7KJHV_230111_MG_Batch1_23s000063-1-1_Gross_lane1MG14 | AAAY7KJHV_230111_MG_Batch1_23s000063-1-1_Gross_lane1MG14_1	(17.0, 1.0)	(18.0, 52.0)	(19.0, 462.0)	(20.0, 3156.0)	(21.0, 11677.0)	(22.0, 27660.0)	(23.0, 48598.0)	(24.0, 83475.0)	(25.0, 136657.0)	(26.0, 224848.0)	(27.0, 353210.0)	(28.0, 547305.0)	(29.0, 802673.0)	(30.0, 1216020.0)	(31.0, 1954836.0)	(32.0, 4966215.0)	(33.0, 30947426.0)	(34.0, 775317.0)													
/ | scratch | karcher | fastqc | 230111_PRISMA_Batch1_P3_for_Q | AAAY7KJHV_230111_MG_Batch1_23s000063-1-1_Gross_lane1MG14 | AAAY7KJHV_230111_MG_Batch1_23s000063-1-1_Gross_lane1MG14_2	(13.0, 1.0)	(14.0, 2.0)	(15.0, 5.0)	(16.0, 58.0)	(17.0, 352.0)	(18.0, 1901.0)	(19.0, 6745.0)	(20.0, 16295.0)	(21.0, 28962.0)	(22.0, 44517.0)	(23.0, 64971.0)	(24.0, 102386.0)	(25.0, 160272.0)	(26.0, 253230.0)	(27.0, 383656.0)	(28.0, 588228.0)	(29.0, 885986.0)	(30.0, 1439688.0)	(31.0, 2697338.0)	(32.0, 8567921.0)	(33.0, 26626022.0)	(34.0, 231052.0)									
/ | scratch | karcher | fastqc | 230111_PRISMA_Batch1_P3_for_Q | AAAY7KJHV_230111_MG_Batch1_23s000063-1-1_Gross_lane1MG15 | AAAY7KJHV_230111_MG_Batch1_23s000063-1-1_Gross_lane1MG15_1	(17.0, 3.0)	(18.0, 37.0)	(19.0, 435.0)	(20.0, 2686.0)	(21.0, 10225.0)	(22.0, 24644.0)	(23.0, 45563.0)	(24.0, 79452.0)	(25.0, 132098.0)	(26.0, 216456.0)	(27.0, 335979.0)	(28.0, 516366.0)	(29.0, 749859.0)	(30.0, 1128655.0)	(31.0, 1815479.0)	(32.0, 4616735.0)	(33.0, 28204588.0)	(34.0, 724445.0)													
/ | scratch | karcher | fastqc | 230111_PRISMA_Batch1_P3_for_Q | AAAY7KJHV_230111_MG_Batch1_23s000063-1-1_Gross_lane1MG15 | AAAY7KJHV_230111_MG_Batch1_23s000063-1-1_Gross_lane1MG15_2	(13.0, 1.0)	(14.0, 4.0)	(15.0, 9.0)	(16.0, 58.0)	(17.0, 327.0)	(18.0, 1791.0)	(19.0, 6587.0)	(20.0, 16283.0)	(21.0, 29613.0)	(22.0, 46952.0)	(23.0, 70870.0)	(24.0, 111793.0)	(25.0, 171726.0)	(26.0, 266231.0)	(27.0, 391931.0)	(28.0, 588716.0)	(29.0, 872831.0)	(30.0, 1409888.0)	(31.0, 2652610.0)	(32.0, 8347632.0)	(33.0, 23435631.0)	(34.0, 182221.0)									
/ | scratch | karcher | fastqc | 230111_PRISMA_Batch1_P3_for_Q | AAAY7KJHV_230111_MG_Batch1_23s000063-1-1_Gross_lane1MG17 | AAAY7KJHV_230111_MG_Batch1_23s000063-1-1_Gross_lane1MG17_1	(17.0, 1.0)	(18.0, 28.0)	(19.0, 298.0)	(20.0, 2149.0)	(21.0, 7820.0)	(22.0, 18736.0)	(23.0, 34894.0)	(24.0, 66553.0)	(25.0, 120959.0)	(26.0, 213176.0)	(27.0, 347511.0)	(28.0, 550947.0)	(29.0, 816213.0)	(30.0, 1250723.0)	(31.0, 2050289.0)	(32.0, 5829416.0)	(33.0, 31153188.0)	(34.0, 375238.0)													
/ | scratch | karcher | fastqc | 230111_PRISMA_Batch1_P3_for_Q | AAAY7KJHV_230111_MG_Batch1_23s000063-1-1_Gross_lane1MG17 | AAAY7KJHV_230111_MG_Batch1_23s000063-1-1_Gross_lane1MG17_2	(15.0, 5.0)	(16.0, 39.0)	(17.0, 298.0)	(18.0, 1541.0)	(19.0, 5291.0)	(20.0, 13449.0)	(21.0, 24409.0)	(22.0, 36281.0)	(23.0, 52515.0)	(24.0, 84807.0)	(25.0, 136865.0)	(26.0, 228151.0)	(27.0, 356115.0)	(28.0, 561745.0)	(29.0, 865187.0)	(30.0, 1432247.0)	(31.0, 2779342.0)	(32.0, 9594359.0)	(33.0, 26518683.0)	(34.0, 146810.0)											
/ | scratch | karcher | fastqc | 230111_PRISMA_Batch1_P3_for_Q | AAAY7KJHV_230111_MG_Batch1_23s000063-1-1_Gross_lane1MG19 | AAAY7KJHV_230111_MG_Batch1_23s000063-1-1_Gross_lane1MG19_1	(17.0, 1.0)	(18.0, 24.0)	(19.0, 328.0)	(20.0, 2041.0)	(21.0, 7769.0)	(22.0, 19669.0)	(23.0, 37402.0)	(24.0, 70527.0)	(25.0, 125875.0)	(26.0, 217492.0)	(27.0, 350514.0)	(28.0, 553739.0)	(29.0, 816213.0)	(30.0, 1241525.0)	(31.0, 2025172.0)	(32.0, 5487054.0)	(33.0, 31815640.0)	(34.0, 543588.0)													
/ | scratch | karcher | fastqc | 230111_PRISMA_Batch1_P3_for_Q | AAAY7KJHV_230111_MG_Batch1_23s000063-1-1_Gross_lane1MG19 | AAAY7KJHV_230111_MG_Batch1_23s000063-1-1_Gross_lane1MG19_2	(15.0, 5.0)	(16.0, 50.0)	(17.0, 314.0)	(18.0, 1536.0)	(19.0, 5406.0)	(20.0, 13670.0)	(21.0, 24689.0)	(22.0, 37835.0)	(23.0, 56637.0)	(24.0, 91923.0)	(25.0, 147628.0)	(26.0, 240709.0)	(27.0, 371999.0)	(28.0, 579420.0)	(29.0, 881221.0)	(30.0, 1446534.0)	(31.0, 2756648.0)	(32.0, 9247807.0)	(33.0, 27228794.0)	(34.0, 181748.0)											
/ | scratch | karcher | fastqc | 230111_PRISMA_Batch1_P3_for_Q | AAAY7KJHV_230111_MG_Batch1_23s000063-1-1_Gross_lane1MG2 | AAAY7KJHV_230111_MG_Batch1_23s000063-1-1_Gross_lane1MG2_1	(18.0, 40.0)	(19.0, 354.0)	(20.0, 2497.0)	(21.0, 9122.0)	(22.0, 22120.0)	(23.0, 41000.0)	(24.0, 72643.0)	(25.0, 121411.0)	(26.0, 203543.0)	(27.0, 319250.0)	(28.0, 497532.0)	(29.0, 728037.0)	(30.0, 1104638.0)	(31.0, 1784850.0)	(32.0, 4592401.0)	(33.0, 27166109.0)	(34.0, 608688.0)														
/ | scratch | karcher | fastqc | 230111_PRISMA_Batch1_P3_for_Q | AAAY7KJHV_230111_MG_Batch1_23s000063-1-1_Gross_lane1MG2 | AAAY7KJHV_230111_MG_Batch1_23s000063-1-1_Gross_lane1MG2_2	(13.0, 1.0)	(14.0, 1.0)	(15.0, 8.0)	(16.0, 40.0)	(17.0, 253.0)	(18.0, 1375.0)	(19.0, 4929.0)	(20.0, 12334.0)	(21.0, 22879.0)	(22.0, 36679.0)	(23.0, 55772.0)	(24.0, 89779.0)	(25.0, 141510.0)	(26.0, 225963.0)	(27.0, 342317.0)	(28.0, 527999.0)	(29.0, 798094.0)	(30.0, 1309823.0)	(31.0, 2468779.0)	(32.0, 7768312.0)	(33.0, 23270702.0)	(34.0, 196686.0)									
/ | scratch | karcher | fastqc | 230111_PRISMA_Batch1_P3_for_Q | AAAY7KJHV_230111_MG_Batch1_23s000063-1-1_Gross_lane1MG20 | AAAY7KJHV_230111_MG_Batch1_23s000063-1-1_Gross_lane1MG20_1	(17.0, 2.0)	(18.0, 98.0)	(19.0, 1165.0)	(20.0, 7374.0)	(21.0, 25213.0)	(22.0, 57619.0)	(23.0, 99307.0)	(24.0, 164291.0)	(25.0, 261972.0)	(26.0, 418390.0)	(27.0, 636847.0)	(28.0, 964055.0)	(29.0, 1370517.0)	(30.0, 2020842.0)	(31.0, 3116136.0)	(32.0, 7196826.0)	(33.0, 49766552.0)	(34.0, 2011865.0)													
/ | scratch | karcher | fastqc | 230111_PRISMA_Batch1_P3_for_Q | AAAY7KJHV_230111_MG_Batch1_23s000063-1-1_Gross_lane1MG20 | AAAY7KJHV_230111_MG_Batch1_23s000063-1-1_Gross_lane1MG20_2	(13.0, 1.0)	(14.0, 11.0)	(15.0, 26.0)	(16.0, 115.0)	(17.0, 587.0)	(18.0, 2902.0)	(19.0, 10743.0)	(20.0, 27635.0)	(21.0, 49590.0)	(22.0, 75068.0)	(23.0, 108894.0)	(24.0, 167412.0)	(25.0, 260203.0)	(26.0, 409356.0)	(27.0, 619219.0)	(28.0, 943699.0)	(29.0, 1400450.0)	(30.0, 2218602.0)	(31.0, 3904171.0)	(32.0, 11678946.0)	(33.0, 45629445.0)	(34.0, 611996.0)									
/ | scratch | karcher | fastqc | 230111_PRISMA_Batch1_P3_for_Q | AAAY7KJHV_230111_MG_Batch1_23s000063-1-1_Gross_lane1MG21 | AAAY7KJHV_230111_MG_Batch1_23s000063-1-1_Gross_lane1MG21_1	(18.0, 83.0)	(19.0, 890.0)	(20.0, 5356.0)	(21.0, 18662.0)	(22.0, 40877.0)	(23.0, 69966.0)	(24.0, 118185.0)	(25.0, 196005.0)	(26.0, 321870.0)	(27.0, 499655.0)	(28.0, 763160.0)	(29.0, 1098422.0)	(30.0, 1629705.0)	(31.0, 2531956.0)	(32.0, 6057134.0)	(33.0, 41400403.0)	(34.0, 1321904.0)														
/ | scratch | karcher | fastqc | 230111_PRISMA_Batch1_P3_for_Q | AAAY7KJHV_230111_MG_Batch1_23s000063-1-1_Gross_lane1MG21 | AAAY7KJHV_230111_MG_Batch1_23s000063-1-1_Gross_lane1MG21_2	(14.0, 2.0)	(15.0, 11.0)	(16.0, 64.0)	(17.0, 521.0)	(18.0, 2504.0)	(19.0, 8500.0)	(20.0, 20996.0)	(21.0, 36523.0)	(22.0, 55325.0)	(23.0, 80120.0)	(24.0, 126613.0)	(25.0, 200589.0)	(26.0, 323571.0)	(27.0, 493815.0)	(28.0, 761427.0)	(29.0, 1135432.0)	(30.0, 1808442.0)	(31.0, 3224997.0)	(32.0, 10017250.0)	(33.0, 37362825.0)	(34.0, 414706.0)										
/ | scratch | karcher | fastqc | 230111_PRISMA_Batch1_P3_for_Q | AAAY7KJHV_230111_MG_Batch1_23s000063-1-1_Gross_lane1MG22 | AAAY7KJHV_230111_MG_Batch1_23s000063-1-1_Gross_lane1MG22_1	(18.0, 41.0)	(19.0, 570.0)	(20.0, 3850.0)	(21.0, 13902.0)	(22.0, 31611.0)	(23.0, 54740.0)	(24.0, 94063.0)	(25.0, 155778.0)	(26.0, 255976.0)	(27.0, 398330.0)	(28.0, 611817.0)	(29.0, 880618.0)	(30.0, 1312141.0)	(31.0, 2071212.0)	(32.0, 5141589.0)	(33.0, 33503197.0)	(34.0, 895357.0)														
/ | scratch | karcher | fastqc | 230111_PRISMA_Batch1_P3_for_Q | AAAY7KJHV_230111_MG_Batch1_23s000063-1-1_Gross_lane1MG22 | AAAY7KJHV_230111_MG_Batch1_23s000063-1-1_Gross_lane1MG22_2	(14.0, 4.0)	(15.0, 13.0)	(16.0, 64.0)	(17.0, 435.0)	(18.0, 2048.0)	(19.0, 6893.0)	(20.0, 16879.0)	(21.0, 30204.0)	(22.0, 47136.0)	(23.0, 69835.0)	(24.0, 110899.0)	(25.0, 174814.0)	(26.0, 277766.0)	(27.0, 417343.0)	(28.0, 633511.0)	(29.0, 943270.0)	(30.0, 1508813.0)	(31.0, 2763984.0)	(32.0, 8768450.0)	(33.0, 29365151.0)	(34.0, 287280.0)										
/ | scratch | karcher | fastqc | 230111_PRISMA_Batch1_P3_for_Q | AAAY7KJHV_230111_MG_Batch1_23s000063-1-1_Gross_lane1MG24 | AAAY7KJHV_230111_MG_Batch1_23s000063-1-1_Gross_lane1MG24_1	(18.0, 40.0)	(19.0, 446.0)	(20.0, 2909.0)	(21.0, 10095.0)	(22.0, 23270.0)	(23.0, 41965.0)	(24.0, 74593.0)	(25.0, 131845.0)	(26.0, 228102.0)	(27.0, 367576.0)	(28.0, 577795.0)	(29.0, 853376.0)	(30.0, 1301821.0)	(31.0, 2131404.0)	(32.0, 5758702.0)	(33.0, 34058602.0)	(34.0, 595156.0)														
/ | scratch | karcher | fastqc | 230111_PRISMA_Batch1_P3_for_Q | AAAY7KJHV_230111_MG_Batch1_23s000063-1-1_Gross_lane1MG24 | AAAY7KJHV_230111_MG_Batch1_23s000063-1-1_Gross_lane1MG24_2	(14.0, 2.0)	(15.0, 4.0)	(16.0, 54.0)	(17.0, 411.0)	(18.0, 2010.0)	(19.0, 6609.0)	(20.0, 16211.0)	(21.0, 28846.0)	(22.0, 43657.0)	(23.0, 64688.0)	(24.0, 103733.0)	(25.0, 166511.0)	(26.0, 267767.0)	(27.0, 407376.0)	(28.0, 628260.0)	(29.0, 951678.0)	(30.0, 1564776.0)	(31.0, 3000491.0)	(32.0, 9938993.0)	(33.0, 28766457.0)	(34.0, 199163.0)										
/ | scratch | karcher | fastqc | 230111_PRISMA_Batch1_P3_for_Q | AAAY7KJHV_230111_MG_Batch1_23s000063-1-1_Gross_lane1MG26 | AAAY7KJHV_230111_MG_Batch1_23s000063-1-1_Gross_lane1MG26_1	(18.0, 34.0)	(19.0, 310.0)	(20.0, 2214.0)	(21.0, 8201.0)	(22.0, 19905.0)	(23.0, 36374.0)	(24.0, 63870.0)	(25.0, 106299.0)	(26.0, 178469.0)	(27.0, 281754.0)	(28.0, 438920.0)	(29.0, 646127.0)	(30.0, 976541.0)	(31.0, 1575525.0)	(32.0, 4027994.0)	(33.0, 25662287.0)	(34.0, 624978.0)														
/ | scratch | karcher | fastqc | 230111_PRISMA_Batch1_P3_for_Q | AAAY7KJHV_230111_MG_Batch1_23s000063-1-1_Gross_lane1MG26 | AAAY7KJHV_230111_MG_Batch1_23s000063-1-1_Gross_lane1MG26_2	(14.0, 2.0)	(15.0, 7.0)	(16.0, 31.0)	(17.0, 225.0)	(18.0, 1304.0)	(19.0, 4744.0)	(20.0, 12280.0)	(21.0, 21063.0)	(22.0, 32604.0)	(23.0, 48160.0)	(24.0, 76964.0)	(25.0, 122034.0)	(26.0, 195616.0)	(27.0, 298643.0)	(28.0, 462444.0)	(29.0, 700761.0)	(30.0, 1145604.0)	(31.0, 2143045.0)	(32.0, 6845140.0)	(33.0, 22331890.0)	(34.0, 207241.0)										
/ | scratch | karcher | fastqc | 230111_PRISMA_Batch1_P3_for_Q | AAAY7KJHV_230111_MG_Batch1_23s000063-1-1_Gross_lane1MG27 | AAAY7KJHV_230111_MG_Batch1_23s000063-1-1_Gross_lane1MG27_1	(17.0, 1.0)	(18.0, 26.0)	(19.0, 306.0)	(20.0, 2108.0)	(21.0, 9192.0)	(22.0, 24681.0)	(23.0, 48814.0)	(24.0, 89063.0)	(25.0, 151045.0)	(26.0, 253571.0)	(27.0, 396460.0)	(28.0, 613692.0)	(29.0, 889028.0)	(30.0, 1335460.0)	(31.0, 2157056.0)	(32.0, 5865824.0)	(33.0, 30949925.0)	(34.0, 353900.0)													
/ | scratch | karcher | fastqc | 230111_PRISMA_Batch1_P3_for_Q | AAAY7KJHV_230111_MG_Batch1_23s000063-1-1_Gross_lane1MG27 | AAAY7KJHV_230111_MG_Batch1_23s000063-1-1_Gross_lane1MG27_2	(15.0, 4.0)	(16.0, 36.0)	(17.0, 280.0)	(18.0, 1396.0)	(19.0, 4908.0)	(20.0, 12459.0)	(21.0, 23038.0)	(22.0, 35597.0)	(23.0, 52555.0)	(24.0, 84009.0)	(25.0, 136700.0)	(26.0, 224444.0)	(27.0, 351430.0)	(28.0, 557832.0)	(29.0, 854868.0)	(30.0, 1411904.0)	(31.0, 2680104.0)	(32.0, 9109560.0)	(33.0, 27431174.0)	(34.0, 167854.0)											
/ | scratch | karcher | fastqc | 230111_PRISMA_Batch1_P3_for_Q | AAAY7KJHV_230111_MG_Batch1_23s000063-1-1_Gross_lane1MG28 | AAAY7KJHV_230111_MG_Batch1_23s000063-1-1_Gross_lane1MG28_1	(17.0, 3.0)	(18.0, 33.0)	(19.0, 329.0)	(20.0, 2421.0)	(21.0, 9097.0)	(22.0, 22361.0)	(23.0, 40644.0)	(24.0, 70859.0)	(25.0, 118516.0)	(26.0, 196198.0)	(27.0, 306083.0)	(28.0, 471010.0)	(29.0, 686854.0)	(30.0, 1038390.0)	(31.0, 1663529.0)	(32.0, 4307846.0)	(33.0, 24971328.0)	(34.0, 615361.0)													
/ | scratch | karcher | fastqc | 230111_PRISMA_Batch1_P3_for_Q | AAAY7KJHV_230111_MG_Batch1_23s000063-1-1_Gross_lane1MG28 | AAAY7KJHV_230111_MG_Batch1_23s000063-1-1_Gross_lane1MG28_2	(15.0, 6.0)	(16.0, 40.0)	(17.0, 261.0)	(18.0, 1253.0)	(19.0, 4553.0)	(20.0, 12599.0)	(21.0, 24065.0)	(22.0, 40227.0)	(23.0, 61107.0)	(24.0, 96717.0)	(25.0, 148926.0)	(26.0, 233465.0)	(27.0, 346796.0)	(28.0, 524177.0)	(29.0, 775924.0)	(30.0, 1250040.0)	(31.0, 2330541.0)	(32.0, 7346527.0)	(33.0, 21145367.0)	(34.0, 178271.0)											
/ | scratch | karcher | fastqc | 230111_PRISMA_Batch1_P3_for_Q | AAAY7KJHV_230111_MG_Batch1_23s000063-1-1_Gross_lane1MG3 | AAAY7KJHV_230111_MG_Batch1_23s000063-1-1_Gross_lane1MG3_1	(16.0, 2.0)	(17.0, 3.0)	(18.0, 49.0)	(19.0, 580.0)	(20.0, 4089.0)	(21.0, 15239.0)	(22.0, 37745.0)	(23.0, 67479.0)	(24.0, 113101.0)	(25.0, 181284.0)	(26.0, 292072.0)	(27.0, 447327.0)	(28.0, 680282.0)	(29.0, 976410.0)	(30.0, 1452708.0)	(31.0, 2282116.0)	(32.0, 5496850.0)	(33.0, 35369424.0)	(34.0, 1148338.0)												
/ | scratch | karcher | fastqc | 230111_PRISMA_Batch1_P3_for_Q | AAAY7KJHV_230111_MG_Batch1_23s000063-1-1_Gross_lane1MG3 | AAAY7KJHV_230111_MG_Batch1_23s000063-1-1_Gross_lane1MG3_2	(13.0, 1.0)	(14.0, 8.0)	(15.0, 26.0)	(16.0, 80.0)	(17.0, 392.0)	(18.0, 1879.0)	(19.0, 7220.0)	(20.0, 18733.0)	(21.0, 35814.0)	(22.0, 59746.0)	(23.0, 92047.0)	(24.0, 145394.0)	(25.0, 223145.0)	(26.0, 345897.0)	(27.0, 508122.0)	(28.0, 753930.0)	(29.0, 1102785.0)	(30.0, 1745473.0)	(31.0, 3166719.0)	(32.0, 9721128.0)	(33.0, 30346487.0)	(34.0, 290072.0)									
/ | scratch | karcher | fastqc | 230111_PRISMA_Batch1_P3_for_Q | AAAY7KJHV_230111_MG_Batch1_23s000063-1-1_Gross_lane1MG31 | AAAY7KJHV_230111_MG_Batch1_23s000063-1-1_Gross_lane1MG31_1	(17.0, 4.0)	(18.0, 37.0)	(19.0, 440.0)	(20.0, 2824.0)	(21.0, 10718.0)	(22.0, 26257.0)	(23.0, 47426.0)	(24.0, 81474.0)	(25.0, 133549.0)	(26.0, 218077.0)	(27.0, 335402.0)	(28.0, 515627.0)	(29.0, 748482.0)	(30.0, 1123908.0)	(31.0, 1798691.0)	(32.0, 4475567.0)	(33.0, 27559252.0)	(34.0, 815649.0)													
/ | scratch | karcher | fastqc | 230111_PRISMA_Batch1_P3_for_Q | AAAY7KJHV_230111_MG_Batch1_23s000063-1-1_Gross_lane1MG31 | AAAY7KJHV_230111_MG_Batch1_23s000063-1-1_Gross_lane1MG31_2	(13.0, 1.0)	(14.0, 9.0)	(15.0, 9.0)	(16.0, 53.0)	(17.0, 252.0)	(18.0, 1481.0)	(19.0, 5669.0)	(20.0, 14827.0)	(21.0, 27926.0)	(22.0, 45945.0)	(23.0, 70156.0)	(24.0, 110488.0)	(25.0, 169023.0)	(26.0, 264035.0)	(27.0, 389087.0)	(28.0, 584293.0)	(29.0, 865223.0)	(30.0, 1389994.0)	(31.0, 2567500.0)	(32.0, 7842338.0)	(33.0, 23323192.0)	(34.0, 221883.0)									
/ | scratch | karcher | fastqc | 230111_PRISMA_Batch1_P3_for_Q | AAAY7KJHV_230111_MG_Batch1_23s000063-1-1_Gross_lane1MG32 | AAAY7KJHV_230111_MG_Batch1_23s000063-1-1_Gross_lane1MG32_1	(18.0, 37.0)	(19.0, 361.0)	(20.0, 2397.0)	(21.0, 8983.0)	(22.0, 22311.0)	(23.0, 41801.0)	(24.0, 73744.0)	(25.0, 124207.0)	(26.0, 205718.0)	(27.0, 324630.0)	(28.0, 503250.0)	(29.0, 734565.0)	(30.0, 1111514.0)	(31.0, 1786815.0)	(32.0, 4597932.0)	(33.0, 27980143.0)	(34.0, 636322.0)														
/ | scratch | karcher | fastqc | 230111_PRISMA_Batch1_P3_for_Q | AAAY7KJHV_230111_MG_Batch1_23s000063-1-1_Gross_lane1MG32 | AAAY7KJHV_230111_MG_Batch1_23s000063-1-1_Gross_lane1MG32_2	(13.0, 1.0)	(14.0, 2.0)	(15.0, 8.0)	(16.0, 38.0)	(17.0, 282.0)	(18.0, 1297.0)	(19.0, 4862.0)	(20.0, 12682.0)	(21.0, 24482.0)	(22.0, 39788.0)	(23.0, 61161.0)	(24.0, 98091.0)	(25.0, 155310.0)	(26.0, 243855.0)	(27.0, 366584.0)	(28.0, 557549.0)	(29.0, 829569.0)	(30.0, 1343450.0)	(31.0, 2523213.0)	(32.0, 8020239.0)	(33.0, 23681615.0)	(34.0, 190652.0)									
/ | scratch | karcher | fastqc | 230111_PRISMA_Batch1_P3_for_Q | AAAY7KJHV_230111_MG_Batch1_23s000063-1-1_Gross_lane1MG33 | AAAY7KJHV_230111_MG_Batch1_23s000063-1-1_Gross_lane1MG33_1	(17.0, 3.0)	(18.0, 38.0)	(19.0, 603.0)	(20.0, 3948.0)	(21.0, 14210.0)	(22.0, 32960.0)	(23.0, 57802.0)	(24.0, 98015.0)	(25.0, 161803.0)	(26.0, 266974.0)	(27.0, 417698.0)	(28.0, 644425.0)	(29.0, 940837.0)	(30.0, 1422166.0)	(31.0, 2306773.0)	(32.0, 6026620.0)	(33.0, 34054671.0)	(34.0, 687993.0)													
/ | scratch | karcher | fastqc | 230111_PRISMA_Batch1_P3_for_Q | AAAY7KJHV_230111_MG_Batch1_23s000063-1-1_Gross_lane1MG33 | AAAY7KJHV_230111_MG_Batch1_23s000063-1-1_Gross_lane1MG33_2	(14.0, 5.0)	(15.0, 3.0)	(16.0, 73.0)	(17.0, 464.0)	(18.0, 2212.0)	(19.0, 7508.0)	(20.0, 18323.0)	(21.0, 32072.0)	(22.0, 49910.0)	(23.0, 73669.0)	(24.0, 116995.0)	(25.0, 183139.0)	(26.0, 290158.0)	(27.0, 438929.0)	(28.0, 673531.0)	(29.0, 1019783.0)	(30.0, 1664580.0)	(31.0, 3147139.0)	(32.0, 10030662.0)	(33.0, 29162099.0)	(34.0, 226285.0)										
/ | scratch | karcher | fastqc | 230111_PRISMA_Batch1_P3_for_Q | AAAY7KJHV_230111_MG_Batch1_23s000063-1-1_Gross_lane1MG34 | AAAY7KJHV_230111_MG_Batch1_23s000063-1-1_Gross_lane1MG34_1	(17.0, 1.0)	(18.0, 61.0)	(19.0, 531.0)	(20.0, 3462.0)	(21.0, 13057.0)	(22.0, 31403.0)	(23.0, 58057.0)	(24.0, 100573.0)	(25.0, 168827.0)	(26.0, 275431.0)	(27.0, 429573.0)	(28.0, 659917.0)	(29.0, 954039.0)	(30.0, 1426611.0)	(31.0, 2263337.0)	(32.0, 5704429.0)	(33.0, 34594708.0)	(34.0, 796925.0)													
/ | scratch | karcher | fastqc | 230111_PRISMA_Batch1_P3_for_Q | AAAY7KJHV_230111_MG_Batch1_23s000063-1-1_Gross_lane1MG34 | AAAY7KJHV_230111_MG_Batch1_23s000063-1-1_Gross_lane1MG34_2	(14.0, 3.0)	(15.0, 8.0)	(16.0, 41.0)	(17.0, 300.0)	(18.0, 1715.0)	(19.0, 5932.0)	(20.0, 15864.0)	(21.0, 29439.0)	(22.0, 47827.0)	(23.0, 73383.0)	(24.0, 118764.0)	(25.0, 188323.0)	(26.0, 299811.0)	(27.0, 453691.0)	(28.0, 695397.0)	(29.0, 1035462.0)	(30.0, 1662389.0)	(31.0, 3085843.0)	(32.0, 9864345.0)	(33.0, 29672840.0)	(34.0, 229565.0)										
/ | scratch | karcher | fastqc | 230111_PRISMA_Batch1_P3_for_Q | AAAY7KJHV_230111_MG_Batch1_23s000063-1-1_Gross_lane1MG35 | AAAY7KJHV_230111_MG_Batch1_23s000063-1-1_Gross_lane1MG35_1	(17.0, 1.0)	(18.0, 39.0)	(19.0, 484.0)	(20.0, 3179.0)	(21.0, 11984.0)	(22.0, 29031.0)	(23.0, 53874.0)	(24.0, 96389.0)	(25.0, 165897.0)	(26.0, 280015.0)	(27.0, 441490.0)	(28.0, 682863.0)	(29.0, 993709.0)	(30.0, 1487303.0)	(31.0, 2364135.0)	(32.0, 6058577.0)	(33.0, 38237353.0)	(34.0, 781998.0)													
/ | scratch | karcher | fastqc | 230111_PRISMA_Batch1_P3_for_Q | AAAY7KJHV_230111_MG_Batch1_23s000063-1-1_Gross_lane1MG35 | AAAY7KJHV_230111_MG_Batch1_23s000063-1-1_Gross_lane1MG35_2	(14.0, 3.0)	(15.0, 5.0)	(16.0, 45.0)	(17.0, 342.0)	(18.0, 2112.0)	(19.0, 8038.0)	(20.0, 19604.0)	(21.0, 32684.0)	(22.0, 48254.0)	(23.0, 69812.0)	(24.0, 112336.0)	(25.0, 179186.0)	(26.0, 288538.0)	(27.0, 439575.0)	(28.0, 679897.0)	(29.0, 1026562.0)	(30.0, 1664296.0)	(31.0, 3079252.0)	(32.0, 10012374.0)	(33.0, 33726497.0)	(34.0, 298909.0)										
/ | scratch | karcher | fastqc | 230111_PRISMA_Batch1_P3_for_Q | AAAY7KJHV_230111_MG_Batch1_23s000063-1-1_Gross_lane1MG37 | AAAY7KJHV_230111_MG_Batch1_23s000063-1-1_Gross_lane1MG37_1	(17.0, 3.0)	(18.0, 33.0)	(19.0, 434.0)	(20.0, 2945.0)	(21.0, 11284.0)	(22.0, 28580.0)	(23.0, 53140.0)	(24.0, 92888.0)	(25.0, 155009.0)	(26.0, 255984.0)	(27.0, 399611.0)	(28.0, 616177.0)	(29.0, 895654.0)	(30.0, 1348921.0)	(31.0, 2169391.0)	(32.0, 5561910.0)	(33.0, 33790678.0)	(34.0, 775429.0)													
/ | scratch | karcher | fastqc | 230111_PRISMA_Batch1_P3_for_Q | AAAY7KJHV_230111_MG_Batch1_23s000063-1-1_Gross_lane1MG37 | AAAY7KJHV_230111_MG_Batch1_23s000063-1-1_Gross_lane1MG37_2	(14.0, 2.0)	(15.0, 11.0)	(16.0, 60.0)	(17.0, 311.0)	(18.0, 1795.0)	(19.0, 6561.0)	(20.0, 17040.0)	(21.0, 30672.0)	(22.0, 49438.0)	(23.0, 75168.0)	(24.0, 120167.0)	(25.0, 187139.0)	(26.0, 294128.0)	(27.0, 439615.0)	(28.0, 669194.0)	(29.0, 998570.0)	(30.0, 1621863.0)	(31.0, 3041005.0)	(32.0, 9664803.0)	(33.0, 28703079.0)	(34.0, 237450.0)										
/ | scratch | karcher | fastqc | 230111_PRISMA_Batch1_P3_for_Q | AAAY7KJHV_230111_MG_Batch1_23s000063-1-1_Gross_lane1MG38 | AAAY7KJHV_230111_MG_Batch1_23s000063-1-1_Gross_lane1MG38_1	(18.0, 31.0)	(19.0, 423.0)	(20.0, 2947.0)	(21.0, 11157.0)	(22.0, 28640.0)	(23.0, 51252.0)	(24.0, 87544.0)	(25.0, 143728.0)	(26.0, 234213.0)	(27.0, 363548.0)	(28.0, 556815.0)	(29.0, 804821.0)	(30.0, 1198653.0)	(31.0, 1900441.0)	(32.0, 4693843.0)	(33.0, 29999838.0)	(34.0, 791226.0)														
/ | scratch | karcher | fastqc | 230111_PRISMA_Batch1_P3_for_Q | AAAY7KJHV_230111_MG_Batch1_23s000063-1-1_Gross_lane1MG38 | AAAY7KJHV_230111_MG_Batch1_23s000063-1-1_Gross_lane1MG38_2	(13.0, 2.0)	(14.0, 3.0)	(15.0, 13.0)	(16.0, 49.0)	(17.0, 320.0)	(18.0, 1410.0)	(19.0, 5319.0)	(20.0, 13615.0)	(21.0, 25467.0)	(22.0, 41522.0)	(23.0, 64060.0)	(24.0, 101363.0)	(25.0, 159900.0)	(26.0, 250512.0)	(27.0, 378522.0)	(28.0, 577862.0)	(29.0, 858846.0)	(30.0, 1384715.0)	(31.0, 2547620.0)	(32.0, 8004603.0)	(33.0, 26203951.0)	(34.0, 249446.0)									
/ | scratch | karcher | fastqc | 230111_PRISMA_Batch1_P3_for_Q | AAAY7KJHV_230111_MG_Batch1_23s000063-1-1_Gross_lane1MG4 | AAAY7KJHV_230111_MG_Batch1_23s000063-1-1_Gross_lane1MG4_1	(17.0, 3.0)	(18.0, 52.0)	(19.0, 506.0)	(20.0, 3372.0)	(21.0, 12859.0)	(22.0, 30877.0)	(23.0, 56033.0)	(24.0, 97751.0)	(25.0, 163590.0)	(26.0, 270422.0)	(27.0, 426656.0)	(28.0, 659293.0)	(29.0, 963897.0)	(30.0, 1458962.0)	(31.0, 2345504.0)	(32.0, 5954747.0)	(33.0, 36895200.0)	(34.0, 920108.0)													
/ | scratch | karcher | fastqc | 230111_PRISMA_Batch1_P3_for_Q | AAAY7KJHV_230111_MG_Batch1_23s000063-1-1_Gross_lane1MG4 | AAAY7KJHV_230111_MG_Batch1_23s000063-1-1_Gross_lane1MG4_2	(13.0, 1.0)	(14.0, 3.0)	(15.0, 15.0)	(16.0, 57.0)	(17.0, 375.0)	(18.0, 1943.0)	(19.0, 7197.0)	(20.0, 18406.0)	(21.0, 33400.0)	(22.0, 53633.0)	(23.0, 80990.0)	(24.0, 129201.0)	(25.0, 201198.0)	(26.0, 318188.0)	(27.0, 476931.0)	(28.0, 727455.0)	(29.0, 1084327.0)	(30.0, 1764291.0)	(31.0, 3308969.0)	(32.0, 10382419.0)	(33.0, 31390040.0)	(34.0, 280793.0)									
/ | scratch | karcher | fastqc | 230111_PRISMA_Batch1_P3_for_Q | AAAY7KJHV_230111_MG_Batch1_23s000063-1-1_Gross_lane1MG5 | AAAY7KJHV_230111_MG_Batch1_23s000063-1-1_Gross_lane1MG5_1	(17.0, 3.0)	(18.0, 28.0)	(19.0, 345.0)	(20.0, 2304.0)	(21.0, 8820.0)	(22.0, 22319.0)	(23.0, 43019.0)	(24.0, 77249.0)	(25.0, 131036.0)	(26.0, 221215.0)	(27.0, 352202.0)	(28.0, 550291.0)	(29.0, 808393.0)	(30.0, 1225610.0)	(31.0, 1988284.0)	(32.0, 5151438.0)	(33.0, 32247542.0)	(34.0, 728909.0)													
/ | scratch | karcher | fastqc | 230111_PRISMA_Batch1_P3_for_Q | AAAY7KJHV_230111_MG_Batch1_23s000063-1-1_Gross_lane1MG5 | AAAY7KJHV_230111_MG_Batch1_23s000063-1-1_Gross_lane1MG5_2	(14.0, 2.0)	(15.0, 2.0)	(16.0, 38.0)	(17.0, 287.0)	(18.0, 1712.0)	(19.0, 6154.0)	(20.0, 15549.0)	(21.0, 28290.0)	(22.0, 44655.0)	(23.0, 68198.0)	(24.0, 110363.0)	(25.0, 174213.0)	(26.0, 275456.0)	(27.0, 414505.0)	(28.0, 630537.0)	(29.0, 942239.0)	(30.0, 1537702.0)	(31.0, 2919643.0)	(32.0, 9351292.0)	(33.0, 26834669.0)	(34.0, 203501.0)										
/ | scratch | karcher | fastqc | 230111_PRISMA_Batch1_P3_for_Q | AAAY7KJHV_230111_MG_Batch1_23s000063-1-1_Gross_lane1MG6 | AAAY7KJHV_230111_MG_Batch1_23s000063-1-1_Gross_lane1MG6_1	(17.0, 2.0)	(18.0, 69.0)	(19.0, 789.0)	(20.0, 5069.0)	(21.0, 17563.0)	(22.0, 40295.0)	(23.0, 71071.0)	(24.0, 124666.0)	(25.0, 213502.0)	(26.0, 357802.0)	(27.0, 565577.0)	(28.0, 875755.0)	(29.0, 1267979.0)	(30.0, 1890734.0)	(31.0, 2961633.0)	(32.0, 7239090.0)	(33.0, 50430692.0)	(34.0, 1390248.0)													
/ | scratch | karcher | fastqc | 230111_PRISMA_Batch1_P3_for_Q | AAAY7KJHV_230111_MG_Batch1_23s000063-1-1_Gross_lane1MG6 | AAAY7KJHV_230111_MG_Batch1_23s000063-1-1_Gross_lane1MG6_2	(15.0, 6.0)	(16.0, 65.0)	(17.0, 539.0)	(18.0, 2531.0)	(19.0, 9004.0)	(20.0, 22992.0)	(21.0, 40283.0)	(22.0, 60490.0)	(23.0, 89202.0)	(24.0, 144304.0)	(25.0, 231044.0)	(26.0, 373238.0)	(27.0, 572801.0)	(28.0, 883367.0)	(29.0, 1326451.0)	(30.0, 2121742.0)	(31.0, 3835229.0)	(32.0, 12194210.0)	(33.0, 45092469.0)	(34.0, 452569.0)											
/ | scratch | karcher | fastqc | 230111_PRISMA_Batch1_P3_for_Q | AAAY7KJHV_230111_MG_Batch1_23s000063-1-1_Gross_lane1MG9 | AAAY7KJHV_230111_MG_Batch1_23s000063-1-1_Gross_lane1MG9_1	(17.0, 3.0)	(18.0, 39.0)	(19.0, 440.0)	(20.0, 2933.0)	(21.0, 11412.0)	(22.0, 27040.0)	(23.0, 48345.0)	(24.0, 83578.0)	(25.0, 139217.0)	(26.0, 232128.0)	(27.0, 365599.0)	(28.0, 568226.0)	(29.0, 831225.0)	(30.0, 1261271.0)	(31.0, 2017033.0)	(32.0, 5092366.0)	(33.0, 32086974.0)	(34.0, 868444.0)													
/ | scratch | karcher | fastqc | 230111_PRISMA_Batch1_P3_for_Q | AAAY7KJHV_230111_MG_Batch1_23s000063-1-1_Gross_lane1MG9 | AAAY7KJHV_230111_MG_Batch1_23s000063-1-1_Gross_lane1MG9_2	(15.0, 17.0)	(16.0, 57.0)	(17.0, 339.0)	(18.0, 1810.0)	(19.0, 6354.0)	(20.0, 15839.0)	(21.0, 28350.0)	(22.0, 45162.0)	(23.0, 68104.0)	(24.0, 108955.0)	(25.0, 170363.0)	(26.0, 270720.0)	(27.0, 407745.0)	(28.0, 625162.0)	(29.0, 934747.0)	(30.0, 1521906.0)	(31.0, 2842920.0)	(32.0, 8951162.0)	(33.0, 27387198.0)	(34.0, 249363.0)											
/ | scratch | karcher | fastqc | 230727_PRISMA_Batch2_P3_for_Q | AAAWNKKHV_230321_MG_Batch2_P3_23s002005-1-1_Gross_lane1662 | AAAWNKKHV_230321_MG_Batch2_P3_23s002005-1-1_Gross_lane1662_1	(18.0, 87.0)	(19.0, 620.0)	(20.0, 3193.0)	(21.0, 10167.0)	(22.0, 22908.0)	(23.0, 41972.0)	(24.0, 68579.0)	(25.0, 110817.0)	(26.0, 183552.0)	(27.0, 299950.0)	(28.0, 476996.0)	(29.0, 745003.0)	(30.0, 1187059.0)	(31.0, 2088526.0)	(32.0, 5482982.0)	(33.0, 44848967.0)	(34.0, 2967290.0)														
/ | scratch | karcher | fastqc | 230727_PRISMA_Batch2_P3_for_Q | AAAWNKKHV_230321_MG_Batch2_P3_23s002005-1-1_Gross_lane1662 | AAAWNKKHV_230321_MG_Batch2_P3_23s002005-1-1_Gross_lane1662_2	(13.0, 1.0)	(14.0, 17.0)	(15.0, 96.0)	(16.0, 266.0)	(17.0, 1017.0)	(18.0, 4827.0)	(19.0, 17094.0)	(20.0, 36683.0)	(21.0, 58832.0)	(22.0, 87091.0)	(23.0, 131208.0)	(24.0, 196427.0)	(25.0, 265498.0)	(26.0, 329929.0)	(27.0, 489752.0)	(28.0, 759536.0)	(29.0, 1204355.0)	(30.0, 2068022.0)	(31.0, 4233011.0)	(32.0, 12683069.0)	(33.0, 35103619.0)	(34.0, 868318.0)									
/ | scratch | karcher | fastqc | 230727_PRISMA_Batch2_P3_for_Q | AAAWNKKHV_230321_MG_Batch2_P3_23s002005-1-1_Gross_lane1663 | AAAWNKKHV_230321_MG_Batch2_P3_23s002005-1-1_Gross_lane1663_1	(18.0, 10.0)	(19.0, 133.0)	(20.0, 878.0)	(21.0, 3081.0)	(22.0, 7553.0)	(23.0, 14284.0)	(24.0, 25288.0)	(25.0, 43458.0)	(26.0, 75424.0)	(27.0, 126870.0)	(28.0, 205259.0)	(29.0, 321277.0)	(30.0, 507065.0)	(31.0, 891634.0)	(32.0, 2559614.0)	(33.0, 21468820.0)	(34.0, 1175889.0)														
/ | scratch | karcher | fastqc | 230727_PRISMA_Batch2_P3_for_Q | AAAWNKKHV_230321_MG_Batch2_P3_23s002005-1-1_Gross_lane1663 | AAAWNKKHV_230321_MG_Batch2_P3_23s002005-1-1_Gross_lane1663_2	(13.0, 2.0)	(14.0, 6.0)	(15.0, 25.0)	(16.0, 99.0)	(17.0, 397.0)	(18.0, 1430.0)	(19.0, 4303.0)	(20.0, 9589.0)	(21.0, 16638.0)	(22.0, 27942.0)	(23.0, 46454.0)	(24.0, 74406.0)	(25.0, 102146.0)	(26.0, 123405.0)	(27.0, 185218.0)	(28.0, 289241.0)	(29.0, 467973.0)	(30.0, 829241.0)	(31.0, 1836761.0)	(32.0, 6282445.0)	(33.0, 16772510.0)	(34.0, 356306.0)									
/ | scratch | karcher | fastqc | 230727_PRISMA_Batch2_P3_for_Q | AAAWNKKHV_230321_MG_Batch2_P3_23s002005-1-1_Gross_lane1668 | AAAWNKKHV_230321_MG_Batch2_P3_23s002005-1-1_Gross_lane1668_1	(18.0, 16.0)	(19.0, 147.0)	(20.0, 944.0)	(21.0, 3469.0)	(22.0, 8095.0)	(23.0, 15171.0)	(24.0, 26066.0)	(25.0, 45190.0)	(26.0, 78265.0)	(27.0, 131532.0)	(28.0, 213109.0)	(29.0, 336426.0)	(30.0, 538886.0)	(31.0, 969256.0)	(32.0, 2890288.0)	(33.0, 21112492.0)	(34.0, 942187.0)														
/ | scratch | karcher | fastqc | 230727_PRISMA_Batch2_P3_for_Q | AAAWNKKHV_230321_MG_Batch2_P3_23s002005-1-1_Gross_lane1668 | AAAWNKKHV_230321_MG_Batch2_P3_23s002005-1-1_Gross_lane1668_2	(13.0, 3.0)	(14.0, 14.0)	(15.0, 28.0)	(16.0, 116.0)	(17.0, 416.0)	(18.0, 1507.0)	(19.0, 4347.0)	(20.0, 9516.0)	(21.0, 17269.0)	(22.0, 28995.0)	(23.0, 47049.0)	(24.0, 75022.0)	(25.0, 101448.0)	(26.0, 125008.0)	(27.0, 190679.0)	(28.0, 303962.0)	(29.0, 499487.0)	(30.0, 904360.0)	(31.0, 2019087.0)	(32.0, 6695845.0)	(33.0, 15992801.0)	(34.0, 294580.0)									
/ | scratch | karcher | fastqc | 230727_PRISMA_Batch2_P3_for_Q | AAAWNKKHV_230321_MG_Batch2_P3_23s002005-1-1_Gross_lane1671 | AAAWNKKHV_230321_MG_Batch2_P3_23s002005-1-1_Gross_lane1671_1	(18.0, 9.0)	(19.0, 74.0)	(20.0, 455.0)	(21.0, 1793.0)	(22.0, 4418.0)	(23.0, 9039.0)	(24.0, 16882.0)	(25.0, 31733.0)	(26.0, 57362.0)	(27.0, 100650.0)	(28.0, 166156.0)	(29.0, 265300.0)	(30.0, 427698.0)	(31.0, 766234.0)	(32.0, 2305068.0)	(33.0, 18125794.0)	(34.0, 795767.0)														
/ | scratch | karcher | fastqc | 230727_PRISMA_Batch2_P3_for_Q | AAAWNKKHV_230321_MG_Batch2_P3_23s002005-1-1_Gross_lane1671 | AAAWNKKHV_230321_MG_Batch2_P3_23s002005-1-1_Gross_lane1671_2	(14.0, 13.0)	(15.0, 26.0)	(16.0, 85.0)	(17.0, 351.0)	(18.0, 1169.0)	(19.0, 3430.0)	(20.0, 7287.0)	(21.0, 12662.0)	(22.0, 21550.0)	(23.0, 36712.0)	(24.0, 60653.0)	(25.0, 83920.0)	(26.0, 104457.0)	(27.0, 160551.0)	(28.0, 255674.0)	(29.0, 418769.0)	(30.0, 761926.0)	(31.0, 1738201.0)	(32.0, 5880711.0)	(33.0, 13298788.0)	(34.0, 227497.0)										
/ | scratch | karcher | fastqc | 230727_PRISMA_Batch2_P3_for_Q | AAAWNKKHV_230321_MG_Batch2_P3_23s002005-1-1_Gross_lane1677 | AAAWNKKHV_230321_MG_Batch2_P3_23s002005-1-1_Gross_lane1677_1	(17.0, 1.0)	(18.0, 7.0)	(19.0, 87.0)	(20.0, 579.0)	(21.0, 2100.0)	(22.0, 5273.0)	(23.0, 9728.0)	(24.0, 16867.0)	(25.0, 31068.0)	(26.0, 56125.0)	(27.0, 96822.0)	(28.0, 159024.0)	(29.0, 251684.0)	(30.0, 398692.0)	(31.0, 696520.0)	(32.0, 2049772.0)	(33.0, 17214068.0)	(34.0, 751602.0)													
/ | scratch | karcher | fastqc | 230727_PRISMA_Batch2_P3_for_Q | AAAWNKKHV_230321_MG_Batch2_P3_23s002005-1-1_Gross_lane1677 | AAAWNKKHV_230321_MG_Batch2_P3_23s002005-1-1_Gross_lane1677_2	(13.0, 1.0)	(14.0, 10.0)	(15.0, 24.0)	(16.0, 77.0)	(17.0, 267.0)	(18.0, 1003.0)	(19.0, 2999.0)	(20.0, 6656.0)	(21.0, 11496.0)	(22.0, 18622.0)	(23.0, 30470.0)	(24.0, 51166.0)	(25.0, 71758.0)	(26.0, 84837.0)	(27.0, 131199.0)	(28.0, 209889.0)	(29.0, 344514.0)	(30.0, 616261.0)	(31.0, 1372590.0)	(32.0, 4939887.0)	(33.0, 13576114.0)	(34.0, 270179.0)									
/ | scratch | karcher | fastqc | 230727_PRISMA_Batch2_P3_for_Q | AAAWNKKHV_230321_MG_Batch2_P3_23s002005-1-1_Gross_lane1690 | AAAWNKKHV_230321_MG_Batch2_P3_23s002005-1-1_Gross_lane1690_1	(18.0, 8.0)	(19.0, 86.0)	(20.0, 542.0)	(21.0, 1976.0)	(22.0, 5052.0)	(23.0, 9675.0)	(24.0, 17546.0)	(25.0, 31927.0)	(26.0, 58138.0)	(27.0, 101456.0)	(28.0, 166550.0)	(29.0, 266728.0)	(30.0, 428284.0)	(31.0, 767464.0)	(32.0, 2284051.0)	(33.0, 18902045.0)	(34.0, 863712.0)														
/ | scratch | karcher | fastqc | 230727_PRISMA_Batch2_P3_for_Q | AAAWNKKHV_230321_MG_Batch2_P3_23s002005-1-1_Gross_lane1690 | AAAWNKKHV_230321_MG_Batch2_P3_23s002005-1-1_Gross_lane1690_2	(13.0, 1.0)	(14.0, 10.0)	(15.0, 27.0)	(16.0, 72.0)	(17.0, 301.0)	(18.0, 1298.0)	(19.0, 3800.0)	(20.0, 8460.0)	(21.0, 14146.0)	(22.0, 22486.0)	(23.0, 37968.0)	(24.0, 61871.0)	(25.0, 85955.0)	(26.0, 106056.0)	(27.0, 162242.0)	(28.0, 258839.0)	(29.0, 423772.0)	(30.0, 767519.0)	(31.0, 1740429.0)	(32.0, 5904755.0)	(33.0, 14046672.0)	(34.0, 258561.0)									
/ | scratch | karcher | fastqc | 230727_PRISMA_Batch2_P3_for_Q | AAAWNKKHV_230321_MG_Batch2_P3_23s002005-1-1_Gross_lane1693 | AAAWNKKHV_230321_MG_Batch2_P3_23s002005-1-1_Gross_lane1693_1	(18.0, 5.0)	(19.0, 94.0)	(20.0, 628.0)	(21.0, 2182.0)	(22.0, 5784.0)	(23.0, 10815.0)	(24.0, 19308.0)	(25.0, 34835.0)	(26.0, 62527.0)	(27.0, 107907.0)	(28.0, 176988.0)	(29.0, 280300.0)	(30.0, 447445.0)	(31.0, 790778.0)	(32.0, 2329018.0)	(33.0, 19401606.0)	(34.0, 909334.0)														
/ | scratch | karcher | fastqc | 230727_PRISMA_Batch2_P3_for_Q | AAAWNKKHV_230321_MG_Batch2_P3_23s002005-1-1_Gross_lane1693 | AAAWNKKHV_230321_MG_Batch2_P3_23s002005-1-1_Gross_lane1693_2	(13.0, 2.0)	(14.0, 9.0)	(15.0, 32.0)	(16.0, 91.0)	(17.0, 326.0)	(18.0, 1218.0)	(19.0, 3641.0)	(20.0, 7769.0)	(21.0, 13587.0)	(22.0, 22239.0)	(23.0, 36771.0)	(24.0, 60815.0)	(25.0, 84052.0)	(26.0, 101301.0)	(27.0, 154666.0)	(28.0, 248155.0)	(29.0, 406645.0)	(30.0, 729962.0)	(31.0, 1641188.0)	(32.0, 5757055.0)	(33.0, 15027335.0)	(34.0, 282695.0)									
/ | scratch | karcher | fastqc | 230727_PRISMA_Batch2_P3_for_Q | AAAWNKKHV_230321_MG_Batch2_P3_23s002005-1-1_Gross_lane1694 | AAAWNKKHV_230321_MG_Batch2_P3_23s002005-1-1_Gross_lane1694_1	(17.0, 1.0)	(18.0, 4.0)	(19.0, 63.0)	(20.0, 365.0)	(21.0, 1334.0)	(22.0, 3430.0)	(23.0, 6715.0)	(24.0, 12318.0)	(25.0, 22848.0)	(26.0, 41873.0)	(27.0, 72402.0)	(28.0, 118029.0)	(29.0, 186335.0)	(30.0, 295324.0)	(31.0, 521232.0)	(32.0, 1581550.0)	(33.0, 12598591.0)	(34.0, 503775.0)													
/ | scratch | karcher | fastqc | 230727_PRISMA_Batch2_P3_for_Q | AAAWNKKHV_230321_MG_Batch2_P3_23s002005-1-1_Gross_lane1694 | AAAWNKKHV_230321_MG_Batch2_P3_23s002005-1-1_Gross_lane1694_2	(14.0, 3.0)	(15.0, 13.0)	(16.0, 57.0)	(17.0, 204.0)	(18.0, 664.0)	(19.0, 1971.0)	(20.0, 4428.0)	(21.0, 7833.0)	(22.0, 13080.0)	(23.0, 22247.0)	(24.0, 37685.0)	(25.0, 52259.0)	(26.0, 61500.0)	(27.0, 94840.0)	(28.0, 152719.0)	(29.0, 251920.0)	(30.0, 451835.0)	(31.0, 1021799.0)	(32.0, 3742790.0)	(33.0, 9868517.0)	(34.0, 179825.0)										
/ | scratch | karcher | fastqc | 230727_PRISMA_Batch2_P3_for_Q | AAAWNKKHV_230321_MG_Batch2_P3_23s002005-1-1_Gross_lane1697 | AAAWNKKHV_230321_MG_Batch2_P3_23s002005-1-1_Gross_lane1697_1	(18.0, 12.0)	(19.0, 118.0)	(20.0, 590.0)	(21.0, 2207.0)	(22.0, 5169.0)	(23.0, 9492.0)	(24.0, 16491.0)	(25.0, 29143.0)	(26.0, 51312.0)	(27.0, 87914.0)	(28.0, 143990.0)	(29.0, 228240.0)	(30.0, 365927.0)	(31.0, 651082.0)	(32.0, 1909411.0)	(33.0, 15149082.0)	(34.0, 750745.0)														
/ | scratch | karcher | fastqc | 230727_PRISMA_Batch2_P3_for_Q | AAAWNKKHV_230321_MG_Batch2_P3_23s002005-1-1_Gross_lane1697 | AAAWNKKHV_230321_MG_Batch2_P3_23s002005-1-1_Gross_lane1697_2	(13.0, 2.0)	(14.0, 8.0)	(15.0, 20.0)	(16.0, 93.0)	(17.0, 279.0)	(18.0, 1021.0)	(19.0, 3216.0)	(20.0, 6690.0)	(21.0, 11727.0)	(22.0, 18855.0)	(23.0, 31184.0)	(24.0, 50314.0)	(25.0, 69621.0)	(26.0, 84643.0)	(27.0, 129556.0)	(28.0, 206865.0)	(29.0, 339294.0)	(30.0, 611659.0)	(31.0, 1369698.0)	(32.0, 4622282.0)	(33.0, 11611518.0)	(34.0, 232380.0)									
/ | scratch | karcher | fastqc | 230727_PRISMA_Batch2_P3_for_Q | AAAWNKKHV_230321_MG_Batch2_P3_23s002005-1-1_Gross_lane1702 | AAAWNKKHV_230321_MG_Batch2_P3_23s002005-1-1_Gross_lane1702_1	(17.0, 2.0)	(18.0, 14.0)	(19.0, 118.0)	(20.0, 819.0)	(21.0, 3026.0)	(22.0, 7458.0)	(23.0, 13844.0)	(24.0, 23487.0)	(25.0, 40350.0)	(26.0, 69602.0)	(27.0, 118492.0)	(28.0, 190861.0)	(29.0, 296625.0)	(30.0, 466719.0)	(31.0, 819831.0)	(32.0, 2445820.0)	(33.0, 19148477.0)	(34.0, 809741.0)													
/ | scratch | karcher | fastqc | 230727_PRISMA_Batch2_P3_for_Q | AAAWNKKHV_230321_MG_Batch2_P3_23s002005-1-1_Gross_lane1702 | AAAWNKKHV_230321_MG_Batch2_P3_23s002005-1-1_Gross_lane1702_2	(14.0, 5.0)	(15.0, 27.0)	(16.0, 98.0)	(17.0, 347.0)	(18.0, 1283.0)	(19.0, 3722.0)	(20.0, 7894.0)	(21.0, 14163.0)	(22.0, 23511.0)	(23.0, 39469.0)	(24.0, 63819.0)	(25.0, 88195.0)	(26.0, 105941.0)	(27.0, 161618.0)	(28.0, 255597.0)	(29.0, 413908.0)	(30.0, 735773.0)	(31.0, 1647947.0)	(32.0, 5853024.0)	(33.0, 14776560.0)	(34.0, 262385.0)										
/ | scratch | karcher | fastqc | 230727_PRISMA_Batch2_P3_for_Q | AAAWNKKHV_230321_MG_Batch2_P3_23s002005-1-1_Gross_lane1MG16 | AAAWNKKHV_230321_MG_Batch2_P3_23s002005-1-1_Gross_lane1MG16_1	(16.0, 2.0)	(17.0, 12.0)	(18.0, 261.0)	(19.0, 2027.0)	(20.0, 9138.0)	(21.0, 27111.0)	(22.0, 60272.0)	(23.0, 103986.0)	(24.0, 157977.0)	(25.0, 243530.0)	(26.0, 391728.0)	(27.0, 638834.0)	(28.0, 1029534.0)	(29.0, 1662770.0)	(30.0, 2780639.0)	(31.0, 4753490.0)	(32.0, 11890188.0)	(33.0, 95058491.0)	(34.0, 7701962.0)												
/ | scratch | karcher | fastqc | 230727_PRISMA_Batch2_P3_for_Q | AAAWNKKHV_230321_MG_Batch2_P3_23s002005-1-1_Gross_lane1MG16 | AAAWNKKHV_230321_MG_Batch2_P3_23s002005-1-1_Gross_lane1MG16_2	(13.0, 5.0)	(14.0, 64.0)	(15.0, 287.0)	(16.0, 867.0)	(17.0, 3056.0)	(18.0, 13480.0)	(19.0, 45942.0)	(20.0, 98584.0)	(21.0, 161289.0)	(22.0, 241815.0)	(23.0, 355293.0)	(24.0, 512390.0)	(25.0, 677565.0)	(26.0, 881566.0)	(27.0, 1310997.0)	(28.0, 2009502.0)	(29.0, 3162265.0)	(30.0, 5373894.0)	(31.0, 10725829.0)	(32.0, 29662262.0)	(33.0, 69784021.0)	(34.0, 1490979.0)									
/ | scratch | karcher | fastqc | 230727_PRISMA_Batch2_P3_for_Q | AAAWNKKHV_230321_MG_Batch2_P3_23s002005-1-1_Gross_lane1MG25 | AAAWNKKHV_230321_MG_Batch2_P3_23s002005-1-1_Gross_lane1MG25_1	(17.0, 5.0)	(18.0, 102.0)	(19.0, 1085.0)	(20.0, 6300.0)	(21.0, 22101.0)	(22.0, 47774.0)	(23.0, 75682.0)	(24.0, 117606.0)	(25.0, 207031.0)	(26.0, 377010.0)	(27.0, 667548.0)	(28.0, 1138973.0)	(29.0, 1919393.0)	(30.0, 3318632.0)	(31.0, 6182512.0)	(32.0, 17439760.0)	(33.0, 110164196.0)	(34.0, 4526895.0)													
/ | scratch | karcher | fastqc | 230727_PRISMA_Batch2_P3_for_Q | AAAWNKKHV_230321_MG_Batch2_P3_23s002005-1-1_Gross_lane1MG25 | AAAWNKKHV_230321_MG_Batch2_P3_23s002005-1-1_Gross_lane1MG25_2	(12.0, 2.0)	(13.0, 14.0)	(14.0, 92.0)	(15.0, 339.0)	(16.0, 1179.0)	(17.0, 4686.0)	(18.0, 17189.0)	(19.0, 50346.0)	(20.0, 105492.0)	(21.0, 170220.0)	(22.0, 241168.0)	(23.0, 349944.0)	(24.0, 520455.0)	(25.0, 705986.0)	(26.0, 943644.0)	(27.0, 1466392.0)	(28.0, 2345247.0)	(29.0, 3831980.0)	(30.0, 6681906.0)	(31.0, 13530252.0)	(32.0, 37155278.0)	(33.0, 76885042.0)	(34.0, 1205752.0)								
/ | scratch | karcher | fastqc | 230727_PRISMA_Batch2_P3_for_Q | AAAWNKKHV_230321_MG_Batch2_P3_23s002005-1-1_Gross_lane1MG30 | AAAWNKKHV_230321_MG_Batch2_P3_23s002005-1-1_Gross_lane1MG30_1	(17.0, 1.0)	(18.0, 29.0)	(19.0, 276.0)	(20.0, 1313.0)	(21.0, 3806.0)	(22.0, 8401.0)	(23.0, 15329.0)	(24.0, 25311.0)	(25.0, 40357.0)	(26.0, 64984.0)	(27.0, 103148.0)	(28.0, 164608.0)	(29.0, 262187.0)	(30.0, 433525.0)	(31.0, 766433.0)	(32.0, 1909986.0)	(33.0, 13740234.0)	(34.0, 1143338.0)													
/ | scratch | karcher | fastqc | 230727_PRISMA_Batch2_P3_for_Q | AAAWNKKHV_230321_MG_Batch2_P3_23s002005-1-1_Gross_lane1MG30 | AAAWNKKHV_230321_MG_Batch2_P3_23s002005-1-1_Gross_lane1MG30_2	(14.0, 10.0)	(15.0, 58.0)	(16.0, 157.0)	(17.0, 457.0)	(18.0, 2296.0)	(19.0, 8333.0)	(20.0, 16774.0)	(21.0, 27550.0)	(22.0, 41865.0)	(23.0, 63826.0)	(24.0, 92623.0)	(25.0, 122458.0)	(26.0, 161091.0)	(27.0, 234661.0)	(28.0, 352300.0)	(29.0, 541571.0)	(30.0, 894677.0)	(31.0, 1720141.0)	(32.0, 4427645.0)	(33.0, 9742666.0)	(34.0, 232107.0)										
/ | scratch | karcher | fastqc | 230727_PRISMA_Batch2_P3_for_Q | AAAWNKKHV_230321_MG_Batch2_P3_23s002005-1-1_Gross_lane1MG36 | AAAWNKKHV_230321_MG_Batch2_P3_23s002005-1-1_Gross_lane1MG36_1	(17.0, 3.0)	(18.0, 9.0)	(19.0, 118.0)	(20.0, 744.0)	(21.0, 2767.0)	(22.0, 6693.0)	(23.0, 12164.0)	(24.0, 20282.0)	(25.0, 35832.0)	(26.0, 63990.0)	(27.0, 111175.0)	(28.0, 183249.0)	(29.0, 292846.0)	(30.0, 471548.0)	(31.0, 850798.0)	(32.0, 2582592.0)	(33.0, 19715004.0)	(34.0, 812620.0)													
/ | scratch | karcher | fastqc | 230727_PRISMA_Batch2_P3_for_Q | AAAWNKKHV_230321_MG_Batch2_P3_23s002005-1-1_Gross_lane1MG36 | AAAWNKKHV_230321_MG_Batch2_P3_23s002005-1-1_Gross_lane1MG36_2	(13.0, 2.0)	(14.0, 14.0)	(15.0, 31.0)	(16.0, 114.0)	(17.0, 460.0)	(18.0, 1596.0)	(19.0, 4319.0)	(20.0, 8851.0)	(21.0, 15333.0)	(22.0, 24907.0)	(23.0, 39988.0)	(24.0, 65328.0)	(25.0, 88747.0)	(26.0, 109048.0)	(27.0, 168945.0)	(28.0, 270759.0)	(29.0, 448033.0)	(30.0, 816909.0)	(31.0, 1858239.0)	(32.0, 6324379.0)	(33.0, 14674228.0)	(34.0, 242204.0)									
/ | scratch | karcher | fastqc | 230727_PRISMA_Batch2_P3_for_Q | AAAWNKKHV_230321_MG_Batch2_P3_23s002005-1-1_Gross_lane1MG39 | AAAWNKKHV_230321_MG_Batch2_P3_23s002005-1-1_Gross_lane1MG39_1	(17.0, 8.0)	(18.0, 139.0)	(19.0, 1185.0)	(20.0, 5736.0)	(21.0, 18030.0)	(22.0, 38745.0)	(23.0, 66508.0)	(24.0, 103041.0)	(25.0, 166282.0)	(26.0, 279810.0)	(27.0, 466197.0)	(28.0, 758871.0)	(29.0, 1225562.0)	(30.0, 2089870.0)	(31.0, 3567901.0)	(32.0, 9270417.0)	(33.0, 71384394.0)	(34.0, 4418738.0)													
/ | scratch | karcher | fastqc | 230727_PRISMA_Batch2_P3_for_Q | AAAWNKKHV_230321_MG_Batch2_P3_23s002005-1-1_Gross_lane1MG39 | AAAWNKKHV_230321_MG_Batch2_P3_23s002005-1-1_Gross_lane1MG39_2	(13.0, 7.0)	(14.0, 46.0)	(15.0, 214.0)	(16.0, 621.0)	(17.0, 2235.0)	(18.0, 9017.0)	(19.0, 29603.0)	(20.0, 65349.0)	(21.0, 106706.0)	(22.0, 156824.0)	(23.0, 231544.0)	(24.0, 341274.0)	(25.0, 454722.0)	(26.0, 588461.0)	(27.0, 890024.0)	(28.0, 1386651.0)	(29.0, 2215776.0)	(30.0, 3828637.0)	(31.0, 7818001.0)	(32.0, 22480141.0)	(33.0, 52298580.0)	(34.0, 957001.0)									
/ | scratch | karcher | fastqc | 230727_PRISMA_Batch2_P3_for_Q | AAAWNKKHV_230321_MG_Batch2_P3_23s002005-1-1_Gross_lane1MG40 | AAAWNKKHV_230321_MG_Batch2_P3_23s002005-1-1_Gross_lane1MG40_1	(17.0, 1.0)	(18.0, 6.0)	(19.0, 165.0)	(20.0, 1074.0)	(21.0, 3705.0)	(22.0, 7975.0)	(23.0, 13678.0)	(24.0, 22530.0)	(25.0, 37731.0)	(26.0, 65308.0)	(27.0, 108675.0)	(28.0, 173180.0)	(29.0, 268509.0)	(30.0, 424546.0)	(31.0, 743160.0)	(32.0, 2093004.0)	(33.0, 16768251.0)	(34.0, 871076.0)													
/ | scratch | karcher | fastqc | 230727_PRISMA_Batch2_P3_for_Q | AAAWNKKHV_230321_MG_Batch2_P3_23s002005-1-1_Gross_lane1MG40 | AAAWNKKHV_230321_MG_Batch2_P3_23s002005-1-1_Gross_lane1MG40_2	(13.0, 4.0)	(14.0, 5.0)	(15.0, 29.0)	(16.0, 100.0)	(17.0, 409.0)	(18.0, 1510.0)	(19.0, 5198.0)	(20.0, 10825.0)	(21.0, 17317.0)	(22.0, 25142.0)	(23.0, 39302.0)	(24.0, 61103.0)	(25.0, 83285.0)	(26.0, 100643.0)	(27.0, 150907.0)	(28.0, 237610.0)	(29.0, 381446.0)	(30.0, 669268.0)	(31.0, 1448048.0)	(32.0, 4861689.0)	(33.0, 13220949.0)	(34.0, 287785.0)									
/ | scratch | karcher | fastqc | 230727_PRISMA_Batch2_P3_for_Q | AAAWNKKHV_230321_MG_Batch2_P3_23s002005-1-1_Gross_lane1MG41 | AAAWNKKHV_230321_MG_Batch2_P3_23s002005-1-1_Gross_lane1MG41_1	(18.0, 7.0)	(19.0, 139.0)	(20.0, 741.0)	(21.0, 2728.0)	(22.0, 6680.0)	(23.0, 11861.0)	(24.0, 20124.0)	(25.0, 34943.0)	(26.0, 61529.0)	(27.0, 104007.0)	(28.0, 169883.0)	(29.0, 268216.0)	(30.0, 427192.0)	(31.0, 747762.0)	(32.0, 2104680.0)	(33.0, 18138608.0)	(34.0, 1005637.0)														
/ | scratch | karcher | fastqc | 230727_PRISMA_Batch2_P3_for_Q | AAAWNKKHV_230321_MG_Batch2_P3_23s002005-1-1_Gross_lane1MG41 | AAAWNKKHV_230321_MG_Batch2_P3_23s002005-1-1_Gross_lane1MG41_2	(14.0, 6.0)	(15.0, 28.0)	(16.0, 90.0)	(17.0, 323.0)	(18.0, 1269.0)	(19.0, 3927.0)	(20.0, 8622.0)	(21.0, 14490.0)	(22.0, 23136.0)	(23.0, 37129.0)	(24.0, 60123.0)	(25.0, 82204.0)	(26.0, 100340.0)	(27.0, 151224.0)	(28.0, 239998.0)	(29.0, 390103.0)	(30.0, 691615.0)	(31.0, 1509575.0)	(32.0, 5171503.0)	(33.0, 14310058.0)	(34.0, 308974.0)										
/ | scratch | karcher | fastqc | 230727_PRISMA_Batch2_P3_for_Q | AAAWNKKHV_230321_MG_Batch2_P3_23s002005-1-1_Gross_lane1MG42 | AAAWNKKHV_230321_MG_Batch2_P3_23s002005-1-1_Gross_lane1MG42_1	(18.0, 7.0)	(19.0, 95.0)	(20.0, 457.0)	(21.0, 1678.0)	(22.0, 4264.0)	(23.0, 8803.0)	(24.0, 16228.0)	(25.0, 29619.0)	(26.0, 53670.0)	(27.0, 90750.0)	(28.0, 148709.0)	(29.0, 234132.0)	(30.0, 368890.0)	(31.0, 648681.0)	(32.0, 1882745.0)	(33.0, 15889968.0)	(34.0, 784271.0)														
/ | scratch | karcher | fastqc | 230727_PRISMA_Batch2_P3_for_Q | AAAWNKKHV_230321_MG_Batch2_P3_23s002005-1-1_Gross_lane1MG42 | AAAWNKKHV_230321_MG_Batch2_P3_23s002005-1-1_Gross_lane1MG42_2	(14.0, 6.0)	(15.0, 32.0)	(16.0, 99.0)	(17.0, 304.0)	(18.0, 1044.0)	(19.0, 3339.0)	(20.0, 7328.0)	(21.0, 12087.0)	(22.0, 19283.0)	(23.0, 32270.0)	(24.0, 52593.0)	(25.0, 72808.0)	(26.0, 88444.0)	(27.0, 134224.0)	(28.0, 211796.0)	(29.0, 342729.0)	(30.0, 610024.0)	(31.0, 1361051.0)	(32.0, 4756677.0)	(33.0, 12228904.0)	(34.0, 227925.0)										
/ | scratch | karcher | fastqc | 230727_PRISMA_Batch2_P3_for_Q | AAAWNKKHV_230321_MG_Batch2_P3_23s002005-1-1_Gross_lane1MG43 | AAAWNKKHV_230321_MG_Batch2_P3_23s002005-1-1_Gross_lane1MG43_1	(18.0, 9.0)	(19.0, 117.0)	(20.0, 856.0)	(21.0, 3101.0)	(22.0, 7577.0)	(23.0, 13606.0)	(24.0, 20078.0)	(25.0, 31002.0)	(26.0, 53418.0)	(27.0, 89880.0)	(28.0, 144847.0)	(29.0, 229535.0)	(30.0, 365978.0)	(31.0, 655563.0)	(32.0, 1931856.0)	(33.0, 14683430.0)	(34.0, 714854.0)														
/ | scratch | karcher | fastqc | 230727_PRISMA_Batch2_P3_for_Q | AAAWNKKHV_230321_MG_Batch2_P3_23s002005-1-1_Gross_lane1MG43 | AAAWNKKHV_230321_MG_Batch2_P3_23s002005-1-1_Gross_lane1MG43_2	(14.0, 7.0)	(15.0, 34.0)	(16.0, 137.0)	(17.0, 481.0)	(18.0, 1645.0)	(19.0, 4389.0)	(20.0, 9396.0)	(21.0, 15617.0)	(22.0, 24296.0)	(23.0, 36324.0)	(24.0, 55237.0)	(25.0, 72841.0)	(26.0, 90127.0)	(27.0, 136008.0)	(28.0, 215194.0)	(29.0, 350742.0)	(30.0, 633142.0)	(31.0, 1409140.0)	(32.0, 4668334.0)	(33.0, 11018431.0)	(34.0, 204185.0)										
/ | scratch | karcher | fastqc | 230727_PRISMA_Batch2_P3_for_Q | AAAWNKKHV_230321_MG_Batch2_P3_23s002005-1-1_Gross_lane1MG44 | AAAWNKKHV_230321_MG_Batch2_P3_23s002005-1-1_Gross_lane1MG44_1	(18.0, 3.0)	(19.0, 80.0)	(20.0, 563.0)	(21.0, 1773.0)	(22.0, 4362.0)	(23.0, 8246.0)	(24.0, 14997.0)	(25.0, 27683.0)	(26.0, 50156.0)	(27.0, 86946.0)	(28.0, 142111.0)	(29.0, 224697.0)	(30.0, 357412.0)	(31.0, 627838.0)	(32.0, 1855193.0)	(33.0, 15557984.0)	(34.0, 680038.0)														
/ | scratch | karcher | fastqc | 230727_PRISMA_Batch2_P3_for_Q | AAAWNKKHV_230321_MG_Batch2_P3_23s002005-1-1_Gross_lane1MG44 | AAAWNKKHV_230321_MG_Batch2_P3_23s002005-1-1_Gross_lane1MG44_2	(12.0, 1.0)	(13.0, 2.0)	(14.0, 8.0)	(15.0, 25.0)	(16.0, 82.0)	(17.0, 261.0)	(18.0, 1001.0)	(19.0, 2940.0)	(20.0, 6524.0)	(21.0, 11238.0)	(22.0, 17349.0)	(23.0, 28730.0)	(24.0, 47249.0)	(25.0, 65734.0)	(26.0, 78384.0)	(27.0, 120698.0)	(28.0, 193805.0)	(29.0, 315775.0)	(30.0, 563922.0)	(31.0, 1260175.0)	(32.0, 4534617.0)	(33.0, 12167703.0)	(34.0, 223859.0)								
/ | scratch | karcher | fastqc | 230727_PRISMA_Batch2_P3_for_Q | AAAWNKKHV_230321_MG_Batch2_P3_23s002005-1-1_Gross_lane1MG45 | AAAWNKKHV_230321_MG_Batch2_P3_23s002005-1-1_Gross_lane1MG45_1	(18.0, 2.0)	(19.0, 73.0)	(20.0, 420.0)	(21.0, 1682.0)	(22.0, 4161.0)	(23.0, 8753.0)	(24.0, 16541.0)	(25.0, 32108.0)	(26.0, 59174.0)	(27.0, 104764.0)	(28.0, 173419.0)	(29.0, 278092.0)	(30.0, 447639.0)	(31.0, 807390.0)	(32.0, 2484219.0)	(33.0, 18948599.0)	(34.0, 695701.0)														
/ | scratch | karcher | fastqc | 230727_PRISMA_Batch2_P3_for_Q | AAAWNKKHV_230321_MG_Batch2_P3_23s002005-1-1_Gross_lane1MG45 | AAAWNKKHV_230321_MG_Batch2_P3_23s002005-1-1_Gross_lane1MG45_2	(12.0, 1.0)	(13.0, 2.0)	(14.0, 8.0)	(15.0, 30.0)	(16.0, 88.0)	(17.0, 338.0)	(18.0, 1208.0)	(19.0, 3554.0)	(20.0, 7327.0)	(21.0, 12521.0)	(22.0, 19795.0)	(23.0, 32777.0)	(24.0, 55254.0)	(25.0, 75836.0)	(26.0, 90673.0)	(27.0, 141903.0)	(28.0, 231204.0)	(29.0, 385475.0)	(30.0, 704872.0)	(31.0, 1618353.0)	(32.0, 5833540.0)	(33.0, 14611981.0)	(34.0, 235997.0)								
/ | scratch | karcher | fastqc | 230727_PRISMA_Batch2_P3_for_Q | AAAWNKKHV_230321_MG_Batch2_P3_23s002005-1-1_Gross_lane1MG46 | AAAWNKKHV_230321_MG_Batch2_P3_23s002005-1-1_Gross_lane1MG46_1	(17.0, 1.0)	(18.0, 6.0)	(19.0, 102.0)	(20.0, 598.0)	(21.0, 2206.0)	(22.0, 5247.0)	(23.0, 9253.0)	(24.0, 16321.0)	(25.0, 30254.0)	(26.0, 55627.0)	(27.0, 97784.0)	(28.0, 162741.0)	(29.0, 261137.0)	(30.0, 422620.0)	(31.0, 766700.0)	(32.0, 2351697.0)	(33.0, 17914314.0)	(34.0, 655639.0)													
/ | scratch | karcher | fastqc | 230727_PRISMA_Batch2_P3_for_Q | AAAWNKKHV_230321_MG_Batch2_P3_23s002005-1-1_Gross_lane1MG46 | AAAWNKKHV_230321_MG_Batch2_P3_23s002005-1-1_Gross_lane1MG46_2	(13.0, 2.0)	(14.0, 13.0)	(15.0, 18.0)	(16.0, 86.0)	(17.0, 361.0)	(18.0, 1334.0)	(19.0, 3640.0)	(20.0, 7790.0)	(21.0, 12946.0)	(22.0, 20381.0)	(23.0, 33768.0)	(24.0, 55337.0)	(25.0, 76663.0)	(26.0, 93484.0)	(27.0, 145493.0)	(28.0, 236188.0)	(29.0, 392027.0)	(30.0, 718068.0)	(31.0, 1648192.0)	(32.0, 5714006.0)	(33.0, 13377910.0)	(34.0, 214540.0)									
/ | scratch | karcher | fastqc | 230727_PRISMA_Batch2_P3_for_Q | AAAWNKKHV_230321_MG_Batch2_P3_23s002005-1-1_Gross_lane1MG47 | AAAWNKKHV_230321_MG_Batch2_P3_23s002005-1-1_Gross_lane1MG47_1	(18.0, 6.0)	(19.0, 70.0)	(20.0, 501.0)	(21.0, 1739.0)	(22.0, 4353.0)	(23.0, 8631.0)	(24.0, 15787.0)	(25.0, 29522.0)	(26.0, 54276.0)	(27.0, 96084.0)	(28.0, 158790.0)	(29.0, 253021.0)	(30.0, 404251.0)	(31.0, 723215.0)	(32.0, 2222345.0)	(33.0, 17537227.0)	(34.0, 642484.0)														
/ | scratch | karcher | fastqc | 230727_PRISMA_Batch2_P3_for_Q | AAAWNKKHV_230321_MG_Batch2_P3_23s002005-1-1_Gross_lane1MG47 | AAAWNKKHV_230321_MG_Batch2_P3_23s002005-1-1_Gross_lane1MG47_2	(12.0, 1.0)	(13.0, 1.0)	(14.0, 14.0)	(15.0, 21.0)	(16.0, 99.0)	(17.0, 337.0)	(18.0, 1206.0)	(19.0, 3325.0)	(20.0, 6910.0)	(21.0, 11611.0)	(22.0, 19005.0)	(23.0, 32006.0)	(24.0, 53813.0)	(25.0, 74075.0)	(26.0, 89239.0)	(27.0, 137939.0)	(28.0, 222662.0)	(29.0, 368160.0)	(30.0, 672276.0)	(31.0, 1542663.0)	(32.0, 5436187.0)	(33.0, 13256319.0)	(34.0, 224433.0)								
/ | scratch | karcher | fastqc | 230727_PRISMA_Batch2_P3_for_Q | AAAWNKKHV_230321_MG_Batch2_P3_23s002005-1-1_Gross_lane1MG49 | AAAWNKKHV_230321_MG_Batch2_P3_23s002005-1-1_Gross_lane1MG49_1	(17.0, 1.0)	(18.0, 11.0)	(19.0, 87.0)	(20.0, 575.0)	(21.0, 2063.0)	(22.0, 5064.0)	(23.0, 9583.0)	(24.0, 16908.0)	(25.0, 30903.0)	(26.0, 56358.0)	(27.0, 97456.0)	(28.0, 160000.0)	(29.0, 255092.0)	(30.0, 408191.0)	(31.0, 723667.0)	(32.0, 2179597.0)	(33.0, 17837441.0)	(34.0, 752180.0)													
/ | scratch | karcher | fastqc | 230727_PRISMA_Batch2_P3_for_Q | AAAWNKKHV_230321_MG_Batch2_P3_23s002005-1-1_Gross_lane1MG49 | AAAWNKKHV_230321_MG_Batch2_P3_23s002005-1-1_Gross_lane1MG49_2	(13.0, 2.0)	(14.0, 5.0)	(15.0, 28.0)	(16.0, 91.0)	(17.0, 333.0)	(18.0, 1257.0)	(19.0, 3642.0)	(20.0, 7669.0)	(21.0, 12906.0)	(22.0, 20494.0)	(23.0, 33810.0)	(24.0, 55353.0)	(25.0, 76465.0)	(26.0, 91716.0)	(27.0, 140784.0)	(28.0, 225092.0)	(29.0, 369777.0)	(30.0, 666779.0)	(31.0, 1515025.0)	(32.0, 5366778.0)	(33.0, 13696991.0)	(34.0, 250180.0)									
/ | scratch | karcher | fastqc | 230727_PRISMA_Batch2_P3_for_Q | AAAWNKKHV_230321_MG_Batch2_P3_23s002005-1-1_Gross_lane1MG50 | AAAWNKKHV_230321_MG_Batch2_P3_23s002005-1-1_Gross_lane1MG50_1	(17.0, 2.0)	(18.0, 7.0)	(19.0, 69.0)	(20.0, 534.0)	(21.0, 2079.0)	(22.0, 5084.0)	(23.0, 9229.0)	(24.0, 16067.0)	(25.0, 29179.0)	(26.0, 54518.0)	(27.0, 95451.0)	(28.0, 157872.0)	(29.0, 253466.0)	(30.0, 403888.0)	(31.0, 720480.0)	(32.0, 2180593.0)	(33.0, 17962500.0)	(34.0, 714436.0)													
/ | scratch | karcher | fastqc | 230727_PRISMA_Batch2_P3_for_Q | AAAWNKKHV_230321_MG_Batch2_P3_23s002005-1-1_Gross_lane1MG50 | AAAWNKKHV_230321_MG_Batch2_P3_23s002005-1-1_Gross_lane1MG50_2	(13.0, 2.0)	(14.0, 6.0)	(15.0, 23.0)	(16.0, 64.0)	(17.0, 355.0)	(18.0, 1244.0)	(19.0, 3571.0)	(20.0, 7626.0)	(21.0, 12356.0)	(22.0, 18911.0)	(23.0, 30932.0)	(24.0, 50191.0)	(25.0, 70274.0)	(26.0, 81677.0)	(27.0, 126747.0)	(28.0, 207242.0)	(29.0, 343755.0)	(30.0, 620937.0)	(31.0, 1406164.0)	(32.0, 5143007.0)	(33.0, 14215117.0)	(34.0, 265253.0)									
/ | scratch | karcher | fastqc | 230727_PRISMA_Batch2_P3_for_Q | AAAWNKKHV_230321_MG_Batch2_P3_23s002005-1-1_Gross_lane1MG51 | AAAWNKKHV_230321_MG_Batch2_P3_23s002005-1-1_Gross_lane1MG51_1	(18.0, 8.0)	(19.0, 125.0)	(20.0, 741.0)	(21.0, 2752.0)	(22.0, 6379.0)	(23.0, 11647.0)	(24.0, 20478.0)	(25.0, 35177.0)	(26.0, 60098.0)	(27.0, 99598.0)	(28.0, 159751.0)	(29.0, 249225.0)	(30.0, 393242.0)	(31.0, 685412.0)	(32.0, 1896041.0)	(33.0, 16120086.0)	(34.0, 922554.0)														
/ | scratch | karcher | fastqc | 230727_PRISMA_Batch2_P3_for_Q | AAAWNKKHV_230321_MG_Batch2_P3_23s002005-1-1_Gross_lane1MG51 | AAAWNKKHV_230321_MG_Batch2_P3_23s002005-1-1_Gross_lane1MG51_2	(13.0, 1.0)	(14.0, 6.0)	(15.0, 21.0)	(16.0, 75.0)	(17.0, 270.0)	(18.0, 1115.0)	(19.0, 3488.0)	(20.0, 7491.0)	(21.0, 13150.0)	(22.0, 20836.0)	(23.0, 33954.0)	(24.0, 54467.0)	(25.0, 74909.0)	(26.0, 89919.0)	(27.0, 134772.0)	(28.0, 214454.0)	(29.0, 346076.0)	(30.0, 610670.0)	(31.0, 1326706.0)	(32.0, 4534613.0)	(33.0, 12913738.0)	(34.0, 282583.0)									
/ | scratch | karcher | fastqc | 230727_PRISMA_Batch2_P3_for_Q | AAAWNKKHV_230321_MG_Batch2_P3_23s002005-1-1_Gross_lane1MG52 | AAAWNKKHV_230321_MG_Batch2_P3_23s002005-1-1_Gross_lane1MG52_1	(17.0, 12.0)	(18.0, 122.0)	(19.0, 1136.0)	(20.0, 5412.0)	(21.0, 16034.0)	(22.0, 36038.0)	(23.0, 64024.0)	(24.0, 101900.0)	(25.0, 163732.0)	(26.0, 271058.0)	(27.0, 443950.0)	(28.0, 709435.0)	(29.0, 1125145.0)	(30.0, 1833686.0)	(31.0, 3256109.0)	(32.0, 8195375.0)	(33.0, 65306801.0)	(34.0, 4586078.0)													
/ | scratch | karcher | fastqc | 230727_PRISMA_Batch2_P3_for_Q | AAAWNKKHV_230321_MG_Batch2_P3_23s002005-1-1_Gross_lane1MG52 | AAAWNKKHV_230321_MG_Batch2_P3_23s002005-1-1_Gross_lane1MG52_2	(13.0, 3.0)	(14.0, 25.0)	(15.0, 149.0)	(16.0, 476.0)	(17.0, 1740.0)	(18.0, 8085.0)	(19.0, 27246.0)	(20.0, 58598.0)	(21.0, 92411.0)	(22.0, 136253.0)	(23.0, 201369.0)	(24.0, 297381.0)	(25.0, 394595.0)	(26.0, 498909.0)	(27.0, 749956.0)	(28.0, 1165995.0)	(29.0, 1859764.0)	(30.0, 3191917.0)	(31.0, 6466435.0)	(32.0, 19049170.0)	(33.0, 50763161.0)	(34.0, 1152409.0)									
/ | scratch | karcher | fastqc | 230727_PRISMA_Batch2_P3_for_Q | AAAWNKKHV_230321_MG_Batch2_P3_23s002005-1-1_Gross_lane1MG53 | AAAWNKKHV_230321_MG_Batch2_P3_23s002005-1-1_Gross_lane1MG53_1	(17.0, 1.0)	(18.0, 14.0)	(19.0, 201.0)	(20.0, 1248.0)	(21.0, 4385.0)	(22.0, 10487.0)	(23.0, 19678.0)	(24.0, 35716.0)	(25.0, 65077.0)	(26.0, 116897.0)	(27.0, 201498.0)	(28.0, 329127.0)	(29.0, 515855.0)	(30.0, 820049.0)	(31.0, 1436193.0)	(32.0, 4233730.0)	(33.0, 33850052.0)	(34.0, 1529714.0)													
/ | scratch | karcher | fastqc | 230727_PRISMA_Batch2_P3_for_Q | AAAWNKKHV_230321_MG_Batch2_P3_23s002005-1-1_Gross_lane1MG53 | AAAWNKKHV_230321_MG_Batch2_P3_23s002005-1-1_Gross_lane1MG53_2	(13.0, 1.0)	(14.0, 17.0)	(15.0, 57.0)	(16.0, 143.0)	(17.0, 604.0)	(18.0, 2136.0)	(19.0, 6484.0)	(20.0, 14031.0)	(21.0, 24361.0)	(22.0, 39744.0)	(23.0, 66026.0)	(24.0, 109679.0)	(25.0, 151743.0)	(26.0, 182319.0)	(27.0, 277313.0)	(28.0, 443859.0)	(29.0, 719848.0)	(30.0, 1276700.0)	(31.0, 2826520.0)	(32.0, 9928361.0)	(33.0, 26568442.0)	(34.0, 531534.0)									
/ | scratch | karcher | fastqc | 230727_PRISMA_Batch2_P3_for_Q | AAAWNKKHV_230321_MG_Batch2_P3_23s002005-1-1_Gross_lane1MG54 | AAAWNKKHV_230321_MG_Batch2_P3_23s002005-1-1_Gross_lane1MG54_1	(18.0, 11.0)	(19.0, 65.0)	(20.0, 374.0)	(21.0, 1316.0)	(22.0, 3552.0)	(23.0, 6929.0)	(24.0, 13362.0)	(25.0, 24845.0)	(26.0, 45912.0)	(27.0, 80189.0)	(28.0, 133946.0)	(29.0, 214583.0)	(30.0, 343404.0)	(31.0, 619154.0)	(32.0, 1951615.0)	(33.0, 14512673.0)	(34.0, 526811.0)														
/ | scratch | karcher | fastqc | 230727_PRISMA_Batch2_P3_for_Q | AAAWNKKHV_230321_MG_Batch2_P3_23s002005-1-1_Gross_lane1MG54 | AAAWNKKHV_230321_MG_Batch2_P3_23s002005-1-1_Gross_lane1MG54_2	(13.0, 1.0)	(14.0, 8.0)	(15.0, 16.0)	(16.0, 73.0)	(17.0, 229.0)	(18.0, 875.0)	(19.0, 2462.0)	(20.0, 5148.0)	(21.0, 9050.0)	(22.0, 14912.0)	(23.0, 25825.0)	(24.0, 43869.0)	(25.0, 59749.0)	(26.0, 72084.0)	(27.0, 111659.0)	(28.0, 182559.0)	(29.0, 303448.0)	(30.0, 554053.0)	(31.0, 1279786.0)	(32.0, 4587807.0)	(33.0, 11038455.0)	(34.0, 186673.0)									
/ | scratch | karcher | fastqc | 230727_PRISMA_Batch2_P3_for_Q | AAAWNKKHV_230321_MG_Batch2_P3_23s002005-1-1_Gross_lane1MG55 | AAAWNKKHV_230321_MG_Batch2_P3_23s002005-1-1_Gross_lane1MG55_1	(18.0, 6.0)	(19.0, 40.0)	(20.0, 229.0)	(21.0, 926.0)	(22.0, 2270.0)	(23.0, 4617.0)	(24.0, 8684.0)	(25.0, 16425.0)	(26.0, 29851.0)	(27.0, 51993.0)	(28.0, 85249.0)	(29.0, 135817.0)	(30.0, 216031.0)	(31.0, 378184.0)	(32.0, 1150560.0)	(33.0, 8990082.0)	(34.0, 336159.0)														
/ | scratch | karcher | fastqc | 230727_PRISMA_Batch2_P3_for_Q | AAAWNKKHV_230321_MG_Batch2_P3_23s002005-1-1_Gross_lane1MG55 | AAAWNKKHV_230321_MG_Batch2_P3_23s002005-1-1_Gross_lane1MG55_2	(13.0, 1.0)	(14.0, 10.0)	(15.0, 12.0)	(16.0, 35.0)	(17.0, 127.0)	(18.0, 454.0)	(19.0, 1452.0)	(20.0, 3144.0)	(21.0, 5420.0)	(22.0, 8994.0)	(23.0, 15574.0)	(24.0, 26404.0)	(25.0, 36913.0)	(26.0, 43713.0)	(27.0, 67569.0)	(28.0, 109864.0)	(29.0, 181194.0)	(30.0, 322885.0)	(31.0, 725811.0)	(32.0, 2684950.0)	(33.0, 7050343.0)	(34.0, 122254.0)									
/ | scratch | karcher | fastqc | 230727_PRISMA_Batch2_P3_for_Q | AAAWNKKHV_230321_MG_Batch2_P3_23s002005-1-1_Gross_lane1MG56 | AAAWNKKHV_230321_MG_Batch2_P3_23s002005-1-1_Gross_lane1MG56_1	(18.0, 6.0)	(19.0, 87.0)	(20.0, 556.0)	(21.0, 1982.0)	(22.0, 4612.0)	(23.0, 8901.0)	(24.0, 15859.0)	(25.0, 29852.0)	(26.0, 54385.0)	(27.0, 95362.0)	(28.0, 157904.0)	(29.0, 254432.0)	(30.0, 410949.0)	(31.0, 750301.0)	(32.0, 2358161.0)	(33.0, 16773663.0)	(34.0, 601182.0)														
/ | scratch | karcher | fastqc | 230727_PRISMA_Batch2_P3_for_Q | AAAWNKKHV_230321_MG_Batch2_P3_23s002005-1-1_Gross_lane1MG56 | AAAWNKKHV_230321_MG_Batch2_P3_23s002005-1-1_Gross_lane1MG56_2	(13.0, 3.0)	(14.0, 6.0)	(15.0, 16.0)	(16.0, 77.0)	(17.0, 367.0)	(18.0, 1175.0)	(19.0, 3171.0)	(20.0, 6986.0)	(21.0, 11877.0)	(22.0, 19043.0)	(23.0, 31991.0)	(24.0, 52869.0)	(25.0, 71755.0)	(26.0, 87654.0)	(27.0, 136841.0)	(28.0, 223489.0)	(29.0, 373301.0)	(30.0, 688384.0)	(31.0, 1577010.0)	(32.0, 5422021.0)	(33.0, 12599829.0)	(34.0, 210329.0)									
/ | scratch | karcher | fastqc | 230727_PRISMA_Batch2_P3_for_Q | AAAWNKKHV_230321_MG_Batch2_P3_23s002005-1-1_Gross_lane1MG57 | AAAWNKKHV_230321_MG_Batch2_P3_23s002005-1-1_Gross_lane1MG57_1	(17.0, 1.0)	(18.0, 9.0)	(19.0, 85.0)	(20.0, 554.0)	(21.0, 2001.0)	(22.0, 5026.0)	(23.0, 9271.0)	(24.0, 16147.0)	(25.0, 29027.0)	(26.0, 52922.0)	(27.0, 91855.0)	(28.0, 151599.0)	(29.0, 242971.0)	(30.0, 393100.0)	(31.0, 714256.0)	(32.0, 2211077.0)	(33.0, 16246157.0)	(34.0, 613322.0)													
/ | scratch | karcher | fastqc | 230727_PRISMA_Batch2_P3_for_Q | AAAWNKKHV_230321_MG_Batch2_P3_23s002005-1-1_Gross_lane1MG57 | AAAWNKKHV_230321_MG_Batch2_P3_23s002005-1-1_Gross_lane1MG57_2	(13.0, 1.0)	(14.0, 10.0)	(15.0, 27.0)	(16.0, 102.0)	(17.0, 336.0)	(18.0, 1271.0)	(19.0, 3402.0)	(20.0, 7353.0)	(21.0, 12412.0)	(22.0, 20436.0)	(23.0, 34224.0)	(24.0, 55071.0)	(25.0, 74890.0)	(26.0, 92245.0)	(27.0, 144350.0)	(28.0, 230768.0)	(29.0, 384064.0)	(30.0, 704184.0)	(31.0, 1626189.0)	(32.0, 5423704.0)	(33.0, 11779418.0)	(34.0, 184923.0)									
/ | scratch | karcher | fastqc | 230727_PRISMA_Batch2_P3_for_Q | AAAWNKKHV_230321_MG_Batch2_P3_23s002005-1-1_Gross_lane1MG58 | AAAWNKKHV_230321_MG_Batch2_P3_23s002005-1-1_Gross_lane1MG58_1	(18.0, 7.0)	(19.0, 88.0)	(20.0, 544.0)	(21.0, 1983.0)	(22.0, 4667.0)	(23.0, 8831.0)	(24.0, 15475.0)	(25.0, 27704.0)	(26.0, 49719.0)	(27.0, 85497.0)	(28.0, 138644.0)	(29.0, 219737.0)	(30.0, 351548.0)	(31.0, 626061.0)	(32.0, 1843172.0)	(33.0, 15292038.0)	(34.0, 760310.0)														
/ | scratch | karcher | fastqc | 230727_PRISMA_Batch2_P3_for_Q | AAAWNKKHV_230321_MG_Batch2_P3_23s002005-1-1_Gross_lane1MG58 | AAAWNKKHV_230321_MG_Batch2_P3_23s002005-1-1_Gross_lane1MG58_2	(13.0, 2.0)	(14.0, 10.0)	(15.0, 31.0)	(16.0, 80.0)	(17.0, 305.0)	(18.0, 1217.0)	(19.0, 3912.0)	(20.0, 8104.0)	(21.0, 13420.0)	(22.0, 20491.0)	(23.0, 32619.0)	(24.0, 51966.0)	(25.0, 71557.0)	(26.0, 85198.0)	(27.0, 127759.0)	(28.0, 203369.0)	(29.0, 329939.0)	(30.0, 592432.0)	(31.0, 1319758.0)	(32.0, 4482261.0)	(33.0, 11830817.0)	(34.0, 250778.0)									
/ | scratch | karcher | fastqc | 230727_PRISMA_Batch2_P3_for_Q | AAAWNKKHV_230321_MG_Batch2_P3_23s002005-1-1_Gross_lane1MG59 | AAAWNKKHV_230321_MG_Batch2_P3_23s002005-1-1_Gross_lane1MG59_1	(18.0, 6.0)	(19.0, 115.0)	(20.0, 592.0)	(21.0, 2037.0)	(22.0, 5024.0)	(23.0, 9527.0)	(24.0, 16730.0)	(25.0, 29390.0)	(26.0, 50491.0)	(27.0, 85336.0)	(28.0, 139262.0)	(29.0, 218977.0)	(30.0, 352357.0)	(31.0, 619031.0)	(32.0, 1721484.0)	(33.0, 14799416.0)	(34.0, 954903.0)														
/ | scratch | karcher | fastqc | 230727_PRISMA_Batch2_P3_for_Q | AAAWNKKHV_230321_MG_Batch2_P3_23s002005-1-1_Gross_lane1MG59 | AAAWNKKHV_230321_MG_Batch2_P3_23s002005-1-1_Gross_lane1MG59_2	(13.0, 1.0)	(14.0, 8.0)	(15.0, 30.0)	(16.0, 79.0)	(17.0, 294.0)	(18.0, 1099.0)	(19.0, 3426.0)	(20.0, 7461.0)	(21.0, 13251.0)	(22.0, 20986.0)	(23.0, 33897.0)	(24.0, 53788.0)	(25.0, 73258.0)	(26.0, 90227.0)	(27.0, 136239.0)	(28.0, 213646.0)	(29.0, 345736.0)	(30.0, 612993.0)	(31.0, 1335569.0)	(32.0, 4365035.0)	(33.0, 11445868.0)	(34.0, 251787.0)									
/ | scratch | karcher | fastqc | 230727_PRISMA_Batch2_P3_for_Q | AAAWNKKHV_230321_MG_Batch2_P3_23s002005-1-1_Gross_lane1MG60 | AAAWNKKHV_230321_MG_Batch2_P3_23s002005-1-1_Gross_lane1MG60_1	(18.0, 8.0)	(19.0, 74.0)	(20.0, 457.0)	(21.0, 1724.0)	(22.0, 4732.0)	(23.0, 9631.0)	(24.0, 18160.0)	(25.0, 33010.0)	(26.0, 59310.0)	(27.0, 101614.0)	(28.0, 166537.0)	(29.0, 261231.0)	(30.0, 418943.0)	(31.0, 749993.0)	(32.0, 2330737.0)	(33.0, 16757799.0)	(34.0, 633080.0)														
/ | scratch | karcher | fastqc | 230727_PRISMA_Batch2_P3_for_Q | AAAWNKKHV_230321_MG_Batch2_P3_23s002005-1-1_Gross_lane1MG60 | AAAWNKKHV_230321_MG_Batch2_P3_23s002005-1-1_Gross_lane1MG60_2	(13.0, 2.0)	(14.0, 9.0)	(15.0, 16.0)	(16.0, 79.0)	(17.0, 371.0)	(18.0, 1148.0)	(19.0, 3280.0)	(20.0, 6974.0)	(21.0, 12196.0)	(22.0, 20189.0)	(23.0, 33864.0)	(24.0, 55552.0)	(25.0, 76263.0)	(26.0, 92903.0)	(27.0, 142934.0)	(28.0, 230985.0)	(29.0, 377857.0)	(30.0, 687150.0)	(31.0, 1569536.0)	(32.0, 5435009.0)	(33.0, 12587423.0)	(34.0, 213300.0)									
/ | scratch | karcher | fastqc | 230727_PRISMA_Batch2_P3_for_Q | AAAWNKKHV_230321_MG_Batch2_P3_23s002005-1-1_Gross_lane1MG61 | AAAWNKKHV_230321_MG_Batch2_P3_23s002005-1-1_Gross_lane1MG61_1	(18.0, 7.0)	(19.0, 87.0)	(20.0, 534.0)	(21.0, 1981.0)	(22.0, 4459.0)	(23.0, 8469.0)	(24.0, 15405.0)	(25.0, 28008.0)	(26.0, 50574.0)	(27.0, 87290.0)	(28.0, 144618.0)	(29.0, 229383.0)	(30.0, 368108.0)	(31.0, 653488.0)	(32.0, 1944385.0)	(33.0, 16266598.0)	(34.0, 788602.0)														
/ | scratch | karcher | fastqc | 230727_PRISMA_Batch2_P3_for_Q | AAAWNKKHV_230321_MG_Batch2_P3_23s002005-1-1_Gross_lane1MG61 | AAAWNKKHV_230321_MG_Batch2_P3_23s002005-1-1_Gross_lane1MG61_2	(14.0, 5.0)	(15.0, 28.0)	(16.0, 78.0)	(17.0, 313.0)	(18.0, 985.0)	(19.0, 2970.0)	(20.0, 6269.0)	(21.0, 11191.0)	(22.0, 18596.0)	(23.0, 31588.0)	(24.0, 51699.0)	(25.0, 71229.0)	(26.0, 85620.0)	(27.0, 130762.0)	(28.0, 208826.0)	(29.0, 342222.0)	(30.0, 618770.0)	(31.0, 1397144.0)	(32.0, 4850603.0)	(33.0, 12510223.0)	(34.0, 252875.0)										
/ | scratch | karcher | fastqc | 230727_PRISMA_Batch2_P3_for_Q | AAAWNKKHV_230321_MG_Batch2_P3_23s002005-1-1_Gross_lane1MG62 | AAAWNKKHV_230321_MG_Batch2_P3_23s002005-1-1_Gross_lane1MG62_1	(17.0, 1.0)	(18.0, 4.0)	(19.0, 80.0)	(20.0, 487.0)	(21.0, 1738.0)	(22.0, 4138.0)	(23.0, 7965.0)	(24.0, 14291.0)	(25.0, 26194.0)	(26.0, 47210.0)	(27.0, 82431.0)	(28.0, 134527.0)	(29.0, 214838.0)	(30.0, 343410.0)	(31.0, 616474.0)	(32.0, 1847543.0)	(33.0, 14720580.0)	(34.0, 680436.0)													
/ | scratch | karcher | fastqc | 230727_PRISMA_Batch2_P3_for_Q | AAAWNKKHV_230321_MG_Batch2_P3_23s002005-1-1_Gross_lane1MG62 | AAAWNKKHV_230321_MG_Batch2_P3_23s002005-1-1_Gross_lane1MG62_2	(13.0, 1.0)	(14.0, 9.0)	(15.0, 18.0)	(16.0, 70.0)	(17.0, 295.0)	(18.0, 931.0)	(19.0, 2880.0)	(20.0, 6209.0)	(21.0, 10855.0)	(22.0, 17966.0)	(23.0, 30253.0)	(24.0, 49191.0)	(25.0, 67494.0)	(26.0, 83540.0)	(27.0, 128045.0)	(28.0, 205115.0)	(29.0, 336552.0)	(30.0, 609115.0)	(31.0, 1383207.0)	(32.0, 4704741.0)	(33.0, 10911423.0)	(34.0, 194437.0)									
/ | scratch | karcher | fastqc | 230727_PRISMA_Batch2_P3_for_Q | AAAWNKKHV_230321_MG_Batch2_P3_23s002005-1-1_Gross_lane1MG7 | AAAWNKKHV_230321_MG_Batch2_P3_23s002005-1-1_Gross_lane1MG7_1	(17.0, 3.0)	(18.0, 54.0)	(19.0, 376.0)	(20.0, 2083.0)	(21.0, 6971.0)	(22.0, 15410.0)	(23.0, 27208.0)	(24.0, 43886.0)	(25.0, 74293.0)	(26.0, 129266.0)	(27.0, 220641.0)	(28.0, 365884.0)	(29.0, 592739.0)	(30.0, 981770.0)	(31.0, 1812537.0)	(32.0, 5128731.0)	(33.0, 34433668.0)	(34.0, 1568854.0)													
/ | scratch | karcher | fastqc | 230727_PRISMA_Batch2_P3_for_Q | AAAWNKKHV_230321_MG_Batch2_P3_23s002005-1-1_Gross_lane1MG7 | AAAWNKKHV_230321_MG_Batch2_P3_23s002005-1-1_Gross_lane1MG7_2	(13.0, 3.0)	(14.0, 15.0)	(15.0, 76.0)	(16.0, 219.0)	(17.0, 887.0)	(18.0, 3530.0)	(19.0, 12519.0)	(20.0, 27189.0)	(21.0, 44165.0)	(22.0, 64807.0)	(23.0, 96842.0)	(24.0, 145664.0)	(25.0, 194169.0)	(26.0, 250716.0)	(27.0, 390175.0)	(28.0, 628489.0)	(29.0, 1035761.0)	(30.0, 1832816.0)	(31.0, 3813968.0)	(32.0, 11070768.0)	(33.0, 25338692.0)	(34.0, 452904.0)									
/ | scratch | karcher | fastqc | 230727_PRISMA_Batch2_P3_for_Q | AAAWNKKHV_230321_MG_Batch2_P3_23s002005-1-1_Gross_lane1MG8 | AAAWNKKHV_230321_MG_Batch2_P3_23s002005-1-1_Gross_lane1MG8_1	(17.0, 4.0)	(18.0, 104.0)	(19.0, 991.0)	(20.0, 5360.0)	(21.0, 17375.0)	(22.0, 38042.0)	(23.0, 62831.0)	(24.0, 95848.0)	(25.0, 158534.0)	(26.0, 276034.0)	(27.0, 470506.0)	(28.0, 769579.0)	(29.0, 1221177.0)	(30.0, 1964774.0)	(31.0, 3514399.0)	(32.0, 9893225.0)	(33.0, 77425340.0)	(34.0, 4021408.0)													
/ | scratch | karcher | fastqc | 230727_PRISMA_Batch2_P3_for_Q | AAAWNKKHV_230321_MG_Batch2_P3_23s002005-1-1_Gross_lane1MG8 | AAAWNKKHV_230321_MG_Batch2_P3_23s002005-1-1_Gross_lane1MG8_2	(12.0, 1.0)	(13.0, 4.0)	(14.0, 34.0)	(15.0, 145.0)	(16.0, 475.0)	(17.0, 1899.0)	(18.0, 7936.0)	(19.0, 25989.0)	(20.0, 55874.0)	(21.0, 87918.0)	(22.0, 126193.0)	(23.0, 189458.0)	(24.0, 289542.0)	(25.0, 388134.0)	(26.0, 485292.0)	(27.0, 748446.0)	(28.0, 1198042.0)	(29.0, 1958808.0)	(30.0, 3479720.0)	(31.0, 7448691.0)	(32.0, 23481101.0)	(33.0, 58845637.0)	(34.0, 1116192.0)								
/ | scratch | karcher | fastqc | 230727_PRISMA_Batch3_P3_for_Q | AAAWL5JHV_230321_MG_Batch3_P3_23s002006-1-1_Gross_lane1MG100 | AAAWL5JHV_230321_MG_Batch3_P3_23s002006-1-1_Gross_lane1MG100_1	(18.0, 8.0)	(19.0, 105.0)	(20.0, 740.0)	(21.0, 2932.0)	(22.0, 7690.0)	(23.0, 16283.0)	(24.0, 30767.0)	(25.0, 55180.0)	(26.0, 95713.0)	(27.0, 159096.0)	(28.0, 252589.0)	(29.0, 391846.0)	(30.0, 596406.0)	(31.0, 956730.0)	(32.0, 2207270.0)	(33.0, 25261034.0)	(34.0, 2360862.0)														
/ | scratch | karcher | fastqc | 230727_PRISMA_Batch3_P3_for_Q | AAAWL5JHV_230321_MG_Batch3_P3_23s002006-1-1_Gross_lane1MG100 | AAAWL5JHV_230321_MG_Batch3_P3_23s002006-1-1_Gross_lane1MG100_2	(14.0, 12.0)	(15.0, 35.0)	(16.0, 127.0)	(17.0, 383.0)	(18.0, 1284.0)	(19.0, 3957.0)	(20.0, 8804.0)	(21.0, 14823.0)	(22.0, 23161.0)	(23.0, 34964.0)	(24.0, 53008.0)	(25.0, 81848.0)	(26.0, 125501.0)	(27.0, 206114.0)	(28.0, 357262.0)	(29.0, 444747.0)	(30.0, 725545.0)	(31.0, 1393224.0)	(32.0, 4708112.0)	(33.0, 23026904.0)	(34.0, 1185436.0)										
/ | scratch | karcher | fastqc | 230727_PRISMA_Batch3_P3_for_Q | AAAWL5JHV_230321_MG_Batch3_P3_23s002006-1-1_Gross_lane1MG101 | AAAWL5JHV_230321_MG_Batch3_P3_23s002006-1-1_Gross_lane1MG101_1	(17.0, 1.0)	(18.0, 17.0)	(19.0, 202.0)	(20.0, 1148.0)	(21.0, 4169.0)	(22.0, 11016.0)	(23.0, 21644.0)	(24.0, 39327.0)	(25.0, 69780.0)	(26.0, 118322.0)	(27.0, 193975.0)	(28.0, 303739.0)	(29.0, 467309.0)	(30.0, 704532.0)	(31.0, 1118691.0)	(32.0, 2528552.0)	(33.0, 28371256.0)	(34.0, 2727977.0)													
/ | scratch | karcher | fastqc | 230727_PRISMA_Batch3_P3_for_Q | AAAWL5JHV_230321_MG_Batch3_P3_23s002006-1-1_Gross_lane1MG101 | AAAWL5JHV_230321_MG_Batch3_P3_23s002006-1-1_Gross_lane1MG101_2	(14.0, 9.0)	(15.0, 34.0)	(16.0, 125.0)	(17.0, 361.0)	(18.0, 1355.0)	(19.0, 4100.0)	(20.0, 9449.0)	(21.0, 17599.0)	(22.0, 27874.0)	(23.0, 42721.0)	(24.0, 64877.0)	(25.0, 100067.0)	(26.0, 152288.0)	(27.0, 246492.0)	(28.0, 421587.0)	(29.0, 523718.0)	(30.0, 842634.0)	(31.0, 1586507.0)	(32.0, 5271895.0)	(33.0, 26025644.0)	(34.0, 1342321.0)										
/ | scratch | karcher | fastqc | 230727_PRISMA_Batch3_P3_for_Q | AAAWL5JHV_230321_MG_Batch3_P3_23s002006-1-1_Gross_lane1MG102 | AAAWL5JHV_230321_MG_Batch3_P3_23s002006-1-1_Gross_lane1MG102_1	(17.0, 5.0)	(18.0, 17.0)	(19.0, 215.0)	(20.0, 1296.0)	(21.0, 4840.0)	(22.0, 11864.0)	(23.0, 22587.0)	(24.0, 38394.0)	(25.0, 65005.0)	(26.0, 106852.0)	(27.0, 171485.0)	(28.0, 263560.0)	(29.0, 404655.0)	(30.0, 604084.0)	(31.0, 952604.0)	(32.0, 2093694.0)	(33.0, 23757652.0)	(34.0, 2669472.0)													
/ | scratch | karcher | fastqc | 230727_PRISMA_Batch3_P3_for_Q | AAAWL5JHV_230321_MG_Batch3_P3_23s002006-1-1_Gross_lane1MG102 | AAAWL5JHV_230321_MG_Batch3_P3_23s002006-1-1_Gross_lane1MG102_2	(13.0, 2.0)	(14.0, 13.0)	(15.0, 58.0)	(16.0, 139.0)	(17.0, 387.0)	(18.0, 1507.0)	(19.0, 4528.0)	(20.0, 10142.0)	(21.0, 18090.0)	(22.0, 28127.0)	(23.0, 41932.0)	(24.0, 61880.0)	(25.0, 91796.0)	(26.0, 138301.0)	(27.0, 220617.0)	(28.0, 371932.0)	(29.0, 458200.0)	(30.0, 728606.0)	(31.0, 1348339.0)	(32.0, 4291346.0)	(33.0, 22090431.0)	(34.0, 1261908.0)									
/ | scratch | karcher | fastqc | 230727_PRISMA_Batch3_P3_for_Q | AAAWL5JHV_230321_MG_Batch3_P3_23s002006-1-1_Gross_lane1MG103 | AAAWL5JHV_230321_MG_Batch3_P3_23s002006-1-1_Gross_lane1MG103_1	(16.0, 1.0)	(17.0, 1.0)	(18.0, 20.0)	(19.0, 184.0)	(20.0, 1160.0)	(21.0, 4343.0)	(22.0, 10935.0)	(23.0, 20632.0)	(24.0, 36629.0)	(25.0, 63613.0)	(26.0, 107821.0)	(27.0, 176776.0)	(28.0, 274188.0)	(29.0, 418536.0)	(30.0, 627770.0)	(31.0, 995351.0)	(32.0, 2223216.0)	(33.0, 25215200.0)	(34.0, 2294710.0)												
/ | scratch | karcher | fastqc | 230727_PRISMA_Batch3_P3_for_Q | AAAWL5JHV_230321_MG_Batch3_P3_23s002006-1-1_Gross_lane1MG103 | AAAWL5JHV_230321_MG_Batch3_P3_23s002006-1-1_Gross_lane1MG103_2	(13.0, 1.0)	(14.0, 10.0)	(15.0, 21.0)	(16.0, 110.0)	(17.0, 372.0)	(18.0, 1348.0)	(19.0, 4089.0)	(20.0, 8845.0)	(21.0, 15434.0)	(22.0, 23973.0)	(23.0, 35569.0)	(24.0, 53633.0)	(25.0, 82117.0)	(26.0, 126357.0)	(27.0, 206443.0)	(28.0, 358787.0)	(29.0, 444853.0)	(30.0, 712104.0)	(31.0, 1321387.0)	(32.0, 4315087.0)	(33.0, 23480458.0)	(34.0, 1280088.0)									
/ | scratch | karcher | fastqc | 230727_PRISMA_Batch3_P3_for_Q | AAAWL5JHV_230321_MG_Batch3_P3_23s002006-1-1_Gross_lane1MG104 | AAAWL5JHV_230321_MG_Batch3_P3_23s002006-1-1_Gross_lane1MG104_1	(17.0, 4.0)	(18.0, 27.0)	(19.0, 219.0)	(20.0, 1326.0)	(21.0, 4685.0)	(22.0, 11151.0)	(23.0, 20976.0)	(24.0, 35745.0)	(25.0, 62309.0)	(26.0, 105429.0)	(27.0, 173256.0)	(28.0, 271252.0)	(29.0, 418074.0)	(30.0, 633963.0)	(31.0, 1024683.0)	(32.0, 2411296.0)	(33.0, 25865809.0)	(34.0, 2304050.0)													
/ | scratch | karcher | fastqc | 230727_PRISMA_Batch3_P3_for_Q | AAAWL5JHV_230321_MG_Batch3_P3_23s002006-1-1_Gross_lane1MG104 | AAAWL5JHV_230321_MG_Batch3_P3_23s002006-1-1_Gross_lane1MG104_2	(13.0, 2.0)	(14.0, 8.0)	(15.0, 39.0)	(16.0, 93.0)	(17.0, 414.0)	(18.0, 1571.0)	(19.0, 4662.0)	(20.0, 9951.0)	(21.0, 17703.0)	(22.0, 27403.0)	(23.0, 40610.0)	(24.0, 60693.0)	(25.0, 92175.0)	(26.0, 139466.0)	(27.0, 225642.0)	(28.0, 383256.0)	(29.0, 480994.0)	(30.0, 780659.0)	(31.0, 1500688.0)	(32.0, 5043857.0)	(33.0, 23394891.0)	(34.0, 1139477.0)									
/ | scratch | karcher | fastqc | 230727_PRISMA_Batch3_P3_for_Q | AAAWL5JHV_230321_MG_Batch3_P3_23s002006-1-1_Gross_lane1MG105 | AAAWL5JHV_230321_MG_Batch3_P3_23s002006-1-1_Gross_lane1MG105_1	(17.0, 3.0)	(18.0, 25.0)	(19.0, 257.0)	(20.0, 1659.0)	(21.0, 5950.0)	(22.0, 14943.0)	(23.0, 27979.0)	(24.0, 48578.0)	(25.0, 84920.0)	(26.0, 144144.0)	(27.0, 233226.0)	(28.0, 362649.0)	(29.0, 550409.0)	(30.0, 823432.0)	(31.0, 1298774.0)	(32.0, 2938911.0)	(33.0, 32637698.0)	(34.0, 2836265.0)													
/ | scratch | karcher | fastqc | 230727_PRISMA_Batch3_P3_for_Q | AAAWL5JHV_230321_MG_Batch3_P3_23s002006-1-1_Gross_lane1MG105 | AAAWL5JHV_230321_MG_Batch3_P3_23s002006-1-1_Gross_lane1MG105_2	(13.0, 1.0)	(14.0, 7.0)	(15.0, 29.0)	(16.0, 106.0)	(17.0, 407.0)	(18.0, 1533.0)	(19.0, 4823.0)	(20.0, 11263.0)	(21.0, 20894.0)	(22.0, 32918.0)	(23.0, 50927.0)	(24.0, 76963.0)	(25.0, 117704.0)	(26.0, 180489.0)	(27.0, 291409.0)	(28.0, 493274.0)	(29.0, 612038.0)	(30.0, 971467.0)	(31.0, 1807603.0)	(32.0, 6095406.0)	(33.0, 29831606.0)	(34.0, 1408955.0)									
/ | scratch | karcher | fastqc | 230727_PRISMA_Batch3_P3_for_Q | AAAWL5JHV_230321_MG_Batch3_P3_23s002006-1-1_Gross_lane1MG63 | AAAWL5JHV_230321_MG_Batch3_P3_23s002006-1-1_Gross_lane1MG63_1	(18.0, 20.0)	(19.0, 128.0)	(20.0, 896.0)	(21.0, 3275.0)	(22.0, 8533.0)	(23.0, 17029.0)	(24.0, 31264.0)	(25.0, 55133.0)	(26.0, 95789.0)	(27.0, 155787.0)	(28.0, 244745.0)	(29.0, 374863.0)	(30.0, 560586.0)	(31.0, 882573.0)	(32.0, 1961664.0)	(33.0, 23079673.0)	(34.0, 2296885.0)														
/ | scratch | karcher | fastqc | 230727_PRISMA_Batch3_P3_for_Q | AAAWL5JHV_230321_MG_Batch3_P3_23s002006-1-1_Gross_lane1MG63 | AAAWL5JHV_230321_MG_Batch3_P3_23s002006-1-1_Gross_lane1MG63_2	(13.0, 1.0)	(14.0, 13.0)	(15.0, 27.0)	(16.0, 70.0)	(17.0, 261.0)	(18.0, 1026.0)	(19.0, 3141.0)	(20.0, 7054.0)	(21.0, 12728.0)	(22.0, 19931.0)	(23.0, 29930.0)	(24.0, 45752.0)	(25.0, 72197.0)	(26.0, 111820.0)	(27.0, 183475.0)	(28.0, 324558.0)	(29.0, 397755.0)	(30.0, 640944.0)	(31.0, 1188295.0)	(32.0, 3939821.0)	(33.0, 21620538.0)	(34.0, 1169506.0)									
/ | scratch | karcher | fastqc | 230727_PRISMA_Batch3_P3_for_Q | AAAWL5JHV_230321_MG_Batch3_P3_23s002006-1-1_Gross_lane1MG64 | AAAWL5JHV_230321_MG_Batch3_P3_23s002006-1-1_Gross_lane1MG64_1	(18.0, 9.0)	(19.0, 113.0)	(20.0, 744.0)	(21.0, 3015.0)	(22.0, 8222.0)	(23.0, 16967.0)	(24.0, 30900.0)	(25.0, 56169.0)	(26.0, 98245.0)	(27.0, 166660.0)	(28.0, 266688.0)	(29.0, 419147.0)	(30.0, 644406.0)	(31.0, 1045364.0)	(32.0, 2470278.0)	(33.0, 27531281.0)	(34.0, 2221585.0)														
/ | scratch | karcher | fastqc | 230727_PRISMA_Batch3_P3_for_Q | AAAWL5JHV_230321_MG_Batch3_P3_23s002006-1-1_Gross_lane1MG64 | AAAWL5JHV_230321_MG_Batch3_P3_23s002006-1-1_Gross_lane1MG64_2	(14.0, 3.0)	(15.0, 31.0)	(16.0, 93.0)	(17.0, 365.0)	(18.0, 1360.0)	(19.0, 3931.0)	(20.0, 8747.0)	(21.0, 14880.0)	(22.0, 22891.0)	(23.0, 34411.0)	(24.0, 52706.0)	(25.0, 82479.0)	(26.0, 128480.0)	(27.0, 214800.0)	(28.0, 377867.0)	(29.0, 471196.0)	(30.0, 771465.0)	(31.0, 1500212.0)	(32.0, 5235596.0)	(33.0, 24902517.0)	(34.0, 1155763.0)										
/ | scratch | karcher | fastqc | 230727_PRISMA_Batch3_P3_for_Q | AAAWL5JHV_230321_MG_Batch3_P3_23s002006-1-1_Gross_lane1MG65 | AAAWL5JHV_230321_MG_Batch3_P3_23s002006-1-1_Gross_lane1MG65_1	(18.0, 16.0)	(19.0, 205.0)	(20.0, 1078.0)	(21.0, 4382.0)	(22.0, 11563.0)	(23.0, 23234.0)	(24.0, 40638.0)	(25.0, 69799.0)	(26.0, 115917.0)	(27.0, 187465.0)	(28.0, 292757.0)	(29.0, 448953.0)	(30.0, 673179.0)	(31.0, 1071571.0)	(32.0, 2384201.0)	(33.0, 26726202.0)	(34.0, 3008087.0)														
/ | scratch | karcher | fastqc | 230727_PRISMA_Batch3_P3_for_Q | AAAWL5JHV_230321_MG_Batch3_P3_23s002006-1-1_Gross_lane1MG65 | AAAWL5JHV_230321_MG_Batch3_P3_23s002006-1-1_Gross_lane1MG65_2	(13.0, 3.0)	(14.0, 17.0)	(15.0, 42.0)	(16.0, 134.0)	(17.0, 429.0)	(18.0, 1561.0)	(19.0, 4699.0)	(20.0, 10936.0)	(21.0, 19773.0)	(22.0, 31332.0)	(23.0, 46905.0)	(24.0, 70168.0)	(25.0, 106880.0)	(26.0, 159613.0)	(27.0, 253481.0)	(28.0, 423915.0)	(29.0, 531507.0)	(30.0, 848355.0)	(31.0, 1595806.0)	(32.0, 5161188.0)	(33.0, 24484560.0)	(34.0, 1307943.0)									
/ | scratch | karcher | fastqc | 230727_PRISMA_Batch3_P3_for_Q | AAAWL5JHV_230321_MG_Batch3_P3_23s002006-1-1_Gross_lane1MG66 | AAAWL5JHV_230321_MG_Batch3_P3_23s002006-1-1_Gross_lane1MG66_1	(18.0, 14.0)	(19.0, 160.0)	(20.0, 962.0)	(21.0, 3756.0)	(22.0, 9327.0)	(23.0, 16954.0)	(24.0, 28844.0)	(25.0, 51870.0)	(26.0, 90594.0)	(27.0, 151544.0)	(28.0, 239143.0)	(29.0, 369932.0)	(30.0, 556196.0)	(31.0, 885604.0)	(32.0, 2063137.0)	(33.0, 23157373.0)	(34.0, 1628977.0)														
/ | scratch | karcher | fastqc | 230727_PRISMA_Batch3_P3_for_Q | AAAWL5JHV_230321_MG_Batch3_P3_23s002006-1-1_Gross_lane1MG66 | AAAWL5JHV_230321_MG_Batch3_P3_23s002006-1-1_Gross_lane1MG66_2	(13.0, 2.0)	(14.0, 1.0)	(15.0, 12.0)	(16.0, 56.0)	(17.0, 327.0)	(18.0, 1324.0)	(19.0, 3633.0)	(20.0, 8459.0)	(21.0, 14771.0)	(22.0, 21687.0)	(23.0, 31737.0)	(24.0, 47837.0)	(25.0, 74771.0)	(26.0, 117394.0)	(27.0, 194229.0)	(28.0, 333378.0)	(29.0, 421721.0)	(30.0, 683522.0)	(31.0, 1307237.0)	(32.0, 4610610.0)	(33.0, 20563695.0)	(34.0, 817984.0)									
/ | scratch | karcher | fastqc | 230727_PRISMA_Batch3_P3_for_Q | AAAWL5JHV_230321_MG_Batch3_P3_23s002006-1-1_Gross_lane1MG67 | AAAWL5JHV_230321_MG_Batch3_P3_23s002006-1-1_Gross_lane1MG67_1	(17.0, 1.0)	(18.0, 16.0)	(19.0, 125.0)	(20.0, 832.0)	(21.0, 3552.0)	(22.0, 9398.0)	(23.0, 18934.0)	(24.0, 35143.0)	(25.0, 63653.0)	(26.0, 110316.0)	(27.0, 183346.0)	(28.0, 290577.0)	(29.0, 450934.0)	(30.0, 680641.0)	(31.0, 1092290.0)	(32.0, 2543216.0)	(33.0, 28472426.0)	(34.0, 2390012.0)													
/ | scratch | karcher | fastqc | 230727_PRISMA_Batch3_P3_for_Q | AAAWL5JHV_230321_MG_Batch3_P3_23s002006-1-1_Gross_lane1MG67 | AAAWL5JHV_230321_MG_Batch3_P3_23s002006-1-1_Gross_lane1MG67_2	(13.0, 3.0)	(14.0, 6.0)	(15.0, 18.0)	(16.0, 98.0)	(17.0, 384.0)	(18.0, 1424.0)	(19.0, 4119.0)	(20.0, 9071.0)	(21.0, 16147.0)	(22.0, 26113.0)	(23.0, 40108.0)	(24.0, 61497.0)	(25.0, 95253.0)	(26.0, 147128.0)	(27.0, 240725.0)	(28.0, 411833.0)	(29.0, 515599.0)	(30.0, 835698.0)	(31.0, 1605996.0)	(32.0, 5477604.0)	(33.0, 25647307.0)	(34.0, 1209281.0)									
/ | scratch | karcher | fastqc | 230727_PRISMA_Batch3_P3_for_Q | AAAWL5JHV_230321_MG_Batch3_P3_23s002006-1-1_Gross_lane1MG68 | AAAWL5JHV_230321_MG_Batch3_P3_23s002006-1-1_Gross_lane1MG68_1	(18.0, 14.0)	(19.0, 130.0)	(20.0, 910.0)	(21.0, 3566.0)	(22.0, 9203.0)	(23.0, 18421.0)	(24.0, 34488.0)	(25.0, 61870.0)	(26.0, 106861.0)	(27.0, 176063.0)	(28.0, 275336.0)	(29.0, 424108.0)	(30.0, 638951.0)	(31.0, 1018165.0)	(32.0, 2340095.0)	(33.0, 26349744.0)	(34.0, 2279318.0)														
/ | scratch | karcher | fastqc | 230727_PRISMA_Batch3_P3_for_Q | AAAWL5JHV_230321_MG_Batch3_P3_23s002006-1-1_Gross_lane1MG68 | AAAWL5JHV_230321_MG_Batch3_P3_23s002006-1-1_Gross_lane1MG68_2	(13.0, 2.0)	(14.0, 5.0)	(15.0, 25.0)	(16.0, 83.0)	(17.0, 328.0)	(18.0, 1195.0)	(19.0, 3529.0)	(20.0, 8326.0)	(21.0, 14914.0)	(22.0, 24162.0)	(23.0, 36974.0)	(24.0, 56654.0)	(25.0, 87627.0)	(26.0, 134977.0)	(27.0, 221196.0)	(28.0, 382071.0)	(29.0, 470866.0)	(30.0, 754204.0)	(31.0, 1432699.0)	(32.0, 4857590.0)	(33.0, 24014555.0)	(34.0, 1235261.0)									
/ | scratch | karcher | fastqc | 230727_PRISMA_Batch3_P3_for_Q | AAAWL5JHV_230321_MG_Batch3_P3_23s002006-1-1_Gross_lane1MG69 | AAAWL5JHV_230321_MG_Batch3_P3_23s002006-1-1_Gross_lane1MG69_1	(16.0, 1.0)	(17.0, 0.0)	(18.0, 14.0)	(19.0, 160.0)	(20.0, 1025.0)	(21.0, 4018.0)	(22.0, 10538.0)	(23.0, 20806.0)	(24.0, 36737.0)	(25.0, 63621.0)	(26.0, 107096.0)	(27.0, 174943.0)	(28.0, 271586.0)	(29.0, 415342.0)	(30.0, 623700.0)	(31.0, 989565.0)	(32.0, 2192910.0)	(33.0, 24929229.0)	(34.0, 2715288.0)												
/ | scratch | karcher | fastqc | 230727_PRISMA_Batch3_P3_for_Q | AAAWL5JHV_230321_MG_Batch3_P3_23s002006-1-1_Gross_lane1MG69 | AAAWL5JHV_230321_MG_Batch3_P3_23s002006-1-1_Gross_lane1MG69_2	(13.0, 4.0)	(14.0, 20.0)	(15.0, 47.0)	(16.0, 123.0)	(17.0, 415.0)	(18.0, 1501.0)	(19.0, 4444.0)	(20.0, 9984.0)	(21.0, 18153.0)	(22.0, 29458.0)	(23.0, 44944.0)	(24.0, 67021.0)	(25.0, 101000.0)	(26.0, 152076.0)	(27.0, 240611.0)	(28.0, 399776.0)	(29.0, 496051.0)	(30.0, 784634.0)	(31.0, 1479638.0)	(32.0, 4817957.0)	(33.0, 22723932.0)	(34.0, 1184790.0)									
/ | scratch | karcher | fastqc | 230727_PRISMA_Batch3_P3_for_Q | AAAWL5JHV_230321_MG_Batch3_P3_23s002006-1-1_Gross_lane1MG70 | AAAWL5JHV_230321_MG_Batch3_P3_23s002006-1-1_Gross_lane1MG70_1	(16.0, 1.0)	(17.0, 0.0)	(18.0, 38.0)	(19.0, 371.0)	(20.0, 2104.0)	(21.0, 7297.0)	(22.0, 17524.0)	(23.0, 32231.0)	(24.0, 53402.0)	(25.0, 91253.0)	(26.0, 152972.0)	(27.0, 248086.0)	(28.0, 384749.0)	(29.0, 586321.0)	(30.0, 877217.0)	(31.0, 1378771.0)	(32.0, 3027577.0)	(33.0, 34876561.0)	(34.0, 3566705.0)												
/ | scratch | karcher | fastqc | 230727_PRISMA_Batch3_P3_for_Q | AAAWL5JHV_230321_MG_Batch3_P3_23s002006-1-1_Gross_lane1MG70 | AAAWL5JHV_230321_MG_Batch3_P3_23s002006-1-1_Gross_lane1MG70_2	(12.0, 1.0)	(13.0, 0.0)	(14.0, 15.0)	(15.0, 47.0)	(16.0, 209.0)	(17.0, 664.0)	(18.0, 2193.0)	(19.0, 6413.0)	(20.0, 14144.0)	(21.0, 24667.0)	(22.0, 37493.0)	(23.0, 54712.0)	(24.0, 81293.0)	(25.0, 123094.0)	(26.0, 188105.0)	(27.0, 302617.0)	(28.0, 515341.0)	(29.0, 639436.0)	(30.0, 1021975.0)	(31.0, 1886922.0)	(32.0, 6108175.0)	(33.0, 32540934.0)	(34.0, 1754730.0)								
/ | scratch | karcher | fastqc | 230727_PRISMA_Batch3_P3_for_Q | AAAWL5JHV_230321_MG_Batch3_P3_23s002006-1-1_Gross_lane1MG71 | AAAWL5JHV_230321_MG_Batch3_P3_23s002006-1-1_Gross_lane1MG71_1	(18.0, 13.0)	(19.0, 117.0)	(20.0, 775.0)	(21.0, 3076.0)	(22.0, 8045.0)	(23.0, 16258.0)	(24.0, 29892.0)	(25.0, 53318.0)	(26.0, 92469.0)	(27.0, 150561.0)	(28.0, 235797.0)	(29.0, 362828.0)	(30.0, 548839.0)	(31.0, 874967.0)	(32.0, 2011957.0)	(33.0, 22445103.0)	(34.0, 2021016.0)														
/ | scratch | karcher | fastqc | 230727_PRISMA_Batch3_P3_for_Q | AAAWL5JHV_230321_MG_Batch3_P3_23s002006-1-1_Gross_lane1MG71 | AAAWL5JHV_230321_MG_Batch3_P3_23s002006-1-1_Gross_lane1MG71_2	(14.0, 4.0)	(15.0, 31.0)	(16.0, 89.0)	(17.0, 278.0)	(18.0, 1035.0)	(19.0, 3159.0)	(20.0, 7346.0)	(21.0, 13491.0)	(22.0, 21933.0)	(23.0, 34027.0)	(24.0, 51772.0)	(25.0, 79707.0)	(26.0, 121843.0)	(27.0, 198121.0)	(28.0, 336600.0)	(29.0, 418780.0)	(30.0, 671927.0)	(31.0, 1277958.0)	(32.0, 4289833.0)	(33.0, 20311353.0)	(34.0, 1015744.0)										
/ | scratch | karcher | fastqc | 230727_PRISMA_Batch3_P3_for_Q | AAAWL5JHV_230321_MG_Batch3_P3_23s002006-1-1_Gross_lane1MG72 | AAAWL5JHV_230321_MG_Batch3_P3_23s002006-1-1_Gross_lane1MG72_1	(16.0, 1.0)	(17.0, 2.0)	(18.0, 22.0)	(19.0, 204.0)	(20.0, 1285.0)	(21.0, 4834.0)	(22.0, 11955.0)	(23.0, 23327.0)	(24.0, 42283.0)	(25.0, 75053.0)	(26.0, 128770.0)	(27.0, 213586.0)	(28.0, 335818.0)	(29.0, 518963.0)	(30.0, 784878.0)	(31.0, 1257662.0)	(32.0, 2900546.0)	(33.0, 32099818.0)	(34.0, 2859668.0)												
/ | scratch | karcher | fastqc | 230727_PRISMA_Batch3_P3_for_Q | AAAWL5JHV_230321_MG_Batch3_P3_23s002006-1-1_Gross_lane1MG72 | AAAWL5JHV_230321_MG_Batch3_P3_23s002006-1-1_Gross_lane1MG72_2	(13.0, 5.0)	(14.0, 14.0)	(15.0, 37.0)	(16.0, 121.0)	(17.0, 516.0)	(18.0, 1867.0)	(19.0, 5265.0)	(20.0, 11703.0)	(21.0, 20447.0)	(22.0, 32013.0)	(23.0, 47639.0)	(24.0, 71981.0)	(25.0, 110016.0)	(26.0, 169719.0)	(27.0, 276546.0)	(28.0, 471730.0)	(29.0, 593468.0)	(30.0, 969777.0)	(31.0, 1853556.0)	(32.0, 6209067.0)	(33.0, 29048141.0)	(34.0, 1365047.0)									
/ | scratch | karcher | fastqc | 230727_PRISMA_Batch3_P3_for_Q | AAAWL5JHV_230321_MG_Batch3_P3_23s002006-1-1_Gross_lane1MG74 | AAAWL5JHV_230321_MG_Batch3_P3_23s002006-1-1_Gross_lane1MG74_1	(17.0, 2.0)	(18.0, 17.0)	(19.0, 144.0)	(20.0, 937.0)	(21.0, 3584.0)	(22.0, 9361.0)	(23.0, 18772.0)	(24.0, 33952.0)	(25.0, 61002.0)	(26.0, 105033.0)	(27.0, 172185.0)	(28.0, 272573.0)	(29.0, 422185.0)	(30.0, 638646.0)	(31.0, 1025147.0)	(32.0, 2390707.0)	(33.0, 26426225.0)	(34.0, 2322323.0)													
/ | scratch | karcher | fastqc | 230727_PRISMA_Batch3_P3_for_Q | AAAWL5JHV_230321_MG_Batch3_P3_23s002006-1-1_Gross_lane1MG74 | AAAWL5JHV_230321_MG_Batch3_P3_23s002006-1-1_Gross_lane1MG74_2	(12.0, 1.0)	(13.0, 0.0)	(14.0, 4.0)	(15.0, 29.0)	(16.0, 106.0)	(17.0, 421.0)	(18.0, 1474.0)	(19.0, 4390.0)	(20.0, 9646.0)	(21.0, 17069.0)	(22.0, 26907.0)	(23.0, 41202.0)	(24.0, 62090.0)	(25.0, 94733.0)	(26.0, 145624.0)	(27.0, 236863.0)	(28.0, 397871.0)	(29.0, 500395.0)	(30.0, 812819.0)	(31.0, 1571350.0)	(32.0, 5369142.0)	(33.0, 23570244.0)	(34.0, 1040415.0)								
/ | scratch | karcher | fastqc | 230727_PRISMA_Batch3_P3_for_Q | AAAWL5JHV_230321_MG_Batch3_P3_23s002006-1-1_Gross_lane1MG75 | AAAWL5JHV_230321_MG_Batch3_P3_23s002006-1-1_Gross_lane1MG75_1	(18.0, 24.0)	(19.0, 211.0)	(20.0, 1309.0)	(21.0, 4702.0)	(22.0, 11511.0)	(23.0, 22489.0)	(24.0, 39920.0)	(25.0, 69786.0)	(26.0, 117027.0)	(27.0, 190119.0)	(28.0, 296602.0)	(29.0, 453561.0)	(30.0, 682067.0)	(31.0, 1087134.0)	(32.0, 2503113.0)	(33.0, 27321222.0)	(34.0, 2453906.0)														
/ | scratch | karcher | fastqc | 230727_PRISMA_Batch3_P3_for_Q | AAAWL5JHV_230321_MG_Batch3_P3_23s002006-1-1_Gross_lane1MG75 | AAAWL5JHV_230321_MG_Batch3_P3_23s002006-1-1_Gross_lane1MG75_2	(13.0, 3.0)	(14.0, 18.0)	(15.0, 41.0)	(16.0, 123.0)	(17.0, 435.0)	(18.0, 1496.0)	(19.0, 4583.0)	(20.0, 10241.0)	(21.0, 18944.0)	(22.0, 29992.0)	(23.0, 46072.0)	(24.0, 69431.0)	(25.0, 105614.0)	(26.0, 159209.0)	(27.0, 254388.0)	(28.0, 422499.0)	(29.0, 528447.0)	(30.0, 849518.0)	(31.0, 1618580.0)	(32.0, 5428261.0)	(33.0, 24545796.0)	(34.0, 1161012.0)									
/ | scratch | karcher | fastqc | 230727_PRISMA_Batch3_P3_for_Q | AAAWL5JHV_230321_MG_Batch3_P3_23s002006-1-1_Gross_lane1MG76 | AAAWL5JHV_230321_MG_Batch3_P3_23s002006-1-1_Gross_lane1MG76_1	(17.0, 4.0)	(18.0, 26.0)	(19.0, 222.0)	(20.0, 1306.0)	(21.0, 4950.0)	(22.0, 12850.0)	(23.0, 24338.0)	(24.0, 42314.0)	(25.0, 73284.0)	(26.0, 123975.0)	(27.0, 202801.0)	(28.0, 317355.0)	(29.0, 488646.0)	(30.0, 738495.0)	(31.0, 1180659.0)	(32.0, 2707440.0)	(33.0, 29761555.0)	(34.0, 2804343.0)													
/ | scratch | karcher | fastqc | 230727_PRISMA_Batch3_P3_for_Q | AAAWL5JHV_230321_MG_Batch3_P3_23s002006-1-1_Gross_lane1MG76 | AAAWL5JHV_230321_MG_Batch3_P3_23s002006-1-1_Gross_lane1MG76_2	(13.0, 1.0)	(14.0, 8.0)	(15.0, 48.0)	(16.0, 128.0)	(17.0, 512.0)	(18.0, 1851.0)	(19.0, 5320.0)	(20.0, 11882.0)	(21.0, 20896.0)	(22.0, 32585.0)	(23.0, 48758.0)	(24.0, 72876.0)	(25.0, 109000.0)	(26.0, 166652.0)	(27.0, 267614.0)	(28.0, 448472.0)	(29.0, 564896.0)	(30.0, 912641.0)	(31.0, 1746785.0)	(32.0, 5778488.0)	(33.0, 26982080.0)	(34.0, 1313070.0)									
/ | scratch | karcher | fastqc | 230727_PRISMA_Batch3_P3_for_Q | AAAWL5JHV_230321_MG_Batch3_P3_23s002006-1-1_Gross_lane1MG77 | AAAWL5JHV_230321_MG_Batch3_P3_23s002006-1-1_Gross_lane1MG77_1	(18.0, 15.0)	(19.0, 174.0)	(20.0, 988.0)	(21.0, 3823.0)	(22.0, 9473.0)	(23.0, 18509.0)	(24.0, 33468.0)	(25.0, 59427.0)	(26.0, 102812.0)	(27.0, 168817.0)	(28.0, 264737.0)	(29.0, 407363.0)	(30.0, 616153.0)	(31.0, 985608.0)	(32.0, 2252434.0)	(33.0, 25669178.0)	(34.0, 2337647.0)														
/ | scratch | karcher | fastqc | 230727_PRISMA_Batch3_P3_for_Q | AAAWL5JHV_230321_MG_Batch3_P3_23s002006-1-1_Gross_lane1MG77 | AAAWL5JHV_230321_MG_Batch3_P3_23s002006-1-1_Gross_lane1MG77_2	(13.0, 4.0)	(14.0, 12.0)	(15.0, 32.0)	(16.0, 105.0)	(17.0, 400.0)	(18.0, 1381.0)	(19.0, 4049.0)	(20.0, 9007.0)	(21.0, 16126.0)	(22.0, 25362.0)	(23.0, 37994.0)	(24.0, 57373.0)	(25.0, 88404.0)	(26.0, 135284.0)	(27.0, 219062.0)	(28.0, 372007.0)	(29.0, 465809.0)	(30.0, 753549.0)	(31.0, 1434953.0)	(32.0, 4820729.0)	(33.0, 23358086.0)	(34.0, 1130898.0)									
/ | scratch | karcher | fastqc | 230727_PRISMA_Batch3_P3_for_Q | AAAWL5JHV_230321_MG_Batch3_P3_23s002006-1-1_Gross_lane1MG78 | AAAWL5JHV_230321_MG_Batch3_P3_23s002006-1-1_Gross_lane1MG78_1	(17.0, 1.0)	(18.0, 17.0)	(19.0, 119.0)	(20.0, 888.0)	(21.0, 3924.0)	(22.0, 10572.0)	(23.0, 21498.0)	(24.0, 39831.0)	(25.0, 74364.0)	(26.0, 131193.0)	(27.0, 219046.0)	(28.0, 345642.0)	(29.0, 533237.0)	(30.0, 805094.0)	(31.0, 1289525.0)	(32.0, 3133367.0)	(33.0, 33095790.0)	(34.0, 1919065.0)													
/ | scratch | karcher | fastqc | 230727_PRISMA_Batch3_P3_for_Q | AAAWL5JHV_230321_MG_Batch3_P3_23s002006-1-1_Gross_lane1MG78 | AAAWL5JHV_230321_MG_Batch3_P3_23s002006-1-1_Gross_lane1MG78_2	(14.0, 2.0)	(15.0, 16.0)	(16.0, 90.0)	(17.0, 386.0)	(18.0, 1472.0)	(19.0, 3998.0)	(20.0, 9015.0)	(21.0, 16487.0)	(22.0, 25791.0)	(23.0, 38879.0)	(24.0, 60503.0)	(25.0, 95713.0)	(26.0, 151886.0)	(27.0, 256584.0)	(28.0, 449048.0)	(29.0, 567443.0)	(30.0, 932495.0)	(31.0, 1818803.0)	(32.0, 6604410.0)	(33.0, 29497085.0)	(34.0, 1093067.0)										
/ | scratch | karcher | fastqc | 230727_PRISMA_Batch3_P3_for_Q | AAAWL5JHV_230321_MG_Batch3_P3_23s002006-1-1_Gross_lane1MG79 | AAAWL5JHV_230321_MG_Batch3_P3_23s002006-1-1_Gross_lane1MG79_1	(17.0, 1.0)	(18.0, 18.0)	(19.0, 202.0)	(20.0, 1282.0)	(21.0, 4773.0)	(22.0, 12033.0)	(23.0, 22537.0)	(24.0, 38788.0)	(25.0, 68275.0)	(26.0, 116807.0)	(27.0, 192677.0)	(28.0, 302256.0)	(29.0, 466703.0)	(30.0, 705821.0)	(31.0, 1129602.0)	(32.0, 2652681.0)	(33.0, 28730028.0)	(34.0, 2290197.0)													
/ | scratch | karcher | fastqc | 230727_PRISMA_Batch3_P3_for_Q | AAAWL5JHV_230321_MG_Batch3_P3_23s002006-1-1_Gross_lane1MG79 | AAAWL5JHV_230321_MG_Batch3_P3_23s002006-1-1_Gross_lane1MG79_2	(13.0, 1.0)	(14.0, 16.0)	(15.0, 40.0)	(16.0, 112.0)	(17.0, 486.0)	(18.0, 1719.0)	(19.0, 4921.0)	(20.0, 10753.0)	(21.0, 18499.0)	(22.0, 28155.0)	(23.0, 41569.0)	(24.0, 61386.0)	(25.0, 94317.0)	(26.0, 146548.0)	(27.0, 240624.0)	(28.0, 410316.0)	(29.0, 518170.0)	(30.0, 842740.0)	(31.0, 1614630.0)	(32.0, 5503643.0)	(33.0, 26001987.0)	(34.0, 1194049.0)									
/ | scratch | karcher | fastqc | 230727_PRISMA_Batch3_P3_for_Q | AAAWL5JHV_230321_MG_Batch3_P3_23s002006-1-1_Gross_lane1MG80 | AAAWL5JHV_230321_MG_Batch3_P3_23s002006-1-1_Gross_lane1MG80_1	(18.0, 12.0)	(19.0, 125.0)	(20.0, 845.0)	(21.0, 3586.0)	(22.0, 9348.0)	(23.0, 18322.0)	(24.0, 32507.0)	(25.0, 58443.0)	(26.0, 102135.0)	(27.0, 169939.0)	(28.0, 270150.0)	(29.0, 419859.0)	(30.0, 637052.0)	(31.0, 1018605.0)	(32.0, 2375249.0)	(33.0, 26556248.0)	(34.0, 2211572.0)														
/ | scratch | karcher | fastqc | 230727_PRISMA_Batch3_P3_for_Q | AAAWL5JHV_230321_MG_Batch3_P3_23s002006-1-1_Gross_lane1MG80 | AAAWL5JHV_230321_MG_Batch3_P3_23s002006-1-1_Gross_lane1MG80_2	(14.0, 15.0)	(15.0, 22.0)	(16.0, 121.0)	(17.0, 487.0)	(18.0, 1751.0)	(19.0, 4580.0)	(20.0, 9716.0)	(21.0, 16882.0)	(22.0, 26943.0)	(23.0, 41914.0)	(24.0, 64177.0)	(25.0, 102808.0)	(26.0, 160165.0)	(27.0, 265176.0)	(28.0, 434803.0)	(29.0, 555528.0)	(30.0, 892175.0)	(31.0, 1760024.0)	(32.0, 6142967.0)	(33.0, 22653336.0)	(34.0, 750407.0)										
/ | scratch | karcher | fastqc | 230727_PRISMA_Batch3_P3_for_Q | AAAWL5JHV_230321_MG_Batch3_P3_23s002006-1-1_Gross_lane1MG81 | AAAWL5JHV_230321_MG_Batch3_P3_23s002006-1-1_Gross_lane1MG81_1	(18.0, 20.0)	(19.0, 142.0)	(20.0, 902.0)	(21.0, 3447.0)	(22.0, 8903.0)	(23.0, 17610.0)	(24.0, 31607.0)	(25.0, 57902.0)	(26.0, 100355.0)	(27.0, 166997.0)	(28.0, 262070.0)	(29.0, 402963.0)	(30.0, 610260.0)	(31.0, 966645.0)	(32.0, 2269950.0)	(33.0, 24440428.0)	(34.0, 1810161.0)														
/ | scratch | karcher | fastqc | 230727_PRISMA_Batch3_P3_for_Q | AAAWL5JHV_230321_MG_Batch3_P3_23s002006-1-1_Gross_lane1MG81 | AAAWL5JHV_230321_MG_Batch3_P3_23s002006-1-1_Gross_lane1MG81_2	(13.0, 1.0)	(14.0, 3.0)	(15.0, 23.0)	(16.0, 60.0)	(17.0, 265.0)	(18.0, 1002.0)	(19.0, 3215.0)	(20.0, 7378.0)	(21.0, 12956.0)	(22.0, 19608.0)	(23.0, 29006.0)	(24.0, 44048.0)	(25.0, 69249.0)	(26.0, 109038.0)	(27.0, 183796.0)	(28.0, 328494.0)	(29.0, 411615.0)	(30.0, 675790.0)	(31.0, 1278737.0)	(32.0, 4398670.0)	(33.0, 22505394.0)	(34.0, 1072014.0)									
/ | scratch | karcher | fastqc | 230727_PRISMA_Batch3_P3_for_Q | AAAWL5JHV_230321_MG_Batch3_P3_23s002006-1-1_Gross_lane1MG82 | AAAWL5JHV_230321_MG_Batch3_P3_23s002006-1-1_Gross_lane1MG82_1	(19.0, 4.0)	(20.0, 37.0)	(21.0, 226.0)	(22.0, 541.0)	(23.0, 1113.0)	(24.0, 1987.0)	(25.0, 3587.0)	(26.0, 6524.0)	(27.0, 10598.0)	(28.0, 16852.0)	(29.0, 27976.0)	(30.0, 42142.0)	(31.0, 60462.0)	(32.0, 141272.0)	(33.0, 1507463.0)	(34.0, 106244.0)															
/ | scratch | karcher | fastqc | 230727_PRISMA_Batch3_P3_for_Q | AAAWL5JHV_230321_MG_Batch3_P3_23s002006-1-1_Gross_lane1MG82 | AAAWL5JHV_230321_MG_Batch3_P3_23s002006-1-1_Gross_lane1MG82_2	(16.0, 3.0)	(17.0, 14.0)	(18.0, 55.0)	(19.0, 218.0)	(20.0, 442.0)	(21.0, 851.0)	(22.0, 1240.0)	(23.0, 1799.0)	(24.0, 2771.0)	(25.0, 4440.0)	(26.0, 7222.0)	(27.0, 12089.0)	(28.0, 21262.0)	(29.0, 28153.0)	(30.0, 45664.0)	(31.0, 81800.0)	(32.0, 278786.0)	(33.0, 1382225.0)	(34.0, 57994.0)												
/ | scratch | karcher | fastqc | 230727_PRISMA_Batch3_P3_for_Q | AAAWL5JHV_230321_MG_Batch3_P3_23s002006-1-1_Gross_lane1MG83 | AAAWL5JHV_230321_MG_Batch3_P3_23s002006-1-1_Gross_lane1MG83_1	(17.0, 2.0)	(18.0, 29.0)	(19.0, 259.0)	(20.0, 1595.0)	(21.0, 6167.0)	(22.0, 15278.0)	(23.0, 27811.0)	(24.0, 46511.0)	(25.0, 75498.0)	(26.0, 123570.0)	(27.0, 195438.0)	(28.0, 301693.0)	(29.0, 455552.0)	(30.0, 685333.0)	(31.0, 1087541.0)	(32.0, 2501731.0)	(33.0, 26043907.0)	(34.0, 2272047.0)													
/ | scratch | karcher | fastqc | 230727_PRISMA_Batch3_P3_for_Q | AAAWL5JHV_230321_MG_Batch3_P3_23s002006-1-1_Gross_lane1MG83 | AAAWL5JHV_230321_MG_Batch3_P3_23s002006-1-1_Gross_lane1MG83_2	(13.0, 1.0)	(14.0, 10.0)	(15.0, 48.0)	(16.0, 137.0)	(17.0, 478.0)	(18.0, 1747.0)	(19.0, 5082.0)	(20.0, 11701.0)	(21.0, 21256.0)	(22.0, 34094.0)	(23.0, 50189.0)	(24.0, 72315.0)	(25.0, 107018.0)	(26.0, 159095.0)	(27.0, 250144.0)	(28.0, 414186.0)	(29.0, 522638.0)	(30.0, 835834.0)	(31.0, 1568843.0)	(32.0, 5111863.0)	(33.0, 23522186.0)	(34.0, 1151097.0)									
/ | scratch | karcher | fastqc | 230727_PRISMA_Batch3_P3_for_Q | AAAWL5JHV_230321_MG_Batch3_P3_23s002006-1-1_Gross_lane1MG84 | AAAWL5JHV_230321_MG_Batch3_P3_23s002006-1-1_Gross_lane1MG84_1	(17.0, 4.0)	(18.0, 24.0)	(19.0, 210.0)	(20.0, 1333.0)	(21.0, 5144.0)	(22.0, 12812.0)	(23.0, 23502.0)	(24.0, 40095.0)	(25.0, 68606.0)	(26.0, 118170.0)	(27.0, 193440.0)	(28.0, 303170.0)	(29.0, 464507.0)	(30.0, 701699.0)	(31.0, 1117194.0)	(32.0, 2577559.0)	(33.0, 29201550.0)	(34.0, 2555400.0)													
/ | scratch | karcher | fastqc | 230727_PRISMA_Batch3_P3_for_Q | AAAWL5JHV_230321_MG_Batch3_P3_23s002006-1-1_Gross_lane1MG84 | AAAWL5JHV_230321_MG_Batch3_P3_23s002006-1-1_Gross_lane1MG84_2	(13.0, 3.0)	(14.0, 7.0)	(15.0, 40.0)	(16.0, 134.0)	(17.0, 549.0)	(18.0, 1982.0)	(19.0, 5487.0)	(20.0, 12100.0)	(21.0, 20940.0)	(22.0, 32156.0)	(23.0, 46319.0)	(24.0, 67899.0)	(25.0, 103340.0)	(26.0, 157917.0)	(27.0, 254040.0)	(28.0, 430111.0)	(29.0, 535546.0)	(30.0, 861075.0)	(31.0, 1633510.0)	(32.0, 5506501.0)	(33.0, 26430615.0)	(34.0, 1284148.0)									
/ | scratch | karcher | fastqc | 230727_PRISMA_Batch3_P3_for_Q | AAAWL5JHV_230321_MG_Batch3_P3_23s002006-1-1_Gross_lane1MG85 | AAAWL5JHV_230321_MG_Batch3_P3_23s002006-1-1_Gross_lane1MG85_1	(17.0, 1.0)	(18.0, 9.0)	(19.0, 184.0)	(20.0, 1056.0)	(21.0, 4203.0)	(22.0, 10353.0)	(23.0, 18601.0)	(24.0, 31167.0)	(25.0, 53467.0)	(26.0, 91711.0)	(27.0, 151951.0)	(28.0, 240276.0)	(29.0, 371078.0)	(30.0, 561136.0)	(31.0, 902891.0)	(32.0, 2105606.0)	(33.0, 23591794.0)	(34.0, 1893550.0)													
/ | scratch | karcher | fastqc | 230727_PRISMA_Batch3_P3_for_Q | AAAWL5JHV_230321_MG_Batch3_P3_23s002006-1-1_Gross_lane1MG85 | AAAWL5JHV_230321_MG_Batch3_P3_23s002006-1-1_Gross_lane1MG85_2	(13.0, 3.0)	(14.0, 8.0)	(15.0, 27.0)	(16.0, 88.0)	(17.0, 417.0)	(18.0, 1492.0)	(19.0, 4132.0)	(20.0, 9046.0)	(21.0, 15346.0)	(22.0, 22846.0)	(23.0, 32093.0)	(24.0, 47250.0)	(25.0, 72221.0)	(26.0, 110700.0)	(27.0, 183921.0)	(28.0, 321045.0)	(29.0, 401764.0)	(30.0, 656916.0)	(31.0, 1252792.0)	(32.0, 4248658.0)	(33.0, 21585435.0)	(34.0, 1062834.0)									
/ | scratch | karcher | fastqc | 230727_PRISMA_Batch3_P3_for_Q | AAAWL5JHV_230321_MG_Batch3_P3_23s002006-1-1_Gross_lane1MG86 | AAAWL5JHV_230321_MG_Batch3_P3_23s002006-1-1_Gross_lane1MG86_1	(18.0, 22.0)	(19.0, 157.0)	(20.0, 835.0)	(21.0, 3171.0)	(22.0, 8179.0)	(23.0, 15735.0)	(24.0, 28487.0)	(25.0, 51626.0)	(26.0, 88667.0)	(27.0, 145614.0)	(28.0, 228788.0)	(29.0, 351451.0)	(30.0, 530973.0)	(31.0, 848496.0)	(32.0, 1963133.0)	(33.0, 21976659.0)	(34.0, 1803137.0)														
/ | scratch | karcher | fastqc | 230727_PRISMA_Batch3_P3_for_Q | AAAWL5JHV_230321_MG_Batch3_P3_23s002006-1-1_Gross_lane1MG86 | AAAWL5JHV_230321_MG_Batch3_P3_23s002006-1-1_Gross_lane1MG86_2	(14.0, 10.0)	(15.0, 23.0)	(16.0, 79.0)	(17.0, 312.0)	(18.0, 1170.0)	(19.0, 3387.0)	(20.0, 8052.0)	(21.0, 14023.0)	(22.0, 21966.0)	(23.0, 32605.0)	(24.0, 49213.0)	(25.0, 75997.0)	(26.0, 116761.0)	(27.0, 189084.0)	(28.0, 320837.0)	(29.0, 403847.0)	(30.0, 648999.0)	(31.0, 1229034.0)	(32.0, 4172546.0)	(33.0, 19834730.0)	(34.0, 922455.0)										
/ | scratch | karcher | fastqc | 230727_PRISMA_Batch3_P3_for_Q | AAAWL5JHV_230321_MG_Batch3_P3_23s002006-1-1_Gross_lane1MG87 | AAAWL5JHV_230321_MG_Batch3_P3_23s002006-1-1_Gross_lane1MG87_1	(17.0, 2.0)	(18.0, 21.0)	(19.0, 175.0)	(20.0, 1144.0)	(21.0, 4252.0)	(22.0, 10821.0)	(23.0, 20618.0)	(24.0, 35049.0)	(25.0, 60588.0)	(26.0, 102871.0)	(27.0, 168151.0)	(28.0, 264122.0)	(29.0, 407740.0)	(30.0, 614495.0)	(31.0, 979523.0)	(32.0, 2211346.0)	(33.0, 25305592.0)	(34.0, 2482649.0)													
/ | scratch | karcher | fastqc | 230727_PRISMA_Batch3_P3_for_Q | AAAWL5JHV_230321_MG_Batch3_P3_23s002006-1-1_Gross_lane1MG87 | AAAWL5JHV_230321_MG_Batch3_P3_23s002006-1-1_Gross_lane1MG87_2	(13.0, 1.0)	(14.0, 14.0)	(15.0, 32.0)	(16.0, 108.0)	(17.0, 460.0)	(18.0, 1588.0)	(19.0, 4632.0)	(20.0, 10251.0)	(21.0, 17164.0)	(22.0, 26159.0)	(23.0, 38042.0)	(24.0, 56676.0)	(25.0, 85711.0)	(26.0, 132056.0)	(27.0, 214927.0)	(28.0, 366955.0)	(29.0, 459643.0)	(30.0, 744844.0)	(31.0, 1408197.0)	(32.0, 4652479.0)	(33.0, 23257711.0)	(34.0, 1191509.0)									
/ | scratch | karcher | fastqc | 230727_PRISMA_Batch3_P3_for_Q | AAAWL5JHV_230321_MG_Batch3_P3_23s002006-1-1_Gross_lane1MG88 | AAAWL5JHV_230321_MG_Batch3_P3_23s002006-1-1_Gross_lane1MG88_1	(17.0, 1.0)	(18.0, 19.0)	(19.0, 145.0)	(20.0, 1036.0)	(21.0, 3660.0)	(22.0, 9236.0)	(23.0, 17443.0)	(24.0, 30453.0)	(25.0, 54632.0)	(26.0, 93844.0)	(27.0, 154821.0)	(28.0, 242596.0)	(29.0, 372959.0)	(30.0, 561336.0)	(31.0, 886584.0)	(32.0, 1999723.0)	(33.0, 23390463.0)	(34.0, 2178072.0)													
/ | scratch | karcher | fastqc | 230727_PRISMA_Batch3_P3_for_Q | AAAWL5JHV_230321_MG_Batch3_P3_23s002006-1-1_Gross_lane1MG88 | AAAWL5JHV_230321_MG_Batch3_P3_23s002006-1-1_Gross_lane1MG88_2	(14.0, 8.0)	(15.0, 20.0)	(16.0, 76.0)	(17.0, 346.0)	(18.0, 1278.0)	(19.0, 3819.0)	(20.0, 8197.0)	(21.0, 14679.0)	(22.0, 22967.0)	(23.0, 34613.0)	(24.0, 52034.0)	(25.0, 80004.0)	(26.0, 123699.0)	(27.0, 200910.0)	(28.0, 341914.0)	(29.0, 426036.0)	(30.0, 683094.0)	(31.0, 1279116.0)	(32.0, 4345920.0)	(33.0, 21352643.0)	(34.0, 1025650.0)										
/ | scratch | karcher | fastqc | 230727_PRISMA_Batch3_P3_for_Q | AAAWL5JHV_230321_MG_Batch3_P3_23s002006-1-1_Gross_lane1MG89 | AAAWL5JHV_230321_MG_Batch3_P3_23s002006-1-1_Gross_lane1MG89_1	(18.0, 22.0)	(19.0, 224.0)	(20.0, 1470.0)	(21.0, 5298.0)	(22.0, 12772.0)	(23.0, 24063.0)	(24.0, 41651.0)	(25.0, 72793.0)	(26.0, 124829.0)	(27.0, 204808.0)	(28.0, 323596.0)	(29.0, 498157.0)	(30.0, 754129.0)	(31.0, 1210690.0)	(32.0, 2810289.0)	(33.0, 30604390.0)	(34.0, 2572257.0)														
/ | scratch | karcher | fastqc | 230727_PRISMA_Batch3_P3_for_Q | AAAWL5JHV_230321_MG_Batch3_P3_23s002006-1-1_Gross_lane1MG89 | AAAWL5JHV_230321_MG_Batch3_P3_23s002006-1-1_Gross_lane1MG89_2	(13.0, 2.0)	(14.0, 7.0)	(15.0, 42.0)	(16.0, 142.0)	(17.0, 568.0)	(18.0, 2015.0)	(19.0, 5569.0)	(20.0, 12186.0)	(21.0, 21100.0)	(22.0, 32129.0)	(23.0, 46734.0)	(24.0, 69790.0)	(25.0, 106705.0)	(26.0, 163533.0)	(27.0, 265138.0)	(28.0, 448897.0)	(29.0, 567344.0)	(30.0, 919951.0)	(31.0, 1761255.0)	(32.0, 5903390.0)	(33.0, 27632591.0)	(34.0, 1302350.0)									
/ | scratch | karcher | fastqc | 230727_PRISMA_Batch3_P3_for_Q | AAAWL5JHV_230321_MG_Batch3_P3_23s002006-1-1_Gross_lane1MG90 | AAAWL5JHV_230321_MG_Batch3_P3_23s002006-1-1_Gross_lane1MG90_1	(18.0, 15.0)	(19.0, 213.0)	(20.0, 1331.0)	(21.0, 4924.0)	(22.0, 11961.0)	(23.0, 22514.0)	(24.0, 39585.0)	(25.0, 69655.0)	(26.0, 119850.0)	(27.0, 196582.0)	(28.0, 309708.0)	(29.0, 478248.0)	(30.0, 721722.0)	(31.0, 1151298.0)	(32.0, 2682731.0)	(33.0, 29268204.0)	(34.0, 2335104.0)														
/ | scratch | karcher | fastqc | 230727_PRISMA_Batch3_P3_for_Q | AAAWL5JHV_230321_MG_Batch3_P3_23s002006-1-1_Gross_lane1MG90 | AAAWL5JHV_230321_MG_Batch3_P3_23s002006-1-1_Gross_lane1MG90_2	(13.0, 3.0)	(14.0, 11.0)	(15.0, 25.0)	(16.0, 107.0)	(17.0, 409.0)	(18.0, 1576.0)	(19.0, 4687.0)	(20.0, 10769.0)	(21.0, 18519.0)	(22.0, 28429.0)	(23.0, 41231.0)	(24.0, 61644.0)	(25.0, 94466.0)	(26.0, 146303.0)	(27.0, 241839.0)	(28.0, 417240.0)	(29.0, 525355.0)	(30.0, 852819.0)	(31.0, 1617039.0)	(32.0, 5447383.0)	(33.0, 26612129.0)	(34.0, 1291662.0)									
/ | scratch | karcher | fastqc | 230727_PRISMA_Batch3_P3_for_Q | AAAWL5JHV_230321_MG_Batch3_P3_23s002006-1-1_Gross_lane1MG91 | AAAWL5JHV_230321_MG_Batch3_P3_23s002006-1-1_Gross_lane1MG91_1	(17.0, 1.0)	(18.0, 11.0)	(19.0, 93.0)	(20.0, 617.0)	(21.0, 2504.0)	(22.0, 7005.0)	(23.0, 15115.0)	(24.0, 28725.0)	(25.0, 52691.0)	(26.0, 93457.0)	(27.0, 157037.0)	(28.0, 253883.0)	(29.0, 402981.0)	(30.0, 621281.0)	(31.0, 1021829.0)	(32.0, 2400341.0)	(33.0, 26947958.0)	(34.0, 2403263.0)													
/ | scratch | karcher | fastqc | 230727_PRISMA_Batch3_P3_for_Q | AAAWL5JHV_230321_MG_Batch3_P3_23s002006-1-1_Gross_lane1MG91 | AAAWL5JHV_230321_MG_Batch3_P3_23s002006-1-1_Gross_lane1MG91_2	(14.0, 7.0)	(15.0, 26.0)	(16.0, 101.0)	(17.0, 393.0)	(18.0, 1395.0)	(19.0, 4224.0)	(20.0, 8983.0)	(21.0, 15530.0)	(22.0, 24339.0)	(23.0, 36401.0)	(24.0, 55490.0)	(25.0, 85635.0)	(26.0, 133257.0)	(27.0, 221441.0)	(28.0, 385348.0)	(29.0, 480594.0)	(30.0, 791115.0)	(31.0, 1540288.0)	(32.0, 5191530.0)	(33.0, 24208779.0)	(34.0, 1223916.0)										
/ | scratch | karcher | fastqc | 230727_PRISMA_Batch3_P3_for_Q | AAAWL5JHV_230321_MG_Batch3_P3_23s002006-1-1_Gross_lane1MG92 | AAAWL5JHV_230321_MG_Batch3_P3_23s002006-1-1_Gross_lane1MG92_1	(18.0, 15.0)	(19.0, 183.0)	(20.0, 1075.0)	(21.0, 3996.0)	(22.0, 10533.0)	(23.0, 20334.0)	(24.0, 35979.0)	(25.0, 62078.0)	(26.0, 107168.0)	(27.0, 177258.0)	(28.0, 277970.0)	(29.0, 431054.0)	(30.0, 652807.0)	(31.0, 1041491.0)	(32.0, 2371887.0)	(33.0, 26891520.0)	(34.0, 2405309.0)														
/ | scratch | karcher | fastqc | 230727_PRISMA_Batch3_P3_for_Q | AAAWL5JHV_230321_MG_Batch3_P3_23s002006-1-1_Gross_lane1MG92 | AAAWL5JHV_230321_MG_Batch3_P3_23s002006-1-1_Gross_lane1MG92_2	(14.0, 2.0)	(15.0, 29.0)	(16.0, 105.0)	(17.0, 428.0)	(18.0, 1632.0)	(19.0, 4667.0)	(20.0, 10544.0)	(21.0, 17981.0)	(22.0, 26993.0)	(23.0, 40739.0)	(24.0, 60660.0)	(25.0, 92362.0)	(26.0, 142669.0)	(27.0, 231622.0)	(28.0, 394997.0)	(29.0, 497430.0)	(30.0, 802193.0)	(31.0, 1521780.0)	(32.0, 5131426.0)	(33.0, 24372312.0)	(34.0, 1140086.0)										
/ | scratch | karcher | fastqc | 230727_PRISMA_Batch3_P3_for_Q | AAAWL5JHV_230321_MG_Batch3_P3_23s002006-1-1_Gross_lane1MG93 | AAAWL5JHV_230321_MG_Batch3_P3_23s002006-1-1_Gross_lane1MG93_1	(18.0, 17.0)	(19.0, 115.0)	(20.0, 811.0)	(21.0, 3004.0)	(22.0, 7790.0)	(23.0, 15631.0)	(24.0, 28583.0)	(25.0, 51251.0)	(26.0, 89135.0)	(27.0, 147206.0)	(28.0, 231340.0)	(29.0, 356737.0)	(30.0, 541155.0)	(31.0, 868600.0)	(32.0, 2048223.0)	(33.0, 22059811.0)	(34.0, 1721373.0)														
/ | scratch | karcher | fastqc | 230727_PRISMA_Batch3_P3_for_Q | AAAWL5JHV_230321_MG_Batch3_P3_23s002006-1-1_Gross_lane1MG93 | AAAWL5JHV_230321_MG_Batch3_P3_23s002006-1-1_Gross_lane1MG93_2	(14.0, 5.0)	(15.0, 21.0)	(16.0, 64.0)	(17.0, 306.0)	(18.0, 1209.0)	(19.0, 3730.0)	(20.0, 8261.0)	(21.0, 14170.0)	(22.0, 21175.0)	(23.0, 31117.0)	(24.0, 46809.0)	(25.0, 72076.0)	(26.0, 111160.0)	(27.0, 183851.0)	(28.0, 316755.0)	(29.0, 399780.0)	(30.0, 650780.0)	(31.0, 1234353.0)	(32.0, 4243113.0)	(33.0, 19947087.0)	(34.0, 884960.0)										
/ | scratch | karcher | fastqc | 230727_PRISMA_Batch3_P3_for_Q | AAAWL5JHV_230321_MG_Batch3_P3_23s002006-1-1_Gross_lane1MG94 | AAAWL5JHV_230321_MG_Batch3_P3_23s002006-1-1_Gross_lane1MG94_1	(17.0, 2.0)	(18.0, 10.0)	(19.0, 220.0)	(20.0, 1161.0)	(21.0, 4387.0)	(22.0, 10923.0)	(23.0, 22357.0)	(24.0, 39855.0)	(25.0, 70570.0)	(26.0, 119578.0)	(27.0, 194803.0)	(28.0, 304523.0)	(29.0, 465818.0)	(30.0, 701374.0)	(31.0, 1112356.0)	(32.0, 2511270.0)	(33.0, 28544577.0)	(34.0, 2686803.0)													
/ | scratch | karcher | fastqc | 230727_PRISMA_Batch3_P3_for_Q | AAAWL5JHV_230321_MG_Batch3_P3_23s002006-1-1_Gross_lane1MG94 | AAAWL5JHV_230321_MG_Batch3_P3_23s002006-1-1_Gross_lane1MG94_2	(13.0, 2.0)	(14.0, 15.0)	(15.0, 36.0)	(16.0, 93.0)	(17.0, 407.0)	(18.0, 1478.0)	(19.0, 4545.0)	(20.0, 10625.0)	(21.0, 18615.0)	(22.0, 29662.0)	(23.0, 44916.0)	(24.0, 67372.0)	(25.0, 103289.0)	(26.0, 158752.0)	(27.0, 254677.0)	(28.0, 429404.0)	(29.0, 536822.0)	(30.0, 858363.0)	(31.0, 1612193.0)	(32.0, 5363654.0)	(33.0, 25978246.0)	(34.0, 1317421.0)									
/ | scratch | karcher | fastqc | 230727_PRISMA_Batch3_P3_for_Q | AAAWL5JHV_230321_MG_Batch3_P3_23s002006-1-1_Gross_lane1MG95 | AAAWL5JHV_230321_MG_Batch3_P3_23s002006-1-1_Gross_lane1MG95_1	(17.0, 2.0)	(18.0, 24.0)	(19.0, 194.0)	(20.0, 1240.0)	(21.0, 4626.0)	(22.0, 11481.0)	(23.0, 23080.0)	(24.0, 41158.0)	(25.0, 71187.0)	(26.0, 119391.0)	(27.0, 192137.0)	(28.0, 299549.0)	(29.0, 459941.0)	(30.0, 691629.0)	(31.0, 1100042.0)	(32.0, 2420515.0)	(33.0, 27796173.0)	(34.0, 3235788.0)													
/ | scratch | karcher | fastqc | 230727_PRISMA_Batch3_P3_for_Q | AAAWL5JHV_230321_MG_Batch3_P3_23s002006-1-1_Gross_lane1MG95 | AAAWL5JHV_230321_MG_Batch3_P3_23s002006-1-1_Gross_lane1MG95_2	(13.0, 3.0)	(14.0, 25.0)	(15.0, 59.0)	(16.0, 152.0)	(17.0, 487.0)	(18.0, 1795.0)	(19.0, 5432.0)	(20.0, 12085.0)	(21.0, 21407.0)	(22.0, 34338.0)	(23.0, 51557.0)	(24.0, 77789.0)	(25.0, 115742.0)	(26.0, 173442.0)	(27.0, 273904.0)	(28.0, 448689.0)	(29.0, 563224.0)	(30.0, 894258.0)	(31.0, 1670776.0)	(32.0, 5313046.0)	(33.0, 25430958.0)	(34.0, 1378989.0)									
/ | scratch | karcher | fastqc | 230727_PRISMA_Batch3_P3_for_Q | AAAWL5JHV_230321_MG_Batch3_P3_23s002006-1-1_Gross_lane1MG97 | AAAWL5JHV_230321_MG_Batch3_P3_23s002006-1-1_Gross_lane1MG97_1	(17.0, 2.0)	(18.0, 31.0)	(19.0, 294.0)	(20.0, 1601.0)	(21.0, 5785.0)	(22.0, 14099.0)	(23.0, 25862.0)	(24.0, 43089.0)	(25.0, 70003.0)	(26.0, 111923.0)	(27.0, 176163.0)	(28.0, 268432.0)	(29.0, 404690.0)	(30.0, 606489.0)	(31.0, 956506.0)	(32.0, 2061283.0)	(33.0, 23127692.0)	(34.0, 2899202.0)													
/ | scratch | karcher | fastqc | 230727_PRISMA_Batch3_P3_for_Q | AAAWL5JHV_230321_MG_Batch3_P3_23s002006-1-1_Gross_lane1MG97 | AAAWL5JHV_230321_MG_Batch3_P3_23s002006-1-1_Gross_lane1MG97_2	(12.0, 1.0)	(13.0, 4.0)	(14.0, 15.0)	(15.0, 58.0)	(16.0, 137.0)	(17.0, 480.0)	(18.0, 1636.0)	(19.0, 5149.0)	(20.0, 12373.0)	(21.0, 22875.0)	(22.0, 35636.0)	(23.0, 53601.0)	(24.0, 78524.0)	(25.0, 113510.0)	(26.0, 165916.0)	(27.0, 254007.0)	(28.0, 404018.0)	(29.0, 504801.0)	(30.0, 794236.0)	(31.0, 1469740.0)	(32.0, 4579067.0)	(33.0, 21137158.0)	(34.0, 1140204.0)								
/ | scratch | karcher | fastqc | 230727_PRISMA_Batch3_P3_for_Q | AAAWL5JHV_230321_MG_Batch3_P3_23s002006-1-1_Gross_lane1MG98 | AAAWL5JHV_230321_MG_Batch3_P3_23s002006-1-1_Gross_lane1MG98_1	(17.0, 3.0)	(18.0, 19.0)	(19.0, 142.0)	(20.0, 957.0)	(21.0, 3653.0)	(22.0, 9679.0)	(23.0, 19366.0)	(24.0, 36080.0)	(25.0, 64801.0)	(26.0, 112005.0)	(27.0, 185015.0)	(28.0, 290908.0)	(29.0, 447396.0)	(30.0, 672038.0)	(31.0, 1072722.0)	(32.0, 2450284.0)	(33.0, 28250137.0)	(34.0, 2480317.0)													
/ | scratch | karcher | fastqc | 230727_PRISMA_Batch3_P3_for_Q | AAAWL5JHV_230321_MG_Batch3_P3_23s002006-1-1_Gross_lane1MG98 | AAAWL5JHV_230321_MG_Batch3_P3_23s002006-1-1_Gross_lane1MG98_2	(13.0, 1.0)	(14.0, 13.0)	(15.0, 30.0)	(16.0, 86.0)	(17.0, 358.0)	(18.0, 1301.0)	(19.0, 4070.0)	(20.0, 9324.0)	(21.0, 16719.0)	(22.0, 26257.0)	(23.0, 40099.0)	(24.0, 61826.0)	(25.0, 95062.0)	(26.0, 147067.0)	(27.0, 240435.0)	(28.0, 412843.0)	(29.0, 510588.0)	(30.0, 823920.0)	(31.0, 1559269.0)	(32.0, 5303253.0)	(33.0, 25606968.0)	(34.0, 1236033.0)									
/ | scratch | karcher | fastqc | 230727_PRISMA_Batch3_P3_for_Q | AAAWL5JHV_230321_MG_Batch3_P3_23s002006-1-1_Gross_lane1MG99 | AAAWL5JHV_230321_MG_Batch3_P3_23s002006-1-1_Gross_lane1MG99_1	(17.0, 1.0)	(18.0, 14.0)	(19.0, 123.0)	(20.0, 864.0)	(21.0, 3164.0)	(22.0, 8521.0)	(23.0, 17665.0)	(24.0, 33603.0)	(25.0, 61259.0)	(26.0, 107566.0)	(27.0, 179663.0)	(28.0, 284267.0)	(29.0, 441942.0)	(30.0, 670884.0)	(31.0, 1082167.0)	(32.0, 2548806.0)	(33.0, 27857506.0)	(34.0, 2246924.0)													
/ | scratch | karcher | fastqc | 230727_PRISMA_Batch3_P3_for_Q | AAAWL5JHV_230321_MG_Batch3_P3_23s002006-1-1_Gross_lane1MG99 | AAAWL5JHV_230321_MG_Batch3_P3_23s002006-1-1_Gross_lane1MG99_2	(13.0, 1.0)	(14.0, 7.0)	(15.0, 32.0)	(16.0, 66.0)	(17.0, 377.0)	(18.0, 1436.0)	(19.0, 4228.0)	(20.0, 9349.0)	(21.0, 16863.0)	(22.0, 27263.0)	(23.0, 41501.0)	(24.0, 63784.0)	(25.0, 98771.0)	(26.0, 153089.0)	(27.0, 249706.0)	(28.0, 418871.0)	(29.0, 529486.0)	(30.0, 858063.0)	(31.0, 1674380.0)	(32.0, 5781103.0)	(33.0, 24599003.0)	(34.0, 1017560.0)									
/ | scratch | karcher | fastqc | 230804_PRISMA_Batch4_P3_for_Q | AAC2FGFHV_230321_MG_Batch4_23s001005-1-1_Gross_lane1106 | AAC2FGFHV_230321_MG_Batch4_23s001005-1-1_Gross_lane1106_R1_001	(17.0, 2.0)	(18.0, 17.0)	(19.0, 148.0)	(20.0, 677.0)	(21.0, 2233.0)	(22.0, 5118.0)	(23.0, 10404.0)	(24.0, 20545.0)	(25.0, 39104.0)	(26.0, 70753.0)	(27.0, 121330.0)	(28.0, 201601.0)	(29.0, 328540.0)	(30.0, 556005.0)	(31.0, 1097776.0)	(32.0, 3330934.0)	(33.0, 14498759.0)	(34.0, 286138.0)													
/ | scratch | karcher | fastqc | 230804_PRISMA_Batch4_P3_for_Q | AAC2FGFHV_230321_MG_Batch4_23s001005-1-1_Gross_lane1106 | AAC2FGFHV_230321_MG_Batch4_23s001005-1-1_Gross_lane1106_R2_001	(4.0, 170.0)	(5.0, 12506.0)	(6.0, 43955.0)	(7.0, 4897.0)	(8.0, 0.0)	(9.0, 0.0)	(10.0, 0.0)	(11.0, 0.0)	(12.0, 0.0)	(13.0, 0.0)	(14.0, 1.0)	(15.0, 8.0)	(16.0, 36.0)	(17.0, 195.0)	(18.0, 910.0)	(19.0, 2891.0)	(20.0, 6926.0)	(21.0, 11475.0)	(22.0, 17388.0)	(23.0, 27643.0)	(24.0, 43002.0)	(25.0, 68313.0)	(26.0, 110265.0)	(27.0, 178515.0)	(28.0, 295734.0)	(29.0, 505389.0)	(30.0, 944420.0)	(31.0, 2104596.0)	(32.0, 6018043.0)	(33.0, 10129283.0)	(34.0, 43523.0)
/ | scratch | karcher | fastqc | 230804_PRISMA_Batch4_P3_for_Q | AAC2FGFHV_230321_MG_Batch4_23s001005-1-1_Gross_lane1107 | AAC2FGFHV_230321_MG_Batch4_23s001005-1-1_Gross_lane1107_R1_001	(17.0, 2.0)	(18.0, 9.0)	(19.0, 97.0)	(20.0, 503.0)	(21.0, 1576.0)	(22.0, 3679.0)	(23.0, 7956.0)	(24.0, 15799.0)	(25.0, 30588.0)	(26.0, 56465.0)	(27.0, 98961.0)	(28.0, 165940.0)	(29.0, 275126.0)	(30.0, 471560.0)	(31.0, 940807.0)	(32.0, 2808492.0)	(33.0, 11040626.0)	(34.0, 187084.0)													
/ | scratch | karcher | fastqc | 230804_PRISMA_Batch4_P3_for_Q | AAC2FGFHV_230321_MG_Batch4_23s001005-1-1_Gross_lane1107 | AAC2FGFHV_230321_MG_Batch4_23s001005-1-1_Gross_lane1107_R2_001	(4.0, 132.0)	(5.0, 9123.0)	(6.0, 34637.0)	(7.0, 4222.0)	(8.0, 0.0)	(9.0, 0.0)	(10.0, 0.0)	(11.0, 0.0)	(12.0, 0.0)	(13.0, 1.0)	(14.0, 2.0)	(15.0, 6.0)	(16.0, 27.0)	(17.0, 157.0)	(18.0, 721.0)	(19.0, 2412.0)	(20.0, 5230.0)	(21.0, 8691.0)	(22.0, 12820.0)	(23.0, 19713.0)	(24.0, 31336.0)	(25.0, 49592.0)	(26.0, 82299.0)	(27.0, 137986.0)	(28.0, 233312.0)	(29.0, 402310.0)	(30.0, 750724.0)	(31.0, 1649597.0)	(32.0, 4691417.0)	(33.0, 7943733.0)	(34.0, 35070.0)
/ | scratch | karcher | fastqc | 230804_PRISMA_Batch4_P3_for_Q | AAC2FGFHV_230321_MG_Batch4_23s001005-1-1_Gross_lane1108 | AAC2FGFHV_230321_MG_Batch4_23s001005-1-1_Gross_lane1108_R1_001	(17.0, 1.0)	(18.0, 9.0)	(19.0, 78.0)	(20.0, 371.0)	(21.0, 1274.0)	(22.0, 3443.0)	(23.0, 7586.0)	(24.0, 15509.0)	(25.0, 30031.0)	(26.0, 55049.0)	(27.0, 94193.0)	(28.0, 156580.0)	(29.0, 255930.0)	(30.0, 430255.0)	(31.0, 844770.0)	(32.0, 2582569.0)	(33.0, 11407074.0)	(34.0, 226622.0)													
/ | scratch | karcher | fastqc | 230804_PRISMA_Batch4_P3_for_Q | AAC2FGFHV_230321_MG_Batch4_23s001005-1-1_Gross_lane1108 | AAC2FGFHV_230321_MG_Batch4_23s001005-1-1_Gross_lane1108_R2_001	(4.0, 115.0)	(5.0, 9225.0)	(6.0, 34894.0)	(7.0, 4289.0)	(8.0, 0.0)	(9.0, 0.0)	(10.0, 0.0)	(11.0, 0.0)	(12.0, 1.0)	(13.0, 0.0)	(14.0, 2.0)	(15.0, 8.0)	(16.0, 33.0)	(17.0, 119.0)	(18.0, 522.0)	(19.0, 1852.0)	(20.0, 4552.0)	(21.0, 7907.0)	(22.0, 12631.0)	(23.0, 20430.0)	(24.0, 32897.0)	(25.0, 52737.0)	(26.0, 85548.0)	(27.0, 140917.0)	(28.0, 233327.0)	(29.0, 398325.0)	(30.0, 744017.0)	(31.0, 1663430.0)	(32.0, 4797960.0)	(33.0, 7833786.0)	(34.0, 31820.0)
/ | scratch | karcher | fastqc | 230804_PRISMA_Batch4_P3_for_Q | AAC2FGFHV_230321_MG_Batch4_23s001005-1-1_Gross_lane1109 | AAC2FGFHV_230321_MG_Batch4_23s001005-1-1_Gross_lane1109_R1_001	(17.0, 1.0)	(18.0, 8.0)	(19.0, 91.0)	(20.0, 439.0)	(21.0, 1589.0)	(22.0, 4030.0)	(23.0, 8673.0)	(24.0, 17131.0)	(25.0, 32652.0)	(26.0, 59346.0)	(27.0, 101788.0)	(28.0, 170606.0)	(29.0, 278664.0)	(30.0, 469401.0)	(31.0, 919085.0)	(32.0, 2765826.0)	(33.0, 12178720.0)	(34.0, 252183.0)													
/ | scratch | karcher | fastqc | 230804_PRISMA_Batch4_P3_for_Q | AAC2FGFHV_230321_MG_Batch4_23s001005-1-1_Gross_lane1109 | AAC2FGFHV_230321_MG_Batch4_23s001005-1-1_Gross_lane1109_R2_001	(4.0, 139.0)	(5.0, 9858.0)	(6.0, 37357.0)	(7.0, 4659.0)	(8.0, 0.0)	(9.0, 0.0)	(10.0, 0.0)	(11.0, 0.0)	(12.0, 0.0)	(13.0, 2.0)	(14.0, 4.0)	(15.0, 7.0)	(16.0, 28.0)	(17.0, 138.0)	(18.0, 574.0)	(19.0, 2181.0)	(20.0, 5061.0)	(21.0, 8849.0)	(22.0, 13306.0)	(23.0, 21649.0)	(24.0, 34353.0)	(25.0, 54695.0)	(26.0, 88737.0)	(27.0, 146869.0)	(28.0, 244518.0)	(29.0, 417737.0)	(30.0, 777450.0)	(31.0, 1723356.0)	(32.0, 4948190.0)	(33.0, 8678633.0)	(34.0, 41883.0)
/ | scratch | karcher | fastqc | 230804_PRISMA_Batch4_P3_for_Q | AAC2FGFHV_230321_MG_Batch4_23s001005-1-1_Gross_lane1110 | AAC2FGFHV_230321_MG_Batch4_23s001005-1-1_Gross_lane1110_R1_001	(17.0, 4.0)	(18.0, 23.0)	(19.0, 180.0)	(20.0, 982.0)	(21.0, 3102.0)	(22.0, 7429.0)	(23.0, 15771.0)	(24.0, 31952.0)	(25.0, 62395.0)	(26.0, 113630.0)	(27.0, 197547.0)	(28.0, 330609.0)	(29.0, 542059.0)	(30.0, 922338.0)	(31.0, 1854034.0)	(32.0, 5758367.0)	(33.0, 24070181.0)	(34.0, 420710.0)													
/ | scratch | karcher | fastqc | 230804_PRISMA_Batch4_P3_for_Q | AAC2FGFHV_230321_MG_Batch4_23s001005-1-1_Gross_lane1110 | AAC2FGFHV_230321_MG_Batch4_23s001005-1-1_Gross_lane1110_R2_001	(4.0, 267.0)	(5.0, 20765.0)	(6.0, 75208.0)	(7.0, 8462.0)	(8.0, 0.0)	(9.0, 0.0)	(10.0, 0.0)	(11.0, 0.0)	(12.0, 0.0)	(13.0, 1.0)	(14.0, 1.0)	(15.0, 13.0)	(16.0, 51.0)	(17.0, 312.0)	(18.0, 1315.0)	(19.0, 4641.0)	(20.0, 10944.0)	(21.0, 17841.0)	(22.0, 27000.0)	(23.0, 43144.0)	(24.0, 68471.0)	(25.0, 110327.0)	(26.0, 180472.0)	(27.0, 297048.0)	(28.0, 493763.0)	(29.0, 853916.0)	(30.0, 1619988.0)	(31.0, 3667601.0)	(32.0, 10520842.0)	(33.0, 16249774.0)	(34.0, 59146.0)
/ | scratch | karcher | fastqc | 230804_PRISMA_Batch4_P3_for_Q | AAC2FGFHV_230321_MG_Batch4_23s001005-1-1_Gross_lane1111 | AAC2FGFHV_230321_MG_Batch4_23s001005-1-1_Gross_lane1111_R1_001	(17.0, 2.0)	(18.0, 3.0)	(19.0, 42.0)	(20.0, 200.0)	(21.0, 667.0)	(22.0, 1646.0)	(23.0, 3284.0)	(24.0, 6620.0)	(25.0, 12702.0)	(26.0, 22847.0)	(27.0, 39500.0)	(28.0, 66029.0)	(29.0, 108348.0)	(30.0, 184216.0)	(31.0, 354315.0)	(32.0, 1010948.0)	(33.0, 4629967.0)	(34.0, 129516.0)													
/ | scratch | karcher | fastqc | 230804_PRISMA_Batch4_P3_for_Q | AAC2FGFHV_230321_MG_Batch4_23s001005-1-1_Gross_lane1111 | AAC2FGFHV_230321_MG_Batch4_23s001005-1-1_Gross_lane1111_R2_001	(4.0, 82.0)	(5.0, 3433.0)	(6.0, 14381.0)	(7.0, 2262.0)	(8.0, 0.0)	(9.0, 0.0)	(10.0, 0.0)	(11.0, 0.0)	(12.0, 1.0)	(13.0, 2.0)	(14.0, 0.0)	(15.0, 4.0)	(16.0, 21.0)	(17.0, 75.0)	(18.0, 372.0)	(19.0, 1145.0)	(20.0, 2491.0)	(21.0, 4105.0)	(22.0, 5762.0)	(23.0, 8666.0)	(24.0, 13467.0)	(25.0, 21642.0)	(26.0, 35130.0)	(27.0, 57970.0)	(28.0, 96644.0)	(29.0, 163418.0)	(30.0, 295313.0)	(31.0, 615941.0)	(32.0, 1713167.0)	(33.0, 3489270.0)	(34.0, 26088.0)
/ | scratch | karcher | fastqc | 230804_PRISMA_Batch4_P3_for_Q | AAC2FGFHV_230321_MG_Batch4_23s001005-1-1_Gross_lane1112 | AAC2FGFHV_230321_MG_Batch4_23s001005-1-1_Gross_lane1112_R1_001	(17.0, 1.0)	(18.0, 20.0)	(19.0, 102.0)	(20.0, 603.0)	(21.0, 2003.0)	(22.0, 4698.0)	(23.0, 9621.0)	(24.0, 18870.0)	(25.0, 36203.0)	(26.0, 66663.0)	(27.0, 115215.0)	(28.0, 192311.0)	(29.0, 315825.0)	(30.0, 538297.0)	(31.0, 1061863.0)	(32.0, 3209903.0)	(33.0, 13873770.0)	(34.0, 274741.0)													
/ | scratch | karcher | fastqc | 230804_PRISMA_Batch4_P3_for_Q | AAC2FGFHV_230321_MG_Batch4_23s001005-1-1_Gross_lane1112 | AAC2FGFHV_230321_MG_Batch4_23s001005-1-1_Gross_lane1112_R2_001	(4.0, 149.0)	(5.0, 11136.0)	(6.0, 42632.0)	(7.0, 5213.0)	(8.0, 0.0)	(9.0, 0.0)	(10.0, 0.0)	(11.0, 0.0)	(12.0, 0.0)	(13.0, 0.0)	(14.0, 2.0)	(15.0, 3.0)	(16.0, 36.0)	(17.0, 154.0)	(18.0, 769.0)	(19.0, 2702.0)	(20.0, 6200.0)	(21.0, 10236.0)	(22.0, 15253.0)	(23.0, 23613.0)	(24.0, 37261.0)	(25.0, 59928.0)	(26.0, 98239.0)	(27.0, 163472.0)	(28.0, 274549.0)	(29.0, 474085.0)	(30.0, 885726.0)	(31.0, 1971233.0)	(32.0, 5698654.0)	(33.0, 9893504.0)	(34.0, 45960.0)
/ | scratch | karcher | fastqc | 230804_PRISMA_Batch4_P3_for_Q | AAC2FGFHV_230321_MG_Batch4_23s001005-1-1_Gross_lane1113 | AAC2FGFHV_230321_MG_Batch4_23s001005-1-1_Gross_lane1113_R1_001	(17.0, 4.0)	(18.0, 39.0)	(19.0, 285.0)	(20.0, 1501.0)	(21.0, 4919.0)	(22.0, 10958.0)	(23.0, 21377.0)	(24.0, 41150.0)	(25.0, 77641.0)	(26.0, 139290.0)	(27.0, 239970.0)	(28.0, 401386.0)	(29.0, 663012.0)	(30.0, 1146452.0)	(31.0, 2333443.0)	(32.0, 7080166.0)	(33.0, 26793225.0)	(34.0, 422006.0)													
/ | scratch | karcher | fastqc | 230804_PRISMA_Batch4_P3_for_Q | AAC2FGFHV_230321_MG_Batch4_23s001005-1-1_Gross_lane1113 | AAC2FGFHV_230321_MG_Batch4_23s001005-1-1_Gross_lane1113_R2_001	(4.0, 401.0)	(5.0, 26790.0)	(6.0, 84271.0)	(7.0, 8400.0)	(8.0, 0.0)	(9.0, 0.0)	(10.0, 0.0)	(11.0, 0.0)	(12.0, 0.0)	(13.0, 1.0)	(14.0, 0.0)	(15.0, 13.0)	(16.0, 74.0)	(17.0, 383.0)	(18.0, 1764.0)	(19.0, 5876.0)	(20.0, 13465.0)	(21.0, 23453.0)	(22.0, 36345.0)	(23.0, 57445.0)	(24.0, 89928.0)	(25.0, 141138.0)	(26.0, 228682.0)	(27.0, 374519.0)	(28.0, 624855.0)	(29.0, 1081404.0)	(30.0, 2053912.0)	(31.0, 4555328.0)	(32.0, 12363404.0)	(33.0, 17549142.0)	(34.0, 55831.0)
/ | scratch | karcher | fastqc | 230804_PRISMA_Batch4_P3_for_Q | AAC2FGFHV_230321_MG_Batch4_23s001005-1-1_Gross_lane1114 | AAC2FGFHV_230321_MG_Batch4_23s001005-1-1_Gross_lane1114_R1_001	(16.0, 1.0)	(17.0, 2.0)	(18.0, 22.0)	(19.0, 217.0)	(20.0, 1086.0)	(21.0, 3336.0)	(22.0, 7439.0)	(23.0, 14623.0)	(24.0, 27777.0)	(25.0, 52016.0)	(26.0, 92434.0)	(27.0, 158088.0)	(28.0, 259490.0)	(29.0, 421899.0)	(30.0, 708104.0)	(31.0, 1394286.0)	(32.0, 4231623.0)	(33.0, 18277665.0)	(34.0, 370920.0)												
/ | scratch | karcher | fastqc | 230804_PRISMA_Batch4_P3_for_Q | AAC2FGFHV_230321_MG_Batch4_23s001005-1-1_Gross_lane1114 | AAC2FGFHV_230321_MG_Batch4_23s001005-1-1_Gross_lane1114_R2_001	(4.0, 257.0)	(5.0, 15600.0)	(6.0, 57135.0)	(7.0, 6889.0)	(8.0, 0.0)	(9.0, 0.0)	(10.0, 0.0)	(11.0, 0.0)	(12.0, 3.0)	(13.0, 1.0)	(14.0, 5.0)	(15.0, 11.0)	(16.0, 48.0)	(17.0, 268.0)	(18.0, 1142.0)	(19.0, 4053.0)	(20.0, 9203.0)	(21.0, 15091.0)	(22.0, 22702.0)	(23.0, 35019.0)	(24.0, 55203.0)	(25.0, 86289.0)	(26.0, 138534.0)	(27.0, 226512.0)	(28.0, 373102.0)	(29.0, 636927.0)	(30.0, 1191212.0)	(31.0, 2660651.0)	(32.0, 7684383.0)	(33.0, 12747109.0)	(34.0, 53679.0)
/ | scratch | karcher | fastqc | 230804_PRISMA_Batch4_P3_for_Q | AAC2FGFHV_230321_MG_Batch4_23s001005-1-1_Gross_lane1115 | AAC2FGFHV_230321_MG_Batch4_23s001005-1-1_Gross_lane1115_R1_001	(18.0, 5.0)	(19.0, 32.0)	(20.0, 173.0)	(21.0, 601.0)	(22.0, 1566.0)	(23.0, 3246.0)	(24.0, 6305.0)	(25.0, 11902.0)	(26.0, 21329.0)	(27.0, 36611.0)	(28.0, 61284.0)	(29.0, 100698.0)	(30.0, 171285.0)	(31.0, 332029.0)	(32.0, 949954.0)	(33.0, 4182669.0)	(34.0, 104765.0)														
/ | scratch | karcher | fastqc | 230804_PRISMA_Batch4_P3_for_Q | AAC2FGFHV_230321_MG_Batch4_23s001005-1-1_Gross_lane1115 | AAC2FGFHV_230321_MG_Batch4_23s001005-1-1_Gross_lane1115_R2_001	(4.0, 78.0)	(5.0, 3418.0)	(6.0, 12819.0)	(7.0, 1791.0)	(8.0, 0.0)	(9.0, 0.0)	(10.0, 0.0)	(11.0, 0.0)	(12.0, 0.0)	(13.0, 0.0)	(14.0, 0.0)	(15.0, 1.0)	(16.0, 9.0)	(17.0, 67.0)	(18.0, 275.0)	(19.0, 857.0)	(20.0, 1998.0)	(21.0, 3424.0)	(22.0, 5040.0)	(23.0, 8184.0)	(24.0, 12715.0)	(25.0, 19742.0)	(26.0, 32530.0)	(27.0, 54546.0)	(28.0, 90599.0)	(29.0, 153803.0)	(30.0, 280148.0)	(31.0, 589437.0)	(32.0, 1627252.0)	(33.0, 3067249.0)	(34.0, 18472.0)
/ | scratch | karcher | fastqc | 230804_PRISMA_Batch4_P3_for_Q | AAC2FGFHV_230321_MG_Batch4_23s001005-1-1_Gross_lane1116 | AAC2FGFHV_230321_MG_Batch4_23s001005-1-1_Gross_lane1116_R1_001	(17.0, 6.0)	(18.0, 56.0)	(19.0, 443.0)	(20.0, 2292.0)	(21.0, 6441.0)	(22.0, 13218.0)	(23.0, 24119.0)	(24.0, 44380.0)	(25.0, 82302.0)	(26.0, 146709.0)	(27.0, 250908.0)	(28.0, 419488.0)	(29.0, 696632.0)	(30.0, 1207676.0)	(31.0, 2442905.0)	(32.0, 7198651.0)	(33.0, 26691712.0)	(34.0, 440733.0)													
/ | scratch | karcher | fastqc | 230804_PRISMA_Batch4_P3_for_Q | AAC2FGFHV_230321_MG_Batch4_23s001005-1-1_Gross_lane1116 | AAC2FGFHV_230321_MG_Batch4_23s001005-1-1_Gross_lane1116_R2_001	(4.0, 546.0)	(5.0, 28698.0)	(6.0, 84170.0)	(7.0, 8476.0)	(8.0, 0.0)	(9.0, 0.0)	(10.0, 0.0)	(11.0, 0.0)	(12.0, 0.0)	(13.0, 1.0)	(14.0, 5.0)	(15.0, 15.0)	(16.0, 83.0)	(17.0, 500.0)	(18.0, 2365.0)	(19.0, 7667.0)	(20.0, 17146.0)	(21.0, 28790.0)	(22.0, 42193.0)	(23.0, 64761.0)	(24.0, 99327.0)	(25.0, 153999.0)	(26.0, 245896.0)	(27.0, 399722.0)	(28.0, 662292.0)	(29.0, 1137180.0)	(30.0, 2124906.0)	(31.0, 4603547.0)	(32.0, 12170974.0)	(33.0, 17723493.0)	(34.0, 61919.0)
/ | scratch | karcher | fastqc | 230804_PRISMA_Batch4_P3_for_Q | AAC2FGFHV_230321_MG_Batch4_23s001005-1-1_Gross_lane1117 | AAC2FGFHV_230321_MG_Batch4_23s001005-1-1_Gross_lane1117_R1_001	(17.0, 2.0)	(18.0, 45.0)	(19.0, 353.0)	(20.0, 1869.0)	(21.0, 6008.0)	(22.0, 13255.0)	(23.0, 25718.0)	(24.0, 49361.0)	(25.0, 93517.0)	(26.0, 169226.0)	(27.0, 295721.0)	(28.0, 503947.0)	(29.0, 848861.0)	(30.0, 1491698.0)	(31.0, 3052082.0)	(32.0, 9172693.0)	(33.0, 35016004.0)	(34.0, 583829.0)													
/ | scratch | karcher | fastqc | 230804_PRISMA_Batch4_P3_for_Q | AAC2FGFHV_230321_MG_Batch4_23s001005-1-1_Gross_lane1117 | AAC2FGFHV_230321_MG_Batch4_23s001005-1-1_Gross_lane1117_R2_001	(4.0, 528.0)	(5.0, 35178.0)	(6.0, 111217.0)	(7.0, 11429.0)	(8.0, 0.0)	(9.0, 0.0)	(10.0, 0.0)	(11.0, 0.0)	(12.0, 0.0)	(13.0, 1.0)	(14.0, 7.0)	(15.0, 23.0)	(16.0, 138.0)	(17.0, 639.0)	(18.0, 2696.0)	(19.0, 8861.0)	(20.0, 19762.0)	(21.0, 32321.0)	(22.0, 48067.0)	(23.0, 74453.0)	(24.0, 115261.0)	(25.0, 183997.0)	(26.0, 299178.0)	(27.0, 493985.0)	(28.0, 826445.0)	(29.0, 1437239.0)	(30.0, 2712307.0)	(31.0, 5966833.0)	(32.0, 16025007.0)	(33.0, 22843948.0)	(34.0, 74669.0)
/ | scratch | karcher | fastqc | 230804_PRISMA_Batch4_P3_for_Q | AAC2FGFHV_230321_MG_Batch4_23s001005-1-1_Gross_lane1118 | AAC2FGFHV_230321_MG_Batch4_23s001005-1-1_Gross_lane1118_R1_001	(17.0, 5.0)	(18.0, 58.0)	(19.0, 450.0)	(20.0, 2186.0)	(21.0, 6934.0)	(22.0, 16116.0)	(23.0, 31615.0)	(24.0, 60911.0)	(25.0, 113736.0)	(26.0, 202049.0)	(27.0, 347076.0)	(28.0, 583717.0)	(29.0, 971569.0)	(30.0, 1683562.0)	(31.0, 3415549.0)	(32.0, 10243265.0)	(33.0, 39125560.0)	(34.0, 687630.0)													
/ | scratch | karcher | fastqc | 230804_PRISMA_Batch4_P3_for_Q | AAC2FGFHV_230321_MG_Batch4_23s001005-1-1_Gross_lane1118 | AAC2FGFHV_230321_MG_Batch4_23s001005-1-1_Gross_lane1118_R2_001	(4.0, 705.0)	(5.0, 42752.0)	(6.0, 121704.0)	(7.0, 11576.0)	(8.0, 0.0)	(9.0, 0.0)	(10.0, 1.0)	(11.0, 1.0)	(12.0, 2.0)	(13.0, 6.0)	(14.0, 7.0)	(15.0, 27.0)	(16.0, 152.0)	(17.0, 767.0)	(18.0, 3182.0)	(19.0, 10330.0)	(20.0, 23735.0)	(21.0, 40177.0)	(22.0, 61243.0)	(23.0, 96362.0)	(24.0, 148963.0)	(25.0, 233732.0)	(26.0, 372130.0)	(27.0, 603415.0)	(28.0, 998833.0)	(29.0, 1717888.0)	(30.0, 3226469.0)	(31.0, 7012858.0)	(32.0, 18263371.0)	(33.0, 24428796.0)	(34.0, 72804.0)
/ | scratch | karcher | fastqc | 230804_PRISMA_Batch4_P3_for_Q | AAC2FGFHV_230321_MG_Batch4_23s001005-1-1_Gross_lane1119 | AAC2FGFHV_230321_MG_Batch4_23s001005-1-1_Gross_lane1119_R1_001	(17.0, 5.0)	(18.0, 61.0)	(19.0, 388.0)	(20.0, 1914.0)	(21.0, 5502.0)	(22.0, 12185.0)	(23.0, 24198.0)	(24.0, 48250.0)	(25.0, 93623.0)	(26.0, 171392.0)	(27.0, 298273.0)	(28.0, 505224.0)	(29.0, 846112.0)	(30.0, 1474710.0)	(31.0, 3023281.0)	(32.0, 9220695.0)	(33.0, 34388290.0)	(34.0, 484612.0)													
/ | scratch | karcher | fastqc | 230804_PRISMA_Batch4_P3_for_Q | AAC2FGFHV_230321_MG_Batch4_23s001005-1-1_Gross_lane1119 | AAC2FGFHV_230321_MG_Batch4_23s001005-1-1_Gross_lane1119_R2_001	(4.0, 572.0)	(5.0, 35279.0)	(6.0, 109003.0)	(7.0, 10912.0)	(8.0, 0.0)	(9.0, 0.0)	(10.0, 0.0)	(11.0, 0.0)	(12.0, 0.0)	(13.0, 0.0)	(14.0, 4.0)	(15.0, 25.0)	(16.0, 99.0)	(17.0, 570.0)	(18.0, 2413.0)	(19.0, 7897.0)	(20.0, 17906.0)	(21.0, 29703.0)	(22.0, 44250.0)	(23.0, 69537.0)	(24.0, 109331.0)	(25.0, 175211.0)	(26.0, 285932.0)	(27.0, 471892.0)	(28.0, 795914.0)	(29.0, 1390371.0)	(30.0, 2660741.0)	(31.0, 5932141.0)	(32.0, 16059205.0)	(33.0, 22325926.0)	(34.0, 63881.0)
/ | scratch | karcher | fastqc | 230804_PRISMA_Batch4_P3_for_Q | AAC2FGFHV_230321_MG_Batch4_23s001005-1-1_Gross_lane1120 | AAC2FGFHV_230321_MG_Batch4_23s001005-1-1_Gross_lane1120_R1_001	(17.0, 1.0)	(18.0, 7.0)	(19.0, 82.0)	(20.0, 486.0)	(21.0, 1618.0)	(22.0, 3948.0)	(23.0, 8231.0)	(24.0, 16557.0)	(25.0, 32072.0)	(26.0, 57824.0)	(27.0, 99935.0)	(28.0, 167009.0)	(29.0, 274575.0)	(30.0, 464967.0)	(31.0, 913129.0)	(32.0, 2744129.0)	(33.0, 11820488.0)	(34.0, 232237.0)													
/ | scratch | karcher | fastqc | 230804_PRISMA_Batch4_P3_for_Q | AAC2FGFHV_230321_MG_Batch4_23s001005-1-1_Gross_lane1120 | AAC2FGFHV_230321_MG_Batch4_23s001005-1-1_Gross_lane1120_R2_001	(4.0, 150.0)	(5.0, 9352.0)	(6.0, 36849.0)	(7.0, 4695.0)	(8.0, 0.0)	(9.0, 0.0)	(10.0, 0.0)	(11.0, 0.0)	(12.0, 0.0)	(13.0, 1.0)	(14.0, 1.0)	(15.0, 5.0)	(16.0, 32.0)	(17.0, 191.0)	(18.0, 777.0)	(19.0, 2521.0)	(20.0, 5688.0)	(21.0, 9282.0)	(22.0, 13362.0)	(23.0, 20813.0)	(24.0, 32426.0)	(25.0, 51738.0)	(26.0, 85195.0)	(27.0, 140781.0)	(28.0, 235727.0)	(29.0, 402265.0)	(30.0, 747911.0)	(31.0, 1642525.0)	(32.0, 4785819.0)	(33.0, 8568456.0)	(34.0, 40733.0)
/ | scratch | karcher | fastqc | 230804_PRISMA_Batch4_P3_for_Q | AAC2FGFHV_230321_MG_Batch4_23s001005-1-1_Gross_lane1121 | AAC2FGFHV_230321_MG_Batch4_23s001005-1-1_Gross_lane1121_R1_001	(16.0, 1.0)	(17.0, 0.0)	(18.0, 22.0)	(19.0, 163.0)	(20.0, 826.0)	(21.0, 2666.0)	(22.0, 6227.0)	(23.0, 12246.0)	(24.0, 24432.0)	(25.0, 47721.0)	(26.0, 88061.0)	(27.0, 155299.0)	(28.0, 260294.0)	(29.0, 432903.0)	(30.0, 745040.0)	(31.0, 1517157.0)	(32.0, 4711196.0)	(33.0, 18214145.0)	(34.0, 283271.0)												
/ | scratch | karcher | fastqc | 230804_PRISMA_Batch4_P3_for_Q | AAC2FGFHV_230321_MG_Batch4_23s001005-1-1_Gross_lane1121 | AAC2FGFHV_230321_MG_Batch4_23s001005-1-1_Gross_lane1121_R2_001	(4.0, 218.0)	(5.0, 15587.0)	(6.0, 58917.0)	(7.0, 6668.0)	(8.0, 0.0)	(9.0, 0.0)	(10.0, 0.0)	(11.0, 0.0)	(12.0, 0.0)	(13.0, 2.0)	(14.0, 3.0)	(15.0, 9.0)	(16.0, 52.0)	(17.0, 231.0)	(18.0, 1109.0)	(19.0, 3556.0)	(20.0, 8186.0)	(21.0, 12890.0)	(22.0, 18759.0)	(23.0, 29564.0)	(24.0, 46877.0)	(25.0, 75359.0)	(26.0, 125298.0)	(27.0, 211176.0)	(28.0, 359923.0)	(29.0, 632180.0)	(30.0, 1216876.0)	(31.0, 2790765.0)	(32.0, 8150941.0)	(33.0, 12691879.0)	(34.0, 44645.0)
/ | scratch | karcher | fastqc | 230804_PRISMA_Batch4_P3_for_Q | AAC2FGFHV_230321_MG_Batch4_23s001005-1-1_Gross_lane1122 | AAC2FGFHV_230321_MG_Batch4_23s001005-1-1_Gross_lane1122_R1_001	(17.0, 3.0)	(18.0, 20.0)	(19.0, 173.0)	(20.0, 936.0)	(21.0, 2688.0)	(22.0, 6042.0)	(23.0, 11859.0)	(24.0, 23801.0)	(25.0, 45895.0)	(26.0, 83983.0)	(27.0, 145222.0)	(28.0, 242214.0)	(29.0, 395523.0)	(30.0, 679562.0)	(31.0, 1373442.0)	(32.0, 4265176.0)	(33.0, 17026296.0)	(34.0, 267820.0)													
/ | scratch | karcher | fastqc | 230804_PRISMA_Batch4_P3_for_Q | AAC2FGFHV_230321_MG_Batch4_23s001005-1-1_Gross_lane1122 | AAC2FGFHV_230321_MG_Batch4_23s001005-1-1_Gross_lane1122_R2_001	(4.0, 196.0)	(5.0, 14727.0)	(6.0, 54175.0)	(7.0, 5961.0)	(8.0, 0.0)	(9.0, 0.0)	(10.0, 0.0)	(11.0, 0.0)	(12.0, 0.0)	(13.0, 1.0)	(14.0, 3.0)	(15.0, 8.0)	(16.0, 45.0)	(17.0, 226.0)	(18.0, 1033.0)	(19.0, 3677.0)	(20.0, 8142.0)	(21.0, 12973.0)	(22.0, 18377.0)	(23.0, 29061.0)	(24.0, 45653.0)	(25.0, 72294.0)	(26.0, 119658.0)	(27.0, 198410.0)	(28.0, 334527.0)	(29.0, 581351.0)	(30.0, 1116882.0)	(31.0, 2567392.0)	(32.0, 7510797.0)	(33.0, 11834351.0)	(34.0, 40735.0)
/ | scratch | karcher | fastqc | 230804_PRISMA_Batch4_P3_for_Q | AAC2FGFHV_230321_MG_Batch4_23s001005-1-1_Gross_lane1123 | AAC2FGFHV_230321_MG_Batch4_23s001005-1-1_Gross_lane1123_R1_001	(17.0, 1.0)	(18.0, 30.0)	(19.0, 187.0)	(20.0, 896.0)	(21.0, 2711.0)	(22.0, 5851.0)	(23.0, 11087.0)	(24.0, 21961.0)	(25.0, 42074.0)	(26.0, 77264.0)	(27.0, 133173.0)	(28.0, 221928.0)	(29.0, 360854.0)	(30.0, 613594.0)	(31.0, 1223981.0)	(32.0, 3793491.0)	(33.0, 15966839.0)	(34.0, 260329.0)													
/ | scratch | karcher | fastqc | 230804_PRISMA_Batch4_P3_for_Q | AAC2FGFHV_230321_MG_Batch4_23s001005-1-1_Gross_lane1123 | AAC2FGFHV_230321_MG_Batch4_23s001005-1-1_Gross_lane1123_R2_001	(4.0, 155.0)	(5.0, 12778.0)	(6.0, 49385.0)	(7.0, 5830.0)	(8.0, 0.0)	(9.0, 0.0)	(10.0, 0.0)	(11.0, 0.0)	(12.0, 1.0)	(13.0, 2.0)	(14.0, 4.0)	(15.0, 6.0)	(16.0, 34.0)	(17.0, 208.0)	(18.0, 959.0)	(19.0, 3286.0)	(20.0, 7511.0)	(21.0, 11700.0)	(22.0, 17332.0)	(23.0, 27079.0)	(24.0, 42248.0)	(25.0, 67724.0)	(26.0, 110898.0)	(27.0, 184221.0)	(28.0, 308552.0)	(29.0, 531062.0)	(30.0, 1007063.0)	(31.0, 2284232.0)	(32.0, 6717634.0)	(33.0, 11301345.0)	(34.0, 45002.0)
/ | scratch | karcher | fastqc | 230804_PRISMA_Batch4_P3_for_Q | AAC2FGFHV_230321_MG_Batch4_23s001005-1-1_Gross_lane1124 | AAC2FGFHV_230321_MG_Batch4_23s001005-1-1_Gross_lane1124_R1_001	(17.0, 4.0)	(18.0, 29.0)	(19.0, 302.0)	(20.0, 1459.0)	(21.0, 4547.0)	(22.0, 10224.0)	(23.0, 20370.0)	(24.0, 39774.0)	(25.0, 75716.0)	(26.0, 136496.0)	(27.0, 237349.0)	(28.0, 393287.0)	(29.0, 649547.0)	(30.0, 1110080.0)	(31.0, 2230186.0)	(32.0, 6747067.0)	(33.0, 28020076.0)	(34.0, 528274.0)													
/ | scratch | karcher | fastqc | 230804_PRISMA_Batch4_P3_for_Q | AAC2FGFHV_230321_MG_Batch4_23s001005-1-1_Gross_lane1124 | AAC2FGFHV_230321_MG_Batch4_23s001005-1-1_Gross_lane1124_R2_001	(4.0, 408.0)	(5.0, 26285.0)	(6.0, 88207.0)	(7.0, 9535.0)	(8.0, 1.0)	(9.0, 0.0)	(10.0, 1.0)	(11.0, 1.0)	(12.0, 3.0)	(13.0, 3.0)	(14.0, 7.0)	(15.0, 19.0)	(16.0, 91.0)	(17.0, 399.0)	(18.0, 1688.0)	(19.0, 6005.0)	(20.0, 13939.0)	(21.0, 23883.0)	(22.0, 35634.0)	(23.0, 57055.0)	(24.0, 89765.0)	(25.0, 140996.0)	(26.0, 225487.0)	(27.0, 369696.0)	(28.0, 611368.0)	(29.0, 1047934.0)	(30.0, 1967355.0)	(31.0, 4354846.0)	(32.0, 12131670.0)	(33.0, 18931290.0)	(34.0, 71216.0)
/ | scratch | karcher | fastqc | 230804_PRISMA_Batch4_P3_for_Q | AAC2FGFHV_230321_MG_Batch4_23s001005-1-1_Gross_lane1125 | AAC2FGFHV_230321_MG_Batch4_23s001005-1-1_Gross_lane1125_R1_001	(17.0, 5.0)	(18.0, 13.0)	(19.0, 112.0)	(20.0, 525.0)	(21.0, 1806.0)	(22.0, 4204.0)	(23.0, 8884.0)	(24.0, 18408.0)	(25.0, 36211.0)	(26.0, 66855.0)	(27.0, 116483.0)	(28.0, 195691.0)	(29.0, 321632.0)	(30.0, 551013.0)	(31.0, 1126917.0)	(32.0, 3568347.0)	(33.0, 13961711.0)	(34.0, 190398.0)													
/ | scratch | karcher | fastqc | 230804_PRISMA_Batch4_P3_for_Q | AAC2FGFHV_230321_MG_Batch4_23s001005-1-1_Gross_lane1125 | AAC2FGFHV_230321_MG_Batch4_23s001005-1-1_Gross_lane1125_R2_001	(4.0, 136.0)	(5.0, 10436.0)	(6.0, 43505.0)	(7.0, 5288.0)	(8.0, 0.0)	(9.0, 0.0)	(10.0, 0.0)	(11.0, 0.0)	(12.0, 0.0)	(13.0, 0.0)	(14.0, 0.0)	(15.0, 5.0)	(16.0, 26.0)	(17.0, 147.0)	(18.0, 688.0)	(19.0, 2498.0)	(20.0, 5522.0)	(21.0, 8815.0)	(22.0, 12705.0)	(23.0, 20035.0)	(24.0, 31881.0)	(25.0, 52219.0)	(26.0, 86284.0)	(27.0, 146993.0)	(28.0, 251481.0)	(29.0, 443033.0)	(30.0, 858169.0)	(31.0, 2005371.0)	(32.0, 6087452.0)	(33.0, 10059583.0)	(34.0, 36943.0)
/ | scratch | karcher | fastqc | 230804_PRISMA_Batch4_P3_for_Q | AAC2FGFHV_230321_MG_Batch4_23s001005-1-1_Gross_lane1126 | AAC2FGFHV_230321_MG_Batch4_23s001005-1-1_Gross_lane1126_R1_001	(18.0, 26.0)	(19.0, 193.0)	(20.0, 1000.0)	(21.0, 3089.0)	(22.0, 7145.0)	(23.0, 14532.0)	(24.0, 29004.0)	(25.0, 57167.0)	(26.0, 105555.0)	(27.0, 185252.0)	(28.0, 311595.0)	(29.0, 521886.0)	(30.0, 908159.0)	(31.0, 1874879.0)	(32.0, 5819909.0)	(33.0, 21295148.0)	(34.0, 273520.0)														
/ | scratch | karcher | fastqc | 230804_PRISMA_Batch4_P3_for_Q | AAC2FGFHV_230321_MG_Batch4_23s001005-1-1_Gross_lane1126 | AAC2FGFHV_230321_MG_Batch4_23s001005-1-1_Gross_lane1126_R2_001	(4.0, 263.0)	(5.0, 19398.0)	(6.0, 69610.0)	(7.0, 7412.0)	(8.0, 0.0)	(9.0, 0.0)	(10.0, 0.0)	(11.0, 0.0)	(12.0, 0.0)	(13.0, 0.0)	(14.0, 2.0)	(15.0, 9.0)	(16.0, 56.0)	(17.0, 315.0)	(18.0, 1443.0)	(19.0, 4496.0)	(20.0, 9830.0)	(21.0, 15267.0)	(22.0, 22138.0)	(23.0, 34559.0)	(24.0, 54579.0)	(25.0, 88680.0)	(26.0, 147067.0)	(27.0, 248093.0)	(28.0, 424713.0)	(29.0, 752261.0)	(30.0, 1462993.0)	(31.0, 3375131.0)	(32.0, 9791955.0)	(33.0, 14831029.0)	(34.0, 46760.0)
/ | scratch | karcher | fastqc | 230804_PRISMA_Batch4_P3_for_Q | AAC2FGFHV_230321_MG_Batch4_23s001005-1-1_Gross_lane1129 | AAC2FGFHV_230321_MG_Batch4_23s001005-1-1_Gross_lane1129_R1_001	(17.0, 1.0)	(18.0, 19.0)	(19.0, 130.0)	(20.0, 695.0)	(21.0, 2094.0)	(22.0, 5168.0)	(23.0, 11023.0)	(24.0, 22955.0)	(25.0, 45910.0)	(26.0, 85531.0)	(27.0, 149985.0)	(28.0, 254215.0)	(29.0, 419466.0)	(30.0, 728709.0)	(31.0, 1500027.0)	(32.0, 4663536.0)	(33.0, 17441366.0)	(34.0, 242282.0)													
/ | scratch | karcher | fastqc | 230804_PRISMA_Batch4_P3_for_Q | AAC2FGFHV_230321_MG_Batch4_23s001005-1-1_Gross_lane1129 | AAC2FGFHV_230321_MG_Batch4_23s001005-1-1_Gross_lane1129_R2_001	(4.0, 204.0)	(5.0, 16347.0)	(6.0, 54019.0)	(7.0, 5342.0)	(8.0, 0.0)	(9.0, 0.0)	(10.0, 0.0)	(11.0, 0.0)	(12.0, 0.0)	(13.0, 1.0)	(14.0, 5.0)	(15.0, 6.0)	(16.0, 55.0)	(17.0, 215.0)	(18.0, 1016.0)	(19.0, 3326.0)	(20.0, 7680.0)	(21.0, 13281.0)	(22.0, 19547.0)	(23.0, 31199.0)	(24.0, 50074.0)	(25.0, 81101.0)	(26.0, 133559.0)	(27.0, 221314.0)	(28.0, 375510.0)	(29.0, 656096.0)	(30.0, 1258524.0)	(31.0, 2849000.0)	(32.0, 8009439.0)	(33.0, 11747076.0)	(34.0, 39176.0)
/ | scratch | karcher | fastqc | 230804_PRISMA_Batch4_P3_for_Q | AAC2FGFHV_230321_MG_Batch4_23s001005-1-1_Gross_lane1131 | AAC2FGFHV_230321_MG_Batch4_23s001005-1-1_Gross_lane1131_R1_001	(17.0, 2.0)	(18.0, 26.0)	(19.0, 219.0)	(20.0, 1097.0)	(21.0, 3759.0)	(22.0, 8810.0)	(23.0, 18562.0)	(24.0, 37265.0)	(25.0, 71715.0)	(26.0, 129431.0)	(27.0, 225450.0)	(28.0, 378311.0)	(29.0, 627355.0)	(30.0, 1082583.0)	(31.0, 2186920.0)	(32.0, 6575650.0)	(33.0, 26319357.0)	(34.0, 449887.0)													
/ | scratch | karcher | fastqc | 230804_PRISMA_Batch4_P3_for_Q | AAC2FGFHV_230321_MG_Batch4_23s001005-1-1_Gross_lane1131 | AAC2FGFHV_230321_MG_Batch4_23s001005-1-1_Gross_lane1131_R2_001	(4.0, 365.0)	(5.0, 25237.0)	(6.0, 81693.0)	(7.0, 8595.0)	(8.0, 0.0)	(9.0, 0.0)	(10.0, 0.0)	(11.0, 0.0)	(12.0, 3.0)	(13.0, 2.0)	(14.0, 4.0)	(15.0, 16.0)	(16.0, 62.0)	(17.0, 343.0)	(18.0, 1575.0)	(19.0, 5435.0)	(20.0, 12993.0)	(21.0, 22370.0)	(22.0, 34597.0)	(23.0, 54793.0)	(24.0, 87067.0)	(25.0, 138373.0)	(26.0, 225958.0)	(27.0, 368752.0)	(28.0, 614236.0)	(29.0, 1059043.0)	(30.0, 2000414.0)	(31.0, 4394114.0)	(32.0, 11759958.0)	(33.0, 17161674.0)	(34.0, 58727.0)
/ | scratch | karcher | fastqc | 230804_PRISMA_Batch4_P3_for_Q | AAC2FGFHV_230321_MG_Batch4_23s001005-1-1_Gross_lane1132 | AAC2FGFHV_230321_MG_Batch4_23s001005-1-1_Gross_lane1132_R1_001	(17.0, 3.0)	(18.0, 24.0)	(19.0, 164.0)	(20.0, 774.0)	(21.0, 2577.0)	(22.0, 6266.0)	(23.0, 13318.0)	(24.0, 27085.0)	(25.0, 52570.0)	(26.0, 96307.0)	(27.0, 167407.0)	(28.0, 280924.0)	(29.0, 463390.0)	(30.0, 801723.0)	(31.0, 1624994.0)	(32.0, 4976720.0)	(33.0, 19642948.0)	(34.0, 299726.0)													
/ | scratch | karcher | fastqc | 230804_PRISMA_Batch4_P3_for_Q | AAC2FGFHV_230321_MG_Batch4_23s001005-1-1_Gross_lane1132 | AAC2FGFHV_230321_MG_Batch4_23s001005-1-1_Gross_lane1132_R2_001	(4.0, 236.0)	(5.0, 18040.0)	(6.0, 60774.0)	(7.0, 6590.0)	(8.0, 0.0)	(9.0, 0.0)	(10.0, 0.0)	(11.0, 0.0)	(12.0, 1.0)	(13.0, 2.0)	(14.0, 7.0)	(15.0, 9.0)	(16.0, 52.0)	(17.0, 236.0)	(18.0, 1072.0)	(19.0, 3525.0)	(20.0, 8627.0)	(21.0, 15082.0)	(22.0, 23201.0)	(23.0, 36967.0)	(24.0, 59174.0)	(25.0, 95216.0)	(26.0, 155335.0)	(27.0, 256935.0)	(28.0, 430185.0)	(29.0, 746826.0)	(30.0, 1425486.0)	(31.0, 3203595.0)	(32.0, 8863785.0)	(33.0, 13004515.0)	(34.0, 41447.0)
/ | scratch | karcher | fastqc | 230804_PRISMA_Batch4_P3_for_Q | AAC2FGFHV_230321_MG_Batch4_23s001005-1-1_Gross_lane1134 | AAC2FGFHV_230321_MG_Batch4_23s001005-1-1_Gross_lane1134_R1_001	(16.0, 1.0)	(17.0, 5.0)	(18.0, 48.0)	(19.0, 339.0)	(20.0, 1712.0)	(21.0, 4835.0)	(22.0, 10423.0)	(23.0, 20289.0)	(24.0, 41088.0)	(25.0, 81351.0)	(26.0, 151576.0)	(27.0, 266329.0)	(28.0, 455203.0)	(29.0, 762370.0)	(30.0, 1335094.0)	(31.0, 2774617.0)	(32.0, 8603269.0)	(33.0, 30306390.0)	(34.0, 333473.0)												
/ | scratch | karcher | fastqc | 230804_PRISMA_Batch4_P3_for_Q | AAC2FGFHV_230321_MG_Batch4_23s001005-1-1_Gross_lane1134 | AAC2FGFHV_230321_MG_Batch4_23s001005-1-1_Gross_lane1134_R2_001	(4.0, 458.0)	(5.0, 29025.0)	(6.0, 98939.0)	(7.0, 10189.0)	(8.0, 0.0)	(9.0, 0.0)	(10.0, 0.0)	(11.0, 0.0)	(12.0, 2.0)	(13.0, 1.0)	(14.0, 4.0)	(15.0, 16.0)	(16.0, 93.0)	(17.0, 503.0)	(18.0, 2430.0)	(19.0, 7788.0)	(20.0, 16518.0)	(21.0, 25608.0)	(22.0, 35148.0)	(23.0, 54094.0)	(24.0, 84346.0)	(25.0, 136668.0)	(26.0, 228096.0)	(27.0, 383736.0)	(28.0, 656231.0)	(29.0, 1162064.0)	(30.0, 2249693.0)	(31.0, 5120790.0)	(32.0, 14326516.0)	(33.0, 20462869.0)	(34.0, 56587.0)
/ | scratch | karcher | fastqc | 230804_PRISMA_Batch4_P3_for_Q | AAC2FGFHV_230321_MG_Batch4_23s001005-1-1_Gross_lane1135 | AAC2FGFHV_230321_MG_Batch4_23s001005-1-1_Gross_lane1135_R1_001	(17.0, 7.0)	(18.0, 56.0)	(19.0, 265.0)	(20.0, 1173.0)	(21.0, 3498.0)	(22.0, 8213.0)	(23.0, 17240.0)	(24.0, 35989.0)	(25.0, 73022.0)	(26.0, 140005.0)	(27.0, 250121.0)	(28.0, 432985.0)	(29.0, 736992.0)	(30.0, 1325283.0)	(31.0, 2859259.0)	(32.0, 9103845.0)	(33.0, 27845847.0)	(34.0, 266214.0)													
/ | scratch | karcher | fastqc | 230804_PRISMA_Batch4_P3_for_Q | AAC2FGFHV_230321_MG_Batch4_23s001005-1-1_Gross_lane1135 | AAC2FGFHV_230321_MG_Batch4_23s001005-1-1_Gross_lane1135_R2_001	(4.0, 386.0)	(5.0, 29023.0)	(6.0, 92642.0)	(7.0, 8182.0)	(8.0, 0.0)	(9.0, 0.0)	(10.0, 0.0)	(11.0, 0.0)	(12.0, 1.0)	(13.0, 0.0)	(14.0, 4.0)	(15.0, 21.0)	(16.0, 96.0)	(17.0, 462.0)	(18.0, 1801.0)	(19.0, 5620.0)	(20.0, 13155.0)	(21.0, 21504.0)	(22.0, 31128.0)	(23.0, 49343.0)	(24.0, 78192.0)	(25.0, 128137.0)	(26.0, 216203.0)	(27.0, 370165.0)	(28.0, 642248.0)	(29.0, 1161617.0)	(30.0, 2303333.0)	(31.0, 5375343.0)	(32.0, 14797297.0)	(33.0, 17735528.0)	(34.0, 38583.0)
/ | scratch | karcher | fastqc | 230804_PRISMA_Batch4_P3_for_Q | AAC2FGFHV_230321_MG_Batch4_23s001005-1-1_Gross_lane1136 | AAC2FGFHV_230321_MG_Batch4_23s001005-1-1_Gross_lane1136_R1_001	(17.0, 3.0)	(18.0, 40.0)	(19.0, 283.0)	(20.0, 1422.0)	(21.0, 4507.0)	(22.0, 10334.0)	(23.0, 20481.0)	(24.0, 40771.0)	(25.0, 78013.0)	(26.0, 142166.0)	(27.0, 248832.0)	(28.0, 419395.0)	(29.0, 698454.0)	(30.0, 1214304.0)	(31.0, 2491753.0)	(32.0, 7672276.0)	(33.0, 29366576.0)	(34.0, 474249.0)													
/ | scratch | karcher | fastqc | 230804_PRISMA_Batch4_P3_for_Q | AAC2FGFHV_230321_MG_Batch4_23s001005-1-1_Gross_lane1136 | AAC2FGFHV_230321_MG_Batch4_23s001005-1-1_Gross_lane1136_R2_001	(4.0, 483.0)	(5.0, 28939.0)	(6.0, 91851.0)	(7.0, 9034.0)	(8.0, 0.0)	(9.0, 0.0)	(10.0, 0.0)	(11.0, 0.0)	(12.0, 0.0)	(13.0, 1.0)	(14.0, 6.0)	(15.0, 22.0)	(16.0, 80.0)	(17.0, 499.0)	(18.0, 2156.0)	(19.0, 6870.0)	(20.0, 15476.0)	(21.0, 25539.0)	(22.0, 37784.0)	(23.0, 59001.0)	(24.0, 90769.0)	(25.0, 144548.0)	(26.0, 234194.0)	(27.0, 383705.0)	(28.0, 641768.0)	(29.0, 1111294.0)	(30.0, 2114939.0)	(31.0, 4725040.0)	(32.0, 13154184.0)	(33.0, 19933729.0)	(34.0, 71948.0)
/ | scratch | karcher | fastqc | 230804_PRISMA_Batch4_P3_for_Q | AAC2FGFHV_230321_MG_Batch4_23s001005-1-1_Gross_lane1137 | AAC2FGFHV_230321_MG_Batch4_23s001005-1-1_Gross_lane1137_R1_001	(16.0, 1.0)	(17.0, 8.0)	(18.0, 47.0)	(19.0, 357.0)	(20.0, 1724.0)	(21.0, 5377.0)	(22.0, 11610.0)	(23.0, 22021.0)	(24.0, 42253.0)	(25.0, 79316.0)	(26.0, 143608.0)	(27.0, 248265.0)	(28.0, 417796.0)	(29.0, 690518.0)	(30.0, 1189099.0)	(31.0, 2379215.0)	(32.0, 7165996.0)	(33.0, 29834692.0)	(34.0, 595104.0)												
/ | scratch | karcher | fastqc | 230804_PRISMA_Batch4_P3_for_Q | AAC2FGFHV_230321_MG_Batch4_23s001005-1-1_Gross_lane1137 | AAC2FGFHV_230321_MG_Batch4_23s001005-1-1_Gross_lane1137_R2_001	(4.0, 375.0)	(5.0, 26946.0)	(6.0, 92166.0)	(7.0, 10025.0)	(8.0, 0.0)	(9.0, 0.0)	(10.0, 0.0)	(11.0, 0.0)	(12.0, 0.0)	(13.0, 0.0)	(14.0, 1.0)	(15.0, 18.0)	(16.0, 96.0)	(17.0, 522.0)	(18.0, 1999.0)	(19.0, 6708.0)	(20.0, 14966.0)	(21.0, 24924.0)	(22.0, 37588.0)	(23.0, 58489.0)	(24.0, 91042.0)	(25.0, 144121.0)	(26.0, 234336.0)	(27.0, 385181.0)	(28.0, 643228.0)	(29.0, 1112070.0)	(30.0, 2102982.0)	(31.0, 4673796.0)	(32.0, 12960393.0)	(33.0, 20127743.0)	(34.0, 77292.0)
/ | scratch | karcher | fastqc | 230804_PRISMA_Batch4_P3_for_Q | AAC2FGFHV_230321_MG_Batch4_23s001005-1-1_Gross_lane1138 | AAC2FGFHV_230321_MG_Batch4_23s001005-1-1_Gross_lane1138_R1_001	(17.0, 1.0)	(18.0, 20.0)	(19.0, 215.0)	(20.0, 1056.0)	(21.0, 3392.0)	(22.0, 8200.0)	(23.0, 17047.0)	(24.0, 33582.0)	(25.0, 63700.0)	(26.0, 115215.0)	(27.0, 198366.0)	(28.0, 329560.0)	(29.0, 542311.0)	(30.0, 926038.0)	(31.0, 1857870.0)	(32.0, 5661428.0)	(33.0, 23327563.0)	(34.0, 434611.0)													
/ | scratch | karcher | fastqc | 230804_PRISMA_Batch4_P3_for_Q | AAC2FGFHV_230321_MG_Batch4_23s001005-1-1_Gross_lane1138 | AAC2FGFHV_230321_MG_Batch4_23s001005-1-1_Gross_lane1138_R2_001	(4.0, 275.0)	(5.0, 20101.0)	(6.0, 72158.0)	(7.0, 8155.0)	(8.0, 0.0)	(9.0, 0.0)	(10.0, 0.0)	(11.0, 0.0)	(12.0, 1.0)	(13.0, 1.0)	(14.0, 7.0)	(15.0, 9.0)	(16.0, 50.0)	(17.0, 261.0)	(18.0, 1405.0)	(19.0, 4687.0)	(20.0, 10644.0)	(21.0, 17965.0)	(22.0, 27555.0)	(23.0, 43874.0)	(24.0, 68866.0)	(25.0, 109346.0)	(26.0, 178295.0)	(27.0, 292244.0)	(28.0, 487959.0)	(29.0, 842261.0)	(30.0, 1589951.0)	(31.0, 3560608.0)	(32.0, 10075662.0)	(33.0, 16043453.0)	(34.0, 64382.0)
/ | scratch | karcher | fastqc | 230804_PRISMA_Batch4_P3_for_Q | AAC2FGFHV_230321_MG_Batch4_23s001005-1-1_Gross_lane1140 | AAC2FGFHV_230321_MG_Batch4_23s001005-1-1_Gross_lane1140_R1_001	(17.0, 4.0)	(18.0, 26.0)	(19.0, 242.0)	(20.0, 1313.0)	(21.0, 4389.0)	(22.0, 9984.0)	(23.0, 19944.0)	(24.0, 37659.0)	(25.0, 70650.0)	(26.0, 125807.0)	(27.0, 214085.0)	(28.0, 353839.0)	(29.0, 580317.0)	(30.0, 986431.0)	(31.0, 1959532.0)	(32.0, 5953516.0)	(33.0, 25408160.0)	(34.0, 517263.0)													
/ | scratch | karcher | fastqc | 230804_PRISMA_Batch4_P3_for_Q | AAC2FGFHV_230321_MG_Batch4_23s001005-1-1_Gross_lane1140 | AAC2FGFHV_230321_MG_Batch4_23s001005-1-1_Gross_lane1140_R2_001	(4.0, 312.0)	(5.0, 22186.0)	(6.0, 77068.0)	(7.0, 8549.0)	(8.0, 0.0)	(9.0, 0.0)	(10.0, 0.0)	(11.0, 0.0)	(12.0, 0.0)	(13.0, 2.0)	(14.0, 6.0)	(15.0, 10.0)	(16.0, 57.0)	(17.0, 340.0)	(18.0, 1540.0)	(19.0, 5295.0)	(20.0, 12239.0)	(21.0, 20902.0)	(22.0, 31628.0)	(23.0, 49869.0)	(24.0, 78161.0)	(25.0, 121898.0)	(26.0, 195153.0)	(27.0, 319798.0)	(28.0, 525789.0)	(29.0, 899660.0)	(30.0, 1696359.0)	(31.0, 3786255.0)	(32.0, 10745515.0)	(33.0, 17570412.0)	(34.0, 74158.0)
/ | scratch | karcher | fastqc | 230804_PRISMA_Batch4_P3_for_Q | AAC2FGFHV_230321_MG_Batch4_23s001005-1-1_Gross_lane1141 | AAC2FGFHV_230321_MG_Batch4_23s001005-1-1_Gross_lane1141_R1_001	(17.0, 2.0)	(18.0, 23.0)	(19.0, 209.0)	(20.0, 1182.0)	(21.0, 3738.0)	(22.0, 8357.0)	(23.0, 16986.0)	(24.0, 33268.0)	(25.0, 64450.0)	(26.0, 118113.0)	(27.0, 206744.0)	(28.0, 348046.0)	(29.0, 576713.0)	(30.0, 994759.0)	(31.0, 2014561.0)	(32.0, 6176147.0)	(33.0, 24794699.0)	(34.0, 426485.0)													
/ | scratch | karcher | fastqc | 230804_PRISMA_Batch4_P3_for_Q | AAC2FGFHV_230321_MG_Batch4_23s001005-1-1_Gross_lane1141 | AAC2FGFHV_230321_MG_Batch4_23s001005-1-1_Gross_lane1141_R2_001	(4.0, 295.0)	(5.0, 22181.0)	(6.0, 76883.0)	(7.0, 8271.0)	(8.0, 0.0)	(9.0, 0.0)	(10.0, 0.0)	(11.0, 1.0)	(12.0, 0.0)	(13.0, 1.0)	(14.0, 5.0)	(15.0, 10.0)	(16.0, 70.0)	(17.0, 335.0)	(18.0, 1484.0)	(19.0, 4914.0)	(20.0, 11755.0)	(21.0, 19467.0)	(22.0, 30169.0)	(23.0, 46854.0)	(24.0, 74759.0)	(25.0, 120092.0)	(26.0, 197312.0)	(27.0, 326142.0)	(28.0, 546936.0)	(29.0, 946435.0)	(30.0, 1797308.0)	(31.0, 4026750.0)	(32.0, 11151617.0)	(33.0, 16318651.0)	(34.0, 55785.0)
/ | scratch | karcher | fastqc | 230804_PRISMA_Batch4_P3_for_Q | AAC2FGFHV_230321_MG_Batch4_23s001005-1-1_Gross_lane1142 | AAC2FGFHV_230321_MG_Batch4_23s001005-1-1_Gross_lane1142_R1_001	(17.0, 3.0)	(18.0, 22.0)	(19.0, 251.0)	(20.0, 1119.0)	(21.0, 3417.0)	(22.0, 7770.0)	(23.0, 15689.0)	(24.0, 31292.0)	(25.0, 60342.0)	(26.0, 111032.0)	(27.0, 193142.0)	(28.0, 324189.0)	(29.0, 536468.0)	(30.0, 922707.0)	(31.0, 1852932.0)	(32.0, 5680918.0)	(33.0, 23886445.0)	(34.0, 435841.0)													
/ | scratch | karcher | fastqc | 230804_PRISMA_Batch4_P3_for_Q | AAC2FGFHV_230321_MG_Batch4_23s001005-1-1_Gross_lane1142 | AAC2FGFHV_230321_MG_Batch4_23s001005-1-1_Gross_lane1142_R2_001	(4.0, 305.0)	(5.0, 20763.0)	(6.0, 74155.0)	(7.0, 8344.0)	(8.0, 0.0)	(9.0, 0.0)	(10.0, 0.0)	(11.0, 1.0)	(12.0, 0.0)	(13.0, 0.0)	(14.0, 2.0)	(15.0, 11.0)	(16.0, 47.0)	(17.0, 311.0)	(18.0, 1467.0)	(19.0, 4919.0)	(20.0, 11167.0)	(21.0, 18164.0)	(22.0, 27441.0)	(23.0, 42538.0)	(24.0, 66888.0)	(25.0, 107346.0)	(26.0, 175086.0)	(27.0, 289643.0)	(28.0, 484784.0)	(29.0, 838170.0)	(30.0, 1597796.0)	(31.0, 3598177.0)	(32.0, 10242221.0)	(33.0, 16390403.0)	(34.0, 63430.0)
/ | scratch | karcher | fastqc | 230804_PRISMA_Batch4_P3_for_Q | AAC2FGFHV_230321_MG_Batch4_23s001005-1-1_Gross_lane1143 | AAC2FGFHV_230321_MG_Batch4_23s001005-1-1_Gross_lane1143_R1_001	(17.0, 5.0)	(18.0, 26.0)	(19.0, 267.0)	(20.0, 1318.0)	(21.0, 4386.0)	(22.0, 9972.0)	(23.0, 19997.0)	(24.0, 39380.0)	(25.0, 76206.0)	(26.0, 140973.0)	(27.0, 245456.0)	(28.0, 417270.0)	(29.0, 696401.0)	(30.0, 1208833.0)	(31.0, 2465772.0)	(32.0, 7578024.0)	(33.0, 30269343.0)	(34.0, 507684.0)													
/ | scratch | karcher | fastqc | 230804_PRISMA_Batch4_P3_for_Q | AAC2FGFHV_230321_MG_Batch4_23s001005-1-1_Gross_lane1143 | AAC2FGFHV_230321_MG_Batch4_23s001005-1-1_Gross_lane1143_R2_001	(4.0, 344.0)	(5.0, 27894.0)	(6.0, 94048.0)	(7.0, 9780.0)	(8.0, 0.0)	(9.0, 0.0)	(10.0, 0.0)	(11.0, 0.0)	(12.0, 0.0)	(13.0, 2.0)	(14.0, 3.0)	(15.0, 11.0)	(16.0, 68.0)	(17.0, 406.0)	(18.0, 1811.0)	(19.0, 6068.0)	(20.0, 14010.0)	(21.0, 23379.0)	(22.0, 35471.0)	(23.0, 55941.0)	(24.0, 88724.0)	(25.0, 141628.0)	(26.0, 231750.0)	(27.0, 382850.0)	(28.0, 646061.0)	(29.0, 1123435.0)	(30.0, 2152319.0)	(31.0, 4830341.0)	(32.0, 13483771.0)	(33.0, 20260421.0)	(34.0, 70777.0)
/ | scratch | karcher | fastqc | 230804_PRISMA_Batch4_P3_for_Q | AAC2FGFHV_230321_MG_Batch4_23s001005-1-1_Gross_lane1144 | AAC2FGFHV_230321_MG_Batch4_23s001005-1-1_Gross_lane1144_R1_001	(17.0, 1.0)	(18.0, 19.0)	(19.0, 244.0)	(20.0, 1313.0)	(21.0, 4921.0)	(22.0, 11801.0)	(23.0, 23713.0)	(24.0, 44779.0)	(25.0, 82429.0)	(26.0, 145191.0)	(27.0, 245827.0)	(28.0, 407268.0)	(29.0, 667885.0)	(30.0, 1140303.0)	(31.0, 2253370.0)	(32.0, 6647008.0)	(33.0, 27425804.0)	(34.0, 598288.0)													
/ | scratch | karcher | fastqc | 230804_PRISMA_Batch4_P3_for_Q | AAC2FGFHV_230321_MG_Batch4_23s001005-1-1_Gross_lane1144 | AAC2FGFHV_230321_MG_Batch4_23s001005-1-1_Gross_lane1144_R2_001	(4.0, 365.0)	(5.0, 25704.0)	(6.0, 84907.0)	(7.0, 9208.0)	(8.0, 0.0)	(9.0, 0.0)	(10.0, 0.0)	(11.0, 0.0)	(12.0, 0.0)	(13.0, 2.0)	(14.0, 9.0)	(15.0, 17.0)	(16.0, 73.0)	(17.0, 309.0)	(18.0, 1617.0)	(19.0, 5779.0)	(20.0, 13636.0)	(21.0, 24676.0)	(22.0, 38670.0)	(23.0, 61475.0)	(24.0, 95548.0)	(25.0, 149531.0)	(26.0, 239632.0)	(27.0, 388444.0)	(28.0, 643065.0)	(29.0, 1096475.0)	(30.0, 2053975.0)	(31.0, 4478890.0)	(32.0, 12050474.0)	(33.0, 18168449.0)	(34.0, 69234.0)
/ | scratch | karcher | fastqc | 230804_PRISMA_Batch4_P3_for_Q | AAC2FGFHV_230321_MG_Batch4_23s001005-1-1_Gross_lane1145 | AAC2FGFHV_230321_MG_Batch4_23s001005-1-1_Gross_lane1145_R1_001	(17.0, 4.0)	(18.0, 41.0)	(19.0, 397.0)	(20.0, 2190.0)	(21.0, 6600.0)	(22.0, 14103.0)	(23.0, 25516.0)	(24.0, 46383.0)	(25.0, 84220.0)	(26.0, 145839.0)	(27.0, 246418.0)	(28.0, 405396.0)	(29.0, 659637.0)	(30.0, 1124946.0)	(31.0, 2213183.0)	(32.0, 6487358.0)	(33.0, 26953691.0)	(34.0, 609378.0)													
/ | scratch | karcher | fastqc | 230804_PRISMA_Batch4_P3_for_Q | AAC2FGFHV_230321_MG_Batch4_23s001005-1-1_Gross_lane1145 | AAC2FGFHV_230321_MG_Batch4_23s001005-1-1_Gross_lane1145_R2_001	(4.0, 463.0)	(5.0, 27855.0)	(6.0, 83629.0)	(7.0, 8404.0)	(8.0, 0.0)	(9.0, 0.0)	(10.0, 0.0)	(11.0, 0.0)	(12.0, 0.0)	(13.0, 0.0)	(14.0, 7.0)	(15.0, 25.0)	(16.0, 96.0)	(17.0, 449.0)	(18.0, 2362.0)	(19.0, 7791.0)	(20.0, 18370.0)	(21.0, 30414.0)	(22.0, 44714.0)	(23.0, 68940.0)	(24.0, 105297.0)	(25.0, 162222.0)	(26.0, 255756.0)	(27.0, 409352.0)	(28.0, 669306.0)	(29.0, 1137263.0)	(30.0, 2102657.0)	(31.0, 4520969.0)	(32.0, 11908344.0)	(33.0, 17397188.0)	(34.0, 63427.0)
/ | scratch | karcher | fastqc | 230804_PRISMA_Batch4_P3_for_Q | AAC2FGFHV_230321_MG_Batch4_23s001005-1-1_Gross_lane1146 | AAC2FGFHV_230321_MG_Batch4_23s001005-1-1_Gross_lane1146_R1_001	(17.0, 5.0)	(18.0, 30.0)	(19.0, 219.0)	(20.0, 1132.0)	(21.0, 3767.0)	(22.0, 9149.0)	(23.0, 18497.0)	(24.0, 35168.0)	(25.0, 65050.0)	(26.0, 116109.0)	(27.0, 196414.0)	(28.0, 324716.0)	(29.0, 531337.0)	(30.0, 900666.0)	(31.0, 1785098.0)	(32.0, 5357651.0)	(33.0, 22558107.0)	(34.0, 461250.0)													
/ | scratch | karcher | fastqc | 230804_PRISMA_Batch4_P3_for_Q | AAC2FGFHV_230321_MG_Batch4_23s001005-1-1_Gross_lane1146 | AAC2FGFHV_230321_MG_Batch4_23s001005-1-1_Gross_lane1146_R2_001	(4.0, 270.0)	(5.0, 19797.0)	(6.0, 70021.0)	(7.0, 8155.0)	(8.0, 0.0)	(9.0, 0.0)	(10.0, 0.0)	(11.0, 0.0)	(12.0, 0.0)	(13.0, 0.0)	(14.0, 5.0)	(15.0, 13.0)	(16.0, 74.0)	(17.0, 292.0)	(18.0, 1419.0)	(19.0, 4950.0)	(20.0, 11289.0)	(21.0, 18632.0)	(22.0, 28208.0)	(23.0, 44414.0)	(24.0, 69026.0)	(25.0, 108466.0)	(26.0, 174637.0)	(27.0, 285245.0)	(28.0, 472348.0)	(29.0, 811476.0)	(30.0, 1522349.0)	(31.0, 3383013.0)	(32.0, 9553143.0)	(33.0, 15709390.0)	(34.0, 67733.0)
/ | scratch | karcher | fastqc | 230804_PRISMA_Batch4_P3_for_Q | AAC2FGFHV_230321_MG_Batch4_23s001005-1-1_Gross_lane1147 | AAC2FGFHV_230321_MG_Batch4_23s001005-1-1_Gross_lane1147_R1_001	(17.0, 2.0)	(18.0, 30.0)	(19.0, 242.0)	(20.0, 1249.0)	(21.0, 4117.0)	(22.0, 9195.0)	(23.0, 19027.0)	(24.0, 37782.0)	(25.0, 73118.0)	(26.0, 133337.0)	(27.0, 230946.0)	(28.0, 386796.0)	(29.0, 644101.0)	(30.0, 1112890.0)	(31.0, 2261346.0)	(32.0, 6947030.0)	(33.0, 27834063.0)	(34.0, 467832.0)													
/ | scratch | karcher | fastqc | 230804_PRISMA_Batch4_P3_for_Q | AAC2FGFHV_230321_MG_Batch4_23s001005-1-1_Gross_lane1147 | AAC2FGFHV_230321_MG_Batch4_23s001005-1-1_Gross_lane1147_R2_001	(4.0, 364.0)	(5.0, 26171.0)	(6.0, 84674.0)	(7.0, 8705.0)	(8.0, 0.0)	(9.0, 0.0)	(10.0, 0.0)	(11.0, 0.0)	(12.0, 0.0)	(13.0, 2.0)	(14.0, 6.0)	(15.0, 17.0)	(16.0, 70.0)	(17.0, 347.0)	(18.0, 1675.0)	(19.0, 5662.0)	(20.0, 13181.0)	(21.0, 22279.0)	(22.0, 34180.0)	(23.0, 53706.0)	(24.0, 85041.0)	(25.0, 134711.0)	(26.0, 219537.0)	(27.0, 359489.0)	(28.0, 601427.0)	(29.0, 1044770.0)	(30.0, 1990030.0)	(31.0, 4448406.0)	(32.0, 12316354.0)	(33.0, 18643710.0)	(34.0, 68589.0)
/ | scratch | karcher | fastqc | 230804_PRISMA_Batch4_P3_for_Q | AAC2FGFHV_230321_MG_Batch4_23s001005-1-1_Gross_lane1148 | AAC2FGFHV_230321_MG_Batch4_23s001005-1-1_Gross_lane1148_R1_001	(17.0, 1.0)	(18.0, 37.0)	(19.0, 223.0)	(20.0, 1168.0)	(21.0, 3716.0)	(22.0, 8240.0)	(23.0, 16823.0)	(24.0, 33825.0)	(25.0, 65412.0)	(26.0, 118472.0)	(27.0, 204794.0)	(28.0, 344120.0)	(29.0, 568062.0)	(30.0, 972837.0)	(31.0, 1969110.0)	(32.0, 6038606.0)	(33.0, 24678175.0)	(34.0, 427721.0)													
/ | scratch | karcher | fastqc | 230804_PRISMA_Batch4_P3_for_Q | AAC2FGFHV_230321_MG_Batch4_23s001005-1-1_Gross_lane1148 | AAC2FGFHV_230321_MG_Batch4_23s001005-1-1_Gross_lane1148_R2_001	(4.0, 343.0)	(5.0, 23286.0)	(6.0, 75865.0)	(7.0, 7671.0)	(8.0, 0.0)	(9.0, 0.0)	(10.0, 0.0)	(11.0, 0.0)	(12.0, 0.0)	(13.0, 0.0)	(14.0, 2.0)	(15.0, 11.0)	(16.0, 69.0)	(17.0, 335.0)	(18.0, 1558.0)	(19.0, 5220.0)	(20.0, 12126.0)	(21.0, 20315.0)	(22.0, 30856.0)	(23.0, 49018.0)	(24.0, 76490.0)	(25.0, 122059.0)	(26.0, 198131.0)	(27.0, 323885.0)	(28.0, 539487.0)	(29.0, 931185.0)	(30.0, 1773275.0)	(31.0, 3975550.0)	(32.0, 10990984.0)	(33.0, 16238713.0)	(34.0, 54908.0)
/ | scratch | karcher | fastqc | 230804_PRISMA_Batch4_P3_for_Q | AAC2FGFHV_230321_MG_Batch4_23s001005-1-1_Gross_lane1149 | AAC2FGFHV_230321_MG_Batch4_23s001005-1-1_Gross_lane1149_R1_001	(17.0, 2.0)	(18.0, 46.0)	(19.0, 363.0)	(20.0, 1596.0)	(21.0, 4755.0)	(22.0, 9594.0)	(23.0, 17504.0)	(24.0, 33178.0)	(25.0, 63346.0)	(26.0, 114274.0)	(27.0, 199089.0)	(28.0, 331149.0)	(29.0, 546844.0)	(30.0, 939233.0)	(31.0, 1892300.0)	(32.0, 5833921.0)	(33.0, 23357150.0)	(34.0, 367349.0)													
/ | scratch | karcher | fastqc | 230804_PRISMA_Batch4_P3_for_Q | AAC2FGFHV_230321_MG_Batch4_23s001005-1-1_Gross_lane1149 | AAC2FGFHV_230321_MG_Batch4_23s001005-1-1_Gross_lane1149_R2_001	(4.0, 316.0)	(5.0, 20372.0)	(6.0, 74603.0)	(7.0, 8716.0)	(8.0, 0.0)	(9.0, 0.0)	(10.0, 0.0)	(11.0, 0.0)	(12.0, 0.0)	(13.0, 0.0)	(14.0, 4.0)	(15.0, 11.0)	(16.0, 73.0)	(17.0, 391.0)	(18.0, 1631.0)	(19.0, 5328.0)	(20.0, 11771.0)	(21.0, 19014.0)	(22.0, 27330.0)	(23.0, 41886.0)	(24.0, 65394.0)	(25.0, 104222.0)	(26.0, 170246.0)	(27.0, 282142.0)	(28.0, 472711.0)	(29.0, 820046.0)	(30.0, 1564569.0)	(31.0, 3550471.0)	(32.0, 10241398.0)	(33.0, 16169842.0)	(34.0, 59206.0)
/ | scratch | karcher | fastqc | 230804_PRISMA_Batch4_P3_for_Q | AAC2FGFHV_230321_MG_Batch4_23s001005-1-1_Gross_lane1150 | AAC2FGFHV_230321_MG_Batch4_23s001005-1-1_Gross_lane1150_R1_001	(17.0, 3.0)	(18.0, 23.0)	(19.0, 174.0)	(20.0, 859.0)	(21.0, 2672.0)	(22.0, 6691.0)	(23.0, 13669.0)	(24.0, 27879.0)	(25.0, 54033.0)	(26.0, 100065.0)	(27.0, 173955.0)	(28.0, 293173.0)	(29.0, 484969.0)	(30.0, 840354.0)	(31.0, 1717830.0)	(32.0, 5328030.0)	(33.0, 20472538.0)	(34.0, 297477.0)													
/ | scratch | karcher | fastqc | 230804_PRISMA_Batch4_P3_for_Q | AAC2FGFHV_230321_MG_Batch4_23s001005-1-1_Gross_lane1150 | AAC2FGFHV_230321_MG_Batch4_23s001005-1-1_Gross_lane1150_R2_001	(4.0, 294.0)	(5.0, 19248.0)	(6.0, 64098.0)	(7.0, 6636.0)	(8.0, 0.0)	(9.0, 0.0)	(10.0, 0.0)	(11.0, 0.0)	(12.0, 0.0)	(13.0, 0.0)	(14.0, 5.0)	(15.0, 6.0)	(16.0, 45.0)	(17.0, 295.0)	(18.0, 1210.0)	(19.0, 4229.0)	(20.0, 9705.0)	(21.0, 15972.0)	(22.0, 24212.0)	(23.0, 37646.0)	(24.0, 60478.0)	(25.0, 97007.0)	(26.0, 159374.0)	(27.0, 262437.0)	(28.0, 442464.0)	(29.0, 770393.0)	(30.0, 1474309.0)	(31.0, 3326132.0)	(32.0, 9301951.0)	(33.0, 13691537.0)	(34.0, 44711.0)
/ | scratch | karcher | fastqc | 230804_PRISMA_Batch4_P3_for_Q | AAC2FGFHV_230321_MG_Batch4_23s001005-1-1_Gross_lane1152 | AAC2FGFHV_230321_MG_Batch4_23s001005-1-1_Gross_lane1152_R1_001	(16.0, 1.0)	(17.0, 5.0)	(18.0, 58.0)	(19.0, 416.0)	(20.0, 2055.0)	(21.0, 6259.0)	(22.0, 13092.0)	(23.0, 25697.0)	(24.0, 50522.0)	(25.0, 97166.0)	(26.0, 177887.0)	(27.0, 309246.0)	(28.0, 522719.0)	(29.0, 869492.0)	(30.0, 1502329.0)	(31.0, 3032823.0)	(32.0, 9184754.0)	(33.0, 35769113.0)	(34.0, 561498.0)												
/ | scratch | karcher | fastqc | 230804_PRISMA_Batch4_P3_for_Q | AAC2FGFHV_230321_MG_Batch4_23s001005-1-1_Gross_lane1152 | AAC2FGFHV_230321_MG_Batch4_23s001005-1-1_Gross_lane1152_R2_001	(4.0, 597.0)	(5.0, 34567.0)	(6.0, 113694.0)	(7.0, 11747.0)	(8.0, 0.0)	(9.0, 0.0)	(10.0, 0.0)	(11.0, 1.0)	(12.0, 1.0)	(13.0, 2.0)	(14.0, 6.0)	(15.0, 16.0)	(16.0, 96.0)	(17.0, 628.0)	(18.0, 2523.0)	(19.0, 8538.0)	(20.0, 18766.0)	(21.0, 30730.0)	(22.0, 45927.0)	(23.0, 71322.0)	(24.0, 111997.0)	(25.0, 179535.0)	(26.0, 292103.0)	(27.0, 483610.0)	(28.0, 811734.0)	(29.0, 1405334.0)	(30.0, 2653318.0)	(31.0, 5880587.0)	(32.0, 16155564.0)	(33.0, 23736963.0)	(34.0, 75226.0)
/ | scratch | karcher | fastqc | 230804_PRISMA_Batch5_P3_for_Q | AAAWJV5HV_230321_MG_Batch5_23s001006-1-1_Gross_lane1127 | AAAWJV5HV_230321_MG_Batch5_23s001006-1-1_Gross_lane1127_1	(17.0, 2.0)	(18.0, 11.0)	(19.0, 94.0)	(20.0, 508.0)	(21.0, 1630.0)	(22.0, 3775.0)	(23.0, 6998.0)	(24.0, 12829.0)	(25.0, 22251.0)	(26.0, 36586.0)	(27.0, 59011.0)	(28.0, 94966.0)	(29.0, 143646.0)	(30.0, 225542.0)	(31.0, 381809.0)	(32.0, 954427.0)	(33.0, 4728310.0)	(34.0, 121876.0)													
/ | scratch | karcher | fastqc | 230804_PRISMA_Batch5_P3_for_Q | AAAWJV5HV_230321_MG_Batch5_23s001006-1-1_Gross_lane1127 | AAAWJV5HV_230321_MG_Batch5_23s001006-1-1_Gross_lane1127_2	(15.0, 1.0)	(16.0, 7.0)	(17.0, 86.0)	(18.0, 525.0)	(19.0, 2187.0)	(20.0, 5255.0)	(21.0, 8762.0)	(22.0, 12815.0)	(23.0, 18633.0)	(24.0, 28305.0)	(25.0, 43029.0)	(26.0, 64708.0)	(27.0, 97866.0)	(28.0, 148900.0)	(29.0, 228672.0)	(30.0, 378944.0)	(31.0, 736162.0)	(32.0, 1870324.0)	(33.0, 3127680.0)	(34.0, 21410.0)											
/ | scratch | karcher | fastqc | 230804_PRISMA_Batch5_P3_for_Q | AAAWJV5HV_230321_MG_Batch5_23s001006-1-1_Gross_lane1128 | AAAWJV5HV_230321_MG_Batch5_23s001006-1-1_Gross_lane1128_1	(17.0, 1.0)	(18.0, 13.0)	(19.0, 165.0)	(20.0, 841.0)	(21.0, 2598.0)	(22.0, 6228.0)	(23.0, 12367.0)	(24.0, 23345.0)	(25.0, 41853.0)	(26.0, 71412.0)	(27.0, 117186.0)	(28.0, 189516.0)	(29.0, 290791.0)	(30.0, 448357.0)	(31.0, 773115.0)	(32.0, 1959152.0)	(33.0, 10165702.0)	(34.0, 272807.0)													
/ | scratch | karcher | fastqc | 230804_PRISMA_Batch5_P3_for_Q | AAAWJV5HV_230321_MG_Batch5_23s001006-1-1_Gross_lane1128 | AAAWJV5HV_230321_MG_Batch5_23s001006-1-1_Gross_lane1128_2	(15.0, 2.0)	(16.0, 21.0)	(17.0, 148.0)	(18.0, 982.0)	(19.0, 3807.0)	(20.0, 9477.0)	(21.0, 16205.0)	(22.0, 23539.0)	(23.0, 34848.0)	(24.0, 53125.0)	(25.0, 82155.0)	(26.0, 125862.0)	(27.0, 191563.0)	(28.0, 291557.0)	(29.0, 451740.0)	(30.0, 747965.0)	(31.0, 1462809.0)	(32.0, 3873604.0)	(33.0, 6954221.0)	(34.0, 51819.0)											
/ | scratch | karcher | fastqc | 230804_PRISMA_Batch5_P3_for_Q | AAAWJV5HV_230321_MG_Batch5_23s001006-1-1_Gross_lane1133 | AAAWJV5HV_230321_MG_Batch5_23s001006-1-1_Gross_lane1133_1	(18.0, 8.0)	(19.0, 79.0)	(20.0, 375.0)	(21.0, 942.0)	(22.0, 2247.0)	(23.0, 3990.0)	(24.0, 7140.0)	(25.0, 12327.0)	(26.0, 20512.0)	(27.0, 32811.0)	(28.0, 52205.0)	(29.0, 82835.0)	(30.0, 135081.0)	(31.0, 192026.0)	(32.0, 412773.0)	(33.0, 2716581.0)	(34.0, 140881.0)														
/ | scratch | karcher | fastqc | 230804_PRISMA_Batch5_P3_for_Q | AAAWJV5HV_230321_MG_Batch5_23s001006-1-1_Gross_lane1133 | AAAWJV5HV_230321_MG_Batch5_23s001006-1-1_Gross_lane1133_2	(15.0, 3.0)	(16.0, 6.0)	(17.0, 52.0)	(18.0, 342.0)	(19.0, 1278.0)	(20.0, 2628.0)	(21.0, 3510.0)	(22.0, 4701.0)	(23.0, 6805.0)	(24.0, 10610.0)	(25.0, 16571.0)	(26.0, 25607.0)	(27.0, 39369.0)	(28.0, 60381.0)	(29.0, 92453.0)	(30.0, 150597.0)	(31.0, 285244.0)	(32.0, 805965.0)	(33.0, 2270413.0)	(34.0, 36278.0)											
/ | scratch | karcher | fastqc | 230804_PRISMA_Batch5_P3_for_Q | AAAWJV5HV_230321_MG_Batch5_23s001006-1-1_Gross_lane1139 | AAAWJV5HV_230321_MG_Batch5_23s001006-1-1_Gross_lane1139_1	(17.0, 1.0)	(18.0, 16.0)	(19.0, 143.0)	(20.0, 771.0)	(21.0, 2505.0)	(22.0, 5787.0)	(23.0, 11876.0)	(24.0, 21928.0)	(25.0, 38109.0)	(26.0, 62651.0)	(27.0, 101216.0)	(28.0, 162665.0)	(29.0, 252705.0)	(30.0, 390295.0)	(31.0, 650142.0)	(32.0, 1540229.0)	(33.0, 8729073.0)	(34.0, 360348.0)													
/ | scratch | karcher | fastqc | 230804_PRISMA_Batch5_P3_for_Q | AAAWJV5HV_230321_MG_Batch5_23s001006-1-1_Gross_lane1139 | AAAWJV5HV_230321_MG_Batch5_23s001006-1-1_Gross_lane1139_2	(15.0, 2.0)	(16.0, 10.0)	(17.0, 123.0)	(18.0, 912.0)	(19.0, 3835.0)	(20.0, 8976.0)	(21.0, 14627.0)	(22.0, 21058.0)	(23.0, 30563.0)	(24.0, 46445.0)	(25.0, 69679.0)	(26.0, 105642.0)	(27.0, 159304.0)	(28.0, 242513.0)	(29.0, 373365.0)	(30.0, 609966.0)	(31.0, 1154876.0)	(32.0, 2978964.0)	(33.0, 6432686.0)	(34.0, 76914.0)											
/ | scratch | karcher | fastqc | 230804_PRISMA_Batch5_P3_for_Q | AAAWJV5HV_230321_MG_Batch5_23s001006-1-1_Gross_lane1151 | AAAWJV5HV_230321_MG_Batch5_23s001006-1-1_Gross_lane1151_1	(17.0, 1.0)	(18.0, 13.0)	(19.0, 93.0)	(20.0, 535.0)	(21.0, 1797.0)	(22.0, 4308.0)	(23.0, 8498.0)	(24.0, 16088.0)	(25.0, 28883.0)	(26.0, 50220.0)	(27.0, 83217.0)	(28.0, 135977.0)	(29.0, 224647.0)	(30.0, 351927.0)	(31.0, 563983.0)	(32.0, 1338208.0)	(33.0, 7268536.0)	(34.0, 262062.0)													
/ | scratch | karcher | fastqc | 230804_PRISMA_Batch5_P3_for_Q | AAAWJV5HV_230321_MG_Batch5_23s001006-1-1_Gross_lane1151 | AAAWJV5HV_230321_MG_Batch5_23s001006-1-1_Gross_lane1151_2	(16.0, 9.0)	(17.0, 75.0)	(18.0, 588.0)	(19.0, 2541.0)	(20.0, 5604.0)	(21.0, 8661.0)	(22.0, 11874.0)	(23.0, 17068.0)	(24.0, 26348.0)	(25.0, 41603.0)	(26.0, 65863.0)	(27.0, 104849.0)	(28.0, 166845.0)	(29.0, 267190.0)	(30.0, 447296.0)	(31.0, 864784.0)	(32.0, 2366522.0)	(33.0, 5860733.0)	(34.0, 80540.0)												
/ | scratch | karcher | fastqc | 230804_PRISMA_Batch5_P3_for_Q | AAAWJV5HV_230321_MG_Batch5_23s001006-1-1_Gross_lane1154 | AAAWJV5HV_230321_MG_Batch5_23s001006-1-1_Gross_lane1154_1	(17.0, 1.0)	(18.0, 10.0)	(19.0, 104.0)	(20.0, 656.0)	(21.0, 2434.0)	(22.0, 5954.0)	(23.0, 12796.0)	(24.0, 25763.0)	(25.0, 48875.0)	(26.0, 87115.0)	(27.0, 146501.0)	(28.0, 238731.0)	(29.0, 362401.0)	(30.0, 552642.0)	(31.0, 940449.0)	(32.0, 2563007.0)	(33.0, 15523138.0)	(34.0, 371429.0)													
/ | scratch | karcher | fastqc | 230804_PRISMA_Batch5_P3_for_Q | AAAWJV5HV_230321_MG_Batch5_23s001006-1-1_Gross_lane1154 | AAAWJV5HV_230321_MG_Batch5_23s001006-1-1_Gross_lane1154_2	(15.0, 1.0)	(16.0, 15.0)	(17.0, 139.0)	(18.0, 663.0)	(19.0, 2324.0)	(20.0, 5597.0)	(21.0, 9732.0)	(22.0, 15254.0)	(23.0, 24952.0)	(24.0, 41945.0)	(25.0, 69899.0)	(26.0, 114090.0)	(27.0, 181432.0)	(28.0, 286349.0)	(29.0, 456413.0)	(30.0, 782875.0)	(31.0, 1651507.0)	(32.0, 5329195.0)	(33.0, 11804710.0)	(34.0, 104914.0)											
/ | scratch | karcher | fastqc | 230804_PRISMA_Batch5_P3_for_Q | AAAWJV5HV_230321_MG_Batch5_23s001006-1-1_Gross_lane1155 | AAAWJV5HV_230321_MG_Batch5_23s001006-1-1_Gross_lane1155_1	(17.0, 1.0)	(18.0, 19.0)	(19.0, 236.0)	(20.0, 1466.0)	(21.0, 5008.0)	(22.0, 11437.0)	(23.0, 23698.0)	(24.0, 46615.0)	(25.0, 89424.0)	(26.0, 155970.0)	(27.0, 263355.0)	(28.0, 428362.0)	(29.0, 648113.0)	(30.0, 986993.0)	(31.0, 1684166.0)	(32.0, 4643823.0)	(33.0, 27498172.0)	(34.0, 613520.0)													
/ | scratch | karcher | fastqc | 230804_PRISMA_Batch5_P3_for_Q | AAAWJV5HV_230321_MG_Batch5_23s001006-1-1_Gross_lane1155 | AAAWJV5HV_230321_MG_Batch5_23s001006-1-1_Gross_lane1155_2	(15.0, 3.0)	(16.0, 37.0)	(17.0, 236.0)	(18.0, 1295.0)	(19.0, 4487.0)	(20.0, 10439.0)	(21.0, 18050.0)	(22.0, 28340.0)	(23.0, 45614.0)	(24.0, 77231.0)	(25.0, 127557.0)	(26.0, 205480.0)	(27.0, 326377.0)	(28.0, 511693.0)	(29.0, 814447.0)	(30.0, 1388719.0)	(31.0, 2941055.0)	(32.0, 9425068.0)	(33.0, 20986326.0)	(34.0, 187924.0)											
/ | scratch | karcher | fastqc | 230804_PRISMA_Batch5_P3_for_Q | AAAWJV5HV_230321_MG_Batch5_23s001006-1-1_Gross_lane1156 | AAAWJV5HV_230321_MG_Batch5_23s001006-1-1_Gross_lane1156_1	(17.0, 2.0)	(18.0, 29.0)	(19.0, 346.0)	(20.0, 1884.0)	(21.0, 6482.0)	(22.0, 14875.0)	(23.0, 28979.0)	(24.0, 55623.0)	(25.0, 103796.0)	(26.0, 180207.0)	(27.0, 302629.0)	(28.0, 492195.0)	(29.0, 749019.0)	(30.0, 1132259.0)	(31.0, 1912132.0)	(32.0, 5046421.0)	(33.0, 32378989.0)	(34.0, 962265.0)													
/ | scratch | karcher | fastqc | 230804_PRISMA_Batch5_P3_for_Q | AAAWJV5HV_230321_MG_Batch5_23s001006-1-1_Gross_lane1156 | AAAWJV5HV_230321_MG_Batch5_23s001006-1-1_Gross_lane1156_2	(14.0, 1.0)	(15.0, 4.0)	(16.0, 51.0)	(17.0, 332.0)	(18.0, 1685.0)	(19.0, 5666.0)	(20.0, 12861.0)	(21.0, 22049.0)	(22.0, 33609.0)	(23.0, 53624.0)	(24.0, 88352.0)	(25.0, 145820.0)	(26.0, 233177.0)	(27.0, 371792.0)	(28.0, 584060.0)	(29.0, 925368.0)	(30.0, 1568258.0)	(31.0, 3257816.0)	(32.0, 10417442.0)	(33.0, 25367648.0)	(34.0, 278517.0)										
/ | scratch | karcher | fastqc | 230804_PRISMA_Batch5_P3_for_Q | AAAWJV5HV_230321_MG_Batch5_23s001006-1-1_Gross_lane1157 | AAAWJV5HV_230321_MG_Batch5_23s001006-1-1_Gross_lane1157_1	(17.0, 3.0)	(18.0, 43.0)	(19.0, 466.0)	(20.0, 2839.0)	(21.0, 8982.0)	(22.0, 19519.0)	(23.0, 35928.0)	(24.0, 67764.0)	(25.0, 124959.0)	(26.0, 217168.0)	(27.0, 362445.0)	(28.0, 582442.0)	(29.0, 878831.0)	(30.0, 1319596.0)	(31.0, 2200525.0)	(32.0, 5682338.0)	(33.0, 38094399.0)	(34.0, 1210279.0)													
/ | scratch | karcher | fastqc | 230804_PRISMA_Batch5_P3_for_Q | AAAWJV5HV_230321_MG_Batch5_23s001006-1-1_Gross_lane1157 | AAAWJV5HV_230321_MG_Batch5_23s001006-1-1_Gross_lane1157_2	(15.0, 4.0)	(16.0, 47.0)	(17.0, 440.0)	(18.0, 2150.0)	(19.0, 7428.0)	(20.0, 16368.0)	(21.0, 26556.0)	(22.0, 38620.0)	(23.0, 59116.0)	(24.0, 97075.0)	(25.0, 159271.0)	(26.0, 256615.0)	(27.0, 409909.0)	(28.0, 646048.0)	(29.0, 1021620.0)	(30.0, 1715229.0)	(31.0, 3495743.0)	(32.0, 11450996.0)	(33.0, 31021137.0)	(34.0, 384154.0)											
/ | scratch | karcher | fastqc | 230804_PRISMA_Batch5_P3_for_Q | AAAWJV5HV_230321_MG_Batch5_23s001006-1-1_Gross_lane1158 | AAAWJV5HV_230321_MG_Batch5_23s001006-1-1_Gross_lane1158_1	(18.0, 15.0)	(19.0, 184.0)	(20.0, 1387.0)	(21.0, 4972.0)	(22.0, 12225.0)	(23.0, 25834.0)	(24.0, 51428.0)	(25.0, 96710.0)	(26.0, 169282.0)	(27.0, 282700.0)	(28.0, 460071.0)	(29.0, 697641.0)	(30.0, 1048305.0)	(31.0, 1742069.0)	(32.0, 4438100.0)	(33.0, 30921562.0)	(34.0, 1135080.0)														
/ | scratch | karcher | fastqc | 230804_PRISMA_Batch5_P3_for_Q | AAAWJV5HV_230321_MG_Batch5_23s001006-1-1_Gross_lane1158 | AAAWJV5HV_230321_MG_Batch5_23s001006-1-1_Gross_lane1158_2	(15.0, 2.0)	(16.0, 36.0)	(17.0, 263.0)	(18.0, 1395.0)	(19.0, 4681.0)	(20.0, 10772.0)	(21.0, 18498.0)	(22.0, 29454.0)	(23.0, 47781.0)	(24.0, 80790.0)	(25.0, 132697.0)	(26.0, 215555.0)	(27.0, 342199.0)	(28.0, 538573.0)	(29.0, 847477.0)	(30.0, 1428263.0)	(31.0, 2918459.0)	(32.0, 9368432.0)	(33.0, 24786127.0)	(34.0, 316111.0)											
/ | scratch | karcher | fastqc | 230804_PRISMA_Batch5_P3_for_Q | AAAWJV5HV_230321_MG_Batch5_23s001006-1-1_Gross_lane1159 | AAAWJV5HV_230321_MG_Batch5_23s001006-1-1_Gross_lane1159_1	(17.0, 1.0)	(18.0, 39.0)	(19.0, 384.0)	(20.0, 2323.0)	(21.0, 8014.0)	(22.0, 18558.0)	(23.0, 34455.0)	(24.0, 63172.0)	(25.0, 113878.0)	(26.0, 196170.0)	(27.0, 325782.0)	(28.0, 524620.0)	(29.0, 789585.0)	(30.0, 1188790.0)	(31.0, 1996302.0)	(32.0, 5161691.0)	(33.0, 33193206.0)	(34.0, 1046439.0)													
/ | scratch | karcher | fastqc | 230804_PRISMA_Batch5_P3_for_Q | AAAWJV5HV_230321_MG_Batch5_23s001006-1-1_Gross_lane1159 | AAAWJV5HV_230321_MG_Batch5_23s001006-1-1_Gross_lane1159_2	(14.0, 1.0)	(15.0, 1.0)	(16.0, 60.0)	(17.0, 403.0)	(18.0, 1873.0)	(19.0, 6214.0)	(20.0, 14620.0)	(21.0, 25101.0)	(22.0, 37537.0)	(23.0, 58506.0)	(24.0, 95624.0)	(25.0, 155330.0)	(26.0, 247224.0)	(27.0, 390745.0)	(28.0, 610130.0)	(29.0, 962609.0)	(30.0, 1613897.0)	(31.0, 3302436.0)	(32.0, 10426051.0)	(33.0, 26403127.0)	(34.0, 311920.0)										
/ | scratch | karcher | fastqc | 230804_PRISMA_Batch5_P3_for_Q | AAAWJV5HV_230321_MG_Batch5_23s001006-1-1_Gross_lane1160 | AAAWJV5HV_230321_MG_Batch5_23s001006-1-1_Gross_lane1160_1	(18.0, 24.0)	(19.0, 225.0)	(20.0, 1556.0)	(21.0, 5592.0)	(22.0, 13469.0)	(23.0, 26939.0)	(24.0, 51781.0)	(25.0, 95008.0)	(26.0, 164773.0)	(27.0, 277061.0)	(28.0, 453411.0)	(29.0, 687462.0)	(30.0, 1045550.0)	(31.0, 1774529.0)	(32.0, 4716272.0)	(33.0, 29659699.0)	(34.0, 806219.0)														
/ | scratch | karcher | fastqc | 230804_PRISMA_Batch5_P3_for_Q | AAAWJV5HV_230321_MG_Batch5_23s001006-1-1_Gross_lane1160 | AAAWJV5HV_230321_MG_Batch5_23s001006-1-1_Gross_lane1160_2	(15.0, 2.0)	(16.0, 49.0)	(17.0, 284.0)	(18.0, 1579.0)	(19.0, 5238.0)	(20.0, 11957.0)	(21.0, 21045.0)	(22.0, 33723.0)	(23.0, 55986.0)	(24.0, 95933.0)	(25.0, 161245.0)	(26.0, 262061.0)	(27.0, 415963.0)	(28.0, 650263.0)	(29.0, 1020951.0)	(30.0, 1737261.0)	(31.0, 3699779.0)	(32.0, 11224450.0)	(33.0, 20260678.0)	(34.0, 121123.0)											
/ | scratch | karcher | fastqc | 230804_PRISMA_Batch5_P3_for_Q | AAAWJV5HV_230321_MG_Batch5_23s001006-1-1_Gross_lane1161 | AAAWJV5HV_230321_MG_Batch5_23s001006-1-1_Gross_lane1161_1	(17.0, 3.0)	(18.0, 41.0)	(19.0, 542.0)	(20.0, 3256.0)	(21.0, 11139.0)	(22.0, 24761.0)	(23.0, 48611.0)	(24.0, 93728.0)	(25.0, 175551.0)	(26.0, 305234.0)	(27.0, 509725.0)	(28.0, 826389.0)	(29.0, 1246968.0)	(30.0, 1889413.0)	(31.0, 3199413.0)	(32.0, 8505655.0)	(33.0, 52426947.0)	(34.0, 1344056.0)													
/ | scratch | karcher | fastqc | 230804_PRISMA_Batch5_P3_for_Q | AAAWJV5HV_230321_MG_Batch5_23s001006-1-1_Gross_lane1161 | AAAWJV5HV_230321_MG_Batch5_23s001006-1-1_Gross_lane1161_2	(13.0, 1.0)	(14.0, 1.0)	(15.0, 2.0)	(16.0, 62.0)	(17.0, 489.0)	(18.0, 2582.0)	(19.0, 9068.0)	(20.0, 20700.0)	(21.0, 35580.0)	(22.0, 53655.0)	(23.0, 84370.0)	(24.0, 140723.0)	(25.0, 232218.0)	(26.0, 375652.0)	(27.0, 599324.0)	(28.0, 945092.0)	(29.0, 1507991.0)	(30.0, 2565526.0)	(31.0, 5321110.0)	(32.0, 16937294.0)	(33.0, 41321186.0)	(34.0, 458806.0)									
/ | scratch | karcher | fastqc | 230804_PRISMA_Batch5_P3_for_Q | AAAWJV5HV_230321_MG_Batch5_23s001006-1-1_Gross_lane1163 | AAAWJV5HV_230321_MG_Batch5_23s001006-1-1_Gross_lane1163_1	(17.0, 2.0)	(18.0, 22.0)	(19.0, 225.0)	(20.0, 1503.0)	(21.0, 5177.0)	(22.0, 12324.0)	(23.0, 24252.0)	(24.0, 46001.0)	(25.0, 83843.0)	(26.0, 143048.0)	(27.0, 234700.0)	(28.0, 376392.0)	(29.0, 565103.0)	(30.0, 853694.0)	(31.0, 1430704.0)	(32.0, 3685510.0)	(33.0, 23572232.0)	(34.0, 752341.0)													
/ | scratch | karcher | fastqc | 230804_PRISMA_Batch5_P3_for_Q | AAAWJV5HV_230321_MG_Batch5_23s001006-1-1_Gross_lane1163 | AAAWJV5HV_230321_MG_Batch5_23s001006-1-1_Gross_lane1163_2	(14.0, 2.0)	(15.0, 1.0)	(16.0, 33.0)	(17.0, 249.0)	(18.0, 1297.0)	(19.0, 4695.0)	(20.0, 11088.0)	(21.0, 19164.0)	(22.0, 29684.0)	(23.0, 47298.0)	(24.0, 77314.0)	(25.0, 124616.0)	(26.0, 196861.0)	(27.0, 304432.0)	(28.0, 467775.0)	(29.0, 729910.0)	(30.0, 1223035.0)	(31.0, 2514375.0)	(32.0, 7778938.0)	(33.0, 18064410.0)	(34.0, 191896.0)										
/ | scratch | karcher | fastqc | 230804_PRISMA_Batch5_P3_for_Q | AAAWJV5HV_230321_MG_Batch5_23s001006-1-1_Gross_lane1164 | AAAWJV5HV_230321_MG_Batch5_23s001006-1-1_Gross_lane1164_1	(18.0, 25.0)	(19.0, 263.0)	(20.0, 1231.0)	(21.0, 4040.0)	(22.0, 9278.0)	(23.0, 18121.0)	(24.0, 32513.0)	(25.0, 56220.0)	(26.0, 91521.0)	(27.0, 147805.0)	(28.0, 237273.0)	(29.0, 365712.0)	(30.0, 575727.0)	(31.0, 984865.0)	(32.0, 2344121.0)	(33.0, 12289742.0)	(34.0, 475321.0)														
/ | scratch | karcher | fastqc | 230804_PRISMA_Batch5_P3_for_Q | AAAWJV5HV_230321_MG_Batch5_23s001006-1-1_Gross_lane1164 | AAAWJV5HV_230321_MG_Batch5_23s001006-1-1_Gross_lane1164_2	(15.0, 3.0)	(16.0, 13.0)	(17.0, 151.0)	(18.0, 1339.0)	(19.0, 5744.0)	(20.0, 13240.0)	(21.0, 21193.0)	(22.0, 30640.0)	(23.0, 42990.0)	(24.0, 64457.0)	(25.0, 96871.0)	(26.0, 146645.0)	(27.0, 223709.0)	(28.0, 344465.0)	(29.0, 537846.0)	(30.0, 882045.0)	(31.0, 1661749.0)	(32.0, 4203592.0)	(33.0, 9237422.0)	(34.0, 119664.0)											
/ | scratch | karcher | fastqc | 230804_PRISMA_Batch5_P3_for_Q | AAAWJV5HV_230321_MG_Batch5_23s001006-1-1_Gross_lane1165 | AAAWJV5HV_230321_MG_Batch5_23s001006-1-1_Gross_lane1165_1	(17.0, 3.0)	(18.0, 50.0)	(19.0, 494.0)	(20.0, 2721.0)	(21.0, 9283.0)	(22.0, 21408.0)	(23.0, 39168.0)	(24.0, 71773.0)	(25.0, 128568.0)	(26.0, 218713.0)	(27.0, 357728.0)	(28.0, 576257.0)	(29.0, 865984.0)	(30.0, 1308217.0)	(31.0, 2199114.0)	(32.0, 5687397.0)	(33.0, 36191106.0)	(34.0, 1166965.0)													
/ | scratch | karcher | fastqc | 230804_PRISMA_Batch5_P3_for_Q | AAAWJV5HV_230321_MG_Batch5_23s001006-1-1_Gross_lane1165 | AAAWJV5HV_230321_MG_Batch5_23s001006-1-1_Gross_lane1165_2	(15.0, 7.0)	(16.0, 52.0)	(17.0, 409.0)	(18.0, 2131.0)	(19.0, 7269.0)	(20.0, 17049.0)	(21.0, 29637.0)	(22.0, 44686.0)	(23.0, 68437.0)	(24.0, 110795.0)	(25.0, 177947.0)	(26.0, 280302.0)	(27.0, 437914.0)	(28.0, 681827.0)	(29.0, 1072110.0)	(30.0, 1800029.0)	(31.0, 3675251.0)	(32.0, 11434404.0)	(33.0, 28650711.0)	(34.0, 353982.0)											
/ | scratch | karcher | fastqc | 230804_PRISMA_Batch5_P3_for_Q | AAAWJV5HV_230321_MG_Batch5_23s001006-1-1_Gross_lane1166 | AAAWJV5HV_230321_MG_Batch5_23s001006-1-1_Gross_lane1166_1	(17.0, 2.0)	(18.0, 23.0)	(19.0, 227.0)	(20.0, 1174.0)	(21.0, 3974.0)	(22.0, 9335.0)	(23.0, 18016.0)	(24.0, 32439.0)	(25.0, 55103.0)	(26.0, 91206.0)	(27.0, 146953.0)	(28.0, 236723.0)	(29.0, 362896.0)	(30.0, 567045.0)	(31.0, 978577.0)	(32.0, 2346075.0)	(33.0, 12416920.0)	(34.0, 487179.0)													
/ | scratch | karcher | fastqc | 230804_PRISMA_Batch5_P3_for_Q | AAAWJV5HV_230321_MG_Batch5_23s001006-1-1_Gross_lane1166 | AAAWJV5HV_230321_MG_Batch5_23s001006-1-1_Gross_lane1166_2	(14.0, 1.0)	(15.0, 3.0)	(16.0, 17.0)	(17.0, 174.0)	(18.0, 1379.0)	(19.0, 5812.0)	(20.0, 13528.0)	(21.0, 21809.0)	(22.0, 31212.0)	(23.0, 45210.0)	(24.0, 67261.0)	(25.0, 102936.0)	(26.0, 155860.0)	(27.0, 238148.0)	(28.0, 362874.0)	(29.0, 563506.0)	(30.0, 924783.0)	(31.0, 1745890.0)	(32.0, 4400126.0)	(33.0, 8970134.0)	(34.0, 103204.0)										
/ | scratch | karcher | fastqc | 230804_PRISMA_Batch5_P3_for_Q | AAAWJV5HV_230321_MG_Batch5_23s001006-1-1_Gross_lane1167 | AAAWJV5HV_230321_MG_Batch5_23s001006-1-1_Gross_lane1167_1	(17.0, 2.0)	(18.0, 27.0)	(19.0, 237.0)	(20.0, 1365.0)	(21.0, 4138.0)	(22.0, 9682.0)	(23.0, 17776.0)	(24.0, 30976.0)	(25.0, 52512.0)	(26.0, 86189.0)	(27.0, 141137.0)	(28.0, 228700.0)	(29.0, 356577.0)	(30.0, 568550.0)	(31.0, 964185.0)	(32.0, 2319253.0)	(33.0, 12719037.0)	(34.0, 506234.0)													
/ | scratch | karcher | fastqc | 230804_PRISMA_Batch5_P3_for_Q | AAAWJV5HV_230321_MG_Batch5_23s001006-1-1_Gross_lane1167 | AAAWJV5HV_230321_MG_Batch5_23s001006-1-1_Gross_lane1167_2	(14.0, 1.0)	(15.0, 1.0)	(16.0, 26.0)	(17.0, 264.0)	(18.0, 1779.0)	(19.0, 6864.0)	(20.0, 15801.0)	(21.0, 26279.0)	(22.0, 38577.0)	(23.0, 56107.0)	(24.0, 83360.0)	(25.0, 126217.0)	(26.0, 190019.0)	(27.0, 286824.0)	(28.0, 431349.0)	(29.0, 663994.0)	(30.0, 1085868.0)	(31.0, 2060057.0)	(32.0, 4892080.0)	(33.0, 7975814.0)	(34.0, 65296.0)										
/ | scratch | karcher | fastqc | 230804_PRISMA_Batch5_P3_for_Q | AAAWJV5HV_230321_MG_Batch5_23s001006-1-1_Gross_lane1168 | AAAWJV5HV_230321_MG_Batch5_23s001006-1-1_Gross_lane1168_1	(17.0, 2.0)	(18.0, 51.0)	(19.0, 590.0)	(20.0, 3312.0)	(21.0, 10858.0)	(22.0, 24465.0)	(23.0, 44600.0)	(24.0, 77745.0)	(25.0, 133620.0)	(26.0, 219775.0)	(27.0, 354144.0)	(28.0, 561895.0)	(29.0, 836917.0)	(30.0, 1252110.0)	(31.0, 2067796.0)	(32.0, 5038599.0)	(33.0, 35601649.0)	(34.0, 1853748.0)													
/ | scratch | karcher | fastqc | 230804_PRISMA_Batch5_P3_for_Q | AAAWJV5HV_230321_MG_Batch5_23s001006-1-1_Gross_lane1168 | AAAWJV5HV_230321_MG_Batch5_23s001006-1-1_Gross_lane1168_2	(15.0, 3.0)	(16.0, 46.0)	(17.0, 396.0)	(18.0, 2171.0)	(19.0, 8104.0)	(20.0, 19016.0)	(21.0, 34433.0)	(22.0, 52685.0)	(23.0, 80984.0)	(24.0, 126410.0)	(25.0, 197524.0)	(26.0, 303055.0)	(27.0, 462296.0)	(28.0, 701718.0)	(29.0, 1079311.0)	(30.0, 1770367.0)	(31.0, 3506929.0)	(32.0, 10568877.0)	(33.0, 28711287.0)	(34.0, 456264.0)											
/ | scratch | karcher | fastqc | 230804_PRISMA_Batch5_P3_for_Q | AAAWJV5HV_230321_MG_Batch5_23s001006-1-1_Gross_lane1169 | AAAWJV5HV_230321_MG_Batch5_23s001006-1-1_Gross_lane1169_1	(17.0, 2.0)	(18.0, 38.0)	(19.0, 413.0)	(20.0, 2456.0)	(21.0, 8456.0)	(22.0, 17835.0)	(23.0, 31709.0)	(24.0, 55647.0)	(25.0, 98562.0)	(26.0, 168254.0)	(27.0, 279162.0)	(28.0, 451556.0)	(29.0, 683062.0)	(30.0, 1037437.0)	(31.0, 1752688.0)	(32.0, 4577838.0)	(33.0, 29715478.0)	(34.0, 1041766.0)													
/ | scratch | karcher | fastqc | 230804_PRISMA_Batch5_P3_for_Q | AAAWJV5HV_230321_MG_Batch5_23s001006-1-1_Gross_lane1169 | AAAWJV5HV_230321_MG_Batch5_23s001006-1-1_Gross_lane1169_2	(14.0, 1.0)	(15.0, 3.0)	(16.0, 51.0)	(17.0, 391.0)	(18.0, 1803.0)	(19.0, 6066.0)	(20.0, 13658.0)	(21.0, 22752.0)	(22.0, 32880.0)	(23.0, 49446.0)	(24.0, 78444.0)	(25.0, 126496.0)	(26.0, 202849.0)	(27.0, 320623.0)	(28.0, 508591.0)	(29.0, 810937.0)	(30.0, 1375400.0)	(31.0, 2821416.0)	(32.0, 8965877.0)	(33.0, 24246218.0)	(34.0, 338457.0)										
/ | scratch | karcher | fastqc | 230804_PRISMA_Batch5_P3_for_Q | AAAWJV5HV_230321_MG_Batch5_23s001006-1-1_Gross_lane1170 | AAAWJV5HV_230321_MG_Batch5_23s001006-1-1_Gross_lane1170_1	(18.0, 8.0)	(19.0, 103.0)	(20.0, 573.0)	(21.0, 1906.0)	(22.0, 4569.0)	(23.0, 8963.0)	(24.0, 17320.0)	(25.0, 33018.0)	(26.0, 56797.0)	(27.0, 95678.0)	(28.0, 154118.0)	(29.0, 234549.0)	(30.0, 357475.0)	(31.0, 611139.0)	(32.0, 1590687.0)	(33.0, 8491741.0)	(34.0, 174666.0)														
/ | scratch | karcher | fastqc | 230804_PRISMA_Batch5_P3_for_Q | AAAWJV5HV_230321_MG_Batch5_23s001006-1-1_Gross_lane1170 | AAAWJV5HV_230321_MG_Batch5_23s001006-1-1_Gross_lane1170_2	(16.0, 19.0)	(17.0, 115.0)	(18.0, 621.0)	(19.0, 2316.0)	(20.0, 5529.0)	(21.0, 8960.0)	(22.0, 11760.0)	(23.0, 17211.0)	(24.0, 27763.0)	(25.0, 45568.0)	(26.0, 73565.0)	(27.0, 116612.0)	(28.0, 184959.0)	(29.0, 295111.0)	(30.0, 504574.0)	(31.0, 1034336.0)	(32.0, 3060944.0)	(33.0, 6389780.0)	(34.0, 53567.0)												
/ | scratch | karcher | fastqc | 230804_PRISMA_Batch5_P3_for_Q | AAAWJV5HV_230321_MG_Batch5_23s001006-1-1_Gross_lane1171 | AAAWJV5HV_230321_MG_Batch5_23s001006-1-1_Gross_lane1171_1	(18.0, 28.0)	(19.0, 291.0)	(20.0, 1823.0)	(21.0, 6390.0)	(22.0, 14937.0)	(23.0, 30570.0)	(24.0, 61981.0)	(25.0, 118987.0)	(26.0, 209511.0)	(27.0, 351103.0)	(28.0, 565993.0)	(29.0, 855539.0)	(30.0, 1291100.0)	(31.0, 2196262.0)	(32.0, 6152146.0)	(33.0, 34315664.0)	(34.0, 568105.0)														
/ | scratch | karcher | fastqc | 230804_PRISMA_Batch5_P3_for_Q | AAAWJV5HV_230321_MG_Batch5_23s001006-1-1_Gross_lane1171 | AAAWJV5HV_230321_MG_Batch5_23s001006-1-1_Gross_lane1171_2	(15.0, 3.0)	(16.0, 31.0)	(17.0, 280.0)	(18.0, 1350.0)	(19.0, 4506.0)	(20.0, 11161.0)	(21.0, 20526.0)	(22.0, 32285.0)	(23.0, 51725.0)	(24.0, 88270.0)	(25.0, 150108.0)	(26.0, 244501.0)	(27.0, 394977.0)	(28.0, 627623.0)	(29.0, 1003751.0)	(30.0, 1709339.0)	(31.0, 3620412.0)	(32.0, 11959733.0)	(33.0, 26596013.0)	(34.0, 223836.0)											
/ | scratch | karcher | fastqc | 230804_PRISMA_Batch5_P3_for_Q | AAAWJV5HV_230321_MG_Batch5_23s001006-1-1_Gross_lane1172 | AAAWJV5HV_230321_MG_Batch5_23s001006-1-1_Gross_lane1172_1	(18.0, 8.0)	(19.0, 120.0)	(20.0, 614.0)	(21.0, 2154.0)	(22.0, 5378.0)	(23.0, 10850.0)	(24.0, 20204.0)	(25.0, 35468.0)	(26.0, 60076.0)	(27.0, 97928.0)	(28.0, 157565.0)	(29.0, 242883.0)	(30.0, 370313.0)	(31.0, 605318.0)	(32.0, 1488099.0)	(33.0, 8618073.0)	(34.0, 305029.0)														
/ | scratch | karcher | fastqc | 230804_PRISMA_Batch5_P3_for_Q | AAAWJV5HV_230321_MG_Batch5_23s001006-1-1_Gross_lane1172 | AAAWJV5HV_230321_MG_Batch5_23s001006-1-1_Gross_lane1172_2	(14.0, 1.0)	(15.0, 1.0)	(16.0, 11.0)	(17.0, 115.0)	(18.0, 704.0)	(19.0, 2831.0)	(20.0, 6604.0)	(21.0, 10608.0)	(22.0, 15387.0)	(23.0, 22986.0)	(24.0, 36877.0)	(25.0, 58249.0)	(26.0, 90866.0)	(27.0, 139196.0)	(28.0, 212399.0)	(29.0, 329142.0)	(30.0, 546655.0)	(31.0, 1080873.0)	(32.0, 3008513.0)	(33.0, 6391225.0)	(34.0, 66837.0)										
/ | scratch | karcher | fastqc | 230804_PRISMA_Batch5_P3_for_Q | AAAWJV5HV_230321_MG_Batch5_23s001006-1-1_Gross_lane1173 | AAAWJV5HV_230321_MG_Batch5_23s001006-1-1_Gross_lane1173_1	(17.0, 2.0)	(18.0, 29.0)	(19.0, 339.0)	(20.0, 2176.0)	(21.0, 7614.0)	(22.0, 17827.0)	(23.0, 33964.0)	(24.0, 65474.0)	(25.0, 121512.0)	(26.0, 211573.0)	(27.0, 354235.0)	(28.0, 575323.0)	(29.0, 874321.0)	(30.0, 1324660.0)	(31.0, 2242192.0)	(32.0, 5869319.0)	(33.0, 37551097.0)	(34.0, 1142170.0)													
/ | scratch | karcher | fastqc | 230804_PRISMA_Batch5_P3_for_Q | AAAWJV5HV_230321_MG_Batch5_23s001006-1-1_Gross_lane1173 | AAAWJV5HV_230321_MG_Batch5_23s001006-1-1_Gross_lane1173_2	(15.0, 3.0)	(16.0, 40.0)	(17.0, 412.0)	(18.0, 2086.0)	(19.0, 7030.0)	(20.0, 15608.0)	(21.0, 26529.0)	(22.0, 38953.0)	(23.0, 60508.0)	(24.0, 100058.0)	(25.0, 164568.0)	(26.0, 267141.0)	(27.0, 423821.0)	(28.0, 670165.0)	(29.0, 1067812.0)	(30.0, 1810412.0)	(31.0, 3740659.0)	(32.0, 11951225.0)	(33.0, 29710235.0)	(34.0, 336562.0)											
/ | scratch | karcher | fastqc | 230804_PRISMA_Batch5_P3_for_Q | AAAWJV5HV_230321_MG_Batch5_23s001006-1-1_Gross_lane1174 | AAAWJV5HV_230321_MG_Batch5_23s001006-1-1_Gross_lane1174_1	(17.0, 2.0)	(18.0, 26.0)	(19.0, 295.0)	(20.0, 2056.0)	(21.0, 7414.0)	(22.0, 16887.0)	(23.0, 32708.0)	(24.0, 60453.0)	(25.0, 108284.0)	(26.0, 183060.0)	(27.0, 299715.0)	(28.0, 477683.0)	(29.0, 714977.0)	(30.0, 1068460.0)	(31.0, 1771852.0)	(32.0, 4489763.0)	(33.0, 29935402.0)	(34.0, 1110948.0)													
/ | scratch | karcher | fastqc | 230804_PRISMA_Batch5_P3_for_Q | AAAWJV5HV_230321_MG_Batch5_23s001006-1-1_Gross_lane1174 | AAAWJV5HV_230321_MG_Batch5_23s001006-1-1_Gross_lane1174_2	(15.0, 2.0)	(16.0, 38.0)	(17.0, 294.0)	(18.0, 1640.0)	(19.0, 6037.0)	(20.0, 14012.0)	(21.0, 24559.0)	(22.0, 37848.0)	(23.0, 59173.0)	(24.0, 95857.0)	(25.0, 154646.0)	(26.0, 240514.0)	(27.0, 375135.0)	(28.0, 577569.0)	(29.0, 896938.0)	(30.0, 1491191.0)	(31.0, 3016661.0)	(32.0, 9458929.0)	(33.0, 23542058.0)	(34.0, 286884.0)											
/ | scratch | karcher | fastqc | 230804_PRISMA_Batch5_P3_for_Q | AAAWJV5HV_230321_MG_Batch5_23s001006-1-1_Gross_lane1175 | AAAWJV5HV_230321_MG_Batch5_23s001006-1-1_Gross_lane1175_1	(18.0, 52.0)	(19.0, 466.0)	(20.0, 2891.0)	(21.0, 9686.0)	(22.0, 21763.0)	(23.0, 40548.0)	(24.0, 74497.0)	(25.0, 133456.0)	(26.0, 226874.0)	(27.0, 375462.0)	(28.0, 605422.0)	(29.0, 915644.0)	(30.0, 1386223.0)	(31.0, 2351706.0)	(32.0, 6210001.0)	(33.0, 37798048.0)	(34.0, 1119129.0)														
/ | scratch | karcher | fastqc | 230804_PRISMA_Batch5_P3_for_Q | AAAWJV5HV_230321_MG_Batch5_23s001006-1-1_Gross_lane1175 | AAAWJV5HV_230321_MG_Batch5_23s001006-1-1_Gross_lane1175_2	(14.0, 1.0)	(15.0, 5.0)	(16.0, 64.0)	(17.0, 466.0)	(18.0, 2344.0)	(19.0, 7694.0)	(20.0, 17620.0)	(21.0, 30510.0)	(22.0, 46408.0)	(23.0, 71507.0)	(24.0, 115721.0)	(25.0, 186537.0)	(26.0, 294331.0)	(27.0, 462470.0)	(28.0, 721648.0)	(29.0, 1142160.0)	(30.0, 1937547.0)	(31.0, 4011585.0)	(32.0, 12465303.0)	(33.0, 29429428.0)	(34.0, 328519.0)										
/ | scratch | karcher | fastqc | 230804_PRISMA_Batch5_P3_for_Q | AAAWJV5HV_230321_MG_Batch5_23s001006-1-1_Gross_lane1176 | AAAWJV5HV_230321_MG_Batch5_23s001006-1-1_Gross_lane1176_1	(17.0, 1.0)	(18.0, 67.0)	(19.0, 588.0)	(20.0, 3680.0)	(21.0, 12422.0)	(22.0, 27802.0)	(23.0, 52288.0)	(24.0, 95930.0)	(25.0, 173053.0)	(26.0, 293970.0)	(27.0, 485049.0)	(28.0, 777509.0)	(29.0, 1172524.0)	(30.0, 1774463.0)	(31.0, 3002059.0)	(32.0, 7886184.0)	(33.0, 47801856.0)	(34.0, 1436495.0)													
/ | scratch | karcher | fastqc | 230804_PRISMA_Batch5_P3_for_Q | AAAWJV5HV_230321_MG_Batch5_23s001006-1-1_Gross_lane1176 | AAAWJV5HV_230321_MG_Batch5_23s001006-1-1_Gross_lane1176_2	(14.0, 3.0)	(15.0, 5.0)	(16.0, 73.0)	(17.0, 579.0)	(18.0, 2807.0)	(19.0, 9820.0)	(20.0, 22748.0)	(21.0, 38873.0)	(22.0, 59170.0)	(23.0, 90480.0)	(24.0, 146291.0)	(25.0, 235863.0)	(26.0, 374122.0)	(27.0, 586094.0)	(28.0, 915584.0)	(29.0, 1446403.0)	(30.0, 2440414.0)	(31.0, 5008049.0)	(32.0, 15503178.0)	(33.0, 37670515.0)	(34.0, 444869.0)										
/ | scratch | karcher | fastqc | 230804_PRISMA_Batch5_P3_for_Q | AAAWJV5HV_230321_MG_Batch5_23s001006-1-1_Gross_lane1177 | AAAWJV5HV_230321_MG_Batch5_23s001006-1-1_Gross_lane1177_1	(17.0, 2.0)	(18.0, 15.0)	(19.0, 157.0)	(20.0, 935.0)	(21.0, 3742.0)	(22.0, 10036.0)	(23.0, 22020.0)	(24.0, 43826.0)	(25.0, 81292.0)	(26.0, 142243.0)	(27.0, 239021.0)	(28.0, 392839.0)	(29.0, 605856.0)	(30.0, 928532.0)	(31.0, 1587261.0)	(32.0, 4175305.0)	(33.0, 26558125.0)	(34.0, 869610.0)													
/ | scratch | karcher | fastqc | 230804_PRISMA_Batch5_P3_for_Q | AAAWJV5HV_230321_MG_Batch5_23s001006-1-1_Gross_lane1177 | AAAWJV5HV_230321_MG_Batch5_23s001006-1-1_Gross_lane1177_2	(15.0, 1.0)	(16.0, 33.0)	(17.0, 217.0)	(18.0, 1107.0)	(19.0, 4078.0)	(20.0, 9692.0)	(21.0, 16901.0)	(22.0, 26737.0)	(23.0, 43251.0)	(24.0, 71834.0)	(25.0, 118529.0)	(26.0, 190165.0)	(27.0, 304272.0)	(28.0, 481320.0)	(29.0, 771761.0)	(30.0, 1319228.0)	(31.0, 2742386.0)	(32.0, 8512053.0)	(33.0, 20788697.0)	(34.0, 258555.0)											
/ | scratch | karcher | fastqc | 230804_PRISMA_Batch5_P3_for_Q | AAAWJV5HV_230321_MG_Batch5_23s001006-1-1_Gross_lane1178 | AAAWJV5HV_230321_MG_Batch5_23s001006-1-1_Gross_lane1178_1	(17.0, 3.0)	(18.0, 31.0)	(19.0, 284.0)	(20.0, 1840.0)	(21.0, 6566.0)	(22.0, 15463.0)	(23.0, 30571.0)	(24.0, 58115.0)	(25.0, 105691.0)	(26.0, 184252.0)	(27.0, 306659.0)	(28.0, 498271.0)	(29.0, 755884.0)	(30.0, 1140475.0)	(31.0, 1916603.0)	(32.0, 4992223.0)	(33.0, 32369238.0)	(34.0, 1035767.0)													
/ | scratch | karcher | fastqc | 230804_PRISMA_Batch5_P3_for_Q | AAAWJV5HV_230321_MG_Batch5_23s001006-1-1_Gross_lane1178 | AAAWJV5HV_230321_MG_Batch5_23s001006-1-1_Gross_lane1178_2	(15.0, 7.0)	(16.0, 36.0)	(17.0, 338.0)	(18.0, 1713.0)	(19.0, 5751.0)	(20.0, 13247.0)	(21.0, 22562.0)	(22.0, 35309.0)	(23.0, 55937.0)	(24.0, 92787.0)	(25.0, 151804.0)	(26.0, 243881.0)	(27.0, 383832.0)	(28.0, 599368.0)	(29.0, 946735.0)	(30.0, 1594952.0)	(31.0, 3291583.0)	(32.0, 10439080.0)	(33.0, 25261448.0)	(34.0, 277566.0)											
/ | scratch | karcher | fastqc | 230804_PRISMA_Batch5_P3_for_Q | AAAWJV5HV_230321_MG_Batch5_23s001006-1-1_Gross_lane1179 | AAAWJV5HV_230321_MG_Batch5_23s001006-1-1_Gross_lane1179_1	(16.0, 1.0)	(17.0, 5.0)	(18.0, 15.0)	(19.0, 286.0)	(20.0, 1600.0)	(21.0, 5512.0)	(22.0, 13550.0)	(23.0, 27559.0)	(24.0, 53871.0)	(25.0, 101561.0)	(26.0, 177021.0)	(27.0, 295688.0)	(28.0, 480186.0)	(29.0, 728418.0)	(30.0, 1106764.0)	(31.0, 1878666.0)	(32.0, 5018563.0)	(33.0, 30927563.0)	(34.0, 831524.0)												
/ | scratch | karcher | fastqc | 230804_PRISMA_Batch5_P3_for_Q | AAAWJV5HV_230321_MG_Batch5_23s001006-1-1_Gross_lane1179 | AAAWJV5HV_230321_MG_Batch5_23s001006-1-1_Gross_lane1179_2	(14.0, 1.0)	(15.0, 1.0)	(16.0, 41.0)	(17.0, 277.0)	(18.0, 1500.0)	(19.0, 5020.0)	(20.0, 11874.0)	(21.0, 20843.0)	(22.0, 33173.0)	(23.0, 52835.0)	(24.0, 88174.0)	(25.0, 145326.0)	(26.0, 233944.0)	(27.0, 369530.0)	(28.0, 580376.0)	(29.0, 919012.0)	(30.0, 1559975.0)	(31.0, 3253981.0)	(32.0, 10299650.0)	(33.0, 23837470.0)	(34.0, 235350.0)										
/ | scratch | karcher | fastqc | 230804_PRISMA_Batch5_P3_for_Q | AAAWJV5HV_230321_MG_Batch5_23s001006-1-1_Gross_lane1180 | AAAWJV5HV_230321_MG_Batch5_23s001006-1-1_Gross_lane1180_1	(17.0, 3.0)	(18.0, 17.0)	(19.0, 220.0)	(20.0, 1133.0)	(21.0, 3810.0)	(22.0, 9166.0)	(23.0, 17665.0)	(24.0, 30398.0)	(25.0, 49809.0)	(26.0, 79638.0)	(27.0, 126989.0)	(28.0, 202054.0)	(29.0, 306352.0)	(30.0, 480412.0)	(31.0, 814320.0)	(32.0, 1865817.0)	(33.0, 10387134.0)	(34.0, 499419.0)													
/ | scratch | karcher | fastqc | 230804_PRISMA_Batch5_P3_for_Q | AAAWJV5HV_230321_MG_Batch5_23s001006-1-1_Gross_lane1180 | AAAWJV5HV_230321_MG_Batch5_23s001006-1-1_Gross_lane1180_2	(14.0, 2.0)	(15.0, 3.0)	(16.0, 8.0)	(17.0, 111.0)	(18.0, 1142.0)	(19.0, 4847.0)	(20.0, 12020.0)	(21.0, 19851.0)	(22.0, 29367.0)	(23.0, 42660.0)	(24.0, 61670.0)	(25.0, 91453.0)	(26.0, 134963.0)	(27.0, 200652.0)	(28.0, 302007.0)	(29.0, 462738.0)	(30.0, 743048.0)	(31.0, 1361863.0)	(32.0, 3402658.0)	(33.0, 7886986.0)	(34.0, 116307.0)										
/ | scratch | karcher | fastqc | 230804_PRISMA_Batch5_P3_for_Q | AAAWJV5HV_230321_MG_Batch5_23s001006-1-1_Gross_lane1181 | AAAWJV5HV_230321_MG_Batch5_23s001006-1-1_Gross_lane1181_1	(17.0, 3.0)	(18.0, 38.0)	(19.0, 381.0)	(20.0, 2220.0)	(21.0, 7677.0)	(22.0, 17951.0)	(23.0, 35409.0)	(24.0, 66017.0)	(25.0, 116575.0)	(26.0, 194405.0)	(27.0, 317311.0)	(28.0, 503393.0)	(29.0, 752985.0)	(30.0, 1124258.0)	(31.0, 1872468.0)	(32.0, 4789170.0)	(33.0, 30679427.0)	(34.0, 1049253.0)													
/ | scratch | karcher | fastqc | 230804_PRISMA_Batch5_P3_for_Q | AAAWJV5HV_230321_MG_Batch5_23s001006-1-1_Gross_lane1181 | AAAWJV5HV_230321_MG_Batch5_23s001006-1-1_Gross_lane1181_2	(16.0, 33.0)	(17.0, 260.0)	(18.0, 1466.0)	(19.0, 6085.0)	(20.0, 14486.0)	(21.0, 25645.0)	(22.0, 40195.0)	(23.0, 62382.0)	(24.0, 100399.0)	(25.0, 160336.0)	(26.0, 250620.0)	(27.0, 388351.0)	(28.0, 598151.0)	(29.0, 931346.0)	(30.0, 1550291.0)	(31.0, 3140754.0)	(32.0, 9798930.0)	(33.0, 24166952.0)	(34.0, 292259.0)												
/ | scratch | karcher | fastqc | 230804_PRISMA_Batch5_P3_for_Q | AAAWJV5HV_230321_MG_Batch5_23s001006-1-1_Gross_lane1182 | AAAWJV5HV_230321_MG_Batch5_23s001006-1-1_Gross_lane1182_1	(18.0, 42.0)	(19.0, 407.0)	(20.0, 2455.0)	(21.0, 8505.0)	(22.0, 19307.0)	(23.0, 37093.0)	(24.0, 67622.0)	(25.0, 119633.0)	(26.0, 202550.0)	(27.0, 330671.0)	(28.0, 528792.0)	(29.0, 793985.0)	(30.0, 1189068.0)	(31.0, 1976283.0)	(32.0, 4980321.0)	(33.0, 32867336.0)	(34.0, 1228253.0)														
/ | scratch | karcher | fastqc | 230804_PRISMA_Batch5_P3_for_Q | AAAWJV5HV_230321_MG_Batch5_23s001006-1-1_Gross_lane1182 | AAAWJV5HV_230321_MG_Batch5_23s001006-1-1_Gross_lane1182_2	(15.0, 3.0)	(16.0, 46.0)	(17.0, 324.0)	(18.0, 1773.0)	(19.0, 6350.0)	(20.0, 15310.0)	(21.0, 28008.0)	(22.0, 43061.0)	(23.0, 67480.0)	(24.0, 109403.0)	(25.0, 175886.0)	(26.0, 272882.0)	(27.0, 423625.0)	(28.0, 652140.0)	(29.0, 1011494.0)	(30.0, 1678433.0)	(31.0, 3394691.0)	(32.0, 10453747.0)	(33.0, 25712520.0)	(34.0, 305147.0)											
/ | scratch | karcher | fastqc | 230804_PRISMA_Batch5_P3_for_Q | AAAWJV5HV_230321_MG_Batch5_23s001006-1-1_Gross_lane1183 | AAAWJV5HV_230321_MG_Batch5_23s001006-1-1_Gross_lane1183_1	(18.0, 36.0)	(19.0, 451.0)	(20.0, 2632.0)	(21.0, 9592.0)	(22.0, 21818.0)	(23.0, 42843.0)	(24.0, 83255.0)	(25.0, 156160.0)	(26.0, 273275.0)	(27.0, 458546.0)	(28.0, 747800.0)	(29.0, 1131477.0)	(30.0, 1714103.0)	(31.0, 2901174.0)	(32.0, 7690996.0)	(33.0, 48221943.0)	(34.0, 1333033.0)														
/ | scratch | karcher | fastqc | 230804_PRISMA_Batch5_P3_for_Q | AAAWJV5HV_230321_MG_Batch5_23s001006-1-1_Gross_lane1183 | AAAWJV5HV_230321_MG_Batch5_23s001006-1-1_Gross_lane1183_2	(14.0, 1.0)	(15.0, 2.0)	(16.0, 53.0)	(17.0, 485.0)	(18.0, 2573.0)	(19.0, 8498.0)	(20.0, 20150.0)	(21.0, 34515.0)	(22.0, 53530.0)	(23.0, 85462.0)	(24.0, 143142.0)	(25.0, 236123.0)	(26.0, 379156.0)	(27.0, 596418.0)	(28.0, 932252.0)	(29.0, 1466326.0)	(30.0, 2486470.0)	(31.0, 5194751.0)	(32.0, 16341348.0)	(33.0, 36457406.0)	(34.0, 350473.0)										
/ | scratch | karcher | fastqc | 230804_PRISMA_Batch5_P3_for_Q | AAAWJV5HV_230321_MG_Batch5_23s001006-1-1_Gross_lane1184 | AAAWJV5HV_230321_MG_Batch5_23s001006-1-1_Gross_lane1184_1	(17.0, 1.0)	(18.0, 18.0)	(19.0, 201.0)	(20.0, 1498.0)	(21.0, 4951.0)	(22.0, 12260.0)	(23.0, 25032.0)	(24.0, 49434.0)	(25.0, 93271.0)	(26.0, 161723.0)	(27.0, 272919.0)	(28.0, 442844.0)	(29.0, 668133.0)	(30.0, 1008069.0)	(31.0, 1686210.0)	(32.0, 4337741.0)	(33.0, 29581180.0)	(34.0, 1004737.0)													
/ | scratch | karcher | fastqc | 230804_PRISMA_Batch5_P3_for_Q | AAAWJV5HV_230321_MG_Batch5_23s001006-1-1_Gross_lane1184 | AAAWJV5HV_230321_MG_Batch5_23s001006-1-1_Gross_lane1184_2	(15.0, 1.0)	(16.0, 18.0)	(17.0, 236.0)	(18.0, 1254.0)	(19.0, 4422.0)	(20.0, 10590.0)	(21.0, 18682.0)	(22.0, 28692.0)	(23.0, 47223.0)	(24.0, 79113.0)	(25.0, 131111.0)	(26.0, 211848.0)	(27.0, 336467.0)	(28.0, 528772.0)	(29.0, 832737.0)	(30.0, 1394495.0)	(31.0, 2853211.0)	(32.0, 9105767.0)	(33.0, 23466731.0)	(34.0, 298852.0)											
/ | scratch | karcher | fastqc | 230804_PRISMA_Batch5_P3_for_Q | AAAWJV5HV_230321_MG_Batch5_23s001006-1-1_Gross_lane1185 | AAAWJV5HV_230321_MG_Batch5_23s001006-1-1_Gross_lane1185_1	(17.0, 2.0)	(18.0, 43.0)	(19.0, 492.0)	(20.0, 2994.0)	(21.0, 10090.0)	(22.0, 23719.0)	(23.0, 46648.0)	(24.0, 91255.0)	(25.0, 170407.0)	(26.0, 296978.0)	(27.0, 500973.0)	(28.0, 816541.0)	(29.0, 1225921.0)	(30.0, 1850440.0)	(31.0, 3082891.0)	(32.0, 7921785.0)	(33.0, 53284550.0)	(34.0, 1793747.0)													
/ | scratch | karcher | fastqc | 230804_PRISMA_Batch5_P3_for_Q | AAAWJV5HV_230321_MG_Batch5_23s001006-1-1_Gross_lane1185 | AAAWJV5HV_230321_MG_Batch5_23s001006-1-1_Gross_lane1185_2	(15.0, 3.0)	(16.0, 58.0)	(17.0, 565.0)	(18.0, 3092.0)	(19.0, 10218.0)	(20.0, 22652.0)	(21.0, 37777.0)	(22.0, 56419.0)	(23.0, 90456.0)	(24.0, 150389.0)	(25.0, 248112.0)	(26.0, 400605.0)	(27.0, 632312.0)	(28.0, 986696.0)	(29.0, 1545060.0)	(30.0, 2586525.0)	(31.0, 5300422.0)	(32.0, 16882763.0)	(33.0, 41688938.0)	(34.0, 476414.0)											
/ | scratch | karcher | fastqc | 230804_PRISMA_Batch5_P3_for_Q | AAAWJV5HV_230321_MG_Batch5_23s001006-1-1_Gross_lane1MG18 | AAAWJV5HV_230321_MG_Batch5_23s001006-1-1_Gross_lane1MG18_1	(18.0, 17.0)	(19.0, 160.0)	(20.0, 917.0)	(21.0, 2927.0)	(22.0, 6738.0)	(23.0, 13216.0)	(24.0, 24353.0)	(25.0, 43276.0)	(26.0, 72286.0)	(27.0, 120120.0)	(28.0, 194422.0)	(29.0, 301355.0)	(30.0, 476373.0)	(31.0, 834326.0)	(32.0, 2177256.0)	(33.0, 10235879.0)	(34.0, 251857.0)														
/ | scratch | karcher | fastqc | 230804_PRISMA_Batch5_P3_for_Q | AAAWJV5HV_230321_MG_Batch5_23s001006-1-1_Gross_lane1MG18 | AAAWJV5HV_230321_MG_Batch5_23s001006-1-1_Gross_lane1MG18_2	(15.0, 3.0)	(16.0, 44.0)	(17.0, 295.0)	(18.0, 1369.0)	(19.0, 4787.0)	(20.0, 10662.0)	(21.0, 17791.0)	(22.0, 25678.0)	(23.0, 37804.0)	(24.0, 57545.0)	(25.0, 87806.0)	(26.0, 133831.0)	(27.0, 205403.0)	(28.0, 315587.0)	(29.0, 496075.0)	(30.0, 830528.0)	(31.0, 1612813.0)	(32.0, 4033468.0)	(33.0, 6832293.0)	(34.0, 51696.0)											
/ | scratch | karcher | fastqc | 230804_PRISMA_Batch5_P3_for_Q | AAAWJV5HV_230321_MG_Batch5_23s001006-1-1_Gross_lane1MG23 | AAAWJV5HV_230321_MG_Batch5_23s001006-1-1_Gross_lane1MG23_1	(18.0, 9.0)	(19.0, 65.0)	(20.0, 367.0)	(21.0, 1184.0)	(22.0, 2681.0)	(23.0, 5201.0)	(24.0, 10039.0)	(25.0, 17523.0)	(26.0, 29593.0)	(27.0, 48519.0)	(28.0, 77867.0)	(29.0, 118498.0)	(30.0, 184449.0)	(31.0, 316837.0)	(32.0, 792476.0)	(33.0, 4269432.0)	(34.0, 132023.0)														
/ | scratch | karcher | fastqc | 230804_PRISMA_Batch5_P3_for_Q | AAAWJV5HV_230321_MG_Batch5_23s001006-1-1_Gross_lane1MG23 | AAAWJV5HV_230321_MG_Batch5_23s001006-1-1_Gross_lane1MG23_2	(16.0, 6.0)	(17.0, 75.0)	(18.0, 463.0)	(19.0, 1847.0)	(20.0, 4292.0)	(21.0, 6956.0)	(22.0, 9916.0)	(23.0, 15040.0)	(24.0, 23082.0)	(25.0, 36034.0)	(26.0, 54244.0)	(27.0, 82659.0)	(28.0, 125161.0)	(29.0, 195078.0)	(30.0, 321917.0)	(31.0, 625701.0)	(32.0, 1622080.0)	(33.0, 2860283.0)	(34.0, 21929.0)												
/ | scratch | karcher | fastqc | 230804_PRISMA_Batch5_P3_for_Q | AAAWJV5HV_230321_MG_Batch5_23s001006-1-1_Gross_lane1MG29 | AAAWJV5HV_230321_MG_Batch5_23s001006-1-1_Gross_lane1MG29_1	(18.0, 4.0)	(19.0, 60.0)	(20.0, 259.0)	(21.0, 870.0)	(22.0, 2194.0)	(23.0, 4388.0)	(24.0, 7321.0)	(25.0, 12087.0)	(26.0, 19435.0)	(27.0, 30439.0)	(28.0, 46670.0)	(29.0, 69426.0)	(30.0, 106549.0)	(31.0, 180113.0)	(32.0, 449123.0)	(33.0, 2083031.0)	(34.0, 51700.0)														
/ | scratch | karcher | fastqc | 230804_PRISMA_Batch5_P3_for_Q | AAAWJV5HV_230321_MG_Batch5_23s001006-1-1_Gross_lane1MG29 | AAAWJV5HV_230321_MG_Batch5_23s001006-1-1_Gross_lane1MG29_2	(16.0, 1.0)	(17.0, 32.0)	(18.0, 196.0)	(19.0, 804.0)	(20.0, 1903.0)	(21.0, 3270.0)	(22.0, 4915.0)	(23.0, 7385.0)	(24.0, 11326.0)	(25.0, 17362.0)	(26.0, 25859.0)	(27.0, 39183.0)	(28.0, 59521.0)	(29.0, 92381.0)	(30.0, 151525.0)	(31.0, 295796.0)	(32.0, 786709.0)	(33.0, 1551265.0)	(34.0, 14236.0)												
/ | scratch | karcher | fastqc | 230804_PRISMA_Batch5_P3_for_Q | AAAWJV5HV_230321_MG_Batch5_23s001006-1-1_Gross_lane1MG73 | AAAWJV5HV_230321_MG_Batch5_23s001006-1-1_Gross_lane1MG73_1	(17.0, 4.0)	(18.0, 5.0)	(19.0, 53.0)	(20.0, 226.0)	(21.0, 682.0)	(22.0, 1456.0)	(23.0, 2877.0)	(24.0, 5256.0)	(25.0, 9040.0)	(26.0, 14941.0)	(27.0, 24171.0)	(28.0, 38322.0)	(29.0, 65667.0)	(30.0, 105235.0)	(31.0, 141583.0)	(32.0, 310065.0)	(33.0, 1903103.0)	(34.0, 79407.0)													
/ | scratch | karcher | fastqc | 230804_PRISMA_Batch5_P3_for_Q | AAAWJV5HV_230321_MG_Batch5_23s001006-1-1_Gross_lane1MG73 | AAAWJV5HV_230321_MG_Batch5_23s001006-1-1_Gross_lane1MG73_2	(16.0, 5.0)	(17.0, 30.0)	(18.0, 235.0)	(19.0, 1035.0)	(20.0, 1924.0)	(21.0, 2742.0)	(22.0, 3377.0)	(23.0, 4971.0)	(24.0, 7482.0)	(25.0, 11968.0)	(26.0, 18573.0)	(27.0, 28885.0)	(28.0, 43945.0)	(29.0, 67878.0)	(30.0, 110982.0)	(31.0, 213267.0)	(32.0, 617144.0)	(33.0, 1547987.0)	(34.0, 19663.0)												
/ | scratch | karcher | fastqc | 230804_PRISMA_Batch5_P3_for_Q | AAAWJV5HV_230321_MG_Batch5_23s001006-1-1_Gross_lane1MG82 | AAAWJV5HV_230321_MG_Batch5_23s001006-1-1_Gross_lane1MG82_1	(18.0, 12.0)	(19.0, 165.0)	(20.0, 786.0)	(21.0, 2823.0)	(22.0, 7259.0)	(23.0, 14350.0)	(24.0, 27622.0)	(25.0, 48968.0)	(26.0, 81839.0)	(27.0, 135434.0)	(28.0, 218688.0)	(29.0, 340156.0)	(30.0, 531820.0)	(31.0, 895983.0)	(32.0, 2133842.0)	(33.0, 12276125.0)	(34.0, 492110.0)														
/ | scratch | karcher | fastqc | 230804_PRISMA_Batch5_P3_for_Q | AAAWJV5HV_230321_MG_Batch5_23s001006-1-1_Gross_lane1MG82 | AAAWJV5HV_230321_MG_Batch5_23s001006-1-1_Gross_lane1MG82_2	(15.0, 1.0)	(16.0, 9.0)	(17.0, 123.0)	(18.0, 1064.0)	(19.0, 4827.0)	(20.0, 11458.0)	(21.0, 18788.0)	(22.0, 27361.0)	(23.0, 40274.0)	(24.0, 60329.0)	(25.0, 92150.0)	(26.0, 140401.0)	(27.0, 214778.0)	(28.0, 326972.0)	(29.0, 505722.0)	(30.0, 828080.0)	(31.0, 1568857.0)	(32.0, 4091817.0)	(33.0, 9156905.0)	(34.0, 118066.0)											
/ | scratch | karcher | fastqc | 240813_MG011_PRISMA_NovaSeq_final_for_Q | H5YFCDSXC_240813_MG_PRISMA_24s001116-1-1_Gross_lane1MG186 | H5YFCDSXC_240813_MG_PRISMA_24s001116-1-1_Gross_lane1MG186_1	(14.0, 1.0)	(15.0, 27.0)	(16.0, 96.0)	(17.0, 234.0)	(18.0, 557.0)	(19.0, 1206.0)	(20.0, 2438.0)	(21.0, 5017.0)	(22.0, 9789.0)	(23.0, 19809.0)	(24.0, 38108.0)	(25.0, 73679.0)	(26.0, 133512.0)	(27.0, 235879.0)	(28.0, 373624.0)	(29.0, 568713.0)	(30.0, 794929.0)	(31.0, 1082235.0)	(32.0, 1405341.0)	(33.0, 1941902.0)	(34.0, 2920125.0)	(35.0, 5865623.0)	(36.0, 18657798.0)	(37.0, 984122.0)							
/ | scratch | karcher | fastqc | 240813_MG011_PRISMA_NovaSeq_final_for_Q | H5YFCDSXC_240813_MG_PRISMA_24s001116-1-1_Gross_lane1MG186 | H5YFCDSXC_240813_MG_PRISMA_24s001116-1-1_Gross_lane1MG186_2	(11.0, 4.0)	(12.0, 219.0)	(13.0, 1060.0)	(14.0, 1720.0)	(15.0, 1782.0)	(16.0, 1658.0)	(17.0, 1920.0)	(18.0, 2720.0)	(19.0, 5467.0)	(20.0, 11613.0)	(21.0, 24123.0)	(22.0, 45544.0)	(23.0, 80303.0)	(24.0, 109866.0)	(25.0, 124375.0)	(26.0, 151796.0)	(27.0, 207378.0)	(28.0, 280039.0)	(29.0, 387949.0)	(30.0, 539628.0)	(31.0, 787093.0)	(32.0, 1167849.0)	(33.0, 1920801.0)	(34.0, 3481880.0)	(35.0, 8209152.0)	(36.0, 17076499.0)	(37.0, 492326.0)				
/ | scratch | karcher | fastqc | 240813_MG011_PRISMA_NovaSeq_final_for_Q | H5YFCDSXC_240813_MG_PRISMA_24s001116-1-1_Gross_lane1MG187 | H5YFCDSXC_240813_MG_PRISMA_24s001116-1-1_Gross_lane1MG187_1	(14.0, 1.0)	(15.0, 18.0)	(16.0, 78.0)	(17.0, 158.0)	(18.0, 361.0)	(19.0, 829.0)	(20.0, 1739.0)	(21.0, 3518.0)	(22.0, 6636.0)	(23.0, 13397.0)	(24.0, 25545.0)	(25.0, 49147.0)	(26.0, 90482.0)	(27.0, 162814.0)	(28.0, 263767.0)	(29.0, 407157.0)	(30.0, 580387.0)	(31.0, 806478.0)	(32.0, 1136093.0)	(33.0, 1502335.0)	(34.0, 2110620.0)	(35.0, 4254148.0)	(36.0, 13864087.0)	(37.0, 761628.0)							
/ | scratch | karcher | fastqc | 240813_MG011_PRISMA_NovaSeq_final_for_Q | H5YFCDSXC_240813_MG_PRISMA_24s001116-1-1_Gross_lane1MG187 | H5YFCDSXC_240813_MG_PRISMA_24s001116-1-1_Gross_lane1MG187_2	(11.0, 6.0)	(12.0, 198.0)	(13.0, 997.0)	(14.0, 1456.0)	(15.0, 1465.0)	(16.0, 1364.0)	(17.0, 1646.0)	(18.0, 2373.0)	(19.0, 4760.0)	(20.0, 10540.0)	(21.0, 22702.0)	(22.0, 42638.0)	(23.0, 73152.0)	(24.0, 102749.0)	(25.0, 118287.0)	(26.0, 140921.0)	(27.0, 190051.0)	(28.0, 251811.0)	(29.0, 345259.0)	(30.0, 472022.0)	(31.0, 681178.0)	(32.0, 994319.0)	(33.0, 1604531.0)	(34.0, 2856111.0)	(35.0, 6402953.0)	(36.0, 11447684.0)	(37.0, 270250.0)				
/ | scratch | karcher | fastqc | 240813_MG011_PRISMA_NovaSeq_final_for_Q | H5YFCDSXC_240813_MG_PRISMA_24s001116-1-1_Gross_lane1MG188 | H5YFCDSXC_240813_MG_PRISMA_24s001116-1-1_Gross_lane1MG188_1	(15.0, 13.0)	(16.0, 57.0)	(17.0, 160.0)	(18.0, 353.0)	(19.0, 782.0)	(20.0, 1837.0)	(21.0, 3931.0)	(22.0, 7770.0)	(23.0, 15311.0)	(24.0, 28685.0)	(25.0, 56834.0)	(26.0, 106192.0)	(27.0, 193383.0)	(28.0, 316346.0)	(29.0, 495955.0)	(30.0, 706303.0)	(31.0, 978566.0)	(32.0, 1290095.0)	(33.0, 1825877.0)	(34.0, 2760338.0)	(35.0, 5523803.0)	(36.0, 18107857.0)	(37.0, 959841.0)								
/ | scratch | karcher | fastqc | 240813_MG011_PRISMA_NovaSeq_final_for_Q | H5YFCDSXC_240813_MG_PRISMA_24s001116-1-1_Gross_lane1MG188 | H5YFCDSXC_240813_MG_PRISMA_24s001116-1-1_Gross_lane1MG188_2	(11.0, 15.0)	(12.0, 375.0)	(13.0, 1910.0)	(14.0, 2831.0)	(15.0, 2594.0)	(16.0, 2286.0)	(17.0, 2526.0)	(18.0, 3678.0)	(19.0, 7139.0)	(20.0, 15352.0)	(21.0, 31917.0)	(22.0, 58355.0)	(23.0, 102955.0)	(24.0, 140466.0)	(25.0, 153057.0)	(26.0, 184836.0)	(27.0, 249001.0)	(28.0, 332504.0)	(29.0, 458412.0)	(30.0, 628365.0)	(31.0, 910160.0)	(32.0, 1332341.0)	(33.0, 2167952.0)	(34.0, 3841763.0)	(35.0, 8451072.0)	(36.0, 14005599.0)	(37.0, 292828.0)				
/ | scratch | karcher | fastqc | 240813_MG011_PRISMA_NovaSeq_final_for_Q | H5YFCDSXC_240813_MG_PRISMA_24s001116-1-1_Gross_lane1MG189 | H5YFCDSXC_240813_MG_PRISMA_24s001116-1-1_Gross_lane1MG189_1	(14.0, 1.0)	(15.0, 15.0)	(16.0, 44.0)	(17.0, 169.0)	(18.0, 377.0)	(19.0, 902.0)	(20.0, 1879.0)	(21.0, 4221.0)	(22.0, 8985.0)	(23.0, 18514.0)	(24.0, 37217.0)	(25.0, 75425.0)	(26.0, 139689.0)	(27.0, 250501.0)	(28.0, 404496.0)	(29.0, 616826.0)	(30.0, 861953.0)	(31.0, 1172868.0)	(32.0, 1518833.0)	(33.0, 2089060.0)	(34.0, 3150177.0)	(35.0, 6431115.0)	(36.0, 21395527.0)	(37.0, 1196871.0)							
/ | scratch | karcher | fastqc | 240813_MG011_PRISMA_NovaSeq_final_for_Q | H5YFCDSXC_240813_MG_PRISMA_24s001116-1-1_Gross_lane1MG189 | H5YFCDSXC_240813_MG_PRISMA_24s001116-1-1_Gross_lane1MG189_2	(11.0, 9.0)	(12.0, 354.0)	(13.0, 1800.0)	(14.0, 2460.0)	(15.0, 2308.0)	(16.0, 2086.0)	(17.0, 2283.0)	(18.0, 3188.0)	(19.0, 6207.0)	(20.0, 12897.0)	(21.0, 27215.0)	(22.0, 52568.0)	(23.0, 94533.0)	(24.0, 127728.0)	(25.0, 140812.0)	(26.0, 169423.0)	(27.0, 229629.0)	(28.0, 307303.0)	(29.0, 423302.0)	(30.0, 587347.0)	(31.0, 858035.0)	(32.0, 1267754.0)	(33.0, 2097327.0)	(34.0, 3849746.0)	(35.0, 9216990.0)	(36.0, 19316627.0)	(37.0, 575734.0)				
/ | scratch | karcher | fastqc | 240813_MG011_PRISMA_NovaSeq_final_for_Q | H5YFCDSXC_240813_MG_PRISMA_24s001116-1-1_Gross_lane1MG190 | H5YFCDSXC_240813_MG_PRISMA_24s001116-1-1_Gross_lane1MG190_1	(14.0, 3.0)	(15.0, 8.0)	(16.0, 45.0)	(17.0, 105.0)	(18.0, 233.0)	(19.0, 601.0)	(20.0, 1344.0)	(21.0, 2946.0)	(22.0, 6109.0)	(23.0, 12858.0)	(24.0, 25175.0)	(25.0, 50677.0)	(26.0, 94776.0)	(27.0, 172162.0)	(28.0, 281899.0)	(29.0, 438435.0)	(30.0, 627172.0)	(31.0, 867473.0)	(32.0, 1146992.0)	(33.0, 1622212.0)	(34.0, 2374440.0)	(35.0, 4697070.0)	(36.0, 14607953.0)	(37.0, 747858.0)							
/ | scratch | karcher | fastqc | 240813_MG011_PRISMA_NovaSeq_final_for_Q | H5YFCDSXC_240813_MG_PRISMA_24s001116-1-1_Gross_lane1MG190 | H5YFCDSXC_240813_MG_PRISMA_24s001116-1-1_Gross_lane1MG190_2	(11.0, 6.0)	(12.0, 300.0)	(13.0, 1421.0)	(14.0, 1896.0)	(15.0, 1675.0)	(16.0, 1476.0)	(17.0, 1591.0)	(18.0, 2471.0)	(19.0, 4899.0)	(20.0, 11379.0)	(21.0, 24278.0)	(22.0, 44455.0)	(23.0, 74326.0)	(24.0, 107034.0)	(25.0, 127197.0)	(26.0, 145306.0)	(27.0, 191895.0)	(28.0, 251623.0)	(29.0, 345361.0)	(30.0, 470611.0)	(31.0, 677394.0)	(32.0, 987505.0)	(33.0, 1598656.0)	(34.0, 2843151.0)	(35.0, 6526572.0)	(36.0, 12980420.0)	(37.0, 355648.0)				
/ | scratch | karcher | fastqc | 240813_MG011_PRISMA_NovaSeq_final_for_Q | H5YFCDSXC_240813_MG_PRISMA_24s001116-1-1_Gross_lane1MG191 | H5YFCDSXC_240813_MG_PRISMA_24s001116-1-1_Gross_lane1MG191_1	(15.0, 1.0)	(16.0, 17.0)	(17.0, 61.0)	(18.0, 226.0)	(19.0, 742.0)	(20.0, 1791.0)	(21.0, 4257.0)	(22.0, 9652.0)	(23.0, 21601.0)	(24.0, 44858.0)	(25.0, 90954.0)	(26.0, 167752.0)	(27.0, 297693.0)	(28.0, 469855.0)	(29.0, 707166.0)	(30.0, 974109.0)	(31.0, 1308191.0)	(32.0, 1691779.0)	(33.0, 2396169.0)	(34.0, 3441203.0)	(35.0, 7089904.0)	(36.0, 21764026.0)	(37.0, 906892.0)								
/ | scratch | karcher | fastqc | 240813_MG011_PRISMA_NovaSeq_final_for_Q | H5YFCDSXC_240813_MG_PRISMA_24s001116-1-1_Gross_lane1MG191 | H5YFCDSXC_240813_MG_PRISMA_24s001116-1-1_Gross_lane1MG191_2	(11.0, 3.0)	(12.0, 162.0)	(13.0, 1099.0)	(14.0, 1909.0)	(15.0, 2027.0)	(16.0, 1935.0)	(17.0, 2252.0)	(18.0, 3306.0)	(19.0, 6565.0)	(20.0, 13003.0)	(21.0, 26686.0)	(22.0, 50820.0)	(23.0, 94044.0)	(24.0, 132455.0)	(25.0, 141732.0)	(26.0, 165397.0)	(27.0, 224099.0)	(28.0, 300925.0)	(29.0, 420681.0)	(30.0, 592703.0)	(31.0, 879403.0)	(32.0, 1331892.0)	(33.0, 2270386.0)	(34.0, 4303979.0)	(35.0, 10440490.0)	(36.0, 19567868.0)	(37.0, 413078.0)				
/ | scratch | karcher | fastqc | 240813_MG011_PRISMA_NovaSeq_final_for_Q | H5YFCDSXC_240813_MG_PRISMA_24s001116-1-1_Gross_lane1MG192 | H5YFCDSXC_240813_MG_PRISMA_24s001116-1-1_Gross_lane1MG192_1	(14.0, 1.0)	(15.0, 8.0)	(16.0, 22.0)	(17.0, 137.0)	(18.0, 241.0)	(19.0, 652.0)	(20.0, 1360.0)	(21.0, 2832.0)	(22.0, 5887.0)	(23.0, 11763.0)	(24.0, 23205.0)	(25.0, 46260.0)	(26.0, 88786.0)	(27.0, 164170.0)	(28.0, 274453.0)	(29.0, 434722.0)	(30.0, 626744.0)	(31.0, 874866.0)	(32.0, 1162541.0)	(33.0, 1664348.0)	(34.0, 2474581.0)	(35.0, 4962182.0)	(36.0, 17977379.0)	(37.0, 1060356.0)							
/ | scratch | karcher | fastqc | 240813_MG011_PRISMA_NovaSeq_final_for_Q | H5YFCDSXC_240813_MG_PRISMA_24s001116-1-1_Gross_lane1MG192 | H5YFCDSXC_240813_MG_PRISMA_24s001116-1-1_Gross_lane1MG192_2	(11.0, 4.0)	(12.0, 147.0)	(13.0, 837.0)	(14.0, 1165.0)	(15.0, 1192.0)	(16.0, 1009.0)	(17.0, 1305.0)	(18.0, 1755.0)	(19.0, 3188.0)	(20.0, 6582.0)	(21.0, 14710.0)	(22.0, 29154.0)	(23.0, 52025.0)	(24.0, 76645.0)	(25.0, 88139.0)	(26.0, 102463.0)	(27.0, 140334.0)	(28.0, 192599.0)	(29.0, 272956.0)	(30.0, 387165.0)	(31.0, 578367.0)	(32.0, 880431.0)	(33.0, 1507780.0)	(34.0, 2899212.0)	(35.0, 7506905.0)	(36.0, 16657028.0)	(37.0, 454399.0)				
/ | scratch | karcher | fastqc | 240813_MG011_PRISMA_NovaSeq_final_for_Q | H5YFCDSXC_240813_MG_PRISMA_24s001116-1-1_Gross_lane1MG193 | H5YFCDSXC_240813_MG_PRISMA_24s001116-1-1_Gross_lane1MG193_1	(14.0, 1.0)	(15.0, 16.0)	(16.0, 50.0)	(17.0, 151.0)	(18.0, 355.0)	(19.0, 734.0)	(20.0, 1577.0)	(21.0, 3729.0)	(22.0, 7594.0)	(23.0, 16539.0)	(24.0, 32758.0)	(25.0, 64900.0)	(26.0, 118009.0)	(27.0, 210054.0)	(28.0, 336226.0)	(29.0, 513241.0)	(30.0, 718472.0)	(31.0, 982978.0)	(32.0, 1296864.0)	(33.0, 1845748.0)	(34.0, 2607301.0)	(35.0, 5199272.0)	(36.0, 16620171.0)	(37.0, 862582.0)							
/ | scratch | karcher | fastqc | 240813_MG011_PRISMA_NovaSeq_final_for_Q | H5YFCDSXC_240813_MG_PRISMA_24s001116-1-1_Gross_lane1MG193 | H5YFCDSXC_240813_MG_PRISMA_24s001116-1-1_Gross_lane1MG193_2	(11.0, 18.0)	(12.0, 487.0)	(13.0, 1985.0)	(14.0, 2338.0)	(15.0, 1977.0)	(16.0, 1696.0)	(17.0, 1929.0)	(18.0, 3216.0)	(19.0, 6799.0)	(20.0, 15391.0)	(21.0, 31953.0)	(22.0, 56367.0)	(23.0, 94956.0)	(24.0, 134236.0)	(25.0, 155103.0)	(26.0, 174238.0)	(27.0, 227907.0)	(28.0, 296374.0)	(29.0, 400814.0)	(30.0, 547015.0)	(31.0, 783256.0)	(32.0, 1139381.0)	(33.0, 1845714.0)	(34.0, 3282278.0)	(35.0, 7479016.0)	(36.0, 14372211.0)	(37.0, 382667.0)				
/ | scratch | karcher | fastqc | 240813_MG011_PRISMA_NovaSeq_final_for_Q | H5YFCDSXC_240813_MG_PRISMA_24s001116-1-1_Gross_lane1MG194 | H5YFCDSXC_240813_MG_PRISMA_24s001116-1-1_Gross_lane1MG194_1	(14.0, 2.0)	(15.0, 31.0)	(16.0, 112.0)	(17.0, 280.0)	(18.0, 626.0)	(19.0, 1366.0)	(20.0, 2805.0)	(21.0, 5701.0)	(22.0, 11098.0)	(23.0, 20919.0)	(24.0, 37650.0)	(25.0, 71159.0)	(26.0, 125654.0)	(27.0, 223410.0)	(28.0, 363271.0)	(29.0, 562532.0)	(30.0, 807753.0)	(31.0, 1122324.0)	(32.0, 1494174.0)	(33.0, 2130077.0)	(34.0, 3125416.0)	(35.0, 6169037.0)	(36.0, 20039422.0)	(37.0, 1189305.0)							
/ | scratch | karcher | fastqc | 240813_MG011_PRISMA_NovaSeq_final_for_Q | H5YFCDSXC_240813_MG_PRISMA_24s001116-1-1_Gross_lane1MG194 | H5YFCDSXC_240813_MG_PRISMA_24s001116-1-1_Gross_lane1MG194_2	(11.0, 8.0)	(12.0, 325.0)	(13.0, 1590.0)	(14.0, 2426.0)	(15.0, 2493.0)	(16.0, 2305.0)	(17.0, 2633.0)	(18.0, 3731.0)	(19.0, 7645.0)	(20.0, 17641.0)	(21.0, 37612.0)	(22.0, 69926.0)	(23.0, 120207.0)	(24.0, 157092.0)	(25.0, 170195.0)	(26.0, 204537.0)	(27.0, 272019.0)	(28.0, 356387.0)	(29.0, 482890.0)	(30.0, 654815.0)	(31.0, 931868.0)	(32.0, 1340027.0)	(33.0, 2132450.0)	(34.0, 3707155.0)	(35.0, 8340417.0)	(36.0, 17889104.0)	(37.0, 596626.0)				
/ | scratch | karcher | fastqc | 240813_MG011_PRISMA_NovaSeq_final_for_Q | H5YFCDSXC_240813_MG_PRISMA_24s001116-1-1_Gross_lane1MG195 | H5YFCDSXC_240813_MG_PRISMA_24s001116-1-1_Gross_lane1MG195_1	(14.0, 1.0)	(15.0, 13.0)	(16.0, 46.0)	(17.0, 142.0)	(18.0, 323.0)	(19.0, 736.0)	(20.0, 1647.0)	(21.0, 3408.0)	(22.0, 7266.0)	(23.0, 15291.0)	(24.0, 30483.0)	(25.0, 62398.0)	(26.0, 116154.0)	(27.0, 211035.0)	(28.0, 344356.0)	(29.0, 528540.0)	(30.0, 746433.0)	(31.0, 1026612.0)	(32.0, 1377489.0)	(33.0, 1962343.0)	(34.0, 2695291.0)	(35.0, 5440026.0)	(36.0, 18114357.0)	(37.0, 974104.0)							
/ | scratch | karcher | fastqc | 240813_MG011_PRISMA_NovaSeq_final_for_Q | H5YFCDSXC_240813_MG_PRISMA_24s001116-1-1_Gross_lane1MG195 | H5YFCDSXC_240813_MG_PRISMA_24s001116-1-1_Gross_lane1MG195_2	(11.0, 10.0)	(12.0, 416.0)	(13.0, 1697.0)	(14.0, 2071.0)	(15.0, 1833.0)	(16.0, 1569.0)	(17.0, 1805.0)	(18.0, 2724.0)	(19.0, 5272.0)	(20.0, 11743.0)	(21.0, 25067.0)	(22.0, 46227.0)	(23.0, 78615.0)	(24.0, 113223.0)	(25.0, 130930.0)	(26.0, 147267.0)	(27.0, 193987.0)	(28.0, 256802.0)	(29.0, 353278.0)	(30.0, 487459.0)	(31.0, 712161.0)	(32.0, 1053884.0)	(33.0, 1745440.0)	(34.0, 3214233.0)	(35.0, 7770787.0)	(36.0, 16769341.0)	(37.0, 530653.0)				
/ | scratch | karcher | fastqc | 240813_MG011_PRISMA_NovaSeq_final_for_Q | H5YFCDSXC_240813_MG_PRISMA_24s001116-1-1_Gross_lane1MG196 | H5YFCDSXC_240813_MG_PRISMA_24s001116-1-1_Gross_lane1MG196_1	(14.0, 3.0)	(15.0, 23.0)	(16.0, 91.0)	(17.0, 253.0)	(18.0, 575.0)	(19.0, 1196.0)	(20.0, 2493.0)	(21.0, 4971.0)	(22.0, 9751.0)	(23.0, 18538.0)	(24.0, 34655.0)	(25.0, 66261.0)	(26.0, 118946.0)	(27.0, 211618.0)	(28.0, 342228.0)	(29.0, 527149.0)	(30.0, 748731.0)	(31.0, 1034777.0)	(32.0, 1369431.0)	(33.0, 1964362.0)	(34.0, 2845261.0)	(35.0, 5610850.0)	(36.0, 18802639.0)	(37.0, 1084141.0)							
/ | scratch | karcher | fastqc | 240813_MG011_PRISMA_NovaSeq_final_for_Q | H5YFCDSXC_240813_MG_PRISMA_24s001116-1-1_Gross_lane1MG196 | H5YFCDSXC_240813_MG_PRISMA_24s001116-1-1_Gross_lane1MG196_2	(11.0, 7.0)	(12.0, 282.0)	(13.0, 1292.0)	(14.0, 1794.0)	(15.0, 1839.0)	(16.0, 1768.0)	(17.0, 1901.0)	(18.0, 2871.0)	(19.0, 5290.0)	(20.0, 11851.0)	(21.0, 25312.0)	(22.0, 47321.0)	(23.0, 82834.0)	(24.0, 112648.0)	(25.0, 121198.0)	(26.0, 142887.0)	(27.0, 193036.0)	(28.0, 257624.0)	(29.0, 357310.0)	(30.0, 494074.0)	(31.0, 721260.0)	(32.0, 1068975.0)	(33.0, 1763495.0)	(34.0, 3229629.0)	(35.0, 7798666.0)	(36.0, 17752669.0)	(37.0, 601110.0)				
/ | scratch | karcher | fastqc | 240813_MG011_PRISMA_NovaSeq_final_for_Q | H5YFCDSXC_240813_MG_PRISMA_24s001116-1-1_Gross_lane1MG197 | H5YFCDSXC_240813_MG_PRISMA_24s001116-1-1_Gross_lane1MG197_1	(14.0, 1.0)	(15.0, 17.0)	(16.0, 55.0)	(17.0, 130.0)	(18.0, 331.0)	(19.0, 840.0)	(20.0, 1711.0)	(21.0, 3741.0)	(22.0, 7822.0)	(23.0, 16966.0)	(24.0, 34172.0)	(25.0, 69002.0)	(26.0, 129642.0)	(27.0, 234959.0)	(28.0, 381778.0)	(29.0, 586618.0)	(30.0, 825904.0)	(31.0, 1130006.0)	(32.0, 1482062.0)	(33.0, 2119892.0)	(34.0, 3002121.0)	(35.0, 6042110.0)	(36.0, 21469886.0)	(37.0, 1255900.0)							
/ | scratch | karcher | fastqc | 240813_MG011_PRISMA_NovaSeq_final_for_Q | H5YFCDSXC_240813_MG_PRISMA_24s001116-1-1_Gross_lane1MG197 | H5YFCDSXC_240813_MG_PRISMA_24s001116-1-1_Gross_lane1MG197_2	(11.0, 9.0)	(12.0, 290.0)	(13.0, 1414.0)	(14.0, 1871.0)	(15.0, 1736.0)	(16.0, 1517.0)	(17.0, 1641.0)	(18.0, 2308.0)	(19.0, 4227.0)	(20.0, 9123.0)	(21.0, 19932.0)	(22.0, 38725.0)	(23.0, 71128.0)	(24.0, 101079.0)	(25.0, 110993.0)	(26.0, 131364.0)	(27.0, 182000.0)	(28.0, 248976.0)	(29.0, 347358.0)	(30.0, 488689.0)	(31.0, 724097.0)	(32.0, 1086733.0)	(33.0, 1829290.0)	(34.0, 3454687.0)	(35.0, 8741468.0)	(36.0, 20532366.0)	(37.0, 662645.0)				
/ | scratch | karcher | fastqc | 240813_MG011_PRISMA_NovaSeq_final_for_Q | H5YFCDSXC_240813_MG_PRISMA_24s001116-1-1_Gross_lane1MG198 | H5YFCDSXC_240813_MG_PRISMA_24s001116-1-1_Gross_lane1MG198_1	(14.0, 1.0)	(15.0, 12.0)	(16.0, 73.0)	(17.0, 180.0)	(18.0, 418.0)	(19.0, 945.0)	(20.0, 1996.0)	(21.0, 4495.0)	(22.0, 8897.0)	(23.0, 18437.0)	(24.0, 36480.0)	(25.0, 71578.0)	(26.0, 128316.0)	(27.0, 226728.0)	(28.0, 359050.0)	(29.0, 542485.0)	(30.0, 751579.0)	(31.0, 1023511.0)	(32.0, 1413161.0)	(33.0, 1829980.0)	(34.0, 2607856.0)	(35.0, 5287626.0)	(36.0, 17828528.0)	(37.0, 1015254.0)							
/ | scratch | karcher | fastqc | 240813_MG011_PRISMA_NovaSeq_final_for_Q | H5YFCDSXC_240813_MG_PRISMA_24s001116-1-1_Gross_lane1MG198 | H5YFCDSXC_240813_MG_PRISMA_24s001116-1-1_Gross_lane1MG198_2	(11.0, 3.0)	(12.0, 272.0)	(13.0, 1291.0)	(14.0, 1947.0)	(15.0, 1872.0)	(16.0, 1770.0)	(17.0, 1872.0)	(18.0, 2644.0)	(19.0, 5126.0)	(20.0, 10885.0)	(21.0, 24213.0)	(22.0, 46058.0)	(23.0, 81093.0)	(24.0, 111251.0)	(25.0, 127879.0)	(26.0, 155096.0)	(27.0, 208217.0)	(28.0, 276542.0)	(29.0, 378754.0)	(30.0, 521808.0)	(31.0, 753269.0)	(32.0, 1110335.0)	(33.0, 1821849.0)	(34.0, 3313631.0)	(35.0, 7814049.0)	(36.0, 15927174.0)	(37.0, 458686.0)				
/ | scratch | karcher | fastqc | 240813_MG011_PRISMA_NovaSeq_final_for_Q | H5YFCDSXC_240813_MG_PRISMA_24s001116-1-1_Gross_lane1MG199 | H5YFCDSXC_240813_MG_PRISMA_24s001116-1-1_Gross_lane1MG199_1	(14.0, 3.0)	(15.0, 10.0)	(16.0, 62.0)	(17.0, 191.0)	(18.0, 490.0)	(19.0, 1132.0)	(20.0, 2335.0)	(21.0, 4839.0)	(22.0, 10184.0)	(23.0, 20826.0)	(24.0, 40934.0)	(25.0, 80402.0)	(26.0, 143532.0)	(27.0, 253270.0)	(28.0, 399328.0)	(29.0, 598872.0)	(30.0, 829840.0)	(31.0, 1119481.0)	(32.0, 1442748.0)	(33.0, 1986801.0)	(34.0, 2980618.0)	(35.0, 5946896.0)	(36.0, 20364649.0)	(37.0, 1198992.0)							
/ | scratch | karcher | fastqc | 240813_MG011_PRISMA_NovaSeq_final_for_Q | H5YFCDSXC_240813_MG_PRISMA_24s001116-1-1_Gross_lane1MG199 | H5YFCDSXC_240813_MG_PRISMA_24s001116-1-1_Gross_lane1MG199_2	(11.0, 5.0)	(12.0, 364.0)	(13.0, 1774.0)	(14.0, 2447.0)	(15.0, 2158.0)	(16.0, 1975.0)	(17.0, 2116.0)	(18.0, 2654.0)	(19.0, 4911.0)	(20.0, 10497.0)	(21.0, 22644.0)	(22.0, 42955.0)	(23.0, 74824.0)	(24.0, 107185.0)	(25.0, 127476.0)	(26.0, 145460.0)	(27.0, 190925.0)	(28.0, 254190.0)	(29.0, 349006.0)	(30.0, 483834.0)	(31.0, 707114.0)	(32.0, 1048489.0)	(33.0, 1741709.0)	(34.0, 3228355.0)	(35.0, 8056184.0)	(36.0, 20048877.0)	(37.0, 768307.0)				
/ | scratch | karcher | fastqc | 240813_MG011_PRISMA_NovaSeq_final_for_Q | H5YFCDSXC_240813_MG_PRISMA_24s001116-1-1_Gross_lane1MG200 | H5YFCDSXC_240813_MG_PRISMA_24s001116-1-1_Gross_lane1MG200_1	(14.0, 4.0)	(15.0, 18.0)	(16.0, 69.0)	(17.0, 187.0)	(18.0, 402.0)	(19.0, 855.0)	(20.0, 1776.0)	(21.0, 3829.0)	(22.0, 7256.0)	(23.0, 13999.0)	(24.0, 24973.0)	(25.0, 46452.0)	(26.0, 83397.0)	(27.0, 148454.0)	(28.0, 244579.0)	(29.0, 387382.0)	(30.0, 566153.0)	(31.0, 804966.0)	(32.0, 1095840.0)	(33.0, 1615717.0)	(34.0, 2396816.0)	(35.0, 4665060.0)	(36.0, 14538430.0)	(37.0, 838580.0)							
/ | scratch | karcher | fastqc | 240813_MG011_PRISMA_NovaSeq_final_for_Q | H5YFCDSXC_240813_MG_PRISMA_24s001116-1-1_Gross_lane1MG200 | H5YFCDSXC_240813_MG_PRISMA_24s001116-1-1_Gross_lane1MG200_2	(11.0, 2.0)	(12.0, 150.0)	(13.0, 994.0)	(14.0, 1786.0)	(15.0, 2040.0)	(16.0, 1940.0)	(17.0, 2247.0)	(18.0, 2981.0)	(19.0, 5544.0)	(20.0, 11661.0)	(21.0, 25332.0)	(22.0, 50089.0)	(23.0, 94749.0)	(24.0, 112500.0)	(25.0, 102917.0)	(26.0, 124506.0)	(27.0, 170885.0)	(28.0, 227227.0)	(29.0, 313844.0)	(30.0, 436123.0)	(31.0, 632202.0)	(32.0, 932657.0)	(33.0, 1514740.0)	(34.0, 2676420.0)	(35.0, 6092731.0)	(36.0, 13436194.0)	(37.0, 512733.0)				
/ | scratch | karcher | fastqc | 240813_MG011_PRISMA_NovaSeq_final_for_Q | H5YFCDSXC_240813_MG_PRISMA_24s001116-1-1_Gross_lane1MG201 | H5YFCDSXC_240813_MG_PRISMA_24s001116-1-1_Gross_lane1MG201_1	(13.0, 1.0)	(14.0, 5.0)	(15.0, 15.0)	(16.0, 63.0)	(17.0, 189.0)	(18.0, 464.0)	(19.0, 1029.0)	(20.0, 2098.0)	(21.0, 4472.0)	(22.0, 9396.0)	(23.0, 19056.0)	(24.0, 35566.0)	(25.0, 70226.0)	(26.0, 125050.0)	(27.0, 219852.0)	(28.0, 347994.0)	(29.0, 528589.0)	(30.0, 736101.0)	(31.0, 1003580.0)	(32.0, 1303323.0)	(33.0, 1816331.0)	(34.0, 2673631.0)	(35.0, 5124704.0)	(36.0, 16524087.0)	(37.0, 994179.0)						
/ | scratch | karcher | fastqc | 240813_MG011_PRISMA_NovaSeq_final_for_Q | H5YFCDSXC_240813_MG_PRISMA_24s001116-1-1_Gross_lane1MG201 | H5YFCDSXC_240813_MG_PRISMA_24s001116-1-1_Gross_lane1MG201_2	(11.0, 12.0)	(12.0, 424.0)	(13.0, 1782.0)	(14.0, 2381.0)	(15.0, 2110.0)	(16.0, 1907.0)	(17.0, 2093.0)	(18.0, 3052.0)	(19.0, 6067.0)	(20.0, 13993.0)	(21.0, 30906.0)	(22.0, 56439.0)	(23.0, 93669.0)	(24.0, 131138.0)	(25.0, 152628.0)	(26.0, 174176.0)	(27.0, 228447.0)	(28.0, 296041.0)	(29.0, 398913.0)	(30.0, 538548.0)	(31.0, 763932.0)	(32.0, 1093409.0)	(33.0, 1738402.0)	(34.0, 3036155.0)	(35.0, 6899333.0)	(36.0, 15322175.0)	(37.0, 551869.0)				
/ | scratch | karcher | fastqc | 240813_MG011_PRISMA_NovaSeq_final_for_Q | H5YFCDSXC_240813_MG_PRISMA_24s001116-1-1_Gross_lane1MG202 | H5YFCDSXC_240813_MG_PRISMA_24s001116-1-1_Gross_lane1MG202_1	(15.0, 15.0)	(16.0, 69.0)	(17.0, 217.0)	(18.0, 451.0)	(19.0, 919.0)	(20.0, 2068.0)	(21.0, 4387.0)	(22.0, 9107.0)	(23.0, 18382.0)	(24.0, 35434.0)	(25.0, 70221.0)	(26.0, 126751.0)	(27.0, 223956.0)	(28.0, 354339.0)	(29.0, 536219.0)	(30.0, 744722.0)	(31.0, 1030745.0)	(32.0, 1435395.0)	(33.0, 1793734.0)	(34.0, 2596364.0)	(35.0, 5206582.0)	(36.0, 18085524.0)	(37.0, 1144895.0)								
/ | scratch | karcher | fastqc | 240813_MG011_PRISMA_NovaSeq_final_for_Q | H5YFCDSXC_240813_MG_PRISMA_24s001116-1-1_Gross_lane1MG202 | H5YFCDSXC_240813_MG_PRISMA_24s001116-1-1_Gross_lane1MG202_2	(11.0, 7.0)	(12.0, 270.0)	(13.0, 1193.0)	(14.0, 1741.0)	(15.0, 1658.0)	(16.0, 1520.0)	(17.0, 1690.0)	(18.0, 2380.0)	(19.0, 4581.0)	(20.0, 10157.0)	(21.0, 22166.0)	(22.0, 43059.0)	(23.0, 76278.0)	(24.0, 102942.0)	(25.0, 117243.0)	(26.0, 144288.0)	(27.0, 196568.0)	(28.0, 262647.0)	(29.0, 363136.0)	(30.0, 500695.0)	(31.0, 724400.0)	(32.0, 1064712.0)	(33.0, 1736216.0)	(34.0, 3131979.0)	(35.0, 7462927.0)	(36.0, 16874006.0)	(37.0, 572037.0)				
/ | scratch | karcher | fastqc | 240813_MG011_PRISMA_NovaSeq_final_for_Q | H5YFCDSXC_240813_MG_PRISMA_24s001116-1-1_Gross_lane1MG203 | H5YFCDSXC_240813_MG_PRISMA_24s001116-1-1_Gross_lane1MG203_1	(14.0, 3.0)	(15.0, 23.0)	(16.0, 94.0)	(17.0, 192.0)	(18.0, 483.0)	(19.0, 968.0)	(20.0, 1976.0)	(21.0, 4046.0)	(22.0, 7756.0)	(23.0, 15209.0)	(24.0, 28675.0)	(25.0, 54869.0)	(26.0, 100418.0)	(27.0, 181494.0)	(28.0, 295610.0)	(29.0, 458136.0)	(30.0, 653089.0)	(31.0, 904661.0)	(32.0, 1190121.0)	(33.0, 1664898.0)	(34.0, 2515694.0)	(35.0, 4914487.0)	(36.0, 17332602.0)	(37.0, 1175623.0)							
/ | scratch | karcher | fastqc | 240813_MG011_PRISMA_NovaSeq_final_for_Q | H5YFCDSXC_240813_MG_PRISMA_24s001116-1-1_Gross_lane1MG203 | H5YFCDSXC_240813_MG_PRISMA_24s001116-1-1_Gross_lane1MG203_2	(11.0, 2.0)	(12.0, 169.0)	(13.0, 1002.0)	(14.0, 1810.0)	(15.0, 2211.0)	(16.0, 2072.0)	(17.0, 2322.0)	(18.0, 2831.0)	(19.0, 4590.0)	(20.0, 8846.0)	(21.0, 18175.0)	(22.0, 34421.0)	(23.0, 61387.0)	(24.0, 76095.0)	(25.0, 76614.0)	(26.0, 94473.0)	(27.0, 131711.0)	(28.0, 180079.0)	(29.0, 254507.0)	(30.0, 359838.0)	(31.0, 534170.0)	(32.0, 808483.0)	(33.0, 1360605.0)	(34.0, 2552616.0)	(35.0, 6482091.0)	(36.0, 17677418.0)	(37.0, 772589.0)				
/ | scratch | karcher | fastqc | 240813_MG011_PRISMA_NovaSeq_final_for_Q | H5YFCDSXC_240813_MG_PRISMA_24s001116-1-1_Gross_lane1MG204 | H5YFCDSXC_240813_MG_PRISMA_24s001116-1-1_Gross_lane1MG204_1	(14.0, 6.0)	(15.0, 57.0)	(16.0, 201.0)	(17.0, 410.0)	(18.0, 809.0)	(19.0, 1403.0)	(20.0, 2644.0)	(21.0, 5058.0)	(22.0, 9224.0)	(23.0, 17280.0)	(24.0, 31319.0)	(25.0, 58179.0)	(26.0, 104328.0)	(27.0, 183267.0)	(28.0, 295377.0)	(29.0, 455447.0)	(30.0, 647731.0)	(31.0, 903608.0)	(32.0, 1283253.0)	(33.0, 1753174.0)	(34.0, 2391782.0)	(35.0, 4797954.0)	(36.0, 16661505.0)	(37.0, 1062257.0)							
/ | scratch | karcher | fastqc | 240813_MG011_PRISMA_NovaSeq_final_for_Q | H5YFCDSXC_240813_MG_PRISMA_24s001116-1-1_Gross_lane1MG204 | H5YFCDSXC_240813_MG_PRISMA_24s001116-1-1_Gross_lane1MG204_2	(11.0, 4.0)	(12.0, 144.0)	(13.0, 845.0)	(14.0, 1591.0)	(15.0, 1792.0)	(16.0, 1891.0)	(17.0, 2264.0)	(18.0, 3285.0)	(19.0, 6177.0)	(20.0, 12471.0)	(21.0, 25186.0)	(22.0, 47391.0)	(23.0, 83330.0)	(24.0, 94011.0)	(25.0, 100357.0)	(26.0, 127232.0)	(27.0, 175937.0)	(28.0, 238268.0)	(29.0, 332867.0)	(30.0, 463557.0)	(31.0, 679884.0)	(32.0, 1005557.0)	(33.0, 1656380.0)	(34.0, 3005186.0)	(35.0, 7073556.0)	(36.0, 15066115.0)	(37.0, 460995.0)				
/ | scratch | karcher | fastqc | 240813_MG011_PRISMA_NovaSeq_final_for_Q | H5YFCDSXC_240813_MG_PRISMA_24s001116-1-1_Gross_lane1MG205 | H5YFCDSXC_240813_MG_PRISMA_24s001116-1-1_Gross_lane1MG205_1	(14.0, 7.0)	(15.0, 71.0)	(16.0, 253.0)	(17.0, 563.0)	(18.0, 1018.0)	(19.0, 1779.0)	(20.0, 3369.0)	(21.0, 6452.0)	(22.0, 12178.0)	(23.0, 24342.0)	(24.0, 46623.0)	(25.0, 89340.0)	(26.0, 160038.0)	(27.0, 278234.0)	(28.0, 437579.0)	(29.0, 654493.0)	(30.0, 902996.0)	(31.0, 1218571.0)	(32.0, 1568807.0)	(33.0, 2159628.0)	(34.0, 3220279.0)	(35.0, 6323606.0)	(36.0, 21408533.0)	(37.0, 1352299.0)							
/ | scratch | karcher | fastqc | 240813_MG011_PRISMA_NovaSeq_final_for_Q | H5YFCDSXC_240813_MG_PRISMA_24s001116-1-1_Gross_lane1MG205 | H5YFCDSXC_240813_MG_PRISMA_24s001116-1-1_Gross_lane1MG205_2	(11.0, 7.0)	(12.0, 375.0)	(13.0, 2017.0)	(14.0, 2833.0)	(15.0, 2731.0)	(16.0, 2507.0)	(17.0, 2537.0)	(18.0, 3190.0)	(19.0, 5486.0)	(20.0, 10842.0)	(21.0, 22906.0)	(22.0, 42445.0)	(23.0, 74563.0)	(24.0, 104459.0)	(25.0, 116012.0)	(26.0, 134897.0)	(27.0, 182069.0)	(28.0, 243693.0)	(29.0, 337367.0)	(30.0, 467005.0)	(31.0, 682609.0)	(32.0, 1012618.0)	(33.0, 1677189.0)	(34.0, 3094319.0)	(35.0, 7823715.0)	(36.0, 22656090.0)	(37.0, 1166577.0)				
/ | scratch | karcher | fastqc | 240813_MG011_PRISMA_NovaSeq_final_for_Q | H5YFCDSXC_240813_MG_PRISMA_24s001116-1-1_Gross_lane1MG206 | H5YFCDSXC_240813_MG_PRISMA_24s001116-1-1_Gross_lane1MG206_1	(13.0, 1.0)	(14.0, 7.0)	(15.0, 55.0)	(16.0, 158.0)	(17.0, 342.0)	(18.0, 693.0)	(19.0, 1440.0)	(20.0, 2869.0)	(21.0, 5963.0)	(22.0, 12461.0)	(23.0, 26087.0)	(24.0, 52040.0)	(25.0, 103161.0)	(26.0, 185662.0)	(27.0, 324235.0)	(28.0, 510521.0)	(29.0, 760618.0)	(30.0, 1046907.0)	(31.0, 1421353.0)	(32.0, 1982106.0)	(33.0, 2474572.0)	(34.0, 3544843.0)	(35.0, 7307074.0)	(36.0, 24056934.0)	(37.0, 1151115.0)						
/ | scratch | karcher | fastqc | 240813_MG011_PRISMA_NovaSeq_final_for_Q | H5YFCDSXC_240813_MG_PRISMA_24s001116-1-1_Gross_lane1MG206 | H5YFCDSXC_240813_MG_PRISMA_24s001116-1-1_Gross_lane1MG206_2	(12.0, 158.0)	(13.0, 1039.0)	(14.0, 1810.0)	(15.0, 2059.0)	(16.0, 2041.0)	(17.0, 2379.0)	(18.0, 3410.0)	(19.0, 6142.0)	(20.0, 11789.0)	(21.0, 23716.0)	(22.0, 45419.0)	(23.0, 83760.0)	(24.0, 109137.0)	(25.0, 114269.0)	(26.0, 139442.0)	(27.0, 193046.0)	(28.0, 262158.0)	(29.0, 369192.0)	(30.0, 521446.0)	(31.0, 780135.0)	(32.0, 1193173.0)	(33.0, 2044309.0)	(34.0, 3945111.0)	(35.0, 10200244.0)	(36.0, 24144418.0)	(37.0, 771415.0)					
/ | scratch | karcher | fastqc | 240813_MG011_PRISMA_NovaSeq_final_for_Q | H5YFCDSXC_240813_MG_PRISMA_24s001116-1-1_Gross_lane1MG207 | H5YFCDSXC_240813_MG_PRISMA_24s001116-1-1_Gross_lane1MG207_1	(14.0, 3.0)	(15.0, 12.0)	(16.0, 40.0)	(17.0, 131.0)	(18.0, 313.0)	(19.0, 700.0)	(20.0, 1422.0)	(21.0, 3098.0)	(22.0, 6343.0)	(23.0, 13290.0)	(24.0, 27543.0)	(25.0, 56484.0)	(26.0, 105134.0)	(27.0, 189318.0)	(28.0, 304111.0)	(29.0, 463238.0)	(30.0, 644103.0)	(31.0, 869435.0)	(32.0, 1120166.0)	(33.0, 1544382.0)	(34.0, 2310534.0)	(35.0, 4617510.0)	(36.0, 15592932.0)	(37.0, 833168.0)							
/ | scratch | karcher | fastqc | 240813_MG011_PRISMA_NovaSeq_final_for_Q | H5YFCDSXC_240813_MG_PRISMA_24s001116-1-1_Gross_lane1MG207 | H5YFCDSXC_240813_MG_PRISMA_24s001116-1-1_Gross_lane1MG207_2	(11.0, 7.0)	(12.0, 183.0)	(13.0, 984.0)	(14.0, 1564.0)	(15.0, 1633.0)	(16.0, 1516.0)	(17.0, 1733.0)	(18.0, 2267.0)	(19.0, 3830.0)	(20.0, 7517.0)	(21.0, 15434.0)	(22.0, 29225.0)	(23.0, 54012.0)	(24.0, 68840.0)	(25.0, 69958.0)	(26.0, 84918.0)	(27.0, 118096.0)	(28.0, 162188.0)	(29.0, 231505.0)	(30.0, 327657.0)	(31.0, 489769.0)	(32.0, 745693.0)	(33.0, 1270977.0)	(34.0, 2430623.0)	(35.0, 6287190.0)	(36.0, 15743052.0)	(37.0, 553039.0)				
/ | scratch | karcher | fastqc | 240813_MG011_PRISMA_NovaSeq_final_for_Q | H5YFCDSXC_240813_MG_PRISMA_24s001116-1-1_Gross_lane1MG208 | H5YFCDSXC_240813_MG_PRISMA_24s001116-1-1_Gross_lane1MG208_1	(14.0, 2.0)	(15.0, 13.0)	(16.0, 63.0)	(17.0, 133.0)	(18.0, 316.0)	(19.0, 731.0)	(20.0, 1535.0)	(21.0, 3251.0)	(22.0, 6894.0)	(23.0, 15467.0)	(24.0, 32162.0)	(25.0, 67555.0)	(26.0, 128156.0)	(27.0, 231704.0)	(28.0, 372933.0)	(29.0, 567211.0)	(30.0, 788765.0)	(31.0, 1058414.0)	(32.0, 1357349.0)	(33.0, 1843537.0)	(34.0, 2753420.0)	(35.0, 5642485.0)	(36.0, 19907821.0)	(37.0, 1124064.0)							
/ | scratch | karcher | fastqc | 240813_MG011_PRISMA_NovaSeq_final_for_Q | H5YFCDSXC_240813_MG_PRISMA_24s001116-1-1_Gross_lane1MG208 | H5YFCDSXC_240813_MG_PRISMA_24s001116-1-1_Gross_lane1MG208_2	(11.0, 4.0)	(12.0, 304.0)	(13.0, 1352.0)	(14.0, 1802.0)	(15.0, 1625.0)	(16.0, 1468.0)	(17.0, 1604.0)	(18.0, 2148.0)	(19.0, 3831.0)	(20.0, 7683.0)	(21.0, 16825.0)	(22.0, 33123.0)	(23.0, 62425.0)	(24.0, 86927.0)	(25.0, 96895.0)	(26.0, 118754.0)	(27.0, 164676.0)	(28.0, 224515.0)	(29.0, 314340.0)	(30.0, 441758.0)	(31.0, 654482.0)	(32.0, 984003.0)	(33.0, 1669204.0)	(34.0, 3178866.0)	(35.0, 8191631.0)	(36.0, 19049426.0)	(37.0, 594310.0)				
/ | scratch | karcher | fastqc | 240813_MG011_PRISMA_NovaSeq_final_for_Q | H5YFCDSXC_240813_MG_PRISMA_24s001116-1-1_Gross_lane1MG209 | H5YFCDSXC_240813_MG_PRISMA_24s001116-1-1_Gross_lane1MG209_1	(14.0, 4.0)	(15.0, 27.0)	(16.0, 84.0)	(17.0, 263.0)	(18.0, 580.0)	(19.0, 1136.0)	(20.0, 2228.0)	(21.0, 4538.0)	(22.0, 8861.0)	(23.0, 17748.0)	(24.0, 33868.0)	(25.0, 65580.0)	(26.0, 120915.0)	(27.0, 216338.0)	(28.0, 349512.0)	(29.0, 539348.0)	(30.0, 761177.0)	(31.0, 1045718.0)	(32.0, 1376269.0)	(33.0, 1952861.0)	(34.0, 2910619.0)	(35.0, 5773806.0)	(36.0, 19600209.0)	(37.0, 1139731.0)							
/ | scratch | karcher | fastqc | 240813_MG011_PRISMA_NovaSeq_final_for_Q | H5YFCDSXC_240813_MG_PRISMA_24s001116-1-1_Gross_lane1MG209 | H5YFCDSXC_240813_MG_PRISMA_24s001116-1-1_Gross_lane1MG209_2	(11.0, 3.0)	(12.0, 170.0)	(13.0, 1051.0)	(14.0, 1764.0)	(15.0, 1903.0)	(16.0, 1960.0)	(17.0, 2309.0)	(18.0, 3409.0)	(19.0, 6766.0)	(20.0, 14006.0)	(21.0, 29499.0)	(22.0, 54908.0)	(23.0, 96787.0)	(24.0, 116881.0)	(25.0, 126534.0)	(26.0, 157722.0)	(27.0, 215716.0)	(28.0, 288484.0)	(29.0, 401254.0)	(30.0, 554864.0)	(31.0, 810828.0)	(32.0, 1196659.0)	(33.0, 1972489.0)	(34.0, 3588037.0)	(35.0, 8438294.0)	(36.0, 17340706.0)	(37.0, 498417.0)				
/ | scratch | karcher | fastqc | 240813_MG011_PRISMA_NovaSeq_final_for_Q | H5YFCDSXC_240813_MG_PRISMA_24s001116-1-1_Gross_lane1MG210 | H5YFCDSXC_240813_MG_PRISMA_24s001116-1-1_Gross_lane1MG210_1	(14.0, 4.0)	(15.0, 28.0)	(16.0, 107.0)	(17.0, 335.0)	(18.0, 769.0)	(19.0, 1508.0)	(20.0, 3167.0)	(21.0, 6337.0)	(22.0, 12092.0)	(23.0, 23800.0)	(24.0, 44666.0)	(25.0, 83941.0)	(26.0, 149255.0)	(27.0, 258054.0)	(28.0, 405512.0)	(29.0, 610578.0)	(30.0, 848187.0)	(31.0, 1166792.0)	(32.0, 1603652.0)	(33.0, 2045628.0)	(34.0, 2925765.0)	(35.0, 5819179.0)	(36.0, 20029196.0)	(37.0, 1303411.0)							
/ | scratch | karcher | fastqc | 240813_MG011_PRISMA_NovaSeq_final_for_Q | H5YFCDSXC_240813_MG_PRISMA_24s001116-1-1_Gross_lane1MG210 | H5YFCDSXC_240813_MG_PRISMA_24s001116-1-1_Gross_lane1MG210_2	(11.0, 5.0)	(12.0, 253.0)	(13.0, 1602.0)	(14.0, 2617.0)	(15.0, 2738.0)	(16.0, 2479.0)	(17.0, 2731.0)	(18.0, 3597.0)	(19.0, 6614.0)	(20.0, 13929.0)	(21.0, 29352.0)	(22.0, 55048.0)	(23.0, 95471.0)	(24.0, 121830.0)	(25.0, 138384.0)	(26.0, 173775.0)	(27.0, 234855.0)	(28.0, 313004.0)	(29.0, 430722.0)	(30.0, 592650.0)	(31.0, 854790.0)	(32.0, 1254573.0)	(33.0, 2045738.0)	(34.0, 3676155.0)	(35.0, 8571095.0)	(36.0, 18153001.0)	(37.0, 564955.0)				
/ | scratch | karcher | fastqc | 240813_MG011_PRISMA_NovaSeq_final_for_Q | H5YFCDSXC_240813_MG_PRISMA_24s001116-1-1_Gross_lane1MG211 | H5YFCDSXC_240813_MG_PRISMA_24s001116-1-1_Gross_lane1MG211_2	(11.0, 6.0)	(12.0, 182.0)	(13.0, 853.0)	(14.0, 1137.0)	(15.0, 1117.0)	(16.0, 1021.0)	(17.0, 1118.0)	(18.0, 1730.0)	(19.0, 3407.0)	(20.0, 7554.0)	(21.0, 17457.0)	(22.0, 34301.0)	(23.0, 58150.0)	(24.0, 84900.0)	(25.0, 113206.0)	(26.0, 134818.0)	(27.0, 177378.0)	(28.0, 238657.0)	(29.0, 333520.0)	(30.0, 467097.0)	(31.0, 689285.0)	(32.0, 1035596.0)	(33.0, 1738722.0)	(34.0, 3275610.0)	(35.0, 8489379.0)	(36.0, 23624174.0)	(37.0, 992585.0)				
/ | scratch | karcher | fastqc | 240813_MG011_PRISMA_NovaSeq_final_for_Q | H5YFCDSXC_240813_MG_PRISMA_24s001116-1-1_Gross_lane1MG212 | H5YFCDSXC_240813_MG_PRISMA_24s001116-1-1_Gross_lane1MG212_1	(14.0, 5.0)	(15.0, 34.0)	(16.0, 126.0)	(17.0, 303.0)	(18.0, 664.0)	(19.0, 1316.0)	(20.0, 2843.0)	(21.0, 5478.0)	(22.0, 10052.0)	(23.0, 18203.0)	(24.0, 31636.0)	(25.0, 58072.0)	(26.0, 101070.0)	(27.0, 177942.0)	(28.0, 288817.0)	(29.0, 449101.0)	(30.0, 648630.0)	(31.0, 915933.0)	(32.0, 1239406.0)	(33.0, 1821763.0)	(34.0, 2600193.0)	(35.0, 5043942.0)	(36.0, 16628620.0)	(37.0, 1050224.0)							
/ | scratch | karcher | fastqc | 240813_MG011_PRISMA_NovaSeq_final_for_Q | H5YFCDSXC_240813_MG_PRISMA_24s001116-1-1_Gross_lane1MG212 | H5YFCDSXC_240813_MG_PRISMA_24s001116-1-1_Gross_lane1MG212_2	(11.0, 4.0)	(12.0, 225.0)	(13.0, 1164.0)	(14.0, 1926.0)	(15.0, 1901.0)	(16.0, 1955.0)	(17.0, 2176.0)	(18.0, 2900.0)	(19.0, 5617.0)	(20.0, 12214.0)	(21.0, 26143.0)	(22.0, 48961.0)	(23.0, 84155.0)	(24.0, 109167.0)	(25.0, 114832.0)	(26.0, 135743.0)	(27.0, 181826.0)	(28.0, 239298.0)	(29.0, 326685.0)	(30.0, 448868.0)	(31.0, 649119.0)	(32.0, 951939.0)	(33.0, 1552368.0)	(34.0, 2803046.0)	(35.0, 6658314.0)	(36.0, 16075393.0)	(37.0, 658434.0)				
/ | scratch | karcher | fastqc | 240813_MG011_PRISMA_NovaSeq_final_for_Q | H5YFCDSXC_240813_MG_PRISMA_24s001116-1-1_Gross_lane1MG213 | H5YFCDSXC_240813_MG_PRISMA_24s001116-1-1_Gross_lane1MG213_1	(14.0, 4.0)	(15.0, 12.0)	(16.0, 64.0)	(17.0, 201.0)	(18.0, 404.0)	(19.0, 964.0)	(20.0, 1948.0)	(21.0, 4065.0)	(22.0, 8242.0)	(23.0, 16377.0)	(24.0, 31941.0)	(25.0, 62810.0)	(26.0, 113793.0)	(27.0, 204140.0)	(28.0, 331382.0)	(29.0, 510105.0)	(30.0, 728747.0)	(31.0, 1016572.0)	(32.0, 1353766.0)	(33.0, 1938959.0)	(34.0, 2967427.0)	(35.0, 6000252.0)	(36.0, 21105122.0)	(37.0, 1314684.0)							
/ | scratch | karcher | fastqc | 240813_MG011_PRISMA_NovaSeq_final_for_Q | H5YFCDSXC_240813_MG_PRISMA_24s001116-1-1_Gross_lane1MG213 | H5YFCDSXC_240813_MG_PRISMA_24s001116-1-1_Gross_lane1MG213_2	(11.0, 2.0)	(12.0, 165.0)	(13.0, 1083.0)	(14.0, 1954.0)	(15.0, 2138.0)	(16.0, 2022.0)	(17.0, 2232.0)	(18.0, 2980.0)	(19.0, 5271.0)	(20.0, 10929.0)	(21.0, 23130.0)	(22.0, 45591.0)	(23.0, 85314.0)	(24.0, 94384.0)	(25.0, 94188.0)	(26.0, 119042.0)	(27.0, 163898.0)	(28.0, 221903.0)	(29.0, 309672.0)	(30.0, 435844.0)	(31.0, 646118.0)	(32.0, 972902.0)	(33.0, 1641106.0)	(34.0, 3100287.0)	(35.0, 7956693.0)	(36.0, 20930913.0)	(37.0, 842220.0)				
/ | scratch | karcher | fastqc | 240813_MG011_PRISMA_NovaSeq_final_for_Q | H5YFCDSXC_240813_MG_PRISMA_24s001116-1-1_Gross_lane1MG214 | H5YFCDSXC_240813_MG_PRISMA_24s001116-1-1_Gross_lane1MG214_1	(14.0, 2.0)	(15.0, 25.0)	(16.0, 95.0)	(17.0, 210.0)	(18.0, 535.0)	(19.0, 1164.0)	(20.0, 2468.0)	(21.0, 5355.0)	(22.0, 11177.0)	(23.0, 23696.0)	(24.0, 47226.0)	(25.0, 92987.0)	(26.0, 165469.0)	(27.0, 287745.0)	(28.0, 452183.0)	(29.0, 676185.0)	(30.0, 935384.0)	(31.0, 1298024.0)	(32.0, 1850956.0)	(33.0, 2215451.0)	(34.0, 3176303.0)	(35.0, 6472609.0)	(36.0, 23114241.0)	(37.0, 1421576.0)							
/ | scratch | karcher | fastqc | 240813_MG011_PRISMA_NovaSeq_final_for_Q | H5YFCDSXC_240813_MG_PRISMA_24s001116-1-1_Gross_lane1MG214 | H5YFCDSXC_240813_MG_PRISMA_24s001116-1-1_Gross_lane1MG214_2	(11.0, 2.0)	(12.0, 268.0)	(13.0, 1563.0)	(14.0, 2352.0)	(15.0, 2405.0)	(16.0, 2290.0)	(17.0, 2473.0)	(18.0, 3255.0)	(19.0, 5971.0)	(20.0, 12095.0)	(21.0, 24688.0)	(22.0, 47409.0)	(23.0, 84613.0)	(24.0, 114184.0)	(25.0, 124748.0)	(26.0, 147381.0)	(27.0, 199496.0)	(28.0, 267570.0)	(29.0, 373409.0)	(30.0, 519431.0)	(31.0, 763817.0)	(32.0, 1149527.0)	(33.0, 1928563.0)	(34.0, 3636084.0)	(35.0, 9194794.0)	(36.0, 22794463.0)	(37.0, 848215.0)				
/ | scratch | karcher | fastqc | 240813_MG011_PRISMA_NovaSeq_final_for_Q | H5YFCDSXC_240813_MG_PRISMA_24s001116-1-1_Gross_lane1MG215 | H5YFCDSXC_240813_MG_PRISMA_24s001116-1-1_Gross_lane1MG215_1	(14.0, 2.0)	(15.0, 33.0)	(16.0, 127.0)	(17.0, 308.0)	(18.0, 665.0)	(19.0, 1335.0)	(20.0, 2720.0)	(21.0, 5713.0)	(22.0, 11100.0)	(23.0, 20907.0)	(24.0, 38610.0)	(25.0, 73126.0)	(26.0, 129910.0)	(27.0, 228217.0)	(28.0, 363157.0)	(29.0, 552060.0)	(30.0, 772621.0)	(31.0, 1059302.0)	(32.0, 1385579.0)	(33.0, 1959926.0)	(34.0, 2887721.0)	(35.0, 5583100.0)	(36.0, 19145596.0)	(37.0, 1263965.0)							
/ | scratch | karcher | fastqc | 240813_MG011_PRISMA_NovaSeq_final_for_Q | H5YFCDSXC_240813_MG_PRISMA_24s001116-1-1_Gross_lane1MG215 | H5YFCDSXC_240813_MG_PRISMA_24s001116-1-1_Gross_lane1MG215_2	(11.0, 4.0)	(12.0, 139.0)	(13.0, 928.0)	(14.0, 1778.0)	(15.0, 2108.0)	(16.0, 2113.0)	(17.0, 2360.0)	(18.0, 3380.0)	(19.0, 6206.0)	(20.0, 13041.0)	(21.0, 26816.0)	(22.0, 49646.0)	(23.0, 85387.0)	(24.0, 103651.0)	(25.0, 112103.0)	(26.0, 140777.0)	(27.0, 192542.0)	(28.0, 258674.0)	(29.0, 357296.0)	(30.0, 495714.0)	(31.0, 722492.0)	(32.0, 1068263.0)	(33.0, 1750673.0)	(34.0, 3179263.0)	(35.0, 7640608.0)	(36.0, 18555356.0)	(37.0, 714482.0)				
/ | scratch | karcher | fastqc | 240813_MG011_PRISMA_NovaSeq_final_for_Q | H5YFCDSXC_240813_MG_PRISMA_24s001116-1-1_Gross_lane1MG216 | H5YFCDSXC_240813_MG_PRISMA_24s001116-1-1_Gross_lane1MG216_1	(14.0, 4.0)	(15.0, 24.0)	(16.0, 56.0)	(17.0, 259.0)	(18.0, 536.0)	(19.0, 1152.0)	(20.0, 2325.0)	(21.0, 4784.0)	(22.0, 9710.0)	(23.0, 20245.0)	(24.0, 39295.0)	(25.0, 76031.0)	(26.0, 135153.0)	(27.0, 234929.0)	(28.0, 372217.0)	(29.0, 558411.0)	(30.0, 775838.0)	(31.0, 1056567.0)	(32.0, 1444402.0)	(33.0, 1940494.0)	(34.0, 2665989.0)	(35.0, 5338431.0)	(36.0, 17687831.0)	(37.0, 1017324.0)							
/ | scratch | karcher | fastqc | 240813_MG011_PRISMA_NovaSeq_final_for_Q | H5YFCDSXC_240813_MG_PRISMA_24s001116-1-1_Gross_lane1MG216 | H5YFCDSXC_240813_MG_PRISMA_24s001116-1-1_Gross_lane1MG216_2	(11.0, 8.0)	(12.0, 457.0)	(13.0, 1904.0)	(14.0, 2391.0)	(15.0, 2096.0)	(16.0, 1785.0)	(17.0, 1951.0)	(18.0, 2704.0)	(19.0, 5295.0)	(20.0, 11535.0)	(21.0, 25411.0)	(22.0, 47630.0)	(23.0, 79900.0)	(24.0, 114399.0)	(25.0, 144205.0)	(26.0, 164167.0)	(27.0, 213521.0)	(28.0, 279464.0)	(29.0, 382648.0)	(30.0, 523533.0)	(31.0, 758362.0)	(32.0, 1114464.0)	(33.0, 1828472.0)	(34.0, 3329816.0)	(35.0, 7857322.0)	(36.0, 16017084.0)	(37.0, 471483.0)				
/ | scratch | karcher | fastqc | 240813_MG011_PRISMA_NovaSeq_final_for_Q | H5YFCDSXC_240813_MG_PRISMA_24s001116-1-1_Gross_lane1MG217 | H5YFCDSXC_240813_MG_PRISMA_24s001116-1-1_Gross_lane1MG217_1	(14.0, 4.0)	(15.0, 13.0)	(16.0, 82.0)	(17.0, 249.0)	(18.0, 538.0)	(19.0, 1227.0)	(20.0, 2615.0)	(21.0, 5638.0)	(22.0, 10975.0)	(23.0, 21668.0)	(24.0, 40101.0)	(25.0, 76803.0)	(26.0, 138194.0)	(27.0, 244235.0)	(28.0, 391413.0)	(29.0, 598652.0)	(30.0, 841084.0)	(31.0, 1152532.0)	(32.0, 1509278.0)	(33.0, 2092657.0)	(34.0, 3159850.0)	(35.0, 6395866.0)	(36.0, 20755503.0)	(37.0, 1233714.0)							
/ | scratch | karcher | fastqc | 240813_MG011_PRISMA_NovaSeq_final_for_Q | H5YFCDSXC_240813_MG_PRISMA_24s001116-1-1_Gross_lane1MG217 | H5YFCDSXC_240813_MG_PRISMA_24s001116-1-1_Gross_lane1MG217_2	(11.0, 5.0)	(12.0, 190.0)	(13.0, 1135.0)	(14.0, 2002.0)	(15.0, 2106.0)	(16.0, 2096.0)	(17.0, 2311.0)	(18.0, 3268.0)	(19.0, 6127.0)	(20.0, 13431.0)	(21.0, 28880.0)	(22.0, 54043.0)	(23.0, 93272.0)	(24.0, 120848.0)	(25.0, 137181.0)	(26.0, 171722.0)	(27.0, 234199.0)	(28.0, 311888.0)	(29.0, 430820.0)	(30.0, 595413.0)	(31.0, 864482.0)	(32.0, 1269702.0)	(33.0, 2075624.0)	(34.0, 3745733.0)	(35.0, 8815896.0)	(36.0, 19054803.0)	(37.0, 635714.0)				
/ | scratch | karcher | fastqc | 240813_MG011_PRISMA_NovaSeq_final_for_Q | H5YFCDSXC_240813_MG_PRISMA_24s001116-1-1_Gross_lane1MG218 | H5YFCDSXC_240813_MG_PRISMA_24s001116-1-1_Gross_lane1MG218_1	(14.0, 6.0)	(15.0, 30.0)	(16.0, 131.0)	(17.0, 345.0)	(18.0, 734.0)	(19.0, 1654.0)	(20.0, 3346.0)	(21.0, 6547.0)	(22.0, 12179.0)	(23.0, 22846.0)	(24.0, 41482.0)	(25.0, 76424.0)	(26.0, 136383.0)	(27.0, 241199.0)	(28.0, 387037.0)	(29.0, 594402.0)	(30.0, 845377.0)	(31.0, 1168804.0)	(32.0, 1547499.0)	(33.0, 2220659.0)	(34.0, 3276693.0)	(35.0, 6421625.0)	(36.0, 21981787.0)	(37.0, 1402805.0)							
/ | scratch | karcher | fastqc | 240813_MG011_PRISMA_NovaSeq_final_for_Q | H5YFCDSXC_240813_MG_PRISMA_24s001116-1-1_Gross_lane1MG218 | H5YFCDSXC_240813_MG_PRISMA_24s001116-1-1_Gross_lane1MG218_2	(11.0, 7.0)	(12.0, 301.0)	(13.0, 1521.0)	(14.0, 2231.0)	(15.0, 2314.0)	(16.0, 2180.0)	(17.0, 2399.0)	(18.0, 3282.0)	(19.0, 6551.0)	(20.0, 13808.0)	(21.0, 29254.0)	(22.0, 53123.0)	(23.0, 91422.0)	(24.0, 125262.0)	(25.0, 139127.0)	(26.0, 160998.0)	(27.0, 220881.0)	(28.0, 296146.0)	(29.0, 414073.0)	(30.0, 576946.0)	(31.0, 849127.0)	(32.0, 1262131.0)	(33.0, 2095365.0)	(34.0, 3841106.0)	(35.0, 9186077.0)	(36.0, 20323719.0)	(37.0, 690643.0)				
/ | scratch | karcher | fastqc | 240813_MG011_PRISMA_NovaSeq_final_for_Q | H5YFCDSXC_240813_MG_PRISMA_24s001116-1-1_Gross_lane1MG219 | H5YFCDSXC_240813_MG_PRISMA_24s001116-1-1_Gross_lane1MG219_1	(14.0, 3.0)	(15.0, 33.0)	(16.0, 104.0)	(17.0, 306.0)	(18.0, 592.0)	(19.0, 1385.0)	(20.0, 2550.0)	(21.0, 5151.0)	(22.0, 9294.0)	(23.0, 17329.0)	(24.0, 30790.0)	(25.0, 57636.0)	(26.0, 102708.0)	(27.0, 185861.0)	(28.0, 306775.0)	(29.0, 483121.0)	(30.0, 700908.0)	(31.0, 994524.0)	(32.0, 1375670.0)	(33.0, 1992893.0)	(34.0, 2826568.0)	(35.0, 5689306.0)	(36.0, 20382880.0)	(37.0, 1303853.0)							
/ | scratch | karcher | fastqc | 240813_MG011_PRISMA_NovaSeq_final_for_Q | H5YFCDSXC_240813_MG_PRISMA_24s001116-1-1_Gross_lane1MG219 | H5YFCDSXC_240813_MG_PRISMA_24s001116-1-1_Gross_lane1MG219_2	(11.0, 10.0)	(12.0, 220.0)	(13.0, 1227.0)	(14.0, 2020.0)	(15.0, 1976.0)	(16.0, 1888.0)	(17.0, 2149.0)	(18.0, 3154.0)	(19.0, 6043.0)	(20.0, 12781.0)	(21.0, 25917.0)	(22.0, 46951.0)	(23.0, 81936.0)	(24.0, 107053.0)	(25.0, 115805.0)	(26.0, 142535.0)	(27.0, 195580.0)	(28.0, 264425.0)	(29.0, 369253.0)	(30.0, 517911.0)	(31.0, 762970.0)	(32.0, 1140979.0)	(33.0, 1903705.0)	(34.0, 3518516.0)	(35.0, 8481832.0)	(36.0, 18196782.0)	(37.0, 566622.0)				
/ | scratch | karcher | fastqc | 240813_MG011_PRISMA_NovaSeq_final_for_Q | H5YFCDSXC_240813_MG_PRISMA_24s001116-1-1_Gross_lane1MG220 | H5YFCDSXC_240813_MG_PRISMA_24s001116-1-1_Gross_lane1MG220_1	(14.0, 2.0)	(15.0, 16.0)	(16.0, 55.0)	(17.0, 147.0)	(18.0, 355.0)	(19.0, 740.0)	(20.0, 1464.0)	(21.0, 2983.0)	(22.0, 5699.0)	(23.0, 10556.0)	(24.0, 20015.0)	(25.0, 38165.0)	(26.0, 70296.0)	(27.0, 127750.0)	(28.0, 210976.0)	(29.0, 331431.0)	(30.0, 475315.0)	(31.0, 666868.0)	(32.0, 919157.0)	(33.0, 1289016.0)	(34.0, 1809121.0)	(35.0, 3671090.0)	(36.0, 12075170.0)	(37.0, 671291.0)							
/ | scratch | karcher | fastqc | 240813_MG011_PRISMA_NovaSeq_final_for_Q | H5YFCDSXC_240813_MG_PRISMA_24s001116-1-1_Gross_lane1MG220 | H5YFCDSXC_240813_MG_PRISMA_24s001116-1-1_Gross_lane1MG220_2	(11.0, 5.0)	(12.0, 84.0)	(13.0, 573.0)	(14.0, 938.0)	(15.0, 1024.0)	(16.0, 967.0)	(17.0, 1081.0)	(18.0, 1657.0)	(19.0, 3362.0)	(20.0, 7306.0)	(21.0, 15889.0)	(22.0, 30254.0)	(23.0, 54543.0)	(24.0, 66263.0)	(25.0, 72833.0)	(26.0, 93942.0)	(27.0, 128790.0)	(28.0, 174048.0)	(29.0, 241760.0)	(30.0, 338168.0)	(31.0, 493186.0)	(32.0, 728070.0)	(33.0, 1195506.0)	(34.0, 2174101.0)	(35.0, 5147769.0)	(36.0, 11087176.0)	(37.0, 338383.0)				
/ | scratch | karcher | fastqc | 240813_MG011_PRISMA_NovaSeq_final_for_Q | H5YFCDSXC_240813_MG_PRISMA_24s001116-1-1_Gross_lane1MG221 | H5YFCDSXC_240813_MG_PRISMA_24s001116-1-1_Gross_lane1MG221_1	(14.0, 2.0)	(15.0, 28.0)	(16.0, 113.0)	(17.0, 283.0)	(18.0, 589.0)	(19.0, 1179.0)	(20.0, 2435.0)	(21.0, 4992.0)	(22.0, 10066.0)	(23.0, 20110.0)	(24.0, 38963.0)	(25.0, 75719.0)	(26.0, 136210.0)	(27.0, 237436.0)	(28.0, 372291.0)	(29.0, 554076.0)	(30.0, 760215.0)	(31.0, 1021879.0)	(32.0, 1313753.0)	(33.0, 1801482.0)	(34.0, 2725566.0)	(35.0, 5559599.0)	(36.0, 19325010.0)	(37.0, 1191699.0)							
/ | scratch | karcher | fastqc | 240813_MG011_PRISMA_NovaSeq_final_for_Q | H5YFCDSXC_240813_MG_PRISMA_24s001116-1-1_Gross_lane1MG221 | H5YFCDSXC_240813_MG_PRISMA_24s001116-1-1_Gross_lane1MG221_2	(11.0, 4.0)	(12.0, 267.0)	(13.0, 1297.0)	(14.0, 1944.0)	(15.0, 1940.0)	(16.0, 1741.0)	(17.0, 1860.0)	(18.0, 2480.0)	(19.0, 4404.0)	(20.0, 9165.0)	(21.0, 19761.0)	(22.0, 39043.0)	(23.0, 71500.0)	(24.0, 102035.0)	(25.0, 110351.0)	(26.0, 130353.0)	(27.0, 178041.0)	(28.0, 238971.0)	(29.0, 332020.0)	(30.0, 457590.0)	(31.0, 668811.0)	(32.0, 986308.0)	(33.0, 1633537.0)	(34.0, 3022169.0)	(35.0, 7554060.0)	(36.0, 18849184.0)	(37.0, 734859.0)				
/ | scratch | karcher | fastqc | 240813_MG011_PRISMA_NovaSeq_final_for_Q | H5YFCDSXC_240813_MG_PRISMA_24s001116-1-1_Gross_lane1MG222 | H5YFCDSXC_240813_MG_PRISMA_24s001116-1-1_Gross_lane1MG222_1	(14.0, 6.0)	(15.0, 24.0)	(16.0, 115.0)	(17.0, 316.0)	(18.0, 680.0)	(19.0, 1376.0)	(20.0, 2714.0)	(21.0, 5487.0)	(22.0, 10795.0)	(23.0, 21646.0)	(24.0, 41208.0)	(25.0, 81506.0)	(26.0, 149319.0)	(27.0, 261902.0)	(28.0, 419540.0)	(29.0, 634257.0)	(30.0, 885986.0)	(31.0, 1204595.0)	(32.0, 1563734.0)	(33.0, 2155966.0)	(34.0, 3238908.0)	(35.0, 6466568.0)	(36.0, 21125291.0)	(37.0, 1232964.0)							
/ | scratch | karcher | fastqc | 240813_MG011_PRISMA_NovaSeq_final_for_Q | H5YFCDSXC_240813_MG_PRISMA_24s001116-1-1_Gross_lane1MG222 | H5YFCDSXC_240813_MG_PRISMA_24s001116-1-1_Gross_lane1MG222_2	(11.0, 2.0)	(12.0, 172.0)	(13.0, 998.0)	(14.0, 1665.0)	(15.0, 1697.0)	(16.0, 1656.0)	(17.0, 1995.0)	(18.0, 3366.0)	(19.0, 7211.0)	(20.0, 16096.0)	(21.0, 33194.0)	(22.0, 58170.0)	(23.0, 98352.0)	(24.0, 130804.0)	(25.0, 154341.0)	(26.0, 193665.0)	(27.0, 263989.0)	(28.0, 353711.0)	(29.0, 490279.0)	(30.0, 675803.0)	(31.0, 980354.0)	(32.0, 1439211.0)	(33.0, 2342846.0)	(34.0, 4179465.0)	(35.0, 9487249.0)	(36.0, 18107576.0)	(37.0, 481036.0)				
/ | scratch | karcher | fastqc | 240813_MG011_PRISMA_NovaSeq_final_for_Q | H5YFCDSXC_240813_MG_PRISMA_24s001116-1-1_Gross_lane1MG223 | H5YFCDSXC_240813_MG_PRISMA_24s001116-1-1_Gross_lane1MG223_1	(14.0, 1.0)	(15.0, 31.0)	(16.0, 62.0)	(17.0, 171.0)	(18.0, 398.0)	(19.0, 794.0)	(20.0, 1708.0)	(21.0, 3614.0)	(22.0, 7234.0)	(23.0, 15239.0)	(24.0, 29470.0)	(25.0, 57821.0)	(26.0, 105967.0)	(27.0, 186927.0)	(28.0, 299452.0)	(29.0, 453212.0)	(30.0, 632398.0)	(31.0, 862351.0)	(32.0, 1130990.0)	(33.0, 1622838.0)	(34.0, 2248101.0)	(35.0, 4458219.0)	(36.0, 15046163.0)	(37.0, 868687.0)							
/ | scratch | karcher | fastqc | 240813_MG011_PRISMA_NovaSeq_final_for_Q | H5YFCDSXC_240813_MG_PRISMA_24s001116-1-1_Gross_lane1MG223 | H5YFCDSXC_240813_MG_PRISMA_24s001116-1-1_Gross_lane1MG223_2	(11.0, 2.0)	(12.0, 276.0)	(13.0, 1296.0)	(14.0, 1798.0)	(15.0, 1656.0)	(16.0, 1472.0)	(17.0, 1587.0)	(18.0, 2198.0)	(19.0, 4526.0)	(20.0, 9556.0)	(21.0, 20185.0)	(22.0, 37333.0)	(23.0, 63850.0)	(24.0, 93235.0)	(25.0, 114763.0)	(26.0, 134052.0)	(27.0, 178063.0)	(28.0, 237075.0)	(29.0, 325484.0)	(30.0, 448799.0)	(31.0, 652051.0)	(32.0, 958130.0)	(33.0, 1576026.0)	(34.0, 2854980.0)	(35.0, 6675784.0)	(36.0, 13261538.0)	(37.0, 376133.0)				
/ | scratch | karcher | fastqc | 240813_MG011_PRISMA_NovaSeq_final_for_Q | H5YFCDSXC_240813_MG_PRISMA_24s001116-1-1_Gross_lane1MG224 | H5YFCDSXC_240813_MG_PRISMA_24s001116-1-1_Gross_lane1MG224_1	(15.0, 16.0)	(16.0, 69.0)	(17.0, 148.0)	(18.0, 341.0)	(19.0, 703.0)	(20.0, 1516.0)	(21.0, 3236.0)	(22.0, 6549.0)	(23.0, 13683.0)	(24.0, 27229.0)	(25.0, 54031.0)	(26.0, 99999.0)	(27.0, 177084.0)	(28.0, 284551.0)	(29.0, 430528.0)	(30.0, 600421.0)	(31.0, 818021.0)	(32.0, 1059527.0)	(33.0, 1471675.0)	(34.0, 2222072.0)	(35.0, 4406339.0)	(36.0, 14562283.0)	(37.0, 809239.0)								
/ | scratch | karcher | fastqc | 240813_MG011_PRISMA_NovaSeq_final_for_Q | H5YFCDSXC_240813_MG_PRISMA_24s001116-1-1_Gross_lane1MG224 | H5YFCDSXC_240813_MG_PRISMA_24s001116-1-1_Gross_lane1MG224_2	(11.0, 3.0)	(12.0, 98.0)	(13.0, 766.0)	(14.0, 1328.0)	(15.0, 1390.0)	(16.0, 1407.0)	(17.0, 1586.0)	(18.0, 2210.0)	(19.0, 4208.0)	(20.0, 8763.0)	(21.0, 18554.0)	(22.0, 36247.0)	(23.0, 67030.0)	(24.0, 79449.0)	(25.0, 84724.0)	(26.0, 108853.0)	(27.0, 150498.0)	(28.0, 204138.0)	(29.0, 284730.0)	(30.0, 394977.0)	(31.0, 577355.0)	(32.0, 853533.0)	(33.0, 1402510.0)	(34.0, 2555445.0)	(35.0, 6137975.0)	(36.0, 13640606.0)	(37.0, 430877.0)				
/ | scratch | karcher | fastqc | 240813_MG011_PRISMA_NovaSeq_final_for_Q | H5YFCDSXC_240813_MG_PRISMA_24s001116-1-1_Gross_lane1MG225 | H5YFCDSXC_240813_MG_PRISMA_24s001116-1-1_Gross_lane1MG225_1	(14.0, 2.0)	(15.0, 21.0)	(16.0, 44.0)	(17.0, 88.0)	(18.0, 218.0)	(19.0, 444.0)	(20.0, 873.0)	(21.0, 1862.0)	(22.0, 3659.0)	(23.0, 7244.0)	(24.0, 13902.0)	(25.0, 26109.0)	(26.0, 46110.0)	(27.0, 80496.0)	(28.0, 125833.0)	(29.0, 189887.0)	(30.0, 264173.0)	(31.0, 362855.0)	(32.0, 517337.0)	(33.0, 651066.0)	(34.0, 895964.0)	(35.0, 1767530.0)	(36.0, 6402901.0)	(37.0, 445632.0)							
/ | scratch | karcher | fastqc | 240813_MG011_PRISMA_NovaSeq_final_for_Q | H5YFCDSXC_240813_MG_PRISMA_24s001116-1-1_Gross_lane1MG225 | H5YFCDSXC_240813_MG_PRISMA_24s001116-1-1_Gross_lane1MG225_2	(11.0, 1.0)	(12.0, 33.0)	(13.0, 222.0)	(14.0, 312.0)	(15.0, 345.0)	(16.0, 437.0)	(17.0, 519.0)	(18.0, 792.0)	(19.0, 1453.0)	(20.0, 3135.0)	(21.0, 6703.0)	(22.0, 12946.0)	(23.0, 23340.0)	(24.0, 36535.0)	(25.0, 44952.0)	(26.0, 45395.0)	(27.0, 54906.0)	(28.0, 72939.0)	(29.0, 102586.0)	(30.0, 143801.0)	(31.0, 213048.0)	(32.0, 318513.0)	(33.0, 533781.0)	(34.0, 1000154.0)	(35.0, 2551561.0)	(36.0, 6411007.0)	(37.0, 224834.0)				
/ | scratch | karcher | fastqc | 240813_MG011_PRISMA_NovaSeq_final_for_Q | H5YFCDSXC_240813_MG_PRISMA_24s001116-1-1_Gross_lane1MG226 | H5YFCDSXC_240813_MG_PRISMA_24s001116-1-1_Gross_lane1MG226_1	(14.0, 3.0)	(15.0, 16.0)	(16.0, 59.0)	(17.0, 180.0)	(18.0, 462.0)	(19.0, 838.0)	(20.0, 1830.0)	(21.0, 4061.0)	(22.0, 8268.0)	(23.0, 17091.0)	(24.0, 33604.0)	(25.0, 65996.0)	(26.0, 120008.0)	(27.0, 214114.0)	(28.0, 341970.0)	(29.0, 520101.0)	(30.0, 728489.0)	(31.0, 994773.0)	(32.0, 1293108.0)	(33.0, 1803161.0)	(34.0, 2698235.0)	(35.0, 5310543.0)	(36.0, 17235352.0)	(37.0, 956352.0)							
/ | scratch | karcher | fastqc | 240813_MG011_PRISMA_NovaSeq_final_for_Q | H5YFCDSXC_240813_MG_PRISMA_24s001116-1-1_Gross_lane1MG226 | H5YFCDSXC_240813_MG_PRISMA_24s001116-1-1_Gross_lane1MG226_2	(11.0, 13.0)	(12.0, 287.0)	(13.0, 1250.0)	(14.0, 1644.0)	(15.0, 1561.0)	(16.0, 1348.0)	(17.0, 1733.0)	(18.0, 2854.0)	(19.0, 6185.0)	(20.0, 14315.0)	(21.0, 29584.0)	(22.0, 53965.0)	(23.0, 87638.0)	(24.0, 124386.0)	(25.0, 148038.0)	(26.0, 167887.0)	(27.0, 220248.0)	(28.0, 284793.0)	(29.0, 387474.0)	(30.0, 525346.0)	(31.0, 755368.0)	(32.0, 1100489.0)	(33.0, 1786471.0)	(34.0, 3191411.0)	(35.0, 7399883.0)	(36.0, 15554612.0)	(37.0, 499831.0)				
/ | scratch | karcher | fastqc | 240813_MG011_PRISMA_NovaSeq_final_for_Q | H5YFCDSXC_240813_MG_PRISMA_24s001116-1-1_Gross_lane1MG227 | H5YFCDSXC_240813_MG_PRISMA_24s001116-1-1_Gross_lane1MG227_1	(14.0, 2.0)	(15.0, 22.0)	(16.0, 75.0)	(17.0, 178.0)	(18.0, 370.0)	(19.0, 716.0)	(20.0, 1381.0)	(21.0, 2901.0)	(22.0, 5714.0)	(23.0, 11359.0)	(24.0, 21503.0)	(25.0, 39997.0)	(26.0, 71874.0)	(27.0, 128533.0)	(28.0, 209288.0)	(29.0, 322726.0)	(30.0, 457926.0)	(31.0, 639229.0)	(32.0, 866881.0)	(33.0, 1197249.0)	(34.0, 1691746.0)	(35.0, 3395166.0)	(36.0, 11588840.0)	(37.0, 703163.0)							
/ | scratch | karcher | fastqc | 240813_MG011_PRISMA_NovaSeq_final_for_Q | H5YFCDSXC_240813_MG_PRISMA_24s001116-1-1_Gross_lane1MG227 | H5YFCDSXC_240813_MG_PRISMA_24s001116-1-1_Gross_lane1MG227_2	(11.0, 5.0)	(12.0, 195.0)	(13.0, 878.0)	(14.0, 1174.0)	(15.0, 1122.0)	(16.0, 1013.0)	(17.0, 1106.0)	(18.0, 1632.0)	(19.0, 3129.0)	(20.0, 6914.0)	(21.0, 14751.0)	(22.0, 28162.0)	(23.0, 49380.0)	(24.0, 70262.0)	(25.0, 81339.0)	(26.0, 93673.0)	(27.0, 125823.0)	(28.0, 166213.0)	(29.0, 228158.0)	(30.0, 314594.0)	(31.0, 454501.0)	(32.0, 668423.0)	(33.0, 1095520.0)	(34.0, 1987130.0)	(35.0, 4747474.0)	(36.0, 10836471.0)	(37.0, 377797.0)				
/ | scratch | karcher | fastqc | 240813_MG011_PRISMA_NovaSeq_final_for_Q | H5YFCDSXC_240813_MG_PRISMA_24s001116-1-1_Gross_lane1MG228 | H5YFCDSXC_240813_MG_PRISMA_24s001116-1-1_Gross_lane1MG228_1	(14.0, 3.0)	(15.0, 28.0)	(16.0, 66.0)	(17.0, 177.0)	(18.0, 447.0)	(19.0, 996.0)	(20.0, 1913.0)	(21.0, 3989.0)	(22.0, 7732.0)	(23.0, 15943.0)	(24.0, 31083.0)	(25.0, 59774.0)	(26.0, 107717.0)	(27.0, 187638.0)	(28.0, 293581.0)	(29.0, 440232.0)	(30.0, 605841.0)	(31.0, 822706.0)	(32.0, 1067328.0)	(33.0, 1519285.0)	(34.0, 2150085.0)	(35.0, 4179982.0)	(36.0, 13891298.0)	(37.0, 810914.0)							
/ | scratch | karcher | fastqc | 240813_MG011_PRISMA_NovaSeq_final_for_Q | H5YFCDSXC_240813_MG_PRISMA_24s001116-1-1_Gross_lane1MG228 | H5YFCDSXC_240813_MG_PRISMA_24s001116-1-1_Gross_lane1MG228_2	(11.0, 3.0)	(12.0, 189.0)	(13.0, 984.0)	(14.0, 1331.0)	(15.0, 1396.0)	(16.0, 1231.0)	(17.0, 1386.0)	(18.0, 2065.0)	(19.0, 4352.0)	(20.0, 9517.0)	(21.0, 20591.0)	(22.0, 37915.0)	(23.0, 63501.0)	(24.0, 90939.0)	(25.0, 109972.0)	(26.0, 127610.0)	(27.0, 170673.0)	(28.0, 225447.0)	(29.0, 307620.0)	(30.0, 419102.0)	(31.0, 603448.0)	(32.0, 880803.0)	(33.0, 1432627.0)	(34.0, 2580382.0)	(35.0, 6036107.0)	(36.0, 12685651.0)	(37.0, 383916.0)				
/ | scratch | karcher | fastqc | 240813_MG011_PRISMA_NovaSeq_final_for_Q | H5YFCDSXC_240813_MG_PRISMA_24s001116-1-1_Gross_lane1MG229 | H5YFCDSXC_240813_MG_PRISMA_24s001116-1-1_Gross_lane1MG229_1	(15.0, 22.0)	(16.0, 61.0)	(17.0, 139.0)	(18.0, 356.0)	(19.0, 791.0)	(20.0, 1644.0)	(21.0, 3384.0)	(22.0, 6658.0)	(23.0, 12521.0)	(24.0, 22112.0)	(25.0, 40934.0)	(26.0, 72824.0)	(27.0, 129096.0)	(28.0, 208696.0)	(29.0, 323784.0)	(30.0, 466043.0)	(31.0, 650717.0)	(32.0, 862350.0)	(33.0, 1215264.0)	(34.0, 1853361.0)	(35.0, 3611143.0)	(36.0, 12004421.0)	(37.0, 782314.0)								
/ | scratch | karcher | fastqc | 240813_MG011_PRISMA_NovaSeq_final_for_Q | H5YFCDSXC_240813_MG_PRISMA_24s001116-1-1_Gross_lane1MG229 | H5YFCDSXC_240813_MG_PRISMA_24s001116-1-1_Gross_lane1MG229_2	(11.0, 4.0)	(12.0, 116.0)	(13.0, 621.0)	(14.0, 1187.0)	(15.0, 1319.0)	(16.0, 1392.0)	(17.0, 1547.0)	(18.0, 2376.0)	(19.0, 4424.0)	(20.0, 9332.0)	(21.0, 19119.0)	(22.0, 35471.0)	(23.0, 61885.0)	(24.0, 74545.0)	(25.0, 77652.0)	(26.0, 95800.0)	(27.0, 130438.0)	(28.0, 175564.0)	(29.0, 245911.0)	(30.0, 342019.0)	(31.0, 498818.0)	(32.0, 737748.0)	(33.0, 1209505.0)	(34.0, 2178781.0)	(35.0, 5074825.0)	(36.0, 10944895.0)	(37.0, 343341.0)				
/ | scratch | karcher | fastqc | 240813_MG011_PRISMA_NovaSeq_final_for_Q | H5YFCDSXC_240813_MG_PRISMA_24s001116-1-1_Gross_lane1MG230 | H5YFCDSXC_240813_MG_PRISMA_24s001116-1-1_Gross_lane1MG230_1	(14.0, 3.0)	(15.0, 19.0)	(16.0, 78.0)	(17.0, 219.0)	(18.0, 458.0)	(19.0, 896.0)	(20.0, 1968.0)	(21.0, 3882.0)	(22.0, 7344.0)	(23.0, 14695.0)	(24.0, 27926.0)	(25.0, 53766.0)	(26.0, 97054.0)	(27.0, 173731.0)	(28.0, 279567.0)	(29.0, 428875.0)	(30.0, 606346.0)	(31.0, 830350.0)	(32.0, 1086904.0)	(33.0, 1514031.0)	(34.0, 2299863.0)	(35.0, 4541279.0)	(36.0, 15313622.0)	(37.0, 941477.0)							
/ | scratch | karcher | fastqc | 240813_MG011_PRISMA_NovaSeq_final_for_Q | H5YFCDSXC_240813_MG_PRISMA_24s001116-1-1_Gross_lane1MG230 | H5YFCDSXC_240813_MG_PRISMA_24s001116-1-1_Gross_lane1MG230_2	(11.0, 8.0)	(12.0, 295.0)	(13.0, 1412.0)	(14.0, 1795.0)	(15.0, 1775.0)	(16.0, 1597.0)	(17.0, 1691.0)	(18.0, 2332.0)	(19.0, 4211.0)	(20.0, 9095.0)	(21.0, 19576.0)	(22.0, 37129.0)	(23.0, 65995.0)	(24.0, 89625.0)	(25.0, 95229.0)	(26.0, 112257.0)	(27.0, 152022.0)	(28.0, 203187.0)	(29.0, 281321.0)	(30.0, 389363.0)	(31.0, 568679.0)	(32.0, 845355.0)	(33.0, 1398707.0)	(34.0, 2571287.0)	(35.0, 6239087.0)	(36.0, 14582102.0)	(37.0, 549221.0)				
/ | scratch | karcher | fastqc | 240813_MG011_PRISMA_NovaSeq_final_for_Q | H5YFCDSXC_240813_MG_PRISMA_24s001116-1-1_Gross_lane1MG231 | H5YFCDSXC_240813_MG_PRISMA_24s001116-1-1_Gross_lane1MG231_1	(14.0, 4.0)	(15.0, 24.0)	(16.0, 104.0)	(17.0, 277.0)	(18.0, 582.0)	(19.0, 1203.0)	(20.0, 2437.0)	(21.0, 5239.0)	(22.0, 10723.0)	(23.0, 21972.0)	(24.0, 43748.0)	(25.0, 84542.0)	(26.0, 151838.0)	(27.0, 262426.0)	(28.0, 414035.0)	(29.0, 617574.0)	(30.0, 847897.0)	(31.0, 1147462.0)	(32.0, 1516854.0)	(33.0, 2171407.0)	(34.0, 2931139.0)	(35.0, 5764781.0)	(36.0, 19479296.0)	(37.0, 1172992.0)							
/ | scratch | karcher | fastqc | 240813_MG011_PRISMA_NovaSeq_final_for_Q | H5YFCDSXC_240813_MG_PRISMA_24s001116-1-1_Gross_lane1MG231 | H5YFCDSXC_240813_MG_PRISMA_24s001116-1-1_Gross_lane1MG231_2	(11.0, 12.0)	(12.0, 488.0)	(13.0, 2144.0)	(14.0, 2734.0)	(15.0, 2403.0)	(16.0, 2158.0)	(17.0, 2396.0)	(18.0, 3480.0)	(19.0, 6671.0)	(20.0, 14274.0)	(21.0, 30312.0)	(22.0, 55307.0)	(23.0, 92311.0)	(24.0, 132719.0)	(25.0, 157074.0)	(26.0, 175076.0)	(27.0, 230636.0)	(28.0, 304287.0)	(29.0, 413825.0)	(30.0, 568571.0)	(31.0, 819286.0)	(32.0, 1204575.0)	(33.0, 1966562.0)	(34.0, 3564115.0)	(35.0, 8408263.0)	(36.0, 17896303.0)	(37.0, 592574.0)				
/ | scratch | karcher | fastqc | 240813_MG011_PRISMA_NovaSeq_final_for_Q | H5YFCDSXC_240813_MG_PRISMA_24s001116-1-1_Gross_lane1MG232 | H5YFCDSXC_240813_MG_PRISMA_24s001116-1-1_Gross_lane1MG232_1	(14.0, 1.0)	(15.0, 29.0)	(16.0, 100.0)	(17.0, 244.0)	(18.0, 505.0)	(19.0, 1090.0)	(20.0, 2027.0)	(21.0, 4459.0)	(22.0, 8635.0)	(23.0, 17693.0)	(24.0, 33767.0)	(25.0, 65612.0)	(26.0, 117593.0)	(27.0, 206774.0)	(28.0, 328763.0)	(29.0, 499908.0)	(30.0, 696972.0)	(31.0, 963290.0)	(32.0, 1376138.0)	(33.0, 1764004.0)	(34.0, 2462841.0)	(35.0, 4975254.0)	(36.0, 16740501.0)	(37.0, 989789.0)							
/ | scratch | karcher | fastqc | 240813_MG011_PRISMA_NovaSeq_final_for_Q | H5YFCDSXC_240813_MG_PRISMA_24s001116-1-1_Gross_lane1MG232 | H5YFCDSXC_240813_MG_PRISMA_24s001116-1-1_Gross_lane1MG232_2	(11.0, 13.0)	(12.0, 357.0)	(13.0, 1571.0)	(14.0, 2351.0)	(15.0, 2240.0)	(16.0, 2025.0)	(17.0, 2348.0)	(18.0, 3582.0)	(19.0, 7198.0)	(20.0, 15516.0)	(21.0, 32239.0)	(22.0, 58354.0)	(23.0, 97759.0)	(24.0, 133614.0)	(25.0, 152018.0)	(26.0, 177973.0)	(27.0, 237910.0)	(28.0, 312455.0)	(29.0, 426686.0)	(30.0, 581709.0)	(31.0, 836855.0)	(32.0, 1214953.0)	(33.0, 1964868.0)	(34.0, 3484826.0)	(35.0, 7711063.0)	(36.0, 13470911.0)	(37.0, 324595.0)				
/ | scratch | karcher | fastqc | 240813_MG011_PRISMA_NovaSeq_final_for_Q | H5YFCDSXC_240813_MG_PRISMA_24s001116-1-1_Gross_lane1MG233 | H5YFCDSXC_240813_MG_PRISMA_24s001116-1-1_Gross_lane1MG233_1	(14.0, 6.0)	(15.0, 33.0)	(16.0, 97.0)	(17.0, 249.0)	(18.0, 541.0)	(19.0, 1235.0)	(20.0, 2336.0)	(21.0, 4796.0)	(22.0, 9284.0)	(23.0, 18248.0)	(24.0, 34495.0)	(25.0, 67462.0)	(26.0, 123412.0)	(27.0, 222089.0)	(28.0, 359827.0)	(29.0, 555938.0)	(30.0, 791142.0)	(31.0, 1096680.0)	(32.0, 1451750.0)	(33.0, 2072924.0)	(34.0, 3000817.0)	(35.0, 5884025.0)	(36.0, 17154124.0)	(37.0, 811865.0)							
/ | scratch | karcher | fastqc | 240813_MG011_PRISMA_NovaSeq_final_for_Q | H5YFCDSXC_240813_MG_PRISMA_24s001116-1-1_Gross_lane1MG233 | H5YFCDSXC_240813_MG_PRISMA_24s001116-1-1_Gross_lane1MG233_2	(11.0, 8.0)	(12.0, 310.0)	(13.0, 1473.0)	(14.0, 1991.0)	(15.0, 1856.0)	(16.0, 1623.0)	(17.0, 1832.0)	(18.0, 2608.0)	(19.0, 5202.0)	(20.0, 11552.0)	(21.0, 24771.0)	(22.0, 45531.0)	(23.0, 75892.0)	(24.0, 110443.0)	(25.0, 137600.0)	(26.0, 159244.0)	(27.0, 212772.0)	(28.0, 284653.0)	(29.0, 396330.0)	(30.0, 550608.0)	(31.0, 809036.0)	(32.0, 1200285.0)	(33.0, 1969283.0)	(34.0, 3535326.0)	(35.0, 8054609.0)	(36.0, 15639736.0)	(37.0, 428801.0)				
/ | scratch | karcher | fastqc | 240813_MG011_PRISMA_NovaSeq_final_for_Q | H5YFCDSXC_240813_MG_PRISMA_24s001116-1-1_Gross_lane1MG234 | H5YFCDSXC_240813_MG_PRISMA_24s001116-1-1_Gross_lane1MG234_1	(14.0, 3.0)	(15.0, 35.0)	(16.0, 127.0)	(17.0, 281.0)	(18.0, 663.0)	(19.0, 1265.0)	(20.0, 2594.0)	(21.0, 5518.0)	(22.0, 11059.0)	(23.0, 22639.0)	(24.0, 43728.0)	(25.0, 83291.0)	(26.0, 147064.0)	(27.0, 253554.0)	(28.0, 398982.0)	(29.0, 596733.0)	(30.0, 825048.0)	(31.0, 1119074.0)	(32.0, 1461472.0)	(33.0, 2106003.0)	(34.0, 2976662.0)	(35.0, 5827155.0)	(36.0, 19411746.0)	(37.0, 1130875.0)							
/ | scratch | karcher | fastqc | 240813_MG011_PRISMA_NovaSeq_final_for_Q | H5YFCDSXC_240813_MG_PRISMA_24s001116-1-1_Gross_lane1MG234 | H5YFCDSXC_240813_MG_PRISMA_24s001116-1-1_Gross_lane1MG234_2	(11.0, 8.0)	(12.0, 380.0)	(13.0, 1810.0)	(14.0, 2437.0)	(15.0, 2229.0)	(16.0, 1952.0)	(17.0, 2295.0)	(18.0, 3170.0)	(19.0, 6287.0)	(20.0, 13586.0)	(21.0, 29009.0)	(22.0, 52827.0)	(23.0, 88858.0)	(24.0, 127248.0)	(25.0, 155454.0)	(26.0, 178087.0)	(27.0, 232525.0)	(28.0, 303545.0)	(29.0, 413528.0)	(30.0, 564676.0)	(31.0, 810653.0)	(32.0, 1188438.0)	(33.0, 1933820.0)	(34.0, 3495462.0)	(35.0, 8243861.0)	(36.0, 17970615.0)	(37.0, 602811.0)				
/ | scratch | karcher | fastqc | 240813_MG011_PRISMA_NovaSeq_final_for_Q | H5YFCDSXC_240813_MG_PRISMA_24s001116-1-1_Gross_lane1MG235 | H5YFCDSXC_240813_MG_PRISMA_24s001116-1-1_Gross_lane1MG235_1	(14.0, 2.0)	(15.0, 15.0)	(16.0, 51.0)	(17.0, 164.0)	(18.0, 377.0)	(19.0, 808.0)	(20.0, 1703.0)	(21.0, 3562.0)	(22.0, 7202.0)	(23.0, 14758.0)	(24.0, 28258.0)	(25.0, 55734.0)	(26.0, 101954.0)	(27.0, 181970.0)	(28.0, 293707.0)	(29.0, 451597.0)	(30.0, 637717.0)	(31.0, 890634.0)	(32.0, 1275275.0)	(33.0, 1594560.0)	(34.0, 2303546.0)	(35.0, 4698533.0)	(36.0, 16708701.0)	(37.0, 1031670.0)							
/ | scratch | karcher | fastqc | 240813_MG011_PRISMA_NovaSeq_final_for_Q | H5YFCDSXC_240813_MG_PRISMA_24s001116-1-1_Gross_lane1MG235 | H5YFCDSXC_240813_MG_PRISMA_24s001116-1-1_Gross_lane1MG235_2	(12.0, 58.0)	(13.0, 421.0)	(14.0, 989.0)	(15.0, 1249.0)	(16.0, 1457.0)	(17.0, 1719.0)	(18.0, 2628.0)	(19.0, 4854.0)	(20.0, 9623.0)	(21.0, 19196.0)	(22.0, 36528.0)	(23.0, 63673.0)	(24.0, 72191.0)	(25.0, 79651.0)	(26.0, 103919.0)	(27.0, 147642.0)	(28.0, 203994.0)	(29.0, 289705.0)	(30.0, 409678.0)	(31.0, 612739.0)	(32.0, 924493.0)	(33.0, 1557778.0)	(34.0, 2917048.0)	(35.0, 7153338.0)	(36.0, 15246977.0)	(37.0, 420950.0)					
/ | scratch | karcher | fastqc | 240813_MG011_PRISMA_NovaSeq_final_for_Q | H5YFCDSXC_240813_MG_PRISMA_24s001116-1-1_Gross_lane1MG236 | H5YFCDSXC_240813_MG_PRISMA_24s001116-1-1_Gross_lane1MG236_1	(14.0, 4.0)	(15.0, 26.0)	(16.0, 59.0)	(17.0, 208.0)	(18.0, 510.0)	(19.0, 1106.0)	(20.0, 2045.0)	(21.0, 4487.0)	(22.0, 8876.0)	(23.0, 18819.0)	(24.0, 36917.0)	(25.0, 72450.0)	(26.0, 133306.0)	(27.0, 234697.0)	(28.0, 374812.0)	(29.0, 564771.0)	(30.0, 785312.0)	(31.0, 1067877.0)	(32.0, 1423692.0)	(33.0, 1956579.0)	(34.0, 2714880.0)	(35.0, 5470786.0)	(36.0, 18462244.0)	(37.0, 1062137.0)							
/ | scratch | karcher | fastqc | 240813_MG011_PRISMA_NovaSeq_final_for_Q | H5YFCDSXC_240813_MG_PRISMA_24s001116-1-1_Gross_lane1MG236 | H5YFCDSXC_240813_MG_PRISMA_24s001116-1-1_Gross_lane1MG236_2	(11.0, 7.0)	(12.0, 258.0)	(13.0, 1369.0)	(14.0, 1983.0)	(15.0, 1911.0)	(16.0, 1720.0)	(17.0, 1977.0)	(18.0, 2762.0)	(19.0, 5229.0)	(20.0, 11043.0)	(21.0, 22846.0)	(22.0, 42928.0)	(23.0, 73685.0)	(24.0, 100390.0)	(25.0, 116137.0)	(26.0, 136814.0)	(27.0, 184990.0)	(28.0, 245672.0)	(29.0, 339017.0)	(30.0, 469994.0)	(31.0, 687212.0)	(32.0, 1023823.0)	(33.0, 1703588.0)	(34.0, 3161895.0)	(35.0, 7760227.0)	(36.0, 17726476.0)	(37.0, 572647.0)				
/ | scratch | karcher | fastqc | 240813_MG011_PRISMA_NovaSeq_final_for_Q | H5YFCDSXC_240813_MG_PRISMA_24s001116-1-1_Gross_lane1MG237 | H5YFCDSXC_240813_MG_PRISMA_24s001116-1-1_Gross_lane1MG237_1	(14.0, 3.0)	(15.0, 17.0)	(16.0, 57.0)	(17.0, 177.0)	(18.0, 375.0)	(19.0, 850.0)	(20.0, 1684.0)	(21.0, 3630.0)	(22.0, 7256.0)	(23.0, 14901.0)	(24.0, 29317.0)	(25.0, 58120.0)	(26.0, 106537.0)	(27.0, 189532.0)	(28.0, 301542.0)	(29.0, 458753.0)	(30.0, 639215.0)	(31.0, 875797.0)	(32.0, 1231835.0)	(33.0, 1577072.0)	(34.0, 2241042.0)	(35.0, 4496883.0)	(36.0, 14466718.0)	(37.0, 792282.0)							
/ | scratch | karcher | fastqc | 240813_MG011_PRISMA_NovaSeq_final_for_Q | H5YFCDSXC_240813_MG_PRISMA_24s001116-1-1_Gross_lane1MG237 | H5YFCDSXC_240813_MG_PRISMA_24s001116-1-1_Gross_lane1MG237_2	(11.0, 11.0)	(12.0, 257.0)	(13.0, 1182.0)	(14.0, 1639.0)	(15.0, 1500.0)	(16.0, 1394.0)	(17.0, 1600.0)	(18.0, 2422.0)	(19.0, 5151.0)	(20.0, 11377.0)	(21.0, 24219.0)	(22.0, 43320.0)	(23.0, 72846.0)	(24.0, 102211.0)	(25.0, 116653.0)	(26.0, 133823.0)	(27.0, 178488.0)	(28.0, 235650.0)	(29.0, 324616.0)	(30.0, 446048.0)	(31.0, 646654.0)	(32.0, 945224.0)	(33.0, 1537328.0)	(34.0, 2733964.0)	(35.0, 6278732.0)	(36.0, 13211091.0)	(37.0, 436195.0)				
/ | scratch | karcher | fastqc | 240813_MG011_PRISMA_NovaSeq_final_for_Q | H5YFCDSXC_240813_MG_PRISMA_24s001116-1-1_Gross_lane1MG238 | H5YFCDSXC_240813_MG_PRISMA_24s001116-1-1_Gross_lane1MG238_1	(14.0, 5.0)	(15.0, 31.0)	(16.0, 122.0)	(17.0, 295.0)	(18.0, 698.0)	(19.0, 1545.0)	(20.0, 3196.0)	(21.0, 6607.0)	(22.0, 12790.0)	(23.0, 24951.0)	(24.0, 45983.0)	(25.0, 87653.0)	(26.0, 157629.0)	(27.0, 279123.0)	(28.0, 447860.0)	(29.0, 685683.0)	(30.0, 964781.0)	(31.0, 1325526.0)	(32.0, 1734066.0)	(33.0, 2405633.0)	(34.0, 3648771.0)	(35.0, 7287087.0)	(36.0, 24509700.0)	(37.0, 1517779.0)							
/ | scratch | karcher | fastqc | 240813_MG011_PRISMA_NovaSeq_final_for_Q | H5YFCDSXC_240813_MG_PRISMA_24s001116-1-1_Gross_lane1MG238 | H5YFCDSXC_240813_MG_PRISMA_24s001116-1-1_Gross_lane1MG238_2	(11.0, 6.0)	(12.0, 342.0)	(13.0, 1668.0)	(14.0, 2599.0)	(15.0, 2551.0)	(16.0, 2548.0)	(17.0, 2608.0)	(18.0, 3535.0)	(19.0, 6740.0)	(20.0, 14832.0)	(21.0, 32100.0)	(22.0, 60954.0)	(23.0, 109270.0)	(24.0, 143866.0)	(25.0, 158090.0)	(26.0, 196405.0)	(27.0, 267149.0)	(28.0, 355426.0)	(29.0, 491866.0)	(30.0, 678691.0)	(31.0, 983749.0)	(32.0, 1440883.0)	(33.0, 2353245.0)	(34.0, 4256122.0)	(35.0, 10074015.0)	(36.0, 22691925.0)	(37.0, 816329.0)				
/ | scratch | karcher | fastqc | 240813_MG011_PRISMA_NovaSeq_final_for_Q | H5YFCDSXC_240813_MG_PRISMA_24s001116-1-1_Gross_lane1MG239 | H5YFCDSXC_240813_MG_PRISMA_24s001116-1-1_Gross_lane1MG239_1	(14.0, 2.0)	(15.0, 23.0)	(16.0, 119.0)	(17.0, 265.0)	(18.0, 562.0)	(19.0, 1151.0)	(20.0, 2284.0)	(21.0, 4780.0)	(22.0, 9393.0)	(23.0, 19092.0)	(24.0, 37021.0)	(25.0, 72980.0)	(26.0, 133546.0)	(27.0, 241078.0)	(28.0, 390888.0)	(29.0, 600310.0)	(30.0, 847946.0)	(31.0, 1168464.0)	(32.0, 1531085.0)	(33.0, 2169526.0)	(34.0, 3245465.0)	(35.0, 6377598.0)	(36.0, 21295591.0)	(37.0, 1230070.0)							
/ | scratch | karcher | fastqc | 240813_MG011_PRISMA_NovaSeq_final_for_Q | H5YFCDSXC_240813_MG_PRISMA_24s001116-1-1_Gross_lane1MG239 | H5YFCDSXC_240813_MG_PRISMA_24s001116-1-1_Gross_lane1MG239_2	(11.0, 2.0)	(12.0, 269.0)	(13.0, 1449.0)	(14.0, 2106.0)	(15.0, 2144.0)	(16.0, 2005.0)	(17.0, 2234.0)	(18.0, 3171.0)	(19.0, 5935.0)	(20.0, 12756.0)	(21.0, 27278.0)	(22.0, 51454.0)	(23.0, 90605.0)	(24.0, 118187.0)	(25.0, 124138.0)	(26.0, 150489.0)	(27.0, 206878.0)	(28.0, 277626.0)	(29.0, 386321.0)	(30.0, 536586.0)	(31.0, 786934.0)	(32.0, 1171303.0)	(33.0, 1940239.0)	(34.0, 3577546.0)	(35.0, 8744167.0)	(36.0, 20441399.0)	(37.0, 716018.0)				
/ | scratch | karcher | fastqc | 240813_MG011_PRISMA_NovaSeq_final_for_Q | H5YFCDSXC_240813_MG_PRISMA_24s001116-1-1_Gross_lane1MG240 | H5YFCDSXC_240813_MG_PRISMA_24s001116-1-1_Gross_lane1MG240_1	(14.0, 1.0)	(15.0, 11.0)	(16.0, 44.0)	(17.0, 123.0)	(18.0, 276.0)	(19.0, 617.0)	(20.0, 1273.0)	(21.0, 2711.0)	(22.0, 5117.0)	(23.0, 9890.0)	(24.0, 18916.0)	(25.0, 36627.0)	(26.0, 67381.0)	(27.0, 122622.0)	(28.0, 203160.0)	(29.0, 319412.0)	(30.0, 465287.0)	(31.0, 660108.0)	(32.0, 907344.0)	(33.0, 1369733.0)	(34.0, 2079423.0)	(35.0, 4329340.0)	(36.0, 15582605.0)	(37.0, 905654.0)							
/ | scratch | karcher | fastqc | 240813_MG011_PRISMA_NovaSeq_final_for_Q | H5YFCDSXC_240813_MG_PRISMA_24s001116-1-1_Gross_lane1MG240 | H5YFCDSXC_240813_MG_PRISMA_24s001116-1-1_Gross_lane1MG240_2	(11.0, 2.0)	(12.0, 121.0)	(13.0, 844.0)	(14.0, 1292.0)	(15.0, 1426.0)	(16.0, 1350.0)	(17.0, 1532.0)	(18.0, 1971.0)	(19.0, 3452.0)	(20.0, 7012.0)	(21.0, 14892.0)	(22.0, 29379.0)	(23.0, 57028.0)	(24.0, 71155.0)	(25.0, 65699.0)	(26.0, 78260.0)	(27.0, 108253.0)	(28.0, 146345.0)	(29.0, 206346.0)	(30.0, 291689.0)	(31.0, 433628.0)	(32.0, 657644.0)	(33.0, 1118467.0)	(34.0, 2146763.0)	(35.0, 5661745.0)	(36.0, 15336790.0)	(37.0, 644590.0)				
/ | scratch | karcher | fastqc | 240813_MG011_PRISMA_NovaSeq_final_for_Q | H5YFCDSXC_240813_MG_PRISMA_24s001116-1-1_Gross_lane1MG241 | H5YFCDSXC_240813_MG_PRISMA_24s001116-1-1_Gross_lane1MG241_1	(13.0, 2.0)	(14.0, 3.0)	(15.0, 12.0)	(16.0, 44.0)	(17.0, 125.0)	(18.0, 338.0)	(19.0, 824.0)	(20.0, 1750.0)	(21.0, 3729.0)	(22.0, 8038.0)	(23.0, 17403.0)	(24.0, 35158.0)	(25.0, 71389.0)	(26.0, 135842.0)	(27.0, 248256.0)	(28.0, 408071.0)	(29.0, 633240.0)	(30.0, 901528.0)	(31.0, 1248750.0)	(32.0, 1693712.0)	(33.0, 2396875.0)	(34.0, 3376753.0)	(35.0, 6832212.0)	(36.0, 20246082.0)	(37.0, 935216.0)						
/ | scratch | karcher | fastqc | 240813_MG011_PRISMA_NovaSeq_final_for_Q | H5YFCDSXC_240813_MG_PRISMA_24s001116-1-1_Gross_lane1MG241 | H5YFCDSXC_240813_MG_PRISMA_24s001116-1-1_Gross_lane1MG241_2	(11.0, 17.0)	(12.0, 526.0)	(13.0, 2295.0)	(14.0, 3104.0)	(15.0, 2731.0)	(16.0, 2676.0)	(17.0, 3548.0)	(18.0, 6384.0)	(19.0, 14636.0)	(20.0, 31504.0)	(21.0, 60947.0)	(22.0, 101179.0)	(23.0, 159151.0)	(24.0, 221104.0)	(25.0, 254871.0)	(26.0, 283062.0)	(27.0, 370876.0)	(28.0, 483829.0)	(29.0, 653426.0)	(30.0, 885020.0)	(31.0, 1262080.0)	(32.0, 1816203.0)	(33.0, 2871947.0)	(34.0, 4877786.0)	(35.0, 9852588.0)	(36.0, 14661224.0)	(37.0, 312638.0)				
/ | scratch | karcher | fastqc | 240813_MG011_PRISMA_NovaSeq_final_for_Q | H5YFCDSXC_240813_MG_PRISMA_24s001116-1-1_Gross_lane1MG242 | H5YFCDSXC_240813_MG_PRISMA_24s001116-1-1_Gross_lane1MG242_1	(14.0, 6.0)	(15.0, 36.0)	(16.0, 160.0)	(17.0, 343.0)	(18.0, 701.0)	(19.0, 1388.0)	(20.0, 2813.0)	(21.0, 5787.0)	(22.0, 10940.0)	(23.0, 21709.0)	(24.0, 40631.0)	(25.0, 76612.0)	(26.0, 134874.0)	(27.0, 232648.0)	(28.0, 364590.0)	(29.0, 549390.0)	(30.0, 761609.0)	(31.0, 1037239.0)	(32.0, 1362164.0)	(33.0, 1986799.0)	(34.0, 2746865.0)	(35.0, 5309357.0)	(36.0, 17281297.0)	(37.0, 1007645.0)							
/ | scratch | karcher | fastqc | 240813_MG011_PRISMA_NovaSeq_final_for_Q | H5YFCDSXC_240813_MG_PRISMA_24s001116-1-1_Gross_lane1MG242 | H5YFCDSXC_240813_MG_PRISMA_24s001116-1-1_Gross_lane1MG242_2	(11.0, 4.0)	(12.0, 175.0)	(13.0, 836.0)	(14.0, 1454.0)	(15.0, 1684.0)	(16.0, 1601.0)	(17.0, 1849.0)	(18.0, 2662.0)	(19.0, 5000.0)	(20.0, 10856.0)	(21.0, 23350.0)	(22.0, 43900.0)	(23.0, 76844.0)	(24.0, 100650.0)	(25.0, 107493.0)	(26.0, 131473.0)	(27.0, 176821.0)	(28.0, 237042.0)	(29.0, 327167.0)	(30.0, 452871.0)	(31.0, 659697.0)	(32.0, 974247.0)	(33.0, 1601542.0)	(34.0, 2930531.0)	(35.0, 7140719.0)	(36.0, 17236342.0)	(37.0, 688793.0)				
/ | scratch | karcher | fastqc | 240813_MG011_PRISMA_NovaSeq_final_for_Q | H5YFCDSXC_240813_MG_PRISMA_24s001116-1-1_Gross_lane1MG243 | H5YFCDSXC_240813_MG_PRISMA_24s001116-1-1_Gross_lane1MG243_1	(14.0, 3.0)	(15.0, 41.0)	(16.0, 139.0)	(17.0, 375.0)	(18.0, 860.0)	(19.0, 1732.0)	(20.0, 3492.0)	(21.0, 7328.0)	(22.0, 14485.0)	(23.0, 29600.0)	(24.0, 55922.0)	(25.0, 106477.0)	(26.0, 190502.0)	(27.0, 328652.0)	(28.0, 515649.0)	(29.0, 771093.0)	(30.0, 1062207.0)	(31.0, 1432235.0)	(32.0, 1844340.0)	(33.0, 2558780.0)	(34.0, 3843504.0)	(35.0, 7554131.0)	(36.0, 25106818.0)	(37.0, 1475892.0)							
/ | scratch | karcher | fastqc | 240813_MG011_PRISMA_NovaSeq_final_for_Q | H5YFCDSXC_240813_MG_PRISMA_24s001116-1-1_Gross_lane1MG243 | H5YFCDSXC_240813_MG_PRISMA_24s001116-1-1_Gross_lane1MG243_2	(11.0, 9.0)	(12.0, 416.0)	(13.0, 1964.0)	(14.0, 3217.0)	(15.0, 3210.0)	(16.0, 2905.0)	(17.0, 3154.0)	(18.0, 4325.0)	(19.0, 7658.0)	(20.0, 16139.0)	(21.0, 34468.0)	(22.0, 65405.0)	(23.0, 114539.0)	(24.0, 154103.0)	(25.0, 165751.0)	(26.0, 199164.0)	(27.0, 269551.0)	(28.0, 359252.0)	(29.0, 491632.0)	(30.0, 677229.0)	(31.0, 984639.0)	(32.0, 1448493.0)	(33.0, 2381752.0)	(34.0, 4346511.0)	(35.0, 10494199.0)	(36.0, 23853240.0)	(37.0, 821332.0)				
/ | scratch | karcher | fastqc | 240813_MG011_PRISMA_NovaSeq_final_for_Q | H5YFCDSXC_240813_MG_PRISMA_24s001116-1-1_Gross_lane1MG244 | H5YFCDSXC_240813_MG_PRISMA_24s001116-1-1_Gross_lane1MG244_1	(14.0, 1.0)	(15.0, 18.0)	(16.0, 60.0)	(17.0, 164.0)	(18.0, 392.0)	(19.0, 824.0)	(20.0, 1625.0)	(21.0, 3444.0)	(22.0, 6748.0)	(23.0, 13358.0)	(24.0, 25599.0)	(25.0, 50829.0)	(26.0, 94506.0)	(27.0, 172924.0)	(28.0, 285737.0)	(29.0, 446853.0)	(30.0, 640484.0)	(31.0, 895456.0)	(32.0, 1237842.0)	(33.0, 1683373.0)	(34.0, 2450566.0)	(35.0, 5106146.0)	(36.0, 17029445.0)	(37.0, 910986.0)							
/ | scratch | karcher | fastqc | 240813_MG011_PRISMA_NovaSeq_final_for_Q | H5YFCDSXC_240813_MG_PRISMA_24s001116-1-1_Gross_lane1MG244 | H5YFCDSXC_240813_MG_PRISMA_24s001116-1-1_Gross_lane1MG244_2	(11.0, 6.0)	(12.0, 200.0)	(13.0, 1144.0)	(14.0, 1750.0)	(15.0, 1963.0)	(16.0, 1953.0)	(17.0, 2363.0)	(18.0, 4010.0)	(19.0, 8471.0)	(20.0, 17992.0)	(21.0, 34916.0)	(22.0, 61620.0)	(23.0, 101146.0)	(24.0, 122529.0)	(25.0, 135076.0)	(26.0, 168161.0)	(27.0, 227424.0)	(28.0, 301524.0)	(29.0, 414352.0)	(30.0, 567584.0)	(31.0, 820699.0)	(32.0, 1199520.0)	(33.0, 1943982.0)	(34.0, 3435749.0)	(35.0, 7582453.0)	(36.0, 13580467.0)	(37.0, 320326.0)				
/ | scratch | karcher | fastqc | 240813_MG011_PRISMA_NovaSeq_final_for_Q | H5YFCDSXC_240813_MG_PRISMA_24s001116-1-1_Gross_lane1MG245 | H5YFCDSXC_240813_MG_PRISMA_24s001116-1-1_Gross_lane1MG245_1	(14.0, 3.0)	(15.0, 16.0)	(16.0, 51.0)	(17.0, 113.0)	(18.0, 255.0)	(19.0, 544.0)	(20.0, 1090.0)	(21.0, 2135.0)	(22.0, 4031.0)	(23.0, 7406.0)	(24.0, 13208.0)	(25.0, 25199.0)	(26.0, 46589.0)	(27.0, 86901.0)	(28.0, 149248.0)	(29.0, 243148.0)	(30.0, 365241.0)	(31.0, 533044.0)	(32.0, 737173.0)	(33.0, 1105526.0)	(34.0, 1689205.0)	(35.0, 3444045.0)	(36.0, 12332745.0)	(37.0, 746999.0)							
/ | scratch | karcher | fastqc | 240813_MG011_PRISMA_NovaSeq_final_for_Q | H5YFCDSXC_240813_MG_PRISMA_24s001116-1-1_Gross_lane1MG245 | H5YFCDSXC_240813_MG_PRISMA_24s001116-1-1_Gross_lane1MG245_2	(11.0, 5.0)	(12.0, 148.0)	(13.0, 808.0)	(14.0, 1289.0)	(15.0, 1333.0)	(16.0, 1228.0)	(17.0, 1399.0)	(18.0, 1875.0)	(19.0, 3455.0)	(20.0, 6787.0)	(21.0, 14139.0)	(22.0, 27203.0)	(23.0, 49057.0)	(24.0, 60665.0)	(25.0, 61002.0)	(26.0, 74932.0)	(27.0, 103693.0)	(28.0, 139246.0)	(29.0, 197487.0)	(30.0, 278615.0)	(31.0, 413939.0)	(32.0, 624726.0)	(33.0, 1055099.0)	(34.0, 1984687.0)	(35.0, 4932599.0)	(36.0, 11149506.0)	(37.0, 348993.0)				
/ | scratch | karcher | fastqc | 240813_MG011_PRISMA_NovaSeq_final_for_Q | H5YFCDSXC_240813_MG_PRISMA_24s001116-1-1_Gross_lane1MG246 | H5YFCDSXC_240813_MG_PRISMA_24s001116-1-1_Gross_lane1MG246_1	(14.0, 1.0)	(15.0, 15.0)	(16.0, 56.0)	(17.0, 171.0)	(18.0, 379.0)	(19.0, 879.0)	(20.0, 1714.0)	(21.0, 3610.0)	(22.0, 7113.0)	(23.0, 14673.0)	(24.0, 29549.0)	(25.0, 58255.0)	(26.0, 106133.0)	(27.0, 189734.0)	(28.0, 305203.0)	(29.0, 462701.0)	(30.0, 644116.0)	(31.0, 874317.0)	(32.0, 1130027.0)	(33.0, 1551284.0)	(34.0, 2336176.0)	(35.0, 4628312.0)	(36.0, 15934159.0)	(37.0, 972966.0)							
/ | scratch | karcher | fastqc | 240813_MG011_PRISMA_NovaSeq_final_for_Q | H5YFCDSXC_240813_MG_PRISMA_24s001116-1-1_Gross_lane1MG246 | H5YFCDSXC_240813_MG_PRISMA_24s001116-1-1_Gross_lane1MG246_2	(11.0, 3.0)	(12.0, 153.0)	(13.0, 734.0)	(14.0, 1156.0)	(15.0, 1152.0)	(16.0, 1030.0)	(17.0, 1236.0)	(18.0, 1920.0)	(19.0, 3671.0)	(20.0, 7963.0)	(21.0, 17468.0)	(22.0, 33387.0)	(23.0, 58833.0)	(24.0, 82661.0)	(25.0, 94393.0)	(26.0, 114280.0)	(27.0, 156812.0)	(28.0, 210618.0)	(29.0, 294875.0)	(30.0, 410810.0)	(31.0, 603743.0)	(32.0, 902290.0)	(33.0, 1507000.0)	(34.0, 2792033.0)	(35.0, 6790831.0)	(36.0, 14719915.0)	(37.0, 442576.0)				
/ | scratch | karcher | fastqc | 240813_MG011_PRISMA_NovaSeq_final_for_Q | H5YFCDSXC_240813_MG_PRISMA_24s001116-1-1_Gross_lane1MG247 | H5YFCDSXC_240813_MG_PRISMA_24s001116-1-1_Gross_lane1MG247_1	(14.0, 3.0)	(15.0, 25.0)	(16.0, 81.0)	(17.0, 220.0)	(18.0, 458.0)	(19.0, 950.0)	(20.0, 1772.0)	(21.0, 3561.0)	(22.0, 6874.0)	(23.0, 13588.0)	(24.0, 25735.0)	(25.0, 50620.0)	(26.0, 93045.0)	(27.0, 169017.0)	(28.0, 275686.0)	(29.0, 428184.0)	(30.0, 606558.0)	(31.0, 837522.0)	(32.0, 1099570.0)	(33.0, 1532368.0)	(34.0, 2334442.0)	(35.0, 4651010.0)	(36.0, 16142570.0)	(37.0, 996497.0)							
/ | scratch | karcher | fastqc | 240813_MG011_PRISMA_NovaSeq_final_for_Q | H5YFCDSXC_240813_MG_PRISMA_24s001116-1-1_Gross_lane1MG247 | H5YFCDSXC_240813_MG_PRISMA_24s001116-1-1_Gross_lane1MG247_2	(11.0, 4.0)	(12.0, 182.0)	(13.0, 977.0)	(14.0, 1326.0)	(15.0, 1428.0)	(16.0, 1390.0)	(17.0, 1647.0)	(18.0, 2355.0)	(19.0, 4538.0)	(20.0, 9645.0)	(21.0, 20353.0)	(22.0, 38419.0)	(23.0, 68495.0)	(24.0, 85244.0)	(25.0, 91244.0)	(26.0, 111106.0)	(27.0, 151942.0)	(28.0, 202598.0)	(29.0, 280248.0)	(30.0, 389797.0)	(31.0, 572523.0)	(32.0, 854586.0)	(33.0, 1424167.0)	(34.0, 2656746.0)	(35.0, 6557065.0)	(36.0, 15219705.0)	(37.0, 522626.0)				
/ | scratch | karcher | fastqc | 240813_MG011_PRISMA_NovaSeq_final_for_Q | H5YFCDSXC_240813_MG_PRISMA_24s001116-1-1_Gross_lane1MG248 | H5YFCDSXC_240813_MG_PRISMA_24s001116-1-1_Gross_lane1MG248_1	(14.0, 5.0)	(15.0, 25.0)	(16.0, 99.0)	(17.0, 289.0)	(18.0, 560.0)	(19.0, 1170.0)	(20.0, 2227.0)	(21.0, 4289.0)	(22.0, 8177.0)	(23.0, 14773.0)	(24.0, 25885.0)	(25.0, 48535.0)	(26.0, 88587.0)	(27.0, 161124.0)	(28.0, 269038.0)	(29.0, 428319.0)	(30.0, 624644.0)	(31.0, 888257.0)	(32.0, 1191217.0)	(33.0, 1689867.0)	(34.0, 2595057.0)	(35.0, 5441192.0)	(36.0, 19070353.0)	(37.0, 1237282.0)							
/ | scratch | karcher | fastqc | 240813_MG011_PRISMA_NovaSeq_final_for_Q | H5YFCDSXC_240813_MG_PRISMA_24s001116-1-1_Gross_lane1MG248 | H5YFCDSXC_240813_MG_PRISMA_24s001116-1-1_Gross_lane1MG248_2	(11.0, 2.0)	(12.0, 153.0)	(13.0, 876.0)	(14.0, 1453.0)	(15.0, 1529.0)	(16.0, 1573.0)	(17.0, 1716.0)	(18.0, 2171.0)	(19.0, 3657.0)	(20.0, 7673.0)	(21.0, 15972.0)	(22.0, 31112.0)	(23.0, 56114.0)	(24.0, 74647.0)	(25.0, 79913.0)	(26.0, 97538.0)	(27.0, 136070.0)	(28.0, 185444.0)	(29.0, 262108.0)	(30.0, 372321.0)	(31.0, 558623.0)	(32.0, 848497.0)	(33.0, 1440564.0)	(34.0, 2751068.0)	(35.0, 7134826.0)	(36.0, 18906232.0)	(37.0, 819119.0)				
/ | scratch | karcher | fastqc | 240813_MG011_PRISMA_NovaSeq_final_for_Q | H5YFCDSXC_240813_MG_PRISMA_24s001116-1-1_Gross_lane1MG249 | H5YFCDSXC_240813_MG_PRISMA_24s001116-1-1_Gross_lane1MG249_1	(14.0, 2.0)	(15.0, 10.0)	(16.0, 42.0)	(17.0, 138.0)	(18.0, 339.0)	(19.0, 712.0)	(20.0, 1573.0)	(21.0, 3474.0)	(22.0, 7227.0)	(23.0, 15038.0)	(24.0, 30397.0)	(25.0, 60263.0)	(26.0, 109060.0)	(27.0, 193997.0)	(28.0, 307175.0)	(29.0, 461846.0)	(30.0, 642307.0)	(31.0, 869768.0)	(32.0, 1123672.0)	(33.0, 1542961.0)	(34.0, 2309968.0)	(35.0, 4631308.0)	(36.0, 15230128.0)	(37.0, 861720.0)							
/ | scratch | karcher | fastqc | 240813_MG011_PRISMA_NovaSeq_final_for_Q | H5YFCDSXC_240813_MG_PRISMA_24s001116-1-1_Gross_lane1MG249 | H5YFCDSXC_240813_MG_PRISMA_24s001116-1-1_Gross_lane1MG249_2	(11.0, 6.0)	(12.0, 225.0)	(13.0, 961.0)	(14.0, 1367.0)	(15.0, 1195.0)	(16.0, 1187.0)	(17.0, 1298.0)	(18.0, 1903.0)	(19.0, 3766.0)	(20.0, 8447.0)	(21.0, 19404.0)	(22.0, 37163.0)	(23.0, 64584.0)	(24.0, 92617.0)	(25.0, 106880.0)	(26.0, 126140.0)	(27.0, 170226.0)	(28.0, 226627.0)	(29.0, 312656.0)	(30.0, 429892.0)	(31.0, 621173.0)	(32.0, 913931.0)	(33.0, 1500316.0)	(34.0, 2734007.0)	(35.0, 6520368.0)	(36.0, 14061914.0)	(37.0, 444872.0)				
/ | scratch | karcher | fastqc | 240813_MG011_PRISMA_NovaSeq_final_for_Q | H5YFCDSXC_240813_MG_PRISMA_24s001116-1-1_Gross_lane1MG250 | H5YFCDSXC_240813_MG_PRISMA_24s001116-1-1_Gross_lane1MG250_1	(14.0, 4.0)	(15.0, 27.0)	(16.0, 65.0)	(17.0, 219.0)	(18.0, 436.0)	(19.0, 873.0)	(20.0, 1819.0)	(21.0, 3816.0)	(22.0, 7783.0)	(23.0, 15754.0)	(24.0, 30618.0)	(25.0, 59736.0)	(26.0, 107156.0)	(27.0, 189503.0)	(28.0, 301811.0)	(29.0, 456989.0)	(30.0, 639289.0)	(31.0, 873935.0)	(32.0, 1180531.0)	(33.0, 1596913.0)	(34.0, 2259117.0)	(35.0, 4570695.0)	(36.0, 15096273.0)	(37.0, 838247.0)							
/ | scratch | karcher | fastqc | 240813_MG011_PRISMA_NovaSeq_final_for_Q | H5YFCDSXC_240813_MG_PRISMA_24s001116-1-1_Gross_lane1MG250 | H5YFCDSXC_240813_MG_PRISMA_24s001116-1-1_Gross_lane1MG250_2	(11.0, 3.0)	(12.0, 158.0)	(13.0, 942.0)	(14.0, 1617.0)	(15.0, 1694.0)	(16.0, 1679.0)	(17.0, 1974.0)	(18.0, 2730.0)	(19.0, 5024.0)	(20.0, 10437.0)	(21.0, 21731.0)	(22.0, 40624.0)	(23.0, 72695.0)	(24.0, 88620.0)	(25.0, 95398.0)	(26.0, 118568.0)	(27.0, 160425.0)	(28.0, 215346.0)	(29.0, 297257.0)	(30.0, 411148.0)	(31.0, 599178.0)	(32.0, 881806.0)	(33.0, 1443910.0)	(34.0, 2612326.0)	(35.0, 6225676.0)	(36.0, 14413029.0)	(37.0, 507614.0)				
/ | scratch | karcher | fastqc | 240813_MG011_PRISMA_NovaSeq_final_for_Q | H5YFCDSXC_240813_MG_PRISMA_24s001116-1-1_Gross_lane1MG251 | H5YFCDSXC_240813_MG_PRISMA_24s001116-1-1_Gross_lane1MG251_1	(13.0, 1.0)	(14.0, 5.0)	(15.0, 38.0)	(16.0, 149.0)	(17.0, 331.0)	(18.0, 648.0)	(19.0, 1291.0)	(20.0, 2586.0)	(21.0, 5449.0)	(22.0, 10321.0)	(23.0, 19842.0)	(24.0, 36584.0)	(25.0, 68911.0)	(26.0, 121280.0)	(27.0, 211396.0)	(28.0, 333842.0)	(29.0, 504667.0)	(30.0, 703441.0)	(31.0, 957599.0)	(32.0, 1252502.0)	(33.0, 1752614.0)	(34.0, 2622054.0)	(35.0, 5098145.0)	(36.0, 16467992.0)	(37.0, 980514.0)						
/ | scratch | karcher | fastqc | 240813_MG011_PRISMA_NovaSeq_final_for_Q | H5YFCDSXC_240813_MG_PRISMA_24s001116-1-1_Gross_lane1MG251 | H5YFCDSXC_240813_MG_PRISMA_24s001116-1-1_Gross_lane1MG251_2	(11.0, 7.0)	(12.0, 204.0)	(13.0, 1028.0)	(14.0, 1501.0)	(15.0, 1479.0)	(16.0, 1452.0)	(17.0, 1702.0)	(18.0, 2464.0)	(19.0, 4877.0)	(20.0, 11151.0)	(21.0, 24710.0)	(22.0, 46691.0)	(23.0, 79146.0)	(24.0, 110875.0)	(25.0, 134106.0)	(26.0, 161347.0)	(27.0, 214380.0)	(28.0, 281225.0)	(29.0, 385483.0)	(30.0, 526026.0)	(31.0, 756813.0)	(32.0, 1097042.0)	(33.0, 1770012.0)	(34.0, 3142901.0)	(35.0, 7150382.0)	(36.0, 14761276.0)	(37.0, 483922.0)				
/ | scratch | karcher | fastqc | 240813_MG011_PRISMA_NovaSeq_final_for_Q | H5YFCDSXC_240813_MG_PRISMA_24s001116-1-1_Gross_lane1MG252 | H5YFCDSXC_240813_MG_PRISMA_24s001116-1-1_Gross_lane1MG252_1	(14.0, 3.0)	(15.0, 16.0)	(16.0, 65.0)	(17.0, 200.0)	(18.0, 475.0)	(19.0, 1071.0)	(20.0, 2139.0)	(21.0, 4338.0)	(22.0, 8553.0)	(23.0, 17199.0)	(24.0, 33269.0)	(25.0, 65761.0)	(26.0, 121037.0)	(27.0, 216783.0)	(28.0, 353692.0)	(29.0, 543662.0)	(30.0, 772029.0)	(31.0, 1066439.0)	(32.0, 1414596.0)	(33.0, 2036676.0)	(34.0, 2891007.0)	(35.0, 5729155.0)	(36.0, 19075723.0)	(37.0, 1104426.0)							
/ | scratch | karcher | fastqc | 240813_MG011_PRISMA_NovaSeq_final_for_Q | H5YFCDSXC_240813_MG_PRISMA_24s001116-1-1_Gross_lane1MG252 | H5YFCDSXC_240813_MG_PRISMA_24s001116-1-1_Gross_lane1MG252_2	(11.0, 4.0)	(12.0, 239.0)	(13.0, 1239.0)	(14.0, 1830.0)	(15.0, 1723.0)	(16.0, 1500.0)	(17.0, 1726.0)	(18.0, 2382.0)	(19.0, 4447.0)	(20.0, 9852.0)	(21.0, 21494.0)	(22.0, 41329.0)	(23.0, 73122.0)	(24.0, 102924.0)	(25.0, 113930.0)	(26.0, 136938.0)	(27.0, 187477.0)	(28.0, 253601.0)	(29.0, 354809.0)	(30.0, 496113.0)	(31.0, 730424.0)	(32.0, 1093479.0)	(33.0, 1824802.0)	(34.0, 3365867.0)	(35.0, 8124096.0)	(36.0, 17909569.0)	(37.0, 603398.0)				
/ | scratch | karcher | fastqc | 240813_MG011_PRISMA_NovaSeq_final_for_Q | H5YFCDSXC_240813_MG_PRISMA_24s001116-1-1_Gross_lane1MG253 | H5YFCDSXC_240813_MG_PRISMA_24s001116-1-1_Gross_lane1MG253_1	(14.0, 4.0)	(15.0, 7.0)	(16.0, 52.0)	(17.0, 127.0)	(18.0, 308.0)	(19.0, 864.0)	(20.0, 1925.0)	(21.0, 4262.0)	(22.0, 9435.0)	(23.0, 20586.0)	(24.0, 41294.0)	(25.0, 81051.0)	(26.0, 146063.0)	(27.0, 254820.0)	(28.0, 400942.0)	(29.0, 598684.0)	(30.0, 830398.0)	(31.0, 1119327.0)	(32.0, 1461860.0)	(33.0, 2090061.0)	(34.0, 2916600.0)	(35.0, 5751743.0)	(36.0, 19143334.0)	(37.0, 1076284.0)							
/ | scratch | karcher | fastqc | 240813_MG011_PRISMA_NovaSeq_final_for_Q | H5YFCDSXC_240813_MG_PRISMA_24s001116-1-1_Gross_lane1MG253 | H5YFCDSXC_240813_MG_PRISMA_24s001116-1-1_Gross_lane1MG253_2	(11.0, 21.0)	(12.0, 670.0)	(13.0, 2793.0)	(14.0, 3325.0)	(15.0, 2745.0)	(16.0, 2155.0)	(17.0, 2182.0)	(18.0, 3056.0)	(19.0, 5841.0)	(20.0, 12691.0)	(21.0, 26594.0)	(22.0, 48476.0)	(23.0, 81492.0)	(24.0, 116431.0)	(25.0, 144302.0)	(26.0, 163670.0)	(27.0, 214182.0)	(28.0, 282771.0)	(29.0, 388065.0)	(30.0, 535228.0)	(31.0, 777110.0)	(32.0, 1146099.0)	(33.0, 1890294.0)	(34.0, 3453819.0)	(35.0, 8238951.0)	(36.0, 17840666.0)	(37.0, 566402.0)				
/ | scratch | karcher | fastqc | 240813_MG011_PRISMA_NovaSeq_final_for_Q | H5YFCDSXC_240813_MG_PRISMA_24s001116-1-1_Gross_lane1MG254 | H5YFCDSXC_240813_MG_PRISMA_24s001116-1-1_Gross_lane1MG254_1	(14.0, 7.0)	(15.0, 24.0)	(16.0, 58.0)	(17.0, 163.0)	(18.0, 320.0)	(19.0, 620.0)	(20.0, 1440.0)	(21.0, 3310.0)	(22.0, 7079.0)	(23.0, 14566.0)	(24.0, 28382.0)	(25.0, 55945.0)	(26.0, 99381.0)	(27.0, 176781.0)	(28.0, 280098.0)	(29.0, 424379.0)	(30.0, 593308.0)	(31.0, 808308.0)	(32.0, 1053455.0)	(33.0, 1456716.0)	(34.0, 2182973.0)	(35.0, 4306138.0)	(36.0, 14905231.0)	(37.0, 937263.0)							
/ | scratch | karcher | fastqc | 240813_MG011_PRISMA_NovaSeq_final_for_Q | H5YFCDSXC_240813_MG_PRISMA_24s001116-1-1_Gross_lane1MG254 | H5YFCDSXC_240813_MG_PRISMA_24s001116-1-1_Gross_lane1MG254_2	(11.0, 1.0)	(12.0, 169.0)	(13.0, 790.0)	(14.0, 1217.0)	(15.0, 1117.0)	(16.0, 1112.0)	(17.0, 1298.0)	(18.0, 2047.0)	(19.0, 4154.0)	(20.0, 10083.0)	(21.0, 21566.0)	(22.0, 39007.0)	(23.0, 65304.0)	(24.0, 90185.0)	(25.0, 108030.0)	(26.0, 128848.0)	(27.0, 173646.0)	(28.0, 229586.0)	(29.0, 313695.0)	(30.0, 428724.0)	(31.0, 616619.0)	(32.0, 899081.0)	(33.0, 1463004.0)	(34.0, 2621857.0)	(35.0, 6169519.0)	(36.0, 13527576.0)	(37.0, 417710.0)				
/ | scratch | karcher | fastqc | 240813_MG011_PRISMA_NovaSeq_final_for_Q | H5YFCDSXC_240813_MG_PRISMA_24s001116-1-1_Gross_lane1MG255 | H5YFCDSXC_240813_MG_PRISMA_24s001116-1-1_Gross_lane1MG255_1	(14.0, 4.0)	(15.0, 27.0)	(16.0, 97.0)	(17.0, 271.0)	(18.0, 626.0)	(19.0, 1174.0)	(20.0, 2492.0)	(21.0, 5040.0)	(22.0, 10063.0)	(23.0, 19718.0)	(24.0, 36664.0)	(25.0, 70506.0)	(26.0, 124767.0)	(27.0, 218338.0)	(28.0, 347632.0)	(29.0, 527684.0)	(30.0, 742639.0)	(31.0, 1028207.0)	(32.0, 1439093.0)	(33.0, 1966752.0)	(34.0, 2679660.0)	(35.0, 5306055.0)	(36.0, 16845284.0)	(37.0, 989996.0)							
/ | scratch | karcher | fastqc | 240813_MG011_PRISMA_NovaSeq_final_for_Q | H5YFCDSXC_240813_MG_PRISMA_24s001116-1-1_Gross_lane1MG255 | H5YFCDSXC_240813_MG_PRISMA_24s001116-1-1_Gross_lane1MG255_2	(11.0, 6.0)	(12.0, 347.0)	(13.0, 1496.0)	(14.0, 2083.0)	(15.0, 1958.0)	(16.0, 1832.0)	(17.0, 1978.0)	(18.0, 2951.0)	(19.0, 5840.0)	(20.0, 12849.0)	(21.0, 27401.0)	(22.0, 50908.0)	(23.0, 84759.0)	(24.0, 121434.0)	(25.0, 142810.0)	(26.0, 161247.0)	(27.0, 212459.0)	(28.0, 280288.0)	(29.0, 382717.0)	(30.0, 525929.0)	(31.0, 763491.0)	(32.0, 1116323.0)	(33.0, 1815972.0)	(34.0, 3239110.0)	(35.0, 7436728.0)	(36.0, 15447050.0)	(37.0, 522823.0)				
/ | scratch | karcher | fastqc | 240813_MG011_PRISMA_NovaSeq_final_for_Q | H5YFCDSXC_240813_MG_PRISMA_24s001116-1-1_Gross_lane1MG256 | H5YFCDSXC_240813_MG_PRISMA_24s001116-1-1_Gross_lane1MG256_1	(14.0, 1.0)	(15.0, 34.0)	(16.0, 75.0)	(17.0, 289.0)	(18.0, 623.0)	(19.0, 1322.0)	(20.0, 2738.0)	(21.0, 5791.0)	(22.0, 11530.0)	(23.0, 23388.0)	(24.0, 44701.0)	(25.0, 85038.0)	(26.0, 153342.0)	(27.0, 269112.0)	(28.0, 426121.0)	(29.0, 643824.0)	(30.0, 897826.0)	(31.0, 1219550.0)	(32.0, 1585526.0)	(33.0, 2236068.0)	(34.0, 3241651.0)	(35.0, 6282008.0)	(36.0, 20643062.0)	(37.0, 1231829.0)							
/ | scratch | karcher | fastqc | 240813_MG011_PRISMA_NovaSeq_final_for_Q | H5YFCDSXC_240813_MG_PRISMA_24s001116-1-1_Gross_lane1MG256 | H5YFCDSXC_240813_MG_PRISMA_24s001116-1-1_Gross_lane1MG256_2	(11.0, 8.0)	(12.0, 209.0)	(13.0, 1181.0)	(14.0, 1958.0)	(15.0, 1960.0)	(16.0, 1884.0)	(17.0, 2199.0)	(18.0, 3146.0)	(19.0, 6006.0)	(20.0, 13474.0)	(21.0, 28176.0)	(22.0, 51491.0)	(23.0, 88602.0)	(24.0, 117930.0)	(25.0, 133819.0)	(26.0, 162865.0)	(27.0, 220827.0)	(28.0, 295140.0)	(29.0, 408918.0)	(30.0, 566171.0)	(31.0, 823544.0)	(32.0, 1217495.0)	(33.0, 1995447.0)	(34.0, 3625516.0)	(35.0, 8662765.0)	(36.0, 19869200.0)	(37.0, 705518.0)				
/ | scratch | karcher | fastqc | 240813_MG011_PRISMA_NovaSeq_final_for_Q | H5YFCDSXC_240813_MG_PRISMA_24s001116-1-1_Gross_lane1MG257 | H5YFCDSXC_240813_MG_PRISMA_24s001116-1-1_Gross_lane1MG257_1	(14.0, 13.0)	(15.0, 77.0)	(16.0, 252.0)	(17.0, 475.0)	(18.0, 1039.0)	(19.0, 1980.0)	(20.0, 3740.0)	(21.0, 7081.0)	(22.0, 12924.0)	(23.0, 23429.0)	(24.0, 40930.0)	(25.0, 72746.0)	(26.0, 122186.0)	(27.0, 204997.0)	(28.0, 317091.0)	(29.0, 474849.0)	(30.0, 660080.0)	(31.0, 900030.0)	(32.0, 1196220.0)	(33.0, 1701005.0)	(34.0, 2365683.0)	(35.0, 4623811.0)	(36.0, 15012318.0)	(37.0, 939495.0)							
/ | scratch | karcher | fastqc | 240813_MG011_PRISMA_NovaSeq_final_for_Q | H5YFCDSXC_240813_MG_PRISMA_24s001116-1-1_Gross_lane1MG257 | H5YFCDSXC_240813_MG_PRISMA_24s001116-1-1_Gross_lane1MG257_2	(11.0, 5.0)	(12.0, 253.0)	(13.0, 1174.0)	(14.0, 1653.0)	(15.0, 1723.0)	(16.0, 1740.0)	(17.0, 2066.0)	(18.0, 2989.0)	(19.0, 6032.0)	(20.0, 13043.0)	(21.0, 28452.0)	(22.0, 53208.0)	(23.0, 88210.0)	(24.0, 122752.0)	(25.0, 143276.0)	(26.0, 163738.0)	(27.0, 213501.0)	(28.0, 279638.0)	(29.0, 378749.0)	(30.0, 515257.0)	(31.0, 737149.0)	(32.0, 1066119.0)	(33.0, 1712453.0)	(34.0, 2998348.0)	(35.0, 6639816.0)	(36.0, 13099665.0)	(37.0, 411442.0)				
/ | scratch | karcher | fastqc | 240813_MG011_PRISMA_NovaSeq_final_for_Q | H5YFCDSXC_240813_MG_PRISMA_24s001116-1-1_Gross_lane1MG258 | H5YFCDSXC_240813_MG_PRISMA_24s001116-1-1_Gross_lane1MG258_1	(14.0, 4.0)	(15.0, 24.0)	(16.0, 79.0)	(17.0, 204.0)	(18.0, 472.0)	(19.0, 986.0)	(20.0, 1993.0)	(21.0, 4276.0)	(22.0, 8284.0)	(23.0, 16626.0)	(24.0, 32427.0)	(25.0, 64356.0)	(26.0, 119171.0)	(27.0, 213600.0)	(28.0, 342318.0)	(29.0, 520481.0)	(30.0, 728211.0)	(31.0, 993066.0)	(32.0, 1294929.0)	(33.0, 1806581.0)	(34.0, 2734125.0)	(35.0, 5400384.0)	(36.0, 18367025.0)	(37.0, 1124631.0)							
/ | scratch | karcher | fastqc | 240813_MG011_PRISMA_NovaSeq_final_for_Q | H5YFCDSXC_240813_MG_PRISMA_24s001116-1-1_Gross_lane1MG258 | H5YFCDSXC_240813_MG_PRISMA_24s001116-1-1_Gross_lane1MG258_2	(11.0, 5.0)	(12.0, 142.0)	(13.0, 854.0)	(14.0, 1448.0)	(15.0, 1675.0)	(16.0, 1564.0)	(17.0, 1671.0)	(18.0, 2421.0)	(19.0, 4672.0)	(20.0, 9739.0)	(21.0, 20715.0)	(22.0, 39478.0)	(23.0, 70011.0)	(24.0, 87497.0)	(25.0, 100680.0)	(26.0, 130712.0)	(27.0, 181980.0)	(28.0, 245028.0)	(29.0, 344337.0)	(30.0, 480714.0)	(31.0, 705195.0)	(32.0, 1046989.0)	(33.0, 1731208.0)	(34.0, 3173628.0)	(35.0, 7635017.0)	(36.0, 17185179.0)	(37.0, 571694.0)				
/ | scratch | karcher | fastqc | 240813_MG011_PRISMA_NovaSeq_final_for_Q | H5YFCDSXC_240813_MG_PRISMA_24s001116-1-1_Gross_lane1MG259 | H5YFCDSXC_240813_MG_PRISMA_24s001116-1-1_Gross_lane1MG259_1	(14.0, 4.0)	(15.0, 16.0)	(16.0, 87.0)	(17.0, 209.0)	(18.0, 448.0)	(19.0, 1071.0)	(20.0, 2126.0)	(21.0, 4778.0)	(22.0, 9314.0)	(23.0, 18057.0)	(24.0, 33609.0)	(25.0, 63603.0)	(26.0, 113076.0)	(27.0, 201381.0)	(28.0, 324040.0)	(29.0, 498830.0)	(30.0, 711100.0)	(31.0, 993361.0)	(32.0, 1417303.0)	(33.0, 1906239.0)	(34.0, 2633219.0)	(35.0, 5258525.0)	(36.0, 17385111.0)	(37.0, 1087731.0)							
/ | scratch | karcher | fastqc | 240813_MG011_PRISMA_NovaSeq_final_for_Q | H5YFCDSXC_240813_MG_PRISMA_24s001116-1-1_Gross_lane1MG259 | H5YFCDSXC_240813_MG_PRISMA_24s001116-1-1_Gross_lane1MG259_2	(11.0, 1.0)	(12.0, 118.0)	(13.0, 803.0)	(14.0, 1519.0)	(15.0, 1734.0)	(16.0, 1767.0)	(17.0, 1933.0)	(18.0, 3050.0)	(19.0, 5740.0)	(20.0, 12513.0)	(21.0, 26897.0)	(22.0, 50693.0)	(23.0, 89821.0)	(24.0, 109168.0)	(25.0, 113803.0)	(26.0, 141962.0)	(27.0, 194716.0)	(28.0, 260848.0)	(29.0, 363290.0)	(30.0, 503168.0)	(31.0, 733793.0)	(32.0, 1085928.0)	(33.0, 1776757.0)	(34.0, 3207550.0)	(35.0, 7480457.0)	(36.0, 15956359.0)	(37.0, 538850.0)				
/ | scratch | karcher | fastqc | 240813_MG011_PRISMA_NovaSeq_final_for_Q | H5YFCDSXC_240813_MG_PRISMA_24s001116-1-1_Gross_lane1MG260 | H5YFCDSXC_240813_MG_PRISMA_24s001116-1-1_Gross_lane1MG260_1	(14.0, 1.0)	(15.0, 22.0)	(16.0, 78.0)	(17.0, 167.0)	(18.0, 440.0)	(19.0, 1012.0)	(20.0, 2108.0)	(21.0, 4471.0)	(22.0, 8965.0)	(23.0, 18173.0)	(24.0, 35224.0)	(25.0, 68581.0)	(26.0, 123500.0)	(27.0, 218585.0)	(28.0, 346766.0)	(29.0, 524590.0)	(30.0, 728717.0)	(31.0, 989608.0)	(32.0, 1278021.0)	(33.0, 1760244.0)	(34.0, 2645652.0)	(35.0, 5294031.0)	(36.0, 17833098.0)	(37.0, 1067835.0)							
/ | scratch | karcher | fastqc | 240813_MG011_PRISMA_NovaSeq_final_for_Q | H5YFCDSXC_240813_MG_PRISMA_24s001116-1-1_Gross_lane1MG260 | H5YFCDSXC_240813_MG_PRISMA_24s001116-1-1_Gross_lane1MG260_2	(11.0, 8.0)	(12.0, 215.0)	(13.0, 1087.0)	(14.0, 1600.0)	(15.0, 1639.0)	(16.0, 1603.0)	(17.0, 2095.0)	(18.0, 3752.0)	(19.0, 8454.0)	(20.0, 18423.0)	(21.0, 36041.0)	(22.0, 61737.0)	(23.0, 98603.0)	(24.0, 130208.0)	(25.0, 154448.0)	(26.0, 194775.0)	(27.0, 263236.0)	(28.0, 347988.0)	(29.0, 476915.0)	(30.0, 652725.0)	(31.0, 942716.0)	(32.0, 1371294.0)	(33.0, 2211715.0)	(34.0, 3879872.0)	(35.0, 8325981.0)	(36.0, 13475316.0)	(37.0, 287443.0)				
/ | scratch | karcher | fastqc | 240813_MG011_PRISMA_NovaSeq_final_for_Q | H5YFCDSXC_240813_MG_PRISMA_24s001116-1-1_Gross_lane1MG261 | H5YFCDSXC_240813_MG_PRISMA_24s001116-1-1_Gross_lane1MG261_1	(14.0, 11.0)	(15.0, 61.0)	(16.0, 188.0)	(17.0, 401.0)	(18.0, 757.0)	(19.0, 1473.0)	(20.0, 2662.0)	(21.0, 4916.0)	(22.0, 9366.0)	(23.0, 17104.0)	(24.0, 30196.0)	(25.0, 55311.0)	(26.0, 97799.0)	(27.0, 173329.0)	(28.0, 280792.0)	(29.0, 439344.0)	(30.0, 630531.0)	(31.0, 887875.0)	(32.0, 1202427.0)	(33.0, 1774700.0)	(34.0, 2542363.0)	(35.0, 4996961.0)	(36.0, 16584872.0)	(37.0, 1009258.0)							
/ | scratch | karcher | fastqc | 240813_MG011_PRISMA_NovaSeq_final_for_Q | H5YFCDSXC_240813_MG_PRISMA_24s001116-1-1_Gross_lane1MG261 | H5YFCDSXC_240813_MG_PRISMA_24s001116-1-1_Gross_lane1MG261_2	(11.0, 2.0)	(12.0, 196.0)	(13.0, 1076.0)	(14.0, 1877.0)	(15.0, 1927.0)	(16.0, 1982.0)	(17.0, 2178.0)	(18.0, 3137.0)	(19.0, 6044.0)	(20.0, 13038.0)	(21.0, 26815.0)	(22.0, 49429.0)	(23.0, 85707.0)	(24.0, 103415.0)	(25.0, 106393.0)	(26.0, 130140.0)	(27.0, 175234.0)	(28.0, 230188.0)	(29.0, 315498.0)	(30.0, 433876.0)	(31.0, 628684.0)	(32.0, 930291.0)	(33.0, 1529894.0)	(34.0, 2802507.0)	(35.0, 6777744.0)	(36.0, 15815029.0)	(37.0, 570396.0)				
/ | scratch | karcher | fastqc | 240813_MG011_PRISMA_NovaSeq_final_for_Q | H5YFCDSXC_240813_MG_PRISMA_24s001116-1-1_Gross_lane1MG262 | H5YFCDSXC_240813_MG_PRISMA_24s001116-1-1_Gross_lane1MG262_1	(14.0, 10.0)	(15.0, 133.0)	(16.0, 380.0)	(17.0, 741.0)	(18.0, 1369.0)	(19.0, 2629.0)	(20.0, 4742.0)	(21.0, 9499.0)	(22.0, 17463.0)	(23.0, 30277.0)	(24.0, 49378.0)	(25.0, 84320.0)	(26.0, 140479.0)	(27.0, 237329.0)	(28.0, 375365.0)	(29.0, 579472.0)	(30.0, 832547.0)	(31.0, 1178503.0)	(32.0, 1599834.0)	(33.0, 2320250.0)	(34.0, 3306372.0)	(35.0, 6296136.0)	(36.0, 19338698.0)	(37.0, 1240140.0)							
/ | scratch | karcher | fastqc | 240813_MG011_PRISMA_NovaSeq_final_for_Q | H5YFCDSXC_240813_MG_PRISMA_24s001116-1-1_Gross_lane1MG262 | H5YFCDSXC_240813_MG_PRISMA_24s001116-1-1_Gross_lane1MG262_2	(11.0, 5.0)	(12.0, 250.0)	(13.0, 1394.0)	(14.0, 2360.0)	(15.0, 2658.0)	(16.0, 2791.0)	(17.0, 3114.0)	(18.0, 4681.0)	(19.0, 9638.0)	(20.0, 23286.0)	(21.0, 51396.0)	(22.0, 92233.0)	(23.0, 147605.0)	(24.0, 191894.0)	(25.0, 221112.0)	(26.0, 263218.0)	(27.0, 345290.0)	(28.0, 446334.0)	(29.0, 598385.0)	(30.0, 801877.0)	(31.0, 1127394.0)	(32.0, 1590419.0)	(33.0, 2455714.0)	(34.0, 4089609.0)	(35.0, 8515470.0)	(36.0, 16151308.0)	(37.0, 506631.0)				
/ | scratch | karcher | fastqc | 240813_MG011_PRISMA_NovaSeq_final_for_Q | H5YFCDSXC_240813_MG_PRISMA_24s001116-1-1_Gross_lane1MG263 | H5YFCDSXC_240813_MG_PRISMA_24s001116-1-1_Gross_lane1MG263_1	(13.0, 1.0)	(14.0, 1.0)	(15.0, 35.0)	(16.0, 156.0)	(17.0, 364.0)	(18.0, 856.0)	(19.0, 1900.0)	(20.0, 3808.0)	(21.0, 7643.0)	(22.0, 14512.0)	(23.0, 26878.0)	(24.0, 47949.0)	(25.0, 87648.0)	(26.0, 152385.0)	(27.0, 262067.0)	(28.0, 413608.0)	(29.0, 625521.0)	(30.0, 877434.0)	(31.0, 1206790.0)	(32.0, 1584760.0)	(33.0, 2214101.0)	(34.0, 3332374.0)	(35.0, 6435660.0)	(36.0, 22198011.0)	(37.0, 1590725.0)						
/ | scratch | karcher | fastqc | 240813_MG011_PRISMA_NovaSeq_final_for_Q | H5YFCDSXC_240813_MG_PRISMA_24s001116-1-1_Gross_lane1MG263 | H5YFCDSXC_240813_MG_PRISMA_24s001116-1-1_Gross_lane1MG263_2	(11.0, 13.0)	(12.0, 299.0)	(13.0, 1542.0)	(14.0, 2577.0)	(15.0, 2687.0)	(16.0, 2978.0)	(17.0, 3897.0)	(18.0, 6757.0)	(19.0, 14453.0)	(20.0, 30151.0)	(21.0, 57512.0)	(22.0, 96404.0)	(23.0, 150073.0)	(24.0, 194949.0)	(25.0, 225703.0)	(26.0, 271495.0)	(27.0, 358843.0)	(28.0, 467989.0)	(29.0, 631941.0)	(30.0, 856061.0)	(31.0, 1214517.0)	(32.0, 1740895.0)	(33.0, 2754679.0)	(34.0, 4715605.0)	(35.0, 9905787.0)	(36.0, 16930754.0)	(37.0, 446626.0)				
/ | scratch | karcher | fastqc | 240813_MG011_PRISMA_NovaSeq_final_for_Q | H5YFCDSXC_240813_MG_PRISMA_24s001116-1-1_Gross_lane1MG264 | H5YFCDSXC_240813_MG_PRISMA_24s001116-1-1_Gross_lane1MG264_1	(14.0, 2.0)	(15.0, 21.0)	(16.0, 88.0)	(17.0, 232.0)	(18.0, 560.0)	(19.0, 1180.0)	(20.0, 2546.0)	(21.0, 5433.0)	(22.0, 11045.0)	(23.0, 22356.0)	(24.0, 41519.0)	(25.0, 78834.0)	(26.0, 139039.0)	(27.0, 241924.0)	(28.0, 382156.0)	(29.0, 576172.0)	(30.0, 803266.0)	(31.0, 1095736.0)	(32.0, 1425983.0)	(33.0, 2012745.0)	(34.0, 2926267.0)	(35.0, 5618258.0)	(36.0, 17870058.0)	(37.0, 1059173.0)							
/ | scratch | karcher | fastqc | 240813_MG011_PRISMA_NovaSeq_final_for_Q | H5YFCDSXC_240813_MG_PRISMA_24s001116-1-1_Gross_lane1MG264 | H5YFCDSXC_240813_MG_PRISMA_24s001116-1-1_Gross_lane1MG264_2	(11.0, 6.0)	(12.0, 298.0)	(13.0, 1462.0)	(14.0, 2326.0)	(15.0, 2411.0)	(16.0, 2439.0)	(17.0, 2658.0)	(18.0, 3760.0)	(19.0, 7301.0)	(20.0, 15852.0)	(21.0, 33277.0)	(22.0, 62192.0)	(23.0, 109168.0)	(24.0, 145437.0)	(25.0, 148293.0)	(26.0, 170404.0)	(27.0, 228815.0)	(28.0, 301812.0)	(29.0, 412353.0)	(30.0, 563677.0)	(31.0, 809576.0)	(32.0, 1176019.0)	(33.0, 1887304.0)	(34.0, 3337411.0)	(35.0, 7627976.0)	(36.0, 16653358.0)	(37.0, 609008.0)				
/ | scratch | karcher | fastqc | 240813_MG011_PRISMA_NovaSeq_final_for_Q | H5YFCDSXC_240813_MG_PRISMA_24s001116-1-1_Gross_lane1MG265 | H5YFCDSXC_240813_MG_PRISMA_24s001116-1-1_Gross_lane1MG265_1	(14.0, 1.0)	(15.0, 10.0)	(16.0, 54.0)	(17.0, 163.0)	(18.0, 467.0)	(19.0, 990.0)	(20.0, 2043.0)	(21.0, 4294.0)	(22.0, 8411.0)	(23.0, 17049.0)	(24.0, 32525.0)	(25.0, 63634.0)	(26.0, 116194.0)	(27.0, 205655.0)	(28.0, 329994.0)	(29.0, 503591.0)	(30.0, 709009.0)	(31.0, 968190.0)	(32.0, 1259288.0)	(33.0, 1770684.0)	(34.0, 2630320.0)	(35.0, 5119516.0)	(36.0, 17178575.0)	(37.0, 1036268.0)							
/ | scratch | karcher | fastqc | 240813_MG011_PRISMA_NovaSeq_final_for_Q | H5YFCDSXC_240813_MG_PRISMA_24s001116-1-1_Gross_lane1MG265 | H5YFCDSXC_240813_MG_PRISMA_24s001116-1-1_Gross_lane1MG265_2	(11.0, 12.0)	(12.0, 646.0)	(13.0, 2628.0)	(14.0, 3271.0)	(15.0, 2953.0)	(16.0, 2474.0)	(17.0, 2418.0)	(18.0, 3160.0)	(19.0, 5628.0)	(20.0, 11982.0)	(21.0, 25015.0)	(22.0, 46006.0)	(23.0, 76927.0)	(24.0, 110245.0)	(25.0, 135961.0)	(26.0, 154607.0)	(27.0, 202547.0)	(28.0, 267760.0)	(29.0, 366879.0)	(30.0, 505742.0)	(31.0, 736821.0)	(32.0, 1086017.0)	(33.0, 1786642.0)	(34.0, 3253337.0)	(35.0, 7599125.0)	(36.0, 15129276.0)	(37.0, 438846.0)				
/ | scratch | karcher | fastqc | 240813_MG011_PRISMA_NovaSeq_final_for_Q | H5YFCDSXC_240813_MG_PRISMA_24s001116-1-1_Gross_lane1MG266 | H5YFCDSXC_240813_MG_PRISMA_24s001116-1-1_Gross_lane1MG266_1	(14.0, 2.0)	(15.0, 23.0)	(16.0, 60.0)	(17.0, 169.0)	(18.0, 382.0)	(19.0, 964.0)	(20.0, 1968.0)	(21.0, 4124.0)	(22.0, 8384.0)	(23.0, 17166.0)	(24.0, 33571.0)	(25.0, 66314.0)	(26.0, 121784.0)	(27.0, 219894.0)	(28.0, 357024.0)	(29.0, 554573.0)	(30.0, 787292.0)	(31.0, 1089794.0)	(32.0, 1478572.0)	(33.0, 2042670.0)	(34.0, 2883666.0)	(35.0, 5825603.0)	(36.0, 19069808.0)	(37.0, 1064710.0)							
/ | scratch | karcher | fastqc | 240813_MG011_PRISMA_NovaSeq_final_for_Q | H5YFCDSXC_240813_MG_PRISMA_24s001116-1-1_Gross_lane1MG266 | H5YFCDSXC_240813_MG_PRISMA_24s001116-1-1_Gross_lane1MG266_2	(11.0, 2.0)	(12.0, 184.0)	(13.0, 899.0)	(14.0, 1405.0)	(15.0, 1437.0)	(16.0, 1311.0)	(17.0, 1480.0)	(18.0, 2082.0)	(19.0, 4254.0)	(20.0, 9229.0)	(21.0, 20264.0)	(22.0, 37904.0)	(23.0, 65568.0)	(24.0, 92161.0)	(25.0, 109803.0)	(26.0, 134740.0)	(27.0, 183187.0)	(28.0, 248552.0)	(29.0, 347201.0)	(30.0, 487203.0)	(31.0, 720649.0)	(32.0, 1077695.0)	(33.0, 1802580.0)	(34.0, 3347874.0)	(35.0, 8154370.0)	(36.0, 18185928.0)	(37.0, 590555.0)				
/ | scratch | karcher | fastqc | 240813_MG011_PRISMA_NovaSeq_final_for_Q | H5YFCDSXC_240813_MG_PRISMA_24s001116-1-1_Gross_lane1MG267 | H5YFCDSXC_240813_MG_PRISMA_24s001116-1-1_Gross_lane1MG267_1	(14.0, 2.0)	(15.0, 14.0)	(16.0, 55.0)	(17.0, 142.0)	(18.0, 310.0)	(19.0, 688.0)	(20.0, 1583.0)	(21.0, 3154.0)	(22.0, 6855.0)	(23.0, 14800.0)	(24.0, 29855.0)	(25.0, 59580.0)	(26.0, 110326.0)	(27.0, 196577.0)	(28.0, 315766.0)	(29.0, 480928.0)	(30.0, 674304.0)	(31.0, 929119.0)	(32.0, 1309601.0)	(33.0, 1687070.0)	(34.0, 2365417.0)	(35.0, 4840698.0)	(36.0, 16467600.0)	(37.0, 897149.0)							
/ | scratch | karcher | fastqc | 240813_MG011_PRISMA_NovaSeq_final_for_Q | H5YFCDSXC_240813_MG_PRISMA_24s001116-1-1_Gross_lane1MG267 | H5YFCDSXC_240813_MG_PRISMA_24s001116-1-1_Gross_lane1MG267_2	(11.0, 3.0)	(12.0, 207.0)	(13.0, 1112.0)	(14.0, 1557.0)	(15.0, 1485.0)	(16.0, 1330.0)	(17.0, 1503.0)	(18.0, 2418.0)	(19.0, 4671.0)	(20.0, 9663.0)	(21.0, 20319.0)	(22.0, 38224.0)	(23.0, 67138.0)	(24.0, 95164.0)	(25.0, 106975.0)	(26.0, 125603.0)	(27.0, 171131.0)	(28.0, 230676.0)	(29.0, 320097.0)	(30.0, 447921.0)	(31.0, 656835.0)	(32.0, 976539.0)	(33.0, 1623771.0)	(34.0, 2995597.0)	(35.0, 7216544.0)	(36.0, 14856979.0)	(37.0, 418131.0)				
/ | scratch | karcher | fastqc | 240813_MG011_PRISMA_NovaSeq_final_for_Q | H5YFCDSXC_240813_MG_PRISMA_24s001116-1-1_Gross_lane1MG268 | H5YFCDSXC_240813_MG_PRISMA_24s001116-1-1_Gross_lane1MG268_1	(14.0, 2.0)	(15.0, 21.0)	(16.0, 49.0)	(17.0, 142.0)	(18.0, 333.0)	(19.0, 664.0)	(20.0, 1563.0)	(21.0, 3377.0)	(22.0, 6960.0)	(23.0, 14292.0)	(24.0, 28068.0)	(25.0, 56283.0)	(26.0, 104340.0)	(27.0, 190083.0)	(28.0, 311478.0)	(29.0, 487157.0)	(30.0, 696887.0)	(31.0, 975544.0)	(32.0, 1309313.0)	(33.0, 1946984.0)	(34.0, 2878272.0)	(35.0, 5567839.0)	(36.0, 16221113.0)	(37.0, 713159.0)							
/ | scratch | karcher | fastqc | 240813_MG011_PRISMA_NovaSeq_final_for_Q | H5YFCDSXC_240813_MG_PRISMA_24s001116-1-1_Gross_lane1MG268 | H5YFCDSXC_240813_MG_PRISMA_24s001116-1-1_Gross_lane1MG268_2	(11.0, 10.0)	(12.0, 354.0)	(13.0, 1696.0)	(14.0, 2347.0)	(15.0, 2323.0)	(16.0, 1976.0)	(17.0, 2289.0)	(18.0, 3880.0)	(19.0, 8818.0)	(20.0, 19643.0)	(21.0, 39444.0)	(22.0, 69287.0)	(23.0, 113017.0)	(24.0, 158808.0)	(25.0, 188052.0)	(26.0, 214146.0)	(27.0, 278084.0)	(28.0, 362218.0)	(29.0, 490358.0)	(30.0, 665035.0)	(31.0, 952228.0)	(32.0, 1379904.0)	(33.0, 2216426.0)	(34.0, 3881831.0)	(35.0, 8248857.0)	(36.0, 11994215.0)	(37.0, 218677.0)				
/ | scratch | karcher | fastqc | 240813_MG011_PRISMA_NovaSeq_final_for_Q | H5YFCDSXC_240813_MG_PRISMA_24s001116-1-1_Gross_lane1MG270 | H5YFCDSXC_240813_MG_PRISMA_24s001116-1-1_Gross_lane1MG270_1	(14.0, 7.0)	(15.0, 14.0)	(16.0, 43.0)	(17.0, 109.0)	(18.0, 307.0)	(19.0, 792.0)	(20.0, 2051.0)	(21.0, 4903.0)	(22.0, 10953.0)	(23.0, 23969.0)	(24.0, 47714.0)	(25.0, 93279.0)	(26.0, 166179.0)	(27.0, 291973.0)	(28.0, 456948.0)	(29.0, 687113.0)	(30.0, 957147.0)	(31.0, 1304188.0)	(32.0, 1712234.0)	(33.0, 2451172.0)	(34.0, 3577912.0)	(35.0, 7080389.0)	(36.0, 20532983.0)	(37.0, 917382.0)							
/ | scratch | karcher | fastqc | 240813_MG011_PRISMA_NovaSeq_final_for_Q | H5YFCDSXC_240813_MG_PRISMA_24s001116-1-1_Gross_lane1MG270 | H5YFCDSXC_240813_MG_PRISMA_24s001116-1-1_Gross_lane1MG270_2	(11.0, 5.0)	(12.0, 240.0)	(13.0, 1120.0)	(14.0, 1752.0)	(15.0, 1558.0)	(16.0, 1462.0)	(17.0, 1534.0)	(18.0, 2451.0)	(19.0, 5450.0)	(20.0, 13927.0)	(21.0, 32381.0)	(22.0, 64838.0)	(23.0, 109658.0)	(24.0, 154260.0)	(25.0, 200990.0)	(26.0, 254595.0)	(27.0, 339177.0)	(28.0, 442477.0)	(29.0, 598259.0)	(30.0, 811754.0)	(31.0, 1151879.0)	(32.0, 1657535.0)	(33.0, 2646939.0)	(34.0, 4635900.0)	(35.0, 10148009.0)	(36.0, 16702941.0)	(37.0, 338670.0)				
/ | scratch | karcher | fastqc | 240813_MG011_PRISMA_NovaSeq_final_for_Q | H5YFCDSXC_240813_MG_PRISMA_24s001116-1-1_Gross_lane1MG271 | H5YFCDSXC_240813_MG_PRISMA_24s001116-1-1_Gross_lane1MG271_1	(14.0, 1.0)	(15.0, 19.0)	(16.0, 64.0)	(17.0, 157.0)	(18.0, 389.0)	(19.0, 945.0)	(20.0, 2069.0)	(21.0, 4746.0)	(22.0, 9922.0)	(23.0, 21041.0)	(24.0, 43051.0)	(25.0, 85202.0)	(26.0, 155567.0)	(27.0, 275132.0)	(28.0, 438194.0)	(29.0, 660246.0)	(30.0, 914111.0)	(31.0, 1236509.0)	(32.0, 1601177.0)	(33.0, 2203817.0)	(34.0, 3331015.0)	(35.0, 6673489.0)	(36.0, 23272101.0)	(37.0, 1410100.0)							
/ | scratch | karcher | fastqc | 240813_MG011_PRISMA_NovaSeq_final_for_Q | H5YFCDSXC_240813_MG_PRISMA_24s001116-1-1_Gross_lane1MG271 | H5YFCDSXC_240813_MG_PRISMA_24s001116-1-1_Gross_lane1MG271_2	(11.0, 9.0)	(12.0, 411.0)	(13.0, 1960.0)	(14.0, 2602.0)	(15.0, 2320.0)	(16.0, 2104.0)	(17.0, 2364.0)	(18.0, 3566.0)	(19.0, 7251.0)	(20.0, 15629.0)	(21.0, 33446.0)	(22.0, 61485.0)	(23.0, 104285.0)	(24.0, 144725.0)	(25.0, 166391.0)	(26.0, 193626.0)	(27.0, 255117.0)	(28.0, 335127.0)	(29.0, 457299.0)	(30.0, 626146.0)	(31.0, 906570.0)	(32.0, 1330646.0)	(33.0, 2191195.0)	(34.0, 4005879.0)	(35.0, 9664103.0)	(36.0, 21173490.0)	(37.0, 651318.0)				
/ | scratch | karcher | fastqc | 240813_MG011_PRISMA_NovaSeq_final_for_Q | H5YFCDSXC_240813_MG_PRISMA_24s001116-1-1_Gross_lane1MG272 | H5YFCDSXC_240813_MG_PRISMA_24s001116-1-1_Gross_lane1MG272_1	(14.0, 1.0)	(15.0, 11.0)	(16.0, 44.0)	(17.0, 127.0)	(18.0, 303.0)	(19.0, 612.0)	(20.0, 1443.0)	(21.0, 3032.0)	(22.0, 6069.0)	(23.0, 12670.0)	(24.0, 25880.0)	(25.0, 51665.0)	(26.0, 96162.0)	(27.0, 173050.0)	(28.0, 277191.0)	(29.0, 420799.0)	(30.0, 587488.0)	(31.0, 800290.0)	(32.0, 1056801.0)	(33.0, 1524601.0)	(34.0, 2121348.0)	(35.0, 4198937.0)	(36.0, 14216007.0)	(37.0, 797290.0)							
/ | scratch | karcher | fastqc | 240813_MG011_PRISMA_NovaSeq_final_for_Q | H5YFCDSXC_240813_MG_PRISMA_24s001116-1-1_Gross_lane1MG273 | H5YFCDSXC_240813_MG_PRISMA_24s001116-1-1_Gross_lane1MG273_1	(14.0, 5.0)	(15.0, 22.0)	(16.0, 53.0)	(17.0, 195.0)	(18.0, 412.0)	(19.0, 926.0)	(20.0, 1878.0)	(21.0, 4041.0)	(22.0, 8155.0)	(23.0, 16109.0)	(24.0, 31518.0)	(25.0, 61598.0)	(26.0, 113444.0)	(27.0, 204051.0)	(28.0, 329229.0)	(29.0, 505837.0)	(30.0, 713973.0)	(31.0, 979721.0)	(32.0, 1280103.0)	(33.0, 1777459.0)	(34.0, 2695060.0)	(35.0, 5371474.0)	(36.0, 19088973.0)	(37.0, 1243252.0)							
/ | scratch | karcher | fastqc | 240813_MG011_PRISMA_NovaSeq_final_for_Q | H5YFCDSXC_240813_MG_PRISMA_24s001116-1-1_Gross_lane1MG273 | H5YFCDSXC_240813_MG_PRISMA_24s001116-1-1_Gross_lane1MG273_2	(11.0, 5.0)	(12.0, 164.0)	(13.0, 737.0)	(14.0, 1051.0)	(15.0, 1054.0)	(16.0, 1059.0)	(17.0, 1220.0)	(18.0, 1820.0)	(19.0, 3645.0)	(20.0, 8163.0)	(21.0, 18449.0)	(22.0, 36393.0)	(23.0, 65038.0)	(24.0, 84054.0)	(25.0, 96520.0)	(26.0, 123503.0)	(27.0, 169987.0)	(28.0, 228569.0)	(29.0, 319806.0)	(30.0, 446669.0)	(31.0, 655996.0)	(32.0, 982216.0)	(33.0, 1641090.0)	(34.0, 3064049.0)	(35.0, 7659226.0)	(36.0, 18175218.0)	(37.0, 641787.0)				
/ | scratch | karcher | fastqc | 240813_MG011_PRISMA_NovaSeq_final_for_Q | H5YFCDSXC_240813_MG_PRISMA_24s001116-1-1_Gross_lane1MG274 | H5YFCDSXC_240813_MG_PRISMA_24s001116-1-1_Gross_lane1MG274_1	(15.0, 25.0)	(16.0, 67.0)	(17.0, 214.0)	(18.0, 467.0)	(19.0, 1083.0)	(20.0, 2196.0)	(21.0, 4712.0)	(22.0, 9740.0)	(23.0, 19843.0)	(24.0, 39553.0)	(25.0, 76854.0)	(26.0, 139434.0)	(27.0, 244865.0)	(28.0, 385799.0)	(29.0, 578704.0)	(30.0, 795303.0)	(31.0, 1068614.0)	(32.0, 1375110.0)	(33.0, 1887596.0)	(34.0, 2852845.0)	(35.0, 5727556.0)	(36.0, 19267159.0)	(37.0, 1127158.0)								
/ | scratch | karcher | fastqc | 240813_MG011_PRISMA_NovaSeq_final_for_Q | H5YFCDSXC_240813_MG_PRISMA_24s001116-1-1_Gross_lane1MG274 | H5YFCDSXC_240813_MG_PRISMA_24s001116-1-1_Gross_lane1MG274_2	(11.0, 15.0)	(12.0, 422.0)	(13.0, 1719.0)	(14.0, 2295.0)	(15.0, 1884.0)	(16.0, 1740.0)	(17.0, 1913.0)	(18.0, 2662.0)	(19.0, 5083.0)	(20.0, 11043.0)	(21.0, 23175.0)	(22.0, 43589.0)	(23.0, 76495.0)	(24.0, 112770.0)	(25.0, 130577.0)	(26.0, 146487.0)	(27.0, 194829.0)	(28.0, 260818.0)	(29.0, 359350.0)	(30.0, 498747.0)	(31.0, 726818.0)	(32.0, 1077334.0)	(33.0, 1787882.0)	(34.0, 3294587.0)	(35.0, 8052142.0)	(36.0, 18170534.0)	(37.0, 619987.0)				
/ | scratch | karcher | fastqc | 240813_MG011_PRISMA_NovaSeq_final_for_Q | H5YFCDSXC_240813_MG_PRISMA_24s001116-1-1_Gross_lane1MG275 | H5YFCDSXC_240813_MG_PRISMA_24s001116-1-1_Gross_lane1MG275_1	(14.0, 1.0)	(15.0, 9.0)	(16.0, 51.0)	(17.0, 150.0)	(18.0, 388.0)	(19.0, 866.0)	(20.0, 1803.0)	(21.0, 3945.0)	(22.0, 8171.0)	(23.0, 16527.0)	(24.0, 32619.0)	(25.0, 65186.0)	(26.0, 120823.0)	(27.0, 220734.0)	(28.0, 360233.0)	(29.0, 559610.0)	(30.0, 800523.0)	(31.0, 1110945.0)	(32.0, 1553262.0)	(33.0, 2085219.0)	(34.0, 2925230.0)	(35.0, 5947594.0)	(36.0, 20355744.0)	(37.0, 1200080.0)							
/ | scratch | karcher | fastqc | 240813_MG011_PRISMA_NovaSeq_final_for_Q | H5YFCDSXC_240813_MG_PRISMA_24s001116-1-1_Gross_lane1MG275 | H5YFCDSXC_240813_MG_PRISMA_24s001116-1-1_Gross_lane1MG275_2	(11.0, 5.0)	(12.0, 258.0)	(13.0, 1129.0)	(14.0, 1665.0)	(15.0, 1689.0)	(16.0, 1530.0)	(17.0, 1749.0)	(18.0, 2410.0)	(19.0, 4739.0)	(20.0, 10294.0)	(21.0, 22205.0)	(22.0, 41602.0)	(23.0, 71772.0)	(24.0, 105020.0)	(25.0, 126856.0)	(26.0, 148761.0)	(27.0, 201019.0)	(28.0, 270788.0)	(29.0, 377354.0)	(30.0, 527883.0)	(31.0, 774221.0)	(32.0, 1155954.0)	(33.0, 1926194.0)	(34.0, 3565759.0)	(35.0, 8660464.0)	(36.0, 18788565.0)	(37.0, 579828.0)				
/ | scratch | karcher | fastqc | 240813_MG011_PRISMA_NovaSeq_final_for_Q | H5YFCDSXC_240813_MG_PRISMA_24s001116-1-1_Gross_lane1MG276 | H5YFCDSXC_240813_MG_PRISMA_24s001116-1-1_Gross_lane1MG276_1	(15.0, 8.0)	(16.0, 45.0)	(17.0, 108.0)	(18.0, 265.0)	(19.0, 625.0)	(20.0, 1165.0)	(21.0, 2687.0)	(22.0, 5433.0)	(23.0, 11258.0)	(24.0, 21836.0)	(25.0, 45636.0)	(26.0, 85355.0)	(27.0, 154946.0)	(28.0, 249930.0)	(29.0, 383540.0)	(30.0, 536108.0)	(31.0, 732884.0)	(32.0, 950159.0)	(33.0, 1321969.0)	(34.0, 1979414.0)	(35.0, 3834692.0)	(36.0, 13251303.0)	(37.0, 839564.0)								
/ | scratch | karcher | fastqc | 240813_MG011_PRISMA_NovaSeq_final_for_Q | H5YFCDSXC_240813_MG_PRISMA_24s001116-1-1_Gross_lane1MG276 | H5YFCDSXC_240813_MG_PRISMA_24s001116-1-1_Gross_lane1MG276_2	(11.0, 8.0)	(12.0, 191.0)	(13.0, 972.0)	(14.0, 1468.0)	(15.0, 1424.0)	(16.0, 1253.0)	(17.0, 1577.0)	(18.0, 2264.0)	(19.0, 4452.0)	(20.0, 9285.0)	(21.0, 18599.0)	(22.0, 33397.0)	(23.0, 56691.0)	(24.0, 74604.0)	(25.0, 82515.0)	(26.0, 98964.0)	(27.0, 136037.0)	(28.0, 182418.0)	(29.0, 256216.0)	(30.0, 357718.0)	(31.0, 523147.0)	(32.0, 775400.0)	(33.0, 1281329.0)	(34.0, 2347010.0)	(35.0, 5605144.0)	(36.0, 12172146.0)	(37.0, 384701.0)				
/ | scratch | karcher | fastqc | 240813_MG011_PRISMA_NovaSeq_final_for_Q | H5YFCDSXC_240813_MG_PRISMA_24s001116-1-1_Gross_lane1MG277 | H5YFCDSXC_240813_MG_PRISMA_24s001116-1-1_Gross_lane1MG277_1	(15.0, 4.0)	(16.0, 47.0)	(17.0, 144.0)	(18.0, 311.0)	(19.0, 694.0)	(20.0, 1487.0)	(21.0, 3125.0)	(22.0, 6736.0)	(23.0, 14811.0)	(24.0, 30268.0)	(25.0, 61177.0)	(26.0, 113973.0)	(27.0, 203987.0)	(28.0, 327742.0)	(29.0, 498358.0)	(30.0, 694659.0)	(31.0, 959416.0)	(32.0, 1391126.0)	(33.0, 1668272.0)	(34.0, 2364355.0)	(35.0, 4778093.0)	(36.0, 16735566.0)	(37.0, 1003265.0)								
/ | scratch | karcher | fastqc | 240813_MG011_PRISMA_NovaSeq_final_for_Q | H5YFCDSXC_240813_MG_PRISMA_24s001116-1-1_Gross_lane1MG277 | H5YFCDSXC_240813_MG_PRISMA_24s001116-1-1_Gross_lane1MG277_2	(11.0, 7.0)	(12.0, 235.0)	(13.0, 1036.0)	(14.0, 1450.0)	(15.0, 1401.0)	(16.0, 1212.0)	(17.0, 1372.0)	(18.0, 1997.0)	(19.0, 3834.0)	(20.0, 7883.0)	(21.0, 15653.0)	(22.0, 29663.0)	(23.0, 51508.0)	(24.0, 75822.0)	(25.0, 91053.0)	(26.0, 107133.0)	(27.0, 146050.0)	(28.0, 198969.0)	(29.0, 280264.0)	(30.0, 395630.0)	(31.0, 585047.0)	(32.0, 880876.0)	(33.0, 1482886.0)	(34.0, 2790880.0)	(35.0, 6947658.0)	(36.0, 16188312.0)	(37.0, 569785.0)				
/ | scratch | karcher | fastqc | 240813_MG011_PRISMA_NovaSeq_final_for_Q | H5YFCDSXC_240813_MG_PRISMA_24s001116-1-1_Gross_lane1MG278 | H5YFCDSXC_240813_MG_PRISMA_24s001116-1-1_Gross_lane1MG278_1	(14.0, 6.0)	(15.0, 17.0)	(16.0, 77.0)	(17.0, 213.0)	(18.0, 479.0)	(19.0, 991.0)	(20.0, 2028.0)	(21.0, 4314.0)	(22.0, 8889.0)	(23.0, 18925.0)	(24.0, 37512.0)	(25.0, 74786.0)	(26.0, 138582.0)	(27.0, 243776.0)	(28.0, 389774.0)	(29.0, 585557.0)	(30.0, 807996.0)	(31.0, 1090608.0)	(32.0, 1404186.0)	(33.0, 1931207.0)	(34.0, 2928092.0)	(35.0, 5909964.0)	(36.0, 20064103.0)	(37.0, 1179252.0)							
/ | scratch | karcher | fastqc | 240813_MG011_PRISMA_NovaSeq_final_for_Q | H5YFCDSXC_240813_MG_PRISMA_24s001116-1-1_Gross_lane1MG278 | H5YFCDSXC_240813_MG_PRISMA_24s001116-1-1_Gross_lane1MG278_2	(11.0, 3.0)	(12.0, 275.0)	(13.0, 1424.0)	(14.0, 2125.0)	(15.0, 1955.0)	(16.0, 1988.0)	(17.0, 2107.0)	(18.0, 2893.0)	(19.0, 5405.0)	(20.0, 10694.0)	(21.0, 21792.0)	(22.0, 42390.0)	(23.0, 77904.0)	(24.0, 103881.0)	(25.0, 110731.0)	(26.0, 137265.0)	(27.0, 189805.0)	(28.0, 256922.0)	(29.0, 359152.0)	(30.0, 503182.0)	(31.0, 736532.0)	(32.0, 1096088.0)	(33.0, 1820788.0)	(34.0, 3364409.0)	(35.0, 8242767.0)	(36.0, 19049265.0)	(37.0, 679592.0)				
/ | scratch | karcher | fastqc | 240813_MG011_PRISMA_NovaSeq_final_for_Q | H5YFCDSXC_240813_MG_PRISMA_24s001116-1-1_Gross_lane1MG279 | H5YFCDSXC_240813_MG_PRISMA_24s001116-1-1_Gross_lane1MG279_1	(14.0, 2.0)	(15.0, 29.0)	(16.0, 120.0)	(17.0, 340.0)	(18.0, 660.0)	(19.0, 1407.0)	(20.0, 2705.0)	(21.0, 5658.0)	(22.0, 10432.0)	(23.0, 19423.0)	(24.0, 35003.0)	(25.0, 65427.0)	(26.0, 116259.0)	(27.0, 209939.0)	(28.0, 340326.0)	(29.0, 528917.0)	(30.0, 757572.0)	(31.0, 1057553.0)	(32.0, 1400579.0)	(33.0, 1973479.0)	(34.0, 3009631.0)	(35.0, 6009574.0)	(36.0, 20984901.0)	(37.0, 1391717.0)							
/ | scratch | karcher | fastqc | 240813_MG011_PRISMA_NovaSeq_final_for_Q | H5YFCDSXC_240813_MG_PRISMA_24s001116-1-1_Gross_lane1MG279 | H5YFCDSXC_240813_MG_PRISMA_24s001116-1-1_Gross_lane1MG279_2	(11.0, 3.0)	(12.0, 131.0)	(13.0, 725.0)	(14.0, 1480.0)	(15.0, 1799.0)	(16.0, 1971.0)	(17.0, 2294.0)	(18.0, 3287.0)	(19.0, 6222.0)	(20.0, 13202.0)	(21.0, 27714.0)	(22.0, 53167.0)	(23.0, 93497.0)	(24.0, 105580.0)	(25.0, 115428.0)	(26.0, 149884.0)	(27.0, 207013.0)	(28.0, 280240.0)	(29.0, 391246.0)	(30.0, 545420.0)	(31.0, 805846.0)	(32.0, 1195255.0)	(33.0, 1971397.0)	(34.0, 3603479.0)	(35.0, 8608600.0)	(36.0, 19116916.0)	(37.0, 619857.0)				
/ | scratch | karcher | fastqc | 240813_MG011_PRISMA_NovaSeq_final_for_Q | H5YFCDSXC_240813_MG_PRISMA_24s001116-1-1_Gross_lane1MG280 | H5YFCDSXC_240813_MG_PRISMA_24s001116-1-1_Gross_lane1MG280_1	(14.0, 5.0)	(15.0, 27.0)	(16.0, 99.0)	(17.0, 207.0)	(18.0, 449.0)	(19.0, 922.0)	(20.0, 1830.0)	(21.0, 3765.0)	(22.0, 7355.0)	(23.0, 14374.0)	(24.0, 26136.0)	(25.0, 49170.0)	(26.0, 87189.0)	(27.0, 152284.0)	(28.0, 241286.0)	(29.0, 367660.0)	(30.0, 515963.0)	(31.0, 705719.0)	(32.0, 922449.0)	(33.0, 1290492.0)	(34.0, 1930389.0)	(35.0, 3703313.0)	(36.0, 12103381.0)	(37.0, 770627.0)							
/ | scratch | karcher | fastqc | 240813_MG011_PRISMA_NovaSeq_final_for_Q | H5YFCDSXC_240813_MG_PRISMA_24s001116-1-1_Gross_lane1MG280 | H5YFCDSXC_240813_MG_PRISMA_24s001116-1-1_Gross_lane1MG280_2	(11.0, 5.0)	(12.0, 126.0)	(13.0, 732.0)	(14.0, 1229.0)	(15.0, 1227.0)	(16.0, 1237.0)	(17.0, 1495.0)	(18.0, 2256.0)	(19.0, 4692.0)	(20.0, 10537.0)	(21.0, 22445.0)	(22.0, 40387.0)	(23.0, 66033.0)	(24.0, 89810.0)	(25.0, 105844.0)	(26.0, 128160.0)	(27.0, 170902.0)	(28.0, 223444.0)	(29.0, 303095.0)	(30.0, 410600.0)	(31.0, 587308.0)	(32.0, 847074.0)	(33.0, 1354157.0)	(34.0, 2377409.0)	(35.0, 5353678.0)	(36.0, 10494780.0)	(37.0, 296429.0)				
/ | scratch | karcher | fastqc | 240813_MG011_PRISMA_NovaSeq_final_for_Q | H5YFCDSXC_240813_MG_PRISMA_24s001116-1-1_Gross_lane1MG281 | H5YFCDSXC_240813_MG_PRISMA_24s001116-1-1_Gross_lane1MG281_1	(14.0, 3.0)	(15.0, 13.0)	(16.0, 62.0)	(17.0, 192.0)	(18.0, 446.0)	(19.0, 844.0)	(20.0, 1831.0)	(21.0, 3620.0)	(22.0, 7021.0)	(23.0, 13928.0)	(24.0, 25764.0)	(25.0, 50387.0)	(26.0, 91338.0)	(27.0, 161739.0)	(28.0, 260138.0)	(29.0, 397377.0)	(30.0, 557885.0)	(31.0, 762733.0)	(32.0, 995140.0)	(33.0, 1377222.0)	(34.0, 2080355.0)	(35.0, 4153331.0)	(36.0, 14454827.0)	(37.0, 983108.0)							
/ | scratch | karcher | fastqc | 240813_MG011_PRISMA_NovaSeq_final_for_Q | H5YFCDSXC_240813_MG_PRISMA_24s001116-1-1_Gross_lane1MG281 | H5YFCDSXC_240813_MG_PRISMA_24s001116-1-1_Gross_lane1MG281_2	(12.0, 96.0)	(13.0, 561.0)	(14.0, 1145.0)	(15.0, 1275.0)	(16.0, 1295.0)	(17.0, 1602.0)	(18.0, 2236.0)	(19.0, 4020.0)	(20.0, 8187.0)	(21.0, 16271.0)	(22.0, 31099.0)	(23.0, 55762.0)	(24.0, 66783.0)	(25.0, 68528.0)	(26.0, 86112.0)	(27.0, 121164.0)	(28.0, 166687.0)	(29.0, 236143.0)	(30.0, 334462.0)	(31.0, 496821.0)	(32.0, 748780.0)	(33.0, 1250941.0)	(34.0, 2322854.0)	(35.0, 5753290.0)	(36.0, 14074895.0)	(37.0, 528295.0)					
/ | scratch | karcher | fastqc | 240813_MG011_PRISMA_NovaSeq_final_for_Q | H5YFCDSXC_240813_MG_PRISMA_24s001116-1-1_Gross_lane1MG282 | H5YFCDSXC_240813_MG_PRISMA_24s001116-1-1_Gross_lane1MG282_1	(14.0, 3.0)	(15.0, 17.0)	(16.0, 91.0)	(17.0, 240.0)	(18.0, 538.0)	(19.0, 1297.0)	(20.0, 2818.0)	(21.0, 6291.0)	(22.0, 13009.0)	(23.0, 26659.0)	(24.0, 51049.0)	(25.0, 98798.0)	(26.0, 178563.0)	(27.0, 318857.0)	(28.0, 516786.0)	(29.0, 797448.0)	(30.0, 1133229.0)	(31.0, 1572137.0)	(32.0, 2080145.0)	(33.0, 2947536.0)	(34.0, 4540512.0)	(35.0, 8932711.0)	(36.0, 28181475.0)	(37.0, 1473569.0)							
/ | scratch | karcher | fastqc | 240813_MG011_PRISMA_NovaSeq_final_for_Q | H5YFCDSXC_240813_MG_PRISMA_24s001116-1-1_Gross_lane1MG282 | H5YFCDSXC_240813_MG_PRISMA_24s001116-1-1_Gross_lane1MG282_2	(11.0, 7.0)	(12.0, 238.0)	(13.0, 1225.0)	(14.0, 2273.0)	(15.0, 2658.0)	(16.0, 2658.0)	(17.0, 2986.0)	(18.0, 4268.0)	(19.0, 8305.0)	(20.0, 19124.0)	(21.0, 40866.0)	(22.0, 76942.0)	(23.0, 133279.0)	(24.0, 163439.0)	(25.0, 194877.0)	(26.0, 254923.0)	(27.0, 349783.0)	(28.0, 468393.0)	(29.0, 650262.0)	(30.0, 900987.0)	(31.0, 1310503.0)	(32.0, 1925125.0)	(33.0, 3141248.0)	(34.0, 5647340.0)	(35.0, 12950893.0)	(36.0, 24063997.0)	(37.0, 557179.0)				
/ | scratch | karcher | fastqc | 240813_MG011_PRISMA_NovaSeq_final_for_Q | H5YFCDSXC_240813_MG_PRISMA_24s001116-1-1_Gross_lane1MG283 | H5YFCDSXC_240813_MG_PRISMA_24s001116-1-1_Gross_lane1MG283_1	(14.0, 3.0)	(15.0, 22.0)	(16.0, 76.0)	(17.0, 234.0)	(18.0, 540.0)	(19.0, 1255.0)	(20.0, 2807.0)	(21.0, 6007.0)	(22.0, 12556.0)	(23.0, 25648.0)	(24.0, 49829.0)	(25.0, 97871.0)	(26.0, 178913.0)	(27.0, 323548.0)	(28.0, 522859.0)	(29.0, 806703.0)	(30.0, 1140898.0)	(31.0, 1576751.0)	(32.0, 2072675.0)	(33.0, 2917674.0)	(34.0, 4397872.0)	(35.0, 8774057.0)	(36.0, 27139250.0)	(37.0, 1326955.0)							
/ | scratch | karcher | fastqc | 240813_MG011_PRISMA_NovaSeq_final_for_Q | H5YFCDSXC_240813_MG_PRISMA_24s001116-1-1_Gross_lane1MG283 | H5YFCDSXC_240813_MG_PRISMA_24s001116-1-1_Gross_lane1MG283_2	(11.0, 14.0)	(12.0, 446.0)	(13.0, 1998.0)	(14.0, 2629.0)	(15.0, 2360.0)	(16.0, 2101.0)	(17.0, 2323.0)	(18.0, 3598.0)	(19.0, 7589.0)	(20.0, 18017.0)	(21.0, 39708.0)	(22.0, 73927.0)	(23.0, 122977.0)	(24.0, 174665.0)	(25.0, 221920.0)	(26.0, 274845.0)	(27.0, 371131.0)	(28.0, 489900.0)	(29.0, 668088.0)	(30.0, 913725.0)	(31.0, 1314320.0)	(32.0, 1915198.0)	(33.0, 3099730.0)	(34.0, 5540124.0)	(35.0, 12649868.0)	(36.0, 22953354.0)	(37.0, 510448.0)				
/ | scratch | karcher | fastqc | 240813_MG011_PRISMA_NovaSeq_final_for_Q | H5YFCDSXC_240813_MG_PRISMA_24s001116-1-1_Gross_lane1MG284 | H5YFCDSXC_240813_MG_PRISMA_24s001116-1-1_Gross_lane1MG284_1	(13.0, 1.0)	(14.0, 0.0)	(15.0, 15.0)	(16.0, 39.0)	(17.0, 139.0)	(18.0, 368.0)	(19.0, 692.0)	(20.0, 1514.0)	(21.0, 3151.0)	(22.0, 6568.0)	(23.0, 13626.0)	(24.0, 27153.0)	(25.0, 54013.0)	(26.0, 98349.0)	(27.0, 171793.0)	(28.0, 271867.0)	(29.0, 405987.0)	(30.0, 559465.0)	(31.0, 760299.0)	(32.0, 1021301.0)	(33.0, 1449820.0)	(34.0, 1931680.0)	(35.0, 3838149.0)	(36.0, 13186165.0)	(37.0, 811217.0)						
/ | scratch | karcher | fastqc | 240813_MG011_PRISMA_NovaSeq_final_for_Q | H5YFCDSXC_240813_MG_PRISMA_24s001116-1-1_Gross_lane1MG284 | H5YFCDSXC_240813_MG_PRISMA_24s001116-1-1_Gross_lane1MG284_2	(11.0, 6.0)	(12.0, 221.0)	(13.0, 1155.0)	(14.0, 1743.0)	(15.0, 1688.0)	(16.0, 1496.0)	(17.0, 1752.0)	(18.0, 2530.0)	(19.0, 4664.0)	(20.0, 9303.0)	(21.0, 19054.0)	(22.0, 36378.0)	(23.0, 64124.0)	(24.0, 86119.0)	(25.0, 88352.0)	(26.0, 102197.0)	(27.0, 137839.0)	(28.0, 184785.0)	(29.0, 255606.0)	(30.0, 353727.0)	(31.0, 512669.0)	(32.0, 756534.0)	(33.0, 1243692.0)	(34.0, 2260509.0)	(35.0, 5434771.0)	(36.0, 12595053.0)	(37.0, 457404.0)				
/ | scratch | karcher | fastqc | 240813_MG011_PRISMA_NovaSeq_final_for_Q | H5YFCDSXC_240813_MG_PRISMA_24s001116-1-1_Gross_lane1MG285 | H5YFCDSXC_240813_MG_PRISMA_24s001116-1-1_Gross_lane1MG285_1	(13.0, 1.0)	(14.0, 2.0)	(15.0, 24.0)	(16.0, 102.0)	(17.0, 260.0)	(18.0, 565.0)	(19.0, 1164.0)	(20.0, 2379.0)	(21.0, 4854.0)	(22.0, 9449.0)	(23.0, 17570.0)	(24.0, 31549.0)	(25.0, 58409.0)	(26.0, 101234.0)	(27.0, 174293.0)	(28.0, 274876.0)	(29.0, 415531.0)	(30.0, 582362.0)	(31.0, 799690.0)	(32.0, 1054448.0)	(33.0, 1542793.0)	(34.0, 2186992.0)	(35.0, 4178417.0)	(36.0, 13188067.0)	(37.0, 779977.0)						
/ | scratch | karcher | fastqc | 240813_MG011_PRISMA_NovaSeq_final_for_Q | H5YFCDSXC_240813_MG_PRISMA_24s001116-1-1_Gross_lane1MG285 | H5YFCDSXC_240813_MG_PRISMA_24s001116-1-1_Gross_lane1MG285_2	(11.0, 3.0)	(12.0, 222.0)	(13.0, 1202.0)	(14.0, 2087.0)	(15.0, 2310.0)	(16.0, 2426.0)	(17.0, 2941.0)	(18.0, 4226.0)	(19.0, 7730.0)	(20.0, 15229.0)	(21.0, 31419.0)	(22.0, 60226.0)	(23.0, 112537.0)	(24.0, 142788.0)	(25.0, 115847.0)	(26.0, 122331.0)	(27.0, 163717.0)	(28.0, 217591.0)	(29.0, 300325.0)	(30.0, 412960.0)	(31.0, 599344.0)	(32.0, 872691.0)	(33.0, 1414652.0)	(34.0, 2504405.0)	(35.0, 5698289.0)	(36.0, 12156322.0)	(37.0, 441188.0)				
/ | scratch | karcher | fastqc | 240813_MG011_PRISMA_NovaSeq_final_for_Q | H5YFCDSXC_240813_MG_PRISMA_24s001116-1-1_Gross_lane1MG286 | H5YFCDSXC_240813_MG_PRISMA_24s001116-1-1_Gross_lane1MG286_1	(14.0, 2.0)	(15.0, 8.0)	(16.0, 36.0)	(17.0, 118.0)	(18.0, 325.0)	(19.0, 670.0)	(20.0, 1475.0)	(21.0, 3062.0)	(22.0, 6419.0)	(23.0, 13844.0)	(24.0, 27809.0)	(25.0, 55977.0)	(26.0, 103143.0)	(27.0, 181012.0)	(28.0, 286921.0)	(29.0, 431973.0)	(30.0, 597885.0)	(31.0, 819908.0)	(32.0, 1196756.0)	(33.0, 1453824.0)	(34.0, 2050603.0)	(35.0, 4186552.0)	(36.0, 14409751.0)	(37.0, 825491.0)							
/ | scratch | karcher | fastqc | 240813_MG011_PRISMA_NovaSeq_final_for_Q | H5YFCDSXC_240813_MG_PRISMA_24s001116-1-1_Gross_lane1MG286 | H5YFCDSXC_240813_MG_PRISMA_24s001116-1-1_Gross_lane1MG286_2	(11.0, 2.0)	(12.0, 227.0)	(13.0, 1016.0)	(14.0, 1454.0)	(15.0, 1403.0)	(16.0, 1229.0)	(17.0, 1456.0)	(18.0, 2120.0)	(19.0, 4144.0)	(20.0, 9279.0)	(21.0, 19175.0)	(22.0, 35971.0)	(23.0, 61501.0)	(24.0, 89630.0)	(25.0, 107227.0)	(26.0, 123494.0)	(27.0, 164183.0)	(28.0, 218567.0)	(29.0, 299880.0)	(30.0, 413262.0)	(31.0, 598401.0)	(32.0, 878977.0)	(33.0, 1438483.0)	(34.0, 2620228.0)	(35.0, 6219807.0)	(36.0, 12952365.0)	(37.0, 390083.0)				
/ | scratch | karcher | fastqc | 240813_MG011_PRISMA_NovaSeq_final_for_Q | H5YFCDSXC_240813_MG_PRISMA_24s001116-1-1_Gross_lane1MG287 | H5YFCDSXC_240813_MG_PRISMA_24s001116-1-1_Gross_lane1MG287_1	(14.0, 4.0)	(15.0, 17.0)	(16.0, 79.0)	(17.0, 247.0)	(18.0, 646.0)	(19.0, 1298.0)	(20.0, 2918.0)	(21.0, 6524.0)	(22.0, 13255.0)	(23.0, 26924.0)	(24.0, 51615.0)	(25.0, 98813.0)	(26.0, 179135.0)	(27.0, 318902.0)	(28.0, 513797.0)	(29.0, 795160.0)	(30.0, 1132822.0)	(31.0, 1575161.0)	(32.0, 2115488.0)	(33.0, 3136560.0)	(34.0, 4463338.0)	(35.0, 8679821.0)	(36.0, 26507289.0)	(37.0, 1316562.0)							
/ | scratch | karcher | fastqc | 240813_MG011_PRISMA_NovaSeq_final_for_Q | H5YFCDSXC_240813_MG_PRISMA_24s001116-1-1_Gross_lane1MG287 | H5YFCDSXC_240813_MG_PRISMA_24s001116-1-1_Gross_lane1MG287_2	(11.0, 3.0)	(12.0, 378.0)	(13.0, 1857.0)	(14.0, 2664.0)	(15.0, 2604.0)	(16.0, 2415.0)	(17.0, 2768.0)	(18.0, 4322.0)	(19.0, 9668.0)	(20.0, 22867.0)	(21.0, 48602.0)	(22.0, 86700.0)	(23.0, 139223.0)	(24.0, 190737.0)	(25.0, 238601.0)	(26.0, 294018.0)	(27.0, 388782.0)	(28.0, 508674.0)	(29.0, 691862.0)	(30.0, 941585.0)	(31.0, 1355244.0)	(32.0, 1982414.0)	(33.0, 3217524.0)	(34.0, 5760366.0)	(35.0, 12914433.0)	(36.0, 21663345.0)	(37.0, 464719.0)				
/ | scratch | karcher | fastqc | 240813_MG011_PRISMA_NovaSeq_final_for_Q | H5YFCDSXC_240813_MG_PRISMA_24s001116-1-1_Gross_lane1MG288 | H5YFCDSXC_240813_MG_PRISMA_24s001116-1-1_Gross_lane1MG288_1	(14.0, 4.0)	(15.0, 60.0)	(16.0, 168.0)	(17.0, 407.0)	(18.0, 929.0)	(19.0, 1838.0)	(20.0, 3336.0)	(21.0, 6502.0)	(22.0, 12099.0)	(23.0, 22751.0)	(24.0, 40537.0)	(25.0, 73160.0)	(26.0, 124342.0)	(27.0, 208015.0)	(28.0, 323128.0)	(29.0, 479010.0)	(30.0, 661380.0)	(31.0, 896482.0)	(32.0, 1180256.0)	(33.0, 1680946.0)	(34.0, 2319410.0)	(35.0, 4561420.0)	(36.0, 14737114.0)	(37.0, 837228.0)							
/ | scratch | karcher | fastqc | 240813_MG011_PRISMA_NovaSeq_final_for_Q | H5YFCDSXC_240813_MG_PRISMA_24s001116-1-1_Gross_lane1MG288 | H5YFCDSXC_240813_MG_PRISMA_24s001116-1-1_Gross_lane1MG288_2	(11.0, 3.0)	(12.0, 251.0)	(13.0, 1201.0)	(14.0, 1602.0)	(15.0, 1585.0)	(16.0, 1540.0)	(17.0, 1799.0)	(18.0, 2676.0)	(19.0, 5361.0)	(20.0, 11928.0)	(21.0, 24746.0)	(22.0, 44525.0)	(23.0, 72070.0)	(24.0, 101494.0)	(25.0, 126724.0)	(26.0, 148008.0)	(27.0, 192672.0)	(28.0, 252625.0)	(29.0, 342994.0)	(30.0, 467684.0)	(31.0, 671567.0)	(32.0, 979018.0)	(33.0, 1586172.0)	(34.0, 2836226.0)	(35.0, 6540307.0)	(36.0, 13357060.0)	(37.0, 398684.0)				
/ | scratch | karcher | fastqc | 240813_MG011_PRISMA_NovaSeq_final_for_Q | H5YFCDSXC_240813_MG_PRISMA_24s001116-1-1_Gross_lane1MG289 | H5YFCDSXC_240813_MG_PRISMA_24s001116-1-1_Gross_lane1MG289_1	(14.0, 3.0)	(15.0, 13.0)	(16.0, 55.0)	(17.0, 110.0)	(18.0, 325.0)	(19.0, 790.0)	(20.0, 1744.0)	(21.0, 3948.0)	(22.0, 8429.0)	(23.0, 17743.0)	(24.0, 35247.0)	(25.0, 70183.0)	(26.0, 126955.0)	(27.0, 223238.0)	(28.0, 354789.0)	(29.0, 534130.0)	(30.0, 742850.0)	(31.0, 1018699.0)	(32.0, 1415128.0)	(33.0, 1799326.0)	(34.0, 2615635.0)	(35.0, 5320530.0)	(36.0, 16219352.0)	(37.0, 771247.0)							
/ | scratch | karcher | fastqc | 240813_MG011_PRISMA_NovaSeq_final_for_Q | H5YFCDSXC_240813_MG_PRISMA_24s001116-1-1_Gross_lane1MG289 | H5YFCDSXC_240813_MG_PRISMA_24s001116-1-1_Gross_lane1MG289_2	(11.0, 3.0)	(12.0, 333.0)	(13.0, 1729.0)	(14.0, 2294.0)	(15.0, 2096.0)	(16.0, 1919.0)	(17.0, 2110.0)	(18.0, 2916.0)	(19.0, 5977.0)	(20.0, 13024.0)	(21.0, 27343.0)	(22.0, 52119.0)	(23.0, 91222.0)	(24.0, 133248.0)	(25.0, 149101.0)	(26.0, 157962.0)	(27.0, 206535.0)	(28.0, 270436.0)	(29.0, 369080.0)	(30.0, 506152.0)	(31.0, 731297.0)	(32.0, 1072193.0)	(33.0, 1747485.0)	(34.0, 3146795.0)	(35.0, 7296906.0)	(36.0, 14838504.0)	(37.0, 451690.0)				
/ | scratch | karcher | fastqc | 240813_MG011_PRISMA_NovaSeq_final_for_Q | H5YFCDSXC_240813_MG_PRISMA_24s001116-1-1_Gross_lane1MG290 | H5YFCDSXC_240813_MG_PRISMA_24s001116-1-1_Gross_lane1MG290_1	(14.0, 5.0)	(15.0, 35.0)	(16.0, 75.0)	(17.0, 209.0)	(18.0, 433.0)	(19.0, 915.0)	(20.0, 1848.0)	(21.0, 4013.0)	(22.0, 7826.0)	(23.0, 14581.0)	(24.0, 26110.0)	(25.0, 48114.0)	(26.0, 85524.0)	(27.0, 153390.0)	(28.0, 251582.0)	(29.0, 394103.0)	(30.0, 569960.0)	(31.0, 804247.0)	(32.0, 1081021.0)	(33.0, 1542840.0)	(34.0, 2375588.0)	(35.0, 4717469.0)	(36.0, 14687507.0)	(37.0, 813758.0)							
/ | scratch | karcher | fastqc | 240813_MG011_PRISMA_NovaSeq_final_for_Q | H5YFCDSXC_240813_MG_PRISMA_24s001116-1-1_Gross_lane1MG290 | H5YFCDSXC_240813_MG_PRISMA_24s001116-1-1_Gross_lane1MG290_2	(11.0, 10.0)	(12.0, 154.0)	(13.0, 1102.0)	(14.0, 2060.0)	(15.0, 2313.0)	(16.0, 2378.0)	(17.0, 2636.0)	(18.0, 4030.0)	(19.0, 7475.0)	(20.0, 15719.0)	(21.0, 32020.0)	(22.0, 59033.0)	(23.0, 101206.0)	(24.0, 116784.0)	(25.0, 126275.0)	(26.0, 157974.0)	(27.0, 212712.0)	(28.0, 280105.0)	(29.0, 381608.0)	(30.0, 521475.0)	(31.0, 746748.0)	(32.0, 1080188.0)	(33.0, 1728633.0)	(34.0, 3007103.0)	(35.0, 6531369.0)	(36.0, 12130444.0)	(37.0, 329599.0)				
/ | scratch | karcher | fastqc | 240813_MG011_PRISMA_NovaSeq_final_for_Q | H5YFCDSXC_240813_MG_PRISMA_24s001116-1-1_Gross_lane1MG291 | H5YFCDSXC_240813_MG_PRISMA_24s001116-1-1_Gross_lane1MG291_1	(14.0, 2.0)	(15.0, 12.0)	(16.0, 44.0)	(17.0, 127.0)	(18.0, 321.0)	(19.0, 706.0)	(20.0, 1677.0)	(21.0, 3741.0)	(22.0, 7729.0)	(23.0, 16444.0)	(24.0, 32029.0)	(25.0, 62607.0)	(26.0, 114568.0)	(27.0, 205556.0)	(28.0, 335148.0)	(29.0, 519377.0)	(30.0, 746332.0)	(31.0, 1046317.0)	(32.0, 1392043.0)	(33.0, 1961874.0)	(34.0, 2986864.0)	(35.0, 5843919.0)	(36.0, 15628342.0)	(37.0, 710425.0)							
/ | scratch | karcher | fastqc | 240813_MG011_PRISMA_NovaSeq_final_for_Q | H5YFCDSXC_240813_MG_PRISMA_24s001116-1-1_Gross_lane1MG291 | H5YFCDSXC_240813_MG_PRISMA_24s001116-1-1_Gross_lane1MG291_2	(11.0, 3.0)	(12.0, 271.0)	(13.0, 1375.0)	(14.0, 1923.0)	(15.0, 1926.0)	(16.0, 1787.0)	(17.0, 2026.0)	(18.0, 2958.0)	(19.0, 6170.0)	(20.0, 13617.0)	(21.0, 29376.0)	(22.0, 55791.0)	(23.0, 101326.0)	(24.0, 145433.0)	(25.0, 149815.0)	(26.0, 173263.0)	(27.0, 234739.0)	(28.0, 314209.0)	(29.0, 436151.0)	(30.0, 606263.0)	(31.0, 882068.0)	(32.0, 1294315.0)	(33.0, 2071835.0)	(34.0, 3547320.0)	(35.0, 7464759.0)	(36.0, 13675296.0)	(37.0, 402189.0)				
/ | scratch | karcher | fastqc | 240813_MG011_PRISMA_NovaSeq_final_for_Q | H5YFCDSXC_240813_MG_PRISMA_24s001116-1-1_Gross_lane1MG292 | H5YFCDSXC_240813_MG_PRISMA_24s001116-1-1_Gross_lane1MG292_1	(14.0, 2.0)	(15.0, 17.0)	(16.0, 43.0)	(17.0, 151.0)	(18.0, 353.0)	(19.0, 899.0)	(20.0, 2029.0)	(21.0, 4561.0)	(22.0, 9676.0)	(23.0, 20353.0)	(24.0, 39767.0)	(25.0, 76501.0)	(26.0, 134610.0)	(27.0, 231331.0)	(28.0, 357188.0)	(29.0, 530342.0)	(30.0, 727822.0)	(31.0, 987011.0)	(32.0, 1379537.0)	(33.0, 1758867.0)	(34.0, 2497334.0)	(35.0, 5013862.0)	(36.0, 14994426.0)	(37.0, 729336.0)							
/ | scratch | karcher | fastqc | 240813_MG011_PRISMA_NovaSeq_final_for_Q | H5YFCDSXC_240813_MG_PRISMA_24s001116-1-1_Gross_lane1MG292 | H5YFCDSXC_240813_MG_PRISMA_24s001116-1-1_Gross_lane1MG292_2	(11.0, 2.0)	(12.0, 192.0)	(13.0, 1104.0)	(14.0, 1593.0)	(15.0, 1613.0)	(16.0, 1533.0)	(17.0, 1710.0)	(18.0, 2513.0)	(19.0, 5159.0)	(20.0, 11440.0)	(21.0, 24742.0)	(22.0, 47433.0)	(23.0, 82834.0)	(24.0, 111866.0)	(25.0, 127591.0)	(26.0, 155948.0)	(27.0, 209386.0)	(28.0, 274622.0)	(29.0, 375427.0)	(30.0, 511456.0)	(31.0, 735325.0)	(32.0, 1065355.0)	(33.0, 1712339.0)	(34.0, 3010813.0)	(35.0, 6797708.0)	(36.0, 13776065.0)	(37.0, 450249.0)				
/ | scratch | karcher | fastqc | 240813_MG011_PRISMA_NovaSeq_final_for_Q | H5YFCDSXC_240813_MG_PRISMA_24s001116-1-1_Gross_lane1MG293 | H5YFCDSXC_240813_MG_PRISMA_24s001116-1-1_Gross_lane1MG293_1	(15.0, 11.0)	(16.0, 54.0)	(17.0, 136.0)	(18.0, 356.0)	(19.0, 768.0)	(20.0, 1627.0)	(21.0, 3442.0)	(22.0, 7057.0)	(23.0, 13610.0)	(24.0, 23670.0)	(25.0, 43549.0)	(26.0, 76842.0)	(27.0, 136748.0)	(28.0, 222470.0)	(29.0, 347539.0)	(30.0, 503742.0)	(31.0, 711464.0)	(32.0, 958002.0)	(33.0, 1361692.0)	(34.0, 2068001.0)	(35.0, 4007078.0)	(36.0, 11818124.0)	(37.0, 629519.0)								
/ | scratch | karcher | fastqc | 240813_MG011_PRISMA_NovaSeq_final_for_Q | H5YFCDSXC_240813_MG_PRISMA_24s001116-1-1_Gross_lane1MG293 | H5YFCDSXC_240813_MG_PRISMA_24s001116-1-1_Gross_lane1MG293_2	(11.0, 9.0)	(12.0, 230.0)	(13.0, 1177.0)	(14.0, 1871.0)	(15.0, 1925.0)	(16.0, 1823.0)	(17.0, 2081.0)	(18.0, 3248.0)	(19.0, 7363.0)	(20.0, 17608.0)	(21.0, 36444.0)	(22.0, 64641.0)	(23.0, 103897.0)	(24.0, 130935.0)	(25.0, 147347.0)	(26.0, 174245.0)	(27.0, 227209.0)	(28.0, 289212.0)	(29.0, 383403.0)	(30.0, 510623.0)	(31.0, 714028.0)	(32.0, 1002460.0)	(33.0, 1552845.0)	(34.0, 2594046.0)	(35.0, 5384648.0)	(36.0, 9348240.0)	(37.0, 233943.0)				
/ | scratch | karcher | fastqc | 240813_MG011_PRISMA_NovaSeq_final_for_Q | H5YFCDSXC_240813_MG_PRISMA_24s001116-1-1_Gross_lane1MG294 | H5YFCDSXC_240813_MG_PRISMA_24s001116-1-1_Gross_lane1MG294_1	(14.0, 3.0)	(15.0, 15.0)	(16.0, 41.0)	(17.0, 141.0)	(18.0, 335.0)	(19.0, 659.0)	(20.0, 1538.0)	(21.0, 3195.0)	(22.0, 6200.0)	(23.0, 12011.0)	(24.0, 21911.0)	(25.0, 41471.0)	(26.0, 76222.0)	(27.0, 139347.0)	(28.0, 232156.0)	(29.0, 367358.0)	(30.0, 532020.0)	(31.0, 751925.0)	(32.0, 1026496.0)	(33.0, 1485594.0)	(34.0, 2129256.0)	(35.0, 4285955.0)	(36.0, 13658579.0)	(37.0, 734010.0)							
/ | scratch | karcher | fastqc | 240813_MG011_PRISMA_NovaSeq_final_for_Q | H5YFCDSXC_240813_MG_PRISMA_24s001116-1-1_Gross_lane1MG294 | H5YFCDSXC_240813_MG_PRISMA_24s001116-1-1_Gross_lane1MG294_2	(11.0, 7.0)	(12.0, 192.0)	(13.0, 1129.0)	(14.0, 1945.0)	(15.0, 2113.0)	(16.0, 2003.0)	(17.0, 2271.0)	(18.0, 3478.0)	(19.0, 6993.0)	(20.0, 14616.0)	(21.0, 29272.0)	(22.0, 52392.0)	(23.0, 89999.0)	(24.0, 108678.0)	(25.0, 112418.0)	(26.0, 137864.0)	(27.0, 185080.0)	(28.0, 243408.0)	(29.0, 331381.0)	(30.0, 452678.0)	(31.0, 648233.0)	(32.0, 941462.0)	(33.0, 1511886.0)	(34.0, 2656331.0)	(35.0, 5961042.0)	(36.0, 11682446.0)	(37.0, 327121.0)				
/ | scratch | karcher | fastqc | 240813_MG011_PRISMA_NovaSeq_final_for_Q | H5YFCDSXC_240813_MG_PRISMA_24s001116-1-1_Gross_lane1MG295 | H5YFCDSXC_240813_MG_PRISMA_24s001116-1-1_Gross_lane1MG295_1	(14.0, 3.0)	(15.0, 32.0)	(16.0, 104.0)	(17.0, 205.0)	(18.0, 346.0)	(19.0, 780.0)	(20.0, 1539.0)	(21.0, 2988.0)	(22.0, 5612.0)	(23.0, 10509.0)	(24.0, 18162.0)	(25.0, 34211.0)	(26.0, 62527.0)	(27.0, 112183.0)	(28.0, 186201.0)	(29.0, 295560.0)	(30.0, 433088.0)	(31.0, 617574.0)	(32.0, 832378.0)	(33.0, 1192096.0)	(34.0, 1849300.0)	(35.0, 3752791.0)	(36.0, 12171940.0)	(37.0, 705351.0)							
/ | scratch | karcher | fastqc | 240813_MG011_PRISMA_NovaSeq_final_for_Q | H5YFCDSXC_240813_MG_PRISMA_24s001116-1-1_Gross_lane1MG295 | H5YFCDSXC_240813_MG_PRISMA_24s001116-1-1_Gross_lane1MG295_2	(11.0, 2.0)	(12.0, 98.0)	(13.0, 738.0)	(14.0, 1327.0)	(15.0, 1419.0)	(16.0, 1530.0)	(17.0, 1753.0)	(18.0, 2698.0)	(19.0, 5308.0)	(20.0, 11228.0)	(21.0, 22868.0)	(22.0, 41612.0)	(23.0, 70897.0)	(24.0, 79848.0)	(25.0, 87291.0)	(26.0, 110418.0)	(27.0, 148239.0)	(28.0, 195892.0)	(29.0, 268309.0)	(30.0, 368959.0)	(31.0, 531083.0)	(32.0, 777095.0)	(33.0, 1261997.0)	(34.0, 2252633.0)	(35.0, 5161184.0)	(36.0, 10558667.0)	(37.0, 322387.0)				
/ | scratch | karcher | fastqc | 240813_MG011_PRISMA_NovaSeq_final_for_Q | H5YFCDSXC_240813_MG_PRISMA_24s001116-1-1_Gross_lane1MG296 | H5YFCDSXC_240813_MG_PRISMA_24s001116-1-1_Gross_lane1MG296_1	(13.0, 1.0)	(14.0, 8.0)	(15.0, 48.0)	(16.0, 119.0)	(17.0, 249.0)	(18.0, 538.0)	(19.0, 1000.0)	(20.0, 2116.0)	(21.0, 4273.0)	(22.0, 8564.0)	(23.0, 15763.0)	(24.0, 28066.0)	(25.0, 52234.0)	(26.0, 93197.0)	(27.0, 164769.0)	(28.0, 265815.0)	(29.0, 407211.0)	(30.0, 580998.0)	(31.0, 806945.0)	(32.0, 1077708.0)	(33.0, 1573266.0)	(34.0, 2256061.0)	(35.0, 4491513.0)	(36.0, 13687535.0)	(37.0, 694719.0)						
/ | scratch | karcher | fastqc | 240813_MG011_PRISMA_NovaSeq_final_for_Q | H5YFCDSXC_240813_MG_PRISMA_24s001116-1-1_Gross_lane1MG296 | H5YFCDSXC_240813_MG_PRISMA_24s001116-1-1_Gross_lane1MG296_2	(11.0, 6.0)	(12.0, 264.0)	(13.0, 1185.0)	(14.0, 1929.0)	(15.0, 1954.0)	(16.0, 1960.0)	(17.0, 2676.0)	(18.0, 4882.0)	(19.0, 10942.0)	(20.0, 22565.0)	(21.0, 41409.0)	(22.0, 69235.0)	(23.0, 108849.0)	(24.0, 145470.0)	(25.0, 170308.0)	(26.0, 202541.0)	(27.0, 270032.0)	(28.0, 353577.0)	(29.0, 479734.0)	(30.0, 656342.0)	(31.0, 941555.0)	(32.0, 1361885.0)	(33.0, 2168196.0)	(34.0, 3655193.0)	(35.0, 7005454.0)	(36.0, 8416427.0)	(37.0, 118146.0)				
/ | scratch | karcher | fastqc | 240813_MG011_PRISMA_NovaSeq_final_for_Q | H5YFCDSXC_240813_MG_PRISMA_24s001116-1-1_Gross_lane1MG297 | H5YFCDSXC_240813_MG_PRISMA_24s001116-1-1_Gross_lane1MG297_1	(14.0, 4.0)	(15.0, 18.0)	(16.0, 57.0)	(17.0, 130.0)	(18.0, 316.0)	(19.0, 662.0)	(20.0, 1277.0)	(21.0, 2863.0)	(22.0, 5733.0)	(23.0, 10604.0)	(24.0, 19316.0)	(25.0, 37089.0)	(26.0, 66652.0)	(27.0, 120036.0)	(28.0, 197786.0)	(29.0, 310364.0)	(30.0, 448497.0)	(31.0, 632976.0)	(32.0, 853806.0)	(33.0, 1246961.0)	(34.0, 1807784.0)	(35.0, 3595368.0)	(36.0, 11202121.0)	(37.0, 605694.0)							
/ | scratch | karcher | fastqc | 240813_MG011_PRISMA_NovaSeq_final_for_Q | H5YFCDSXC_240813_MG_PRISMA_24s001116-1-1_Gross_lane1MG297 | H5YFCDSXC_240813_MG_PRISMA_24s001116-1-1_Gross_lane1MG297_2	(11.0, 3.0)	(12.0, 205.0)	(13.0, 1052.0)	(14.0, 1713.0)	(15.0, 1670.0)	(16.0, 1567.0)	(17.0, 1747.0)	(18.0, 2481.0)	(19.0, 4741.0)	(20.0, 10141.0)	(21.0, 20794.0)	(22.0, 38956.0)	(23.0, 67080.0)	(24.0, 86941.0)	(25.0, 91255.0)	(26.0, 109876.0)	(27.0, 148408.0)	(28.0, 195689.0)	(29.0, 266574.0)	(30.0, 365136.0)	(31.0, 526033.0)	(32.0, 763798.0)	(33.0, 1227785.0)	(34.0, 2156283.0)	(35.0, 4840186.0)	(36.0, 9930747.0)	(37.0, 305253.0)				
/ | scratch | karcher | fastqc | 240813_MG011_PRISMA_NovaSeq_final_for_Q | H5YFCDSXC_240813_MG_PRISMA_24s001116-1-1_Gross_lane1MG299 | H5YFCDSXC_240813_MG_PRISMA_24s001116-1-1_Gross_lane1MG299_1	(14.0, 2.0)	(15.0, 13.0)	(16.0, 60.0)	(17.0, 150.0)	(18.0, 331.0)	(19.0, 797.0)	(20.0, 1539.0)	(21.0, 3386.0)	(22.0, 6676.0)	(23.0, 13417.0)	(24.0, 25087.0)	(25.0, 49055.0)	(26.0, 89675.0)	(27.0, 163816.0)	(28.0, 270226.0)	(29.0, 422579.0)	(30.0, 608767.0)	(31.0, 849201.0)	(32.0, 1132679.0)	(33.0, 1642105.0)	(34.0, 2417483.0)	(35.0, 4855258.0)	(36.0, 15962503.0)	(37.0, 859982.0)							
/ | scratch | karcher | fastqc | 240813_MG011_PRISMA_NovaSeq_final_for_Q | H5YFCDSXC_240813_MG_PRISMA_24s001116-1-1_Gross_lane1MG299 | H5YFCDSXC_240813_MG_PRISMA_24s001116-1-1_Gross_lane1MG299_2	(11.0, 2.0)	(12.0, 116.0)	(13.0, 892.0)	(14.0, 1727.0)	(15.0, 1964.0)	(16.0, 2004.0)	(17.0, 2186.0)	(18.0, 3190.0)	(19.0, 6150.0)	(20.0, 12466.0)	(21.0, 25149.0)	(22.0, 45987.0)	(23.0, 82467.0)	(24.0, 94019.0)	(25.0, 95295.0)	(26.0, 120827.0)	(27.0, 167128.0)	(28.0, 225934.0)	(29.0, 316761.0)	(30.0, 443839.0)	(31.0, 651514.0)	(32.0, 970300.0)	(33.0, 1606097.0)	(34.0, 2942206.0)	(35.0, 6952341.0)	(36.0, 14212639.0)	(37.0, 391587.0)				
/ | scratch | karcher | fastqc | 240813_MG011_PRISMA_NovaSeq_final_for_Q | H5YFCDSXC_240813_MG_PRISMA_24s001116-1-1_Gross_lane1MG300 | H5YFCDSXC_240813_MG_PRISMA_24s001116-1-1_Gross_lane1MG300_1	(14.0, 2.0)	(15.0, 11.0)	(16.0, 38.0)	(17.0, 114.0)	(18.0, 271.0)	(19.0, 544.0)	(20.0, 1251.0)	(21.0, 2757.0)	(22.0, 5598.0)	(23.0, 11856.0)	(24.0, 24457.0)	(25.0, 50168.0)	(26.0, 95386.0)	(27.0, 176803.0)	(28.0, 290030.0)	(29.0, 451100.0)	(30.0, 642148.0)	(31.0, 884123.0)	(32.0, 1156782.0)	(33.0, 1606759.0)	(34.0, 2445770.0)	(35.0, 5003036.0)	(36.0, 16602993.0)	(37.0, 891037.0)							
/ | scratch | karcher | fastqc | 240813_MG011_PRISMA_NovaSeq_final_for_Q | H5YFCDSXC_240813_MG_PRISMA_24s001116-1-1_Gross_lane1MG300 | H5YFCDSXC_240813_MG_PRISMA_24s001116-1-1_Gross_lane1MG300_2	(11.0, 7.0)	(12.0, 208.0)	(13.0, 1200.0)	(14.0, 1868.0)	(15.0, 1656.0)	(16.0, 1607.0)	(17.0, 1756.0)	(18.0, 2558.0)	(19.0, 4828.0)	(20.0, 9972.0)	(21.0, 20379.0)	(22.0, 38150.0)	(23.0, 67128.0)	(24.0, 89325.0)	(25.0, 101112.0)	(26.0, 125229.0)	(27.0, 169288.0)	(28.0, 228684.0)	(29.0, 318462.0)	(30.0, 443026.0)	(31.0, 654700.0)	(32.0, 981250.0)	(33.0, 1640423.0)	(34.0, 3033558.0)	(35.0, 7238100.0)	(36.0, 14752355.0)	(37.0, 416205.0)				
/ | scratch | karcher | fastqc | 240813_MG011_PRISMA_NovaSeq_final_for_Q | H5YFCDSXC_240813_MG_PRISMA_24s001116-1-1_Gross_lane1MG301 | H5YFCDSXC_240813_MG_PRISMA_24s001116-1-1_Gross_lane1MG301_1	(14.0, 2.0)	(15.0, 19.0)	(16.0, 74.0)	(17.0, 194.0)	(18.0, 422.0)	(19.0, 824.0)	(20.0, 1676.0)	(21.0, 3230.0)	(22.0, 6409.0)	(23.0, 12124.0)	(24.0, 22554.0)	(25.0, 42873.0)	(26.0, 78043.0)	(27.0, 139595.0)	(28.0, 227320.0)	(29.0, 351031.0)	(30.0, 501129.0)	(31.0, 693737.0)	(32.0, 916356.0)	(33.0, 1306341.0)	(34.0, 1919447.0)	(35.0, 3707249.0)	(36.0, 11409536.0)	(37.0, 620798.0)							
/ | scratch | karcher | fastqc | 240813_MG011_PRISMA_NovaSeq_final_for_Q | H5YFCDSXC_240813_MG_PRISMA_24s001116-1-1_Gross_lane1MG301 | H5YFCDSXC_240813_MG_PRISMA_24s001116-1-1_Gross_lane1MG301_2	(11.0, 9.0)	(12.0, 261.0)	(13.0, 1081.0)	(14.0, 1683.0)	(15.0, 1684.0)	(16.0, 1547.0)	(17.0, 1712.0)	(18.0, 2584.0)	(19.0, 5229.0)	(20.0, 11496.0)	(21.0, 23350.0)	(22.0, 42203.0)	(23.0, 71177.0)	(24.0, 95135.0)	(25.0, 105642.0)	(26.0, 127060.0)	(27.0, 171686.0)	(28.0, 228658.0)	(29.0, 314218.0)	(30.0, 431719.0)	(31.0, 622304.0)	(32.0, 909084.0)	(33.0, 1459751.0)	(34.0, 2536502.0)	(35.0, 5404035.0)	(36.0, 9158006.0)	(37.0, 233167.0)				
/ | scratch | karcher | fastqc | 240813_MG011_PRISMA_NovaSeq_final_for_Q | H5YFCDSXC_240813_MG_PRISMA_24s001116-1-1_Gross_lane1MG302 | H5YFCDSXC_240813_MG_PRISMA_24s001116-1-1_Gross_lane1MG302_1	(14.0, 7.0)	(15.0, 28.0)	(16.0, 127.0)	(17.0, 298.0)	(18.0, 592.0)	(19.0, 1324.0)	(20.0, 2621.0)	(21.0, 5387.0)	(22.0, 11347.0)	(23.0, 23329.0)	(24.0, 43693.0)	(25.0, 80328.0)	(26.0, 137711.0)	(27.0, 233424.0)	(28.0, 365605.0)	(29.0, 551326.0)	(30.0, 763376.0)	(31.0, 1041048.0)	(32.0, 1359504.0)	(33.0, 1912979.0)	(34.0, 2798874.0)	(35.0, 5353575.0)	(36.0, 15354630.0)	(37.0, 748202.0)							
/ | scratch | karcher | fastqc | 240813_MG011_PRISMA_NovaSeq_final_for_Q | H5YFCDSXC_240813_MG_PRISMA_24s001116-1-1_Gross_lane1MG302 | H5YFCDSXC_240813_MG_PRISMA_24s001116-1-1_Gross_lane1MG302_2	(11.0, 6.0)	(12.0, 384.0)	(13.0, 1799.0)	(14.0, 2297.0)	(15.0, 2090.0)	(16.0, 1853.0)	(17.0, 2093.0)	(18.0, 3259.0)	(19.0, 6872.0)	(20.0, 16249.0)	(21.0, 34250.0)	(22.0, 61338.0)	(23.0, 96197.0)	(24.0, 135685.0)	(25.0, 176678.0)	(26.0, 195488.0)	(27.0, 243353.0)	(28.0, 312839.0)	(29.0, 420625.0)	(30.0, 567675.0)	(31.0, 808889.0)	(32.0, 1167169.0)	(33.0, 1864981.0)	(34.0, 3259742.0)	(35.0, 7224914.0)	(36.0, 13774792.0)	(37.0, 407818.0)				
/ | scratch | karcher | fastqc | 240813_MG011_PRISMA_NovaSeq_final_for_Q | H5YFCDSXC_240813_MG_PRISMA_24s001116-1-1_Gross_lane1MG303 | H5YFCDSXC_240813_MG_PRISMA_24s001116-1-1_Gross_lane1MG303_1	(14.0, 3.0)	(15.0, 18.0)	(16.0, 66.0)	(17.0, 207.0)	(18.0, 428.0)	(19.0, 879.0)	(20.0, 1792.0)	(21.0, 3639.0)	(22.0, 6861.0)	(23.0, 11833.0)	(24.0, 19434.0)	(25.0, 32709.0)	(26.0, 52767.0)	(27.0, 89790.0)	(28.0, 144034.0)	(29.0, 226137.0)	(30.0, 331459.0)	(31.0, 478756.0)	(32.0, 657933.0)	(33.0, 950375.0)	(34.0, 1429147.0)	(35.0, 2752201.0)	(36.0, 8141165.0)	(37.0, 482463.0)							
/ | scratch | karcher | fastqc | 240813_MG011_PRISMA_NovaSeq_final_for_Q | H5YFCDSXC_240813_MG_PRISMA_24s001116-1-1_Gross_lane1MG303 | H5YFCDSXC_240813_MG_PRISMA_24s001116-1-1_Gross_lane1MG303_2	(11.0, 2.0)	(12.0, 92.0)	(13.0, 459.0)	(14.0, 936.0)	(15.0, 1100.0)	(16.0, 1096.0)	(17.0, 1189.0)	(18.0, 1797.0)	(19.0, 3808.0)	(20.0, 9004.0)	(21.0, 19172.0)	(22.0, 33802.0)	(23.0, 53709.0)	(24.0, 69840.0)	(25.0, 84764.0)	(26.0, 104529.0)	(27.0, 139715.0)	(28.0, 181521.0)	(29.0, 245124.0)	(30.0, 330162.0)	(31.0, 467439.0)	(32.0, 663327.0)	(33.0, 1030857.0)	(34.0, 1725917.0)	(35.0, 3592982.0)	(36.0, 6840670.0)	(37.0, 211083.0)				
/ | scratch | karcher | fastqc | 240813_MG011_PRISMA_NovaSeq_final_for_Q | H5YFCDSXC_240813_MG_PRISMA_24s001116-1-1_Gross_lane1MG304 | H5YFCDSXC_240813_MG_PRISMA_24s001116-1-1_Gross_lane1MG304_1	(13.0, 1.0)	(14.0, 6.0)	(15.0, 58.0)	(16.0, 242.0)	(17.0, 705.0)	(18.0, 1622.0)	(19.0, 3289.0)	(20.0, 6408.0)	(21.0, 12005.0)	(22.0, 22540.0)	(23.0, 39616.0)	(24.0, 66600.0)	(25.0, 113363.0)	(26.0, 183835.0)	(27.0, 301530.0)	(28.0, 461374.0)	(29.0, 689995.0)	(30.0, 967243.0)	(31.0, 1343070.0)	(32.0, 1785281.0)	(33.0, 2561304.0)	(34.0, 3528762.0)	(35.0, 6165951.0)	(36.0, 16740521.0)	(37.0, 1154467.0)						
/ | scratch | karcher | fastqc | 240813_MG011_PRISMA_NovaSeq_final_for_Q | H5YFCDSXC_240813_MG_PRISMA_24s001116-1-1_Gross_lane1MG304 | H5YFCDSXC_240813_MG_PRISMA_24s001116-1-1_Gross_lane1MG304_2	(11.0, 2.0)	(12.0, 172.0)	(13.0, 1009.0)	(14.0, 2066.0)	(15.0, 2874.0)	(16.0, 3523.0)	(17.0, 5619.0)	(18.0, 11858.0)	(19.0, 29445.0)	(20.0, 64099.0)	(21.0, 121381.0)	(22.0, 182700.0)	(23.0, 245455.0)	(24.0, 301825.0)	(25.0, 355901.0)	(26.0, 387319.0)	(27.0, 468497.0)	(28.0, 570712.0)	(29.0, 729535.0)	(30.0, 933887.0)	(31.0, 1257246.0)	(32.0, 1701181.0)	(33.0, 2498385.0)	(34.0, 3900814.0)	(35.0, 7466028.0)	(36.0, 14276353.0)	(37.0, 631902.0)				
/ | scratch | karcher | fastqc | 240813_MG011_PRISMA_NovaSeq_final_for_Q | H5YFCDSXC_240813_MG_PRISMA_24s001116-1-1_Gross_lane1MG305 | H5YFCDSXC_240813_MG_PRISMA_24s001116-1-1_Gross_lane1MG305_1	(13.0, 1.0)	(14.0, 3.0)	(15.0, 7.0)	(16.0, 46.0)	(17.0, 146.0)	(18.0, 331.0)	(19.0, 717.0)	(20.0, 1641.0)	(21.0, 3465.0)	(22.0, 7144.0)	(23.0, 14719.0)	(24.0, 27937.0)	(25.0, 53561.0)	(26.0, 95370.0)	(27.0, 164917.0)	(28.0, 255645.0)	(29.0, 382552.0)	(30.0, 529427.0)	(31.0, 714161.0)	(32.0, 923022.0)	(33.0, 1286919.0)	(34.0, 1906912.0)	(35.0, 3676873.0)	(36.0, 11417253.0)	(37.0, 637875.0)						
/ | scratch | karcher | fastqc | 240813_MG011_PRISMA_NovaSeq_final_for_Q | H5YFCDSXC_240813_MG_PRISMA_24s001116-1-1_Gross_lane1MG305 | H5YFCDSXC_240813_MG_PRISMA_24s001116-1-1_Gross_lane1MG305_2	(11.0, 7.0)	(12.0, 201.0)	(13.0, 875.0)	(14.0, 1198.0)	(15.0, 1054.0)	(16.0, 1002.0)	(17.0, 1324.0)	(18.0, 2061.0)	(19.0, 4845.0)	(20.0, 10853.0)	(21.0, 22707.0)	(22.0, 40392.0)	(23.0, 63580.0)	(24.0, 89120.0)	(25.0, 115539.0)	(26.0, 136077.0)	(27.0, 170991.0)	(28.0, 219801.0)	(29.0, 295103.0)	(30.0, 398138.0)	(31.0, 565969.0)	(32.0, 817619.0)	(33.0, 1304629.0)	(34.0, 2287565.0)	(35.0, 5114186.0)	(36.0, 10111531.0)	(37.0, 324277.0)				
/ | scratch | karcher | fastqc | 240813_MG011_PRISMA_NovaSeq_final_for_Q | H5YFCDSXC_240813_MG_PRISMA_24s001116-1-1_Gross_lane1MG306 | H5YFCDSXC_240813_MG_PRISMA_24s001116-1-1_Gross_lane1MG306_1	(15.0, 19.0)	(16.0, 76.0)	(17.0, 184.0)	(18.0, 390.0)	(19.0, 800.0)	(20.0, 1790.0)	(21.0, 3656.0)	(22.0, 7475.0)	(23.0, 14855.0)	(24.0, 28188.0)	(25.0, 54049.0)	(26.0, 96841.0)	(27.0, 170547.0)	(28.0, 270994.0)	(29.0, 411178.0)	(30.0, 575046.0)	(31.0, 790202.0)	(32.0, 1110327.0)	(33.0, 1433878.0)	(34.0, 2043452.0)	(35.0, 4098345.0)	(36.0, 13162543.0)	(37.0, 735465.0)								
/ | scratch | karcher | fastqc | 240813_MG011_PRISMA_NovaSeq_final_for_Q | H5YFCDSXC_240813_MG_PRISMA_24s001116-1-1_Gross_lane1MG306 | H5YFCDSXC_240813_MG_PRISMA_24s001116-1-1_Gross_lane1MG306_2	(11.0, 3.0)	(12.0, 231.0)	(13.0, 1081.0)	(14.0, 1609.0)	(15.0, 1607.0)	(16.0, 1433.0)	(17.0, 1561.0)	(18.0, 2317.0)	(19.0, 4760.0)	(20.0, 10565.0)	(21.0, 22457.0)	(22.0, 41136.0)	(23.0, 68251.0)	(24.0, 97771.0)	(25.0, 119447.0)	(26.0, 137127.0)	(27.0, 182094.0)	(28.0, 238423.0)	(29.0, 323365.0)	(30.0, 438628.0)	(31.0, 625227.0)	(32.0, 904843.0)	(33.0, 1450242.0)	(34.0, 2548645.0)	(35.0, 5761067.0)	(36.0, 11650979.0)	(37.0, 375431.0)				
/ | scratch | karcher | fastqc | 240813_MG011_PRISMA_NovaSeq_final_for_Q | H5YFCDSXC_240813_MG_PRISMA_24s001116-1-1_Gross_lane1MG307 | H5YFCDSXC_240813_MG_PRISMA_24s001116-1-1_Gross_lane1MG307_1	(14.0, 4.0)	(15.0, 18.0)	(16.0, 64.0)	(17.0, 177.0)	(18.0, 443.0)	(19.0, 883.0)	(20.0, 1759.0)	(21.0, 3564.0)	(22.0, 7174.0)	(23.0, 13670.0)	(24.0, 24580.0)	(25.0, 46335.0)	(26.0, 84008.0)	(27.0, 152665.0)	(28.0, 249178.0)	(29.0, 390230.0)	(30.0, 561763.0)	(31.0, 790598.0)	(32.0, 1055376.0)	(33.0, 1500352.0)	(34.0, 2277795.0)	(35.0, 4457037.0)	(36.0, 14135720.0)	(37.0, 793897.0)							
/ | scratch | karcher | fastqc | 240813_MG011_PRISMA_NovaSeq_final_for_Q | H5YFCDSXC_240813_MG_PRISMA_24s001116-1-1_Gross_lane1MG307 | H5YFCDSXC_240813_MG_PRISMA_24s001116-1-1_Gross_lane1MG307_2	(11.0, 4.0)	(12.0, 108.0)	(13.0, 732.0)	(14.0, 1302.0)	(15.0, 1453.0)	(16.0, 1429.0)	(17.0, 1741.0)	(18.0, 2636.0)	(19.0, 5568.0)	(20.0, 12117.0)	(21.0, 24997.0)	(22.0, 44368.0)	(23.0, 75362.0)	(24.0, 91923.0)	(25.0, 99586.0)	(26.0, 125507.0)	(27.0, 171626.0)	(28.0, 230564.0)	(29.0, 318225.0)	(30.0, 440884.0)	(31.0, 639634.0)	(32.0, 940552.0)	(33.0, 1531286.0)	(34.0, 2728369.0)	(35.0, 6207771.0)	(36.0, 12467101.0)	(37.0, 382445.0)				
/ | scratch | karcher | fastqc | 240813_MG011_PRISMA_NovaSeq_final_for_Q | H5YFCDSXC_240813_MG_PRISMA_24s001116-1-1_Gross_lane1MG308 | H5YFCDSXC_240813_MG_PRISMA_24s001116-1-1_Gross_lane1MG308_1	(13.0, 1.0)	(14.0, 2.0)	(15.0, 24.0)	(16.0, 82.0)	(17.0, 213.0)	(18.0, 478.0)	(19.0, 990.0)	(20.0, 2017.0)	(21.0, 3996.0)	(22.0, 8090.0)	(23.0, 16415.0)	(24.0, 31315.0)	(25.0, 60827.0)	(26.0, 111149.0)	(27.0, 198171.0)	(28.0, 320453.0)	(29.0, 492377.0)	(30.0, 696869.0)	(31.0, 962649.0)	(32.0, 1270227.0)	(33.0, 1820688.0)	(34.0, 2656108.0)	(35.0, 5183622.0)	(36.0, 16789982.0)	(37.0, 965453.0)						
/ | scratch | karcher | fastqc | 240813_MG011_PRISMA_NovaSeq_final_for_Q | H5YFCDSXC_240813_MG_PRISMA_24s001116-1-1_Gross_lane1MG308 | H5YFCDSXC_240813_MG_PRISMA_24s001116-1-1_Gross_lane1MG308_2	(11.0, 7.0)	(12.0, 203.0)	(13.0, 1218.0)	(14.0, 1917.0)	(15.0, 1956.0)	(16.0, 1948.0)	(17.0, 2153.0)	(18.0, 2919.0)	(19.0, 5362.0)	(20.0, 11480.0)	(21.0, 24622.0)	(22.0, 46196.0)	(23.0, 82953.0)	(24.0, 102766.0)	(25.0, 104820.0)	(26.0, 125344.0)	(27.0, 171187.0)	(28.0, 227742.0)	(29.0, 316379.0)	(30.0, 438911.0)	(31.0, 643525.0)	(32.0, 956796.0)	(33.0, 1582213.0)	(34.0, 2881094.0)	(35.0, 6924693.0)	(36.0, 16306268.0)	(37.0, 627526.0)				
/ | scratch | karcher | fastqc | 240813_MG011_PRISMA_NovaSeq_final_for_Q | H5YFCDSXC_240813_MG_PRISMA_24s001116-1-1_Gross_lane1MG309 | H5YFCDSXC_240813_MG_PRISMA_24s001116-1-1_Gross_lane1MG309_1	(14.0, 3.0)	(15.0, 19.0)	(16.0, 74.0)	(17.0, 201.0)	(18.0, 388.0)	(19.0, 879.0)	(20.0, 1748.0)	(21.0, 3675.0)	(22.0, 7199.0)	(23.0, 13957.0)	(24.0, 26516.0)	(25.0, 50467.0)	(26.0, 91018.0)	(27.0, 161043.0)	(28.0, 259936.0)	(29.0, 399337.0)	(30.0, 565434.0)	(31.0, 776586.0)	(32.0, 1019619.0)	(33.0, 1438563.0)	(34.0, 2144553.0)	(35.0, 4161229.0)	(36.0, 14011120.0)	(37.0, 863085.0)							
/ | scratch | karcher | fastqc | 240813_MG011_PRISMA_NovaSeq_final_for_Q | H5YFCDSXC_240813_MG_PRISMA_24s001116-1-1_Gross_lane1MG309 | H5YFCDSXC_240813_MG_PRISMA_24s001116-1-1_Gross_lane1MG309_2	(11.0, 4.0)	(12.0, 190.0)	(13.0, 1161.0)	(14.0, 1799.0)	(15.0, 1940.0)	(16.0, 1749.0)	(17.0, 1860.0)	(18.0, 2640.0)	(19.0, 4659.0)	(20.0, 9525.0)	(21.0, 19836.0)	(22.0, 36484.0)	(23.0, 62093.0)	(24.0, 82834.0)	(25.0, 87240.0)	(26.0, 100431.0)	(27.0, 134070.0)	(28.0, 179888.0)	(29.0, 248585.0)	(30.0, 344990.0)	(31.0, 504215.0)	(32.0, 748432.0)	(33.0, 1236621.0)	(34.0, 2258713.0)	(35.0, 5526911.0)	(36.0, 13846867.0)	(37.0, 552912.0)				
/ | scratch | karcher | fastqc | 240813_MG011_PRISMA_NovaSeq_final_for_Q | H5YFCDSXC_240813_MG_PRISMA_24s001116-1-1_Gross_lane1MG310 | H5YFCDSXC_240813_MG_PRISMA_24s001116-1-1_Gross_lane1MG310_1	(14.0, 2.0)	(15.0, 24.0)	(16.0, 45.0)	(17.0, 156.0)	(18.0, 388.0)	(19.0, 783.0)	(20.0, 1754.0)	(21.0, 3622.0)	(22.0, 7184.0)	(23.0, 14059.0)	(24.0, 26280.0)	(25.0, 50187.0)	(26.0, 89357.0)	(27.0, 157128.0)	(28.0, 252479.0)	(29.0, 388473.0)	(30.0, 552288.0)	(31.0, 769991.0)	(32.0, 1023154.0)	(33.0, 1453750.0)	(34.0, 2178903.0)	(35.0, 4217775.0)	(36.0, 13866288.0)	(37.0, 898295.0)							
/ | scratch | karcher | fastqc | 240813_MG011_PRISMA_NovaSeq_final_for_Q | H5YFCDSXC_240813_MG_PRISMA_24s001116-1-1_Gross_lane1MG310 | H5YFCDSXC_240813_MG_PRISMA_24s001116-1-1_Gross_lane1MG310_2	(11.0, 8.0)	(12.0, 267.0)	(13.0, 1386.0)	(14.0, 2065.0)	(15.0, 1939.0)	(16.0, 1813.0)	(17.0, 2008.0)	(18.0, 2952.0)	(19.0, 5923.0)	(20.0, 13597.0)	(21.0, 29223.0)	(22.0, 53007.0)	(23.0, 86734.0)	(24.0, 119133.0)	(25.0, 137194.0)	(26.0, 162096.0)	(27.0, 214609.0)	(28.0, 278081.0)	(29.0, 373633.0)	(30.0, 504040.0)	(31.0, 710579.0)	(32.0, 1012028.0)	(33.0, 1585348.0)	(34.0, 2705059.0)	(35.0, 5859798.0)	(36.0, 11705349.0)	(37.0, 384496.0)				
/ | scratch | karcher | fastqc | 240813_MG011_PRISMA_NovaSeq_final_for_Q | H5YFCDSXC_240813_MG_PRISMA_24s001116-1-1_Gross_lane1MG311 | H5YFCDSXC_240813_MG_PRISMA_24s001116-1-1_Gross_lane1MG311_1	(14.0, 1.0)	(15.0, 16.0)	(16.0, 47.0)	(17.0, 108.0)	(18.0, 254.0)	(19.0, 553.0)	(20.0, 1259.0)	(21.0, 2811.0)	(22.0, 6194.0)	(23.0, 13153.0)	(24.0, 26249.0)	(25.0, 52324.0)	(26.0, 95325.0)	(27.0, 169584.0)	(28.0, 273048.0)	(29.0, 418639.0)	(30.0, 587234.0)	(31.0, 804666.0)	(32.0, 1049928.0)	(33.0, 1468405.0)	(34.0, 2231438.0)	(35.0, 4424536.0)	(36.0, 14354224.0)	(37.0, 770049.0)							
/ | scratch | karcher | fastqc | 240813_MG011_PRISMA_NovaSeq_final_for_Q | H5YFCDSXC_240813_MG_PRISMA_24s001116-1-1_Gross_lane1MG311 | H5YFCDSXC_240813_MG_PRISMA_24s001116-1-1_Gross_lane1MG311_2	(11.0, 5.0)	(12.0, 273.0)	(13.0, 1353.0)	(14.0, 2072.0)	(15.0, 2016.0)	(16.0, 1808.0)	(17.0, 2186.0)	(18.0, 3423.0)	(19.0, 7743.0)	(20.0, 17139.0)	(21.0, 33485.0)	(22.0, 57706.0)	(23.0, 94267.0)	(24.0, 120643.0)	(25.0, 132291.0)	(26.0, 157352.0)	(27.0, 208054.0)	(28.0, 269977.0)	(29.0, 364656.0)	(30.0, 493355.0)	(31.0, 702232.0)	(32.0, 1014409.0)	(33.0, 1623426.0)	(34.0, 2858220.0)	(35.0, 6388634.0)	(36.0, 11888409.0)	(37.0, 304911.0)				
/ | scratch | karcher | fastqc | 240813_MG011_PRISMA_NovaSeq_final_for_Q | H5YFCDSXC_240813_MG_PRISMA_24s001116-1-1_Gross_lane1MG312 | H5YFCDSXC_240813_MG_PRISMA_24s001116-1-1_Gross_lane1MG312_1	(15.0, 16.0)	(16.0, 35.0)	(17.0, 123.0)	(18.0, 297.0)	(19.0, 579.0)	(20.0, 1355.0)	(21.0, 2919.0)	(22.0, 6385.0)	(23.0, 13112.0)	(24.0, 26983.0)	(25.0, 51866.0)	(26.0, 94059.0)	(27.0, 166338.0)	(28.0, 265652.0)	(29.0, 402262.0)	(30.0, 562554.0)	(31.0, 763829.0)	(32.0, 993129.0)	(33.0, 1369708.0)	(34.0, 2074197.0)	(35.0, 4123681.0)	(36.0, 13356894.0)	(37.0, 755953.0)								
/ | scratch | karcher | fastqc | 240813_MG011_PRISMA_NovaSeq_final_for_Q | H5YFCDSXC_240813_MG_PRISMA_24s001116-1-1_Gross_lane1MG312 | H5YFCDSXC_240813_MG_PRISMA_24s001116-1-1_Gross_lane1MG312_2	(11.0, 2.0)	(12.0, 231.0)	(13.0, 1258.0)	(14.0, 1828.0)	(15.0, 1742.0)	(16.0, 1689.0)	(17.0, 1915.0)	(18.0, 3011.0)	(19.0, 6246.0)	(20.0, 12940.0)	(21.0, 26200.0)	(22.0, 46873.0)	(23.0, 79997.0)	(24.0, 106154.0)	(25.0, 110946.0)	(26.0, 128689.0)	(27.0, 170455.0)	(28.0, 221465.0)	(29.0, 298782.0)	(30.0, 405555.0)	(31.0, 578996.0)	(32.0, 836540.0)	(33.0, 1348694.0)	(34.0, 2400222.0)	(35.0, 5580878.0)	(36.0, 12249697.0)	(37.0, 410921.0)				
/ | scratch | karcher | fastqc | 240813_MG011_PRISMA_NovaSeq_final_for_Q | H5YFCDSXC_240813_MG_PRISMA_24s001116-1-1_Gross_lane1MG313 | H5YFCDSXC_240813_MG_PRISMA_24s001116-1-1_Gross_lane1MG313_1	(14.0, 4.0)	(15.0, 23.0)	(16.0, 99.0)	(17.0, 202.0)	(18.0, 456.0)	(19.0, 928.0)	(20.0, 1857.0)	(21.0, 3827.0)	(22.0, 7513.0)	(23.0, 14669.0)	(24.0, 27336.0)	(25.0, 50445.0)	(26.0, 88143.0)	(27.0, 149860.0)	(28.0, 234098.0)	(29.0, 349806.0)	(30.0, 485746.0)	(31.0, 663275.0)	(32.0, 893242.0)	(33.0, 1246945.0)	(34.0, 1714340.0)	(35.0, 3367846.0)	(36.0, 10892649.0)	(37.0, 663734.0)							
/ | scratch | karcher | fastqc | 240813_MG011_PRISMA_NovaSeq_final_for_Q | H5YFCDSXC_240813_MG_PRISMA_24s001116-1-1_Gross_lane1MG313 | H5YFCDSXC_240813_MG_PRISMA_24s001116-1-1_Gross_lane1MG313_2	(11.0, 5.0)	(12.0, 235.0)	(13.0, 1277.0)	(14.0, 2016.0)	(15.0, 1937.0)	(16.0, 1918.0)	(17.0, 1993.0)	(18.0, 2802.0)	(19.0, 5275.0)	(20.0, 11000.0)	(21.0, 22664.0)	(22.0, 41807.0)	(23.0, 69970.0)	(24.0, 87763.0)	(25.0, 94541.0)	(26.0, 112844.0)	(27.0, 150085.0)	(28.0, 194959.0)	(29.0, 261770.0)	(30.0, 353435.0)	(31.0, 501546.0)	(32.0, 717920.0)	(33.0, 1136879.0)	(34.0, 1979126.0)	(35.0, 4496360.0)	(36.0, 10214832.0)	(37.0, 392084.0)				
/ | scratch | karcher | fastqc | 240813_MG011_PRISMA_NovaSeq_final_for_Q | H5YFCDSXC_240813_MG_PRISMA_24s001116-1-1_Gross_lane1MG314 | H5YFCDSXC_240813_MG_PRISMA_24s001116-1-1_Gross_lane1MG314_1	(14.0, 2.0)	(15.0, 17.0)	(16.0, 56.0)	(17.0, 145.0)	(18.0, 326.0)	(19.0, 614.0)	(20.0, 1269.0)	(21.0, 2644.0)	(22.0, 5042.0)	(23.0, 9625.0)	(24.0, 17579.0)	(25.0, 34201.0)	(26.0, 63020.0)	(27.0, 115370.0)	(28.0, 193926.0)	(29.0, 309459.0)	(30.0, 452024.0)	(31.0, 642845.0)	(32.0, 881607.0)	(33.0, 1273488.0)	(34.0, 1824784.0)	(35.0, 3629731.0)	(36.0, 11085528.0)	(37.0, 571929.0)							
/ | scratch | karcher | fastqc | 240813_MG011_PRISMA_NovaSeq_final_for_Q | H5YFCDSXC_240813_MG_PRISMA_24s001116-1-1_Gross_lane1MG314 | H5YFCDSXC_240813_MG_PRISMA_24s001116-1-1_Gross_lane1MG314_2	(11.0, 2.0)	(12.0, 168.0)	(13.0, 955.0)	(14.0, 1570.0)	(15.0, 1575.0)	(16.0, 1565.0)	(17.0, 1678.0)	(18.0, 2680.0)	(19.0, 5279.0)	(20.0, 11401.0)	(21.0, 22878.0)	(22.0, 40524.0)	(23.0, 67520.0)	(24.0, 85069.0)	(25.0, 92044.0)	(26.0, 111016.0)	(27.0, 147840.0)	(28.0, 193672.0)	(29.0, 265040.0)	(30.0, 363339.0)	(31.0, 522284.0)	(32.0, 759717.0)	(33.0, 1221109.0)	(34.0, 2148484.0)	(35.0, 4837589.0)	(36.0, 9888734.0)	(37.0, 321499.0)				
/ | scratch | karcher | fastqc | 240813_MG011_PRISMA_NovaSeq_final_for_Q | H5YFCDSXC_240813_MG_PRISMA_24s001116-1-1_Gross_lane1MG315 | H5YFCDSXC_240813_MG_PRISMA_24s001116-1-1_Gross_lane1MG315_1	(14.0, 1.0)	(15.0, 17.0)	(16.0, 70.0)	(17.0, 172.0)	(18.0, 464.0)	(19.0, 983.0)	(20.0, 2016.0)	(21.0, 4469.0)	(22.0, 8897.0)	(23.0, 17297.0)	(24.0, 31930.0)	(25.0, 59985.0)	(26.0, 105983.0)	(27.0, 182733.0)	(28.0, 286190.0)	(29.0, 430404.0)	(30.0, 596574.0)	(31.0, 811125.0)	(32.0, 1054685.0)	(33.0, 1464161.0)	(34.0, 2211621.0)	(35.0, 4296130.0)	(36.0, 13333779.0)	(37.0, 758232.0)							
/ | scratch | karcher | fastqc | 240813_MG011_PRISMA_NovaSeq_final_for_Q | H5YFCDSXC_240813_MG_PRISMA_24s001116-1-1_Gross_lane1MG315 | H5YFCDSXC_240813_MG_PRISMA_24s001116-1-1_Gross_lane1MG315_2	(11.0, 3.0)	(12.0, 250.0)	(13.0, 1278.0)	(14.0, 1931.0)	(15.0, 2068.0)	(16.0, 1974.0)	(17.0, 2333.0)	(18.0, 3664.0)	(19.0, 7136.0)	(20.0, 15571.0)	(21.0, 31691.0)	(22.0, 57612.0)	(23.0, 99973.0)	(24.0, 123786.0)	(25.0, 133210.0)	(26.0, 159446.0)	(27.0, 211757.0)	(28.0, 276702.0)	(29.0, 373294.0)	(30.0, 504094.0)	(31.0, 713554.0)	(32.0, 1017725.0)	(33.0, 1607243.0)	(34.0, 2753610.0)	(35.0, 5945683.0)	(36.0, 11266964.0)	(37.0, 345366.0)				
/ | scratch | karcher | fastqc | 240813_MG011_PRISMA_NovaSeq_final_for_Q | H5YFCDSXC_240813_MG_PRISMA_24s001116-1-1_Gross_lane1MG316 | H5YFCDSXC_240813_MG_PRISMA_24s001116-1-1_Gross_lane1MG316_1	(15.0, 10.0)	(16.0, 41.0)	(17.0, 134.0)	(18.0, 286.0)	(19.0, 656.0)	(20.0, 1353.0)	(21.0, 2949.0)	(22.0, 5800.0)	(23.0, 11253.0)	(24.0, 21209.0)	(25.0, 40393.0)	(26.0, 73316.0)	(27.0, 131285.0)	(28.0, 213548.0)	(29.0, 329172.0)	(30.0, 466606.0)	(31.0, 645116.0)	(32.0, 853361.0)	(33.0, 1240973.0)	(34.0, 1767770.0)	(35.0, 3506271.0)	(36.0, 11467972.0)	(37.0, 626006.0)								
/ | scratch | karcher | fastqc | 240813_MG011_PRISMA_NovaSeq_final_for_Q | H5YFCDSXC_240813_MG_PRISMA_24s001116-1-1_Gross_lane1MG316 | H5YFCDSXC_240813_MG_PRISMA_24s001116-1-1_Gross_lane1MG316_2	(11.0, 7.0)	(12.0, 157.0)	(13.0, 857.0)	(14.0, 1231.0)	(15.0, 1253.0)	(16.0, 1174.0)	(17.0, 1390.0)	(18.0, 2130.0)	(19.0, 4425.0)	(20.0, 9379.0)	(21.0, 18893.0)	(22.0, 34586.0)	(23.0, 59105.0)	(24.0, 78261.0)	(25.0, 86222.0)	(26.0, 104877.0)	(27.0, 142041.0)	(28.0, 191660.0)	(29.0, 264893.0)	(30.0, 368326.0)	(31.0, 538032.0)	(32.0, 794384.0)	(33.0, 1304810.0)	(34.0, 2350685.0)	(35.0, 5342367.0)	(36.0, 9489318.0)	(37.0, 215017.0)				
/ | scratch | karcher | fastqc | 240813_MG011_PRISMA_NovaSeq_final_for_Q | H5YFCDSXC_240813_MG_PRISMA_24s001116-1-1_Gross_lane1MG317 | H5YFCDSXC_240813_MG_PRISMA_24s001116-1-1_Gross_lane1MG317_1	(14.0, 1.0)	(15.0, 8.0)	(16.0, 45.0)	(17.0, 95.0)	(18.0, 214.0)	(19.0, 459.0)	(20.0, 983.0)	(21.0, 2135.0)	(22.0, 4288.0)	(23.0, 8341.0)	(24.0, 15678.0)	(25.0, 29162.0)	(26.0, 51888.0)	(27.0, 89997.0)	(28.0, 144770.0)	(29.0, 220438.0)	(30.0, 313194.0)	(31.0, 439575.0)	(32.0, 646276.0)	(33.0, 800245.0)	(34.0, 1155367.0)	(35.0, 2313288.0)	(36.0, 7298232.0)	(37.0, 400264.0)							
/ | scratch | karcher | fastqc | 240813_MG011_PRISMA_NovaSeq_final_for_Q | H5YFCDSXC_240813_MG_PRISMA_24s001116-1-1_Gross_lane1MG317 | H5YFCDSXC_240813_MG_PRISMA_24s001116-1-1_Gross_lane1MG317_2	(11.0, 3.0)	(12.0, 153.0)	(13.0, 796.0)	(14.0, 1050.0)	(15.0, 940.0)	(16.0, 882.0)	(17.0, 1007.0)	(18.0, 1657.0)	(19.0, 3618.0)	(20.0, 8287.0)	(21.0, 17339.0)	(22.0, 29992.0)	(23.0, 49493.0)	(24.0, 65829.0)	(25.0, 72151.0)	(26.0, 83696.0)	(27.0, 109513.0)	(28.0, 142358.0)	(29.0, 191560.0)	(30.0, 257915.0)	(31.0, 366392.0)	(32.0, 524470.0)	(33.0, 831905.0)	(34.0, 1447282.0)	(35.0, 3196844.0)	(36.0, 6331937.0)	(37.0, 197874.0)				
/ | scratch | karcher | fastqc | 240813_MG011_PRISMA_NovaSeq_final_for_Q | H5YFCDSXC_240813_MG_PRISMA_24s001116-1-1_Gross_lane1MG318 | H5YFCDSXC_240813_MG_PRISMA_24s001116-1-1_Gross_lane1MG318_1	(14.0, 1.0)	(15.0, 27.0)	(16.0, 129.0)	(17.0, 326.0)	(18.0, 679.0)	(19.0, 1383.0)	(20.0, 2580.0)	(21.0, 5066.0)	(22.0, 9393.0)	(23.0, 16325.0)	(24.0, 27955.0)	(25.0, 48080.0)	(26.0, 81487.0)	(27.0, 141218.0)	(28.0, 224126.0)	(29.0, 348911.0)	(30.0, 505639.0)	(31.0, 721525.0)	(32.0, 983361.0)	(33.0, 1452761.0)	(34.0, 2101743.0)	(35.0, 3961245.0)	(36.0, 12316091.0)	(37.0, 832207.0)							
/ | scratch | karcher | fastqc | 240813_MG011_PRISMA_NovaSeq_final_for_Q | H5YFCDSXC_240813_MG_PRISMA_24s001116-1-1_Gross_lane1MG318 | H5YFCDSXC_240813_MG_PRISMA_24s001116-1-1_Gross_lane1MG318_2	(12.0, 151.0)	(13.0, 732.0)	(14.0, 1510.0)	(15.0, 1758.0)	(16.0, 1800.0)	(17.0, 2222.0)	(18.0, 3401.0)	(19.0, 7491.0)	(20.0, 17905.0)	(21.0, 37632.0)	(22.0, 65688.0)	(23.0, 101507.0)	(24.0, 128916.0)	(25.0, 148704.0)	(26.0, 178453.0)	(27.0, 233664.0)	(28.0, 299202.0)	(29.0, 399421.0)	(30.0, 533913.0)	(31.0, 748225.0)	(32.0, 1053296.0)	(33.0, 1624126.0)	(34.0, 2687531.0)	(35.0, 5429224.0)	(36.0, 9770118.0)	(37.0, 305668.0)					
/ | scratch | karcher | fastqc | 240813_MG011_PRISMA_NovaSeq_final_for_Q | H5YFCDSXC_240813_MG_PRISMA_24s001116-1-1_Gross_lane1MG319 | H5YFCDSXC_240813_MG_PRISMA_24s001116-1-1_Gross_lane1MG319_1	(14.0, 1.0)	(15.0, 28.0)	(16.0, 108.0)	(17.0, 224.0)	(18.0, 453.0)	(19.0, 975.0)	(20.0, 1903.0)	(21.0, 3964.0)	(22.0, 7670.0)	(23.0, 14274.0)	(24.0, 25930.0)	(25.0, 48065.0)	(26.0, 86604.0)	(27.0, 154012.0)	(28.0, 250802.0)	(29.0, 390264.0)	(30.0, 557386.0)	(31.0, 779559.0)	(32.0, 1037322.0)	(33.0, 1466833.0)	(34.0, 2206861.0)	(35.0, 4309284.0)	(36.0, 14297623.0)	(37.0, 886365.0)							
/ | scratch | karcher | fastqc | 240813_MG011_PRISMA_NovaSeq_final_for_Q | H5YFCDSXC_240813_MG_PRISMA_24s001116-1-1_Gross_lane1MG319 | H5YFCDSXC_240813_MG_PRISMA_24s001116-1-1_Gross_lane1MG319_2	(11.0, 7.0)	(12.0, 218.0)	(13.0, 1181.0)	(14.0, 1599.0)	(15.0, 1619.0)	(16.0, 1497.0)	(17.0, 1709.0)	(18.0, 2424.0)	(19.0, 4727.0)	(20.0, 10154.0)	(21.0, 22419.0)	(22.0, 42111.0)	(23.0, 71534.0)	(24.0, 99312.0)	(25.0, 113961.0)	(26.0, 137985.0)	(27.0, 186619.0)	(28.0, 247797.0)	(29.0, 340939.0)	(30.0, 467993.0)	(31.0, 675870.0)	(32.0, 982056.0)	(33.0, 1580835.0)	(34.0, 2787899.0)	(35.0, 6221684.0)	(36.0, 12167152.0)	(37.0, 355209.0)				
/ | scratch | karcher | fastqc | 240813_MG011_PRISMA_NovaSeq_final_for_Q | H5YFCDSXC_240813_MG_PRISMA_24s001116-1-1_Gross_lane1MG320 | H5YFCDSXC_240813_MG_PRISMA_24s001116-1-1_Gross_lane1MG320_1	(14.0, 7.0)	(15.0, 25.0)	(16.0, 113.0)	(17.0, 241.0)	(18.0, 486.0)	(19.0, 824.0)	(20.0, 1787.0)	(21.0, 3533.0)	(22.0, 6982.0)	(23.0, 13270.0)	(24.0, 24426.0)	(25.0, 46389.0)	(26.0, 84217.0)	(27.0, 152358.0)	(28.0, 249414.0)	(29.0, 388234.0)	(30.0, 554189.0)	(31.0, 772845.0)	(32.0, 1018746.0)	(33.0, 1417788.0)	(34.0, 2142369.0)	(35.0, 4249285.0)	(36.0, 13700743.0)	(37.0, 855745.0)							
/ | scratch | karcher | fastqc | 240813_MG011_PRISMA_NovaSeq_final_for_Q | H5YFCDSXC_240813_MG_PRISMA_24s001116-1-1_Gross_lane1MG320 | H5YFCDSXC_240813_MG_PRISMA_24s001116-1-1_Gross_lane1MG320_2	(12.0, 98.0)	(13.0, 642.0)	(14.0, 1256.0)	(15.0, 1484.0)	(16.0, 1617.0)	(17.0, 1950.0)	(18.0, 2568.0)	(19.0, 4802.0)	(20.0, 10177.0)	(21.0, 21114.0)	(22.0, 38884.0)	(23.0, 66865.0)	(24.0, 78357.0)	(25.0, 84384.0)	(26.0, 107331.0)	(27.0, 146497.0)	(28.0, 196765.0)	(29.0, 273553.0)	(30.0, 381411.0)	(31.0, 556403.0)	(32.0, 826880.0)	(33.0, 1361552.0)	(34.0, 2472951.0)	(35.0, 5820076.0)	(36.0, 12794835.0)	(37.0, 431564.0)					
/ | scratch | karcher | fastqc | 240813_MG011_PRISMA_NovaSeq_final_for_Q | H5YFCDSXC_240813_MG_PRISMA_24s001116-1-1_Gross_lane1MG321 | H5YFCDSXC_240813_MG_PRISMA_24s001116-1-1_Gross_lane1MG321_1	(14.0, 1.0)	(15.0, 6.0)	(16.0, 34.0)	(17.0, 90.0)	(18.0, 266.0)	(19.0, 534.0)	(20.0, 1024.0)	(21.0, 2288.0)	(22.0, 4577.0)	(23.0, 9047.0)	(24.0, 16897.0)	(25.0, 33106.0)	(26.0, 61445.0)	(27.0, 112148.0)	(28.0, 186146.0)	(29.0, 293884.0)	(30.0, 422915.0)	(31.0, 593800.0)	(32.0, 789032.0)	(33.0, 1127929.0)	(34.0, 1738042.0)	(35.0, 3362808.0)	(36.0, 11088115.0)	(37.0, 660399.0)							
/ | scratch | karcher | fastqc | 240813_MG011_PRISMA_NovaSeq_final_for_Q | H5YFCDSXC_240813_MG_PRISMA_24s001116-1-1_Gross_lane1MG321 | H5YFCDSXC_240813_MG_PRISMA_24s001116-1-1_Gross_lane1MG321_2	(11.0, 13.0)	(12.0, 361.0)	(13.0, 1771.0)	(14.0, 2297.0)	(15.0, 2218.0)	(16.0, 1960.0)	(17.0, 2301.0)	(18.0, 3480.0)	(19.0, 7186.0)	(20.0, 14978.0)	(21.0, 28262.0)	(22.0, 48038.0)	(23.0, 78169.0)	(24.0, 104973.0)	(25.0, 111345.0)	(26.0, 122632.0)	(27.0, 160820.0)	(28.0, 209198.0)	(29.0, 282674.0)	(30.0, 385705.0)	(31.0, 554716.0)	(32.0, 805214.0)	(33.0, 1297034.0)	(34.0, 2287731.0)	(35.0, 5014370.0)	(36.0, 8755320.0)	(37.0, 221767.0)				
/ | scratch | karcher | fastqc | 240813_MG011_PRISMA_NovaSeq_final_for_Q | H5YFCDSXC_240813_MG_PRISMA_24s001116-1-1_Gross_lane1MG322 | H5YFCDSXC_240813_MG_PRISMA_24s001116-1-1_Gross_lane1MG322_1	(14.0, 1.0)	(15.0, 11.0)	(16.0, 59.0)	(17.0, 114.0)	(18.0, 281.0)	(19.0, 614.0)	(20.0, 1250.0)	(21.0, 2549.0)	(22.0, 5031.0)	(23.0, 9601.0)	(24.0, 18041.0)	(25.0, 35474.0)	(26.0, 65704.0)	(27.0, 122359.0)	(28.0, 204652.0)	(29.0, 326096.0)	(30.0, 475894.0)	(31.0, 670671.0)	(32.0, 896311.0)	(33.0, 1277567.0)	(34.0, 1971668.0)	(35.0, 3996670.0)	(36.0, 13691864.0)	(37.0, 783632.0)							
/ | scratch | karcher | fastqc | 240813_MG011_PRISMA_NovaSeq_final_for_Q | H5YFCDSXC_240813_MG_PRISMA_24s001116-1-1_Gross_lane1MG322 | H5YFCDSXC_240813_MG_PRISMA_24s001116-1-1_Gross_lane1MG322_2	(11.0, 5.0)	(12.0, 169.0)	(13.0, 1026.0)	(14.0, 1729.0)	(15.0, 1833.0)	(16.0, 1668.0)	(17.0, 1888.0)	(18.0, 2881.0)	(19.0, 5429.0)	(20.0, 11197.0)	(21.0, 22095.0)	(22.0, 39116.0)	(23.0, 68413.0)	(24.0, 82953.0)	(25.0, 85350.0)	(26.0, 104894.0)	(27.0, 141850.0)	(28.0, 190561.0)	(29.0, 264642.0)	(30.0, 367001.0)	(31.0, 537484.0)	(32.0, 799132.0)	(33.0, 1321728.0)	(34.0, 2414417.0)	(35.0, 5732071.0)	(36.0, 12012951.0)	(37.0, 343631.0)				
/ | scratch | karcher | fastqc | 240813_MG011_PRISMA_NovaSeq_final_for_Q | H5YFCDSXC_240813_MG_PRISMA_24s001116-1-1_Gross_lane1MG323 | H5YFCDSXC_240813_MG_PRISMA_24s001116-1-1_Gross_lane1MG323_1	(15.0, 11.0)	(16.0, 41.0)	(17.0, 152.0)	(18.0, 301.0)	(19.0, 606.0)	(20.0, 1420.0)	(21.0, 2996.0)	(22.0, 5934.0)	(23.0, 12421.0)	(24.0, 24709.0)	(25.0, 49234.0)	(26.0, 91520.0)	(27.0, 164952.0)	(28.0, 266867.0)	(29.0, 406803.0)	(30.0, 569898.0)	(31.0, 777100.0)	(32.0, 1007004.0)	(33.0, 1393058.0)	(34.0, 2102756.0)	(35.0, 4198352.0)	(36.0, 13434803.0)	(37.0, 732819.0)								
/ | scratch | karcher | fastqc | 240813_MG011_PRISMA_NovaSeq_final_for_Q | H5YFCDSXC_240813_MG_PRISMA_24s001116-1-1_Gross_lane1MG323 | H5YFCDSXC_240813_MG_PRISMA_24s001116-1-1_Gross_lane1MG323_2	(11.0, 5.0)	(12.0, 207.0)	(13.0, 966.0)	(14.0, 1358.0)	(15.0, 1305.0)	(16.0, 1201.0)	(17.0, 1509.0)	(18.0, 2133.0)	(19.0, 4291.0)	(20.0, 9223.0)	(21.0, 19032.0)	(22.0, 34731.0)	(23.0, 59970.0)	(24.0, 81694.0)	(25.0, 93180.0)	(26.0, 113186.0)	(27.0, 155001.0)	(28.0, 206954.0)	(29.0, 287004.0)	(30.0, 399423.0)	(31.0, 584671.0)	(32.0, 866385.0)	(33.0, 1427296.0)	(34.0, 2594882.0)	(35.0, 6058581.0)	(36.0, 11901921.0)	(37.0, 337648.0)				
/ | scratch | karcher | fastqc | 240813_MG011_PRISMA_NovaSeq_final_for_Q | H5YFCDSXC_240813_MG_PRISMA_24s001116-1-1_Gross_lane1MG324 | H5YFCDSXC_240813_MG_PRISMA_24s001116-1-1_Gross_lane1MG324_1	(15.0, 20.0)	(16.0, 70.0)	(17.0, 192.0)	(18.0, 409.0)	(19.0, 954.0)	(20.0, 1857.0)	(21.0, 4003.0)	(22.0, 8162.0)	(23.0, 16648.0)	(24.0, 32257.0)	(25.0, 64338.0)	(26.0, 118629.0)	(27.0, 213836.0)	(28.0, 348168.0)	(29.0, 535200.0)	(30.0, 755761.0)	(31.0, 1036753.0)	(32.0, 1352675.0)	(33.0, 1880411.0)	(34.0, 2857870.0)	(35.0, 5798222.0)	(36.0, 19947345.0)	(37.0, 1168372.0)								
/ | scratch | karcher | fastqc | 240813_MG011_PRISMA_NovaSeq_final_for_Q | H5YFCDSXC_240813_MG_PRISMA_24s001116-1-1_Gross_lane1MG324 | H5YFCDSXC_240813_MG_PRISMA_24s001116-1-1_Gross_lane1MG324_2	(11.0, 3.0)	(12.0, 239.0)	(13.0, 1281.0)	(14.0, 2086.0)	(15.0, 2200.0)	(16.0, 2126.0)	(17.0, 2317.0)	(18.0, 3368.0)	(19.0, 5747.0)	(20.0, 11869.0)	(21.0, 24070.0)	(22.0, 45655.0)	(23.0, 82449.0)	(24.0, 99443.0)	(25.0, 101783.0)	(26.0, 125920.0)	(27.0, 171762.0)	(28.0, 232495.0)	(29.0, 324780.0)	(30.0, 454724.0)	(31.0, 671213.0)	(32.0, 1010680.0)	(33.0, 1700953.0)	(34.0, 3210669.0)	(35.0, 8065247.0)	(36.0, 19133421.0)	(37.0, 655652.0)				
/ | scratch | karcher | fastqc | 240813_MG011_PRISMA_NovaSeq_final_for_Q | H5YFCDSXC_240813_MG_PRISMA_24s001116-1-1_Gross_lane1MG325 | H5YFCDSXC_240813_MG_PRISMA_24s001116-1-1_Gross_lane1MG325_1	(15.0, 6.0)	(16.0, 35.0)	(17.0, 89.0)	(18.0, 178.0)	(19.0, 384.0)	(20.0, 908.0)	(21.0, 1938.0)	(22.0, 4151.0)	(23.0, 8901.0)	(24.0, 17767.0)	(25.0, 36272.0)	(26.0, 69321.0)	(27.0, 127433.0)	(28.0, 209943.0)	(29.0, 328273.0)	(30.0, 468335.0)	(31.0, 649081.0)	(32.0, 854359.0)	(33.0, 1205216.0)	(34.0, 1839709.0)	(35.0, 3692585.0)	(36.0, 12171231.0)	(37.0, 647132.0)								
/ | scratch | karcher | fastqc | 240813_MG011_PRISMA_NovaSeq_final_for_Q | H5YFCDSXC_240813_MG_PRISMA_24s001116-1-1_Gross_lane1MG325 | H5YFCDSXC_240813_MG_PRISMA_24s001116-1-1_Gross_lane1MG325_2	(11.0, 1.0)	(12.0, 150.0)	(13.0, 845.0)	(14.0, 1496.0)	(15.0, 1601.0)	(16.0, 1645.0)	(17.0, 1857.0)	(18.0, 2669.0)	(19.0, 5199.0)	(20.0, 10377.0)	(21.0, 19761.0)	(22.0, 34970.0)	(23.0, 58954.0)	(24.0, 68548.0)	(25.0, 70622.0)	(26.0, 87466.0)	(27.0, 119156.0)	(28.0, 159409.0)	(29.0, 220948.0)	(30.0, 306844.0)	(31.0, 448425.0)	(32.0, 663949.0)	(33.0, 1098113.0)	(34.0, 2017471.0)	(35.0, 4921167.0)	(36.0, 11604066.0)	(37.0, 407538.0)				
/ | scratch | karcher | fastqc | 240813_MG011_PRISMA_NovaSeq_final_for_Q | H5YFCDSXC_240813_MG_PRISMA_24s001116-1-1_Gross_lane1MG326 | H5YFCDSXC_240813_MG_PRISMA_24s001116-1-1_Gross_lane1MG326_1	(14.0, 7.0)	(15.0, 17.0)	(16.0, 43.0)	(17.0, 135.0)	(18.0, 234.0)	(19.0, 476.0)	(20.0, 958.0)	(21.0, 2091.0)	(22.0, 3924.0)	(23.0, 7992.0)	(24.0, 15624.0)	(25.0, 30631.0)	(26.0, 54875.0)	(27.0, 95618.0)	(28.0, 149523.0)	(29.0, 222359.0)	(30.0, 305287.0)	(31.0, 408228.0)	(32.0, 526632.0)	(33.0, 785787.0)	(34.0, 1155800.0)	(35.0, 2073450.0)	(36.0, 6742397.0)	(37.0, 357390.0)							
/ | scratch | karcher | fastqc | 240813_MG011_PRISMA_NovaSeq_final_for_Q | H5YFCDSXC_240813_MG_PRISMA_24s001116-1-1_Gross_lane1MG326 | H5YFCDSXC_240813_MG_PRISMA_24s001116-1-1_Gross_lane1MG326_2	(11.0, 8.0)	(12.0, 316.0)	(13.0, 1284.0)	(14.0, 1725.0)	(15.0, 1812.0)	(16.0, 1927.0)	(17.0, 2250.0)	(18.0, 3341.0)	(19.0, 5114.0)	(20.0, 8811.0)	(21.0, 16259.0)	(22.0, 30385.0)	(23.0, 54705.0)	(24.0, 88889.0)	(25.0, 115768.0)	(26.0, 93366.0)	(27.0, 68252.0)	(28.0, 72392.0)	(29.0, 98997.0)	(30.0, 139587.0)	(31.0, 208249.0)	(32.0, 317150.0)	(33.0, 543413.0)	(34.0, 1056985.0)	(35.0, 2831600.0)	(36.0, 6956730.0)	(37.0, 220163.0)				
/ | scratch | karcher | fastqc | 240813_MG011_PRISMA_NovaSeq_final_for_Q | H5YFCDSXC_240813_MG_PRISMA_24s001116-1-1_Gross_lane1MG327 | H5YFCDSXC_240813_MG_PRISMA_24s001116-1-1_Gross_lane1MG327_1	(14.0, 7.0)	(15.0, 40.0)	(16.0, 204.0)	(17.0, 583.0)	(18.0, 1143.0)	(19.0, 2508.0)	(20.0, 5000.0)	(21.0, 9825.0)	(22.0, 17912.0)	(23.0, 31935.0)	(24.0, 53273.0)	(25.0, 91747.0)	(26.0, 149640.0)	(27.0, 246475.0)	(28.0, 375940.0)	(29.0, 550678.0)	(30.0, 753114.0)	(31.0, 1010719.0)	(32.0, 1304364.0)	(33.0, 1870460.0)	(34.0, 2768403.0)	(35.0, 5335329.0)	(36.0, 17098980.0)	(37.0, 883078.0)							
/ | scratch | karcher | fastqc | 240813_MG011_PRISMA_NovaSeq_final_for_Q | H5YFCDSXC_240813_MG_PRISMA_24s001116-1-1_Gross_lane1MG327 | H5YFCDSXC_240813_MG_PRISMA_24s001116-1-1_Gross_lane1MG327_2	(11.0, 2.0)	(12.0, 148.0)	(13.0, 1073.0)	(14.0, 2104.0)	(15.0, 2726.0)	(16.0, 2966.0)	(17.0, 4029.0)	(18.0, 6345.0)	(19.0, 12113.0)	(20.0, 24394.0)	(21.0, 49627.0)	(22.0, 97633.0)	(23.0, 193210.0)	(24.0, 217139.0)	(25.0, 160685.0)	(26.0, 179727.0)	(27.0, 235258.0)	(28.0, 303590.0)	(29.0, 404098.0)	(30.0, 540377.0)	(31.0, 766517.0)	(32.0, 1106642.0)	(33.0, 1785149.0)	(34.0, 3220866.0)	(35.0, 7532228.0)	(36.0, 15277513.0)	(37.0, 435198.0)				
/ | scratch | karcher | fastqc | 240813_MG011_PRISMA_NovaSeq_final_for_Q | H5YFCDSXC_240813_MG_PRISMA_24s001116-1-1_Gross_lane1MG328 | H5YFCDSXC_240813_MG_PRISMA_24s001116-1-1_Gross_lane1MG328_1	(13.0, 1.0)	(14.0, 8.0)	(15.0, 31.0)	(16.0, 103.0)	(17.0, 252.0)	(18.0, 564.0)	(19.0, 1405.0)	(20.0, 3105.0)	(21.0, 7247.0)	(22.0, 14988.0)	(23.0, 31229.0)	(24.0, 61829.0)	(25.0, 124845.0)	(26.0, 233958.0)	(27.0, 427194.0)	(28.0, 699388.0)	(29.0, 1083451.0)	(30.0, 1542460.0)	(31.0, 2131583.0)	(32.0, 2816199.0)	(33.0, 4028869.0)	(34.0, 6059771.0)	(35.0, 12090516.0)	(36.0, 39795629.0)	(37.0, 2138944.0)						
/ | scratch | karcher | fastqc | 240813_MG011_PRISMA_NovaSeq_final_for_Q | H5YFCDSXC_240813_MG_PRISMA_24s001116-1-1_Gross_lane1MG328 | H5YFCDSXC_240813_MG_PRISMA_24s001116-1-1_Gross_lane1MG328_2	(11.0, 6.0)	(12.0, 210.0)	(13.0, 1356.0)	(14.0, 3058.0)	(15.0, 4023.0)	(16.0, 4391.0)	(17.0, 5212.0)	(18.0, 7770.0)	(19.0, 15205.0)	(20.0, 30638.0)	(21.0, 60251.0)	(22.0, 110948.0)	(23.0, 191831.0)	(24.0, 203154.0)	(25.0, 210471.0)	(26.0, 274025.0)	(27.0, 382527.0)	(28.0, 522360.0)	(29.0, 737805.0)	(30.0, 1041037.0)	(31.0, 1542586.0)	(32.0, 2313710.0)	(33.0, 3841657.0)	(34.0, 7034720.0)	(35.0, 16751938.0)	(36.0, 36827474.0)	(37.0, 1175206.0)				
/ | scratch | karcher | fastqc | 240813_MG011_PRISMA_NovaSeq_final_for_Q | H5YFCDSXC_240813_MG_PRISMA_24s001116-1-1_Gross_lane1MG329 | H5YFCDSXC_240813_MG_PRISMA_24s001116-1-1_Gross_lane1MG329_1	(14.0, 2.0)	(15.0, 33.0)	(16.0, 127.0)	(17.0, 304.0)	(18.0, 704.0)	(19.0, 1525.0)	(20.0, 3276.0)	(21.0, 7053.0)	(22.0, 14601.0)	(23.0, 29823.0)	(24.0, 58426.0)	(25.0, 115218.0)	(26.0, 214538.0)	(27.0, 392531.0)	(28.0, 643842.0)	(29.0, 998008.0)	(30.0, 1417858.0)	(31.0, 1951722.0)	(32.0, 2557589.0)	(33.0, 3571434.0)	(34.0, 5354528.0)	(35.0, 10624404.0)	(36.0, 34223080.0)	(37.0, 1812325.0)							
/ | scratch | karcher | fastqc | 240813_MG011_PRISMA_NovaSeq_final_for_Q | H5YFCDSXC_240813_MG_PRISMA_24s001116-1-1_Gross_lane1MG329 | H5YFCDSXC_240813_MG_PRISMA_24s001116-1-1_Gross_lane1MG329_2	(11.0, 14.0)	(12.0, 569.0)	(13.0, 2466.0)	(14.0, 2967.0)	(15.0, 2677.0)	(16.0, 2471.0)	(17.0, 3201.0)	(18.0, 5467.0)	(19.0, 12706.0)	(20.0, 28432.0)	(21.0, 55871.0)	(22.0, 96057.0)	(23.0, 154924.0)	(24.0, 220845.0)	(25.0, 277442.0)	(26.0, 328981.0)	(27.0, 437621.0)	(28.0, 579401.0)	(29.0, 792127.0)	(30.0, 1093699.0)	(31.0, 1586364.0)	(32.0, 2340926.0)	(33.0, 3851424.0)	(34.0, 6972763.0)	(35.0, 15944742.0)	(36.0, 28530808.0)	(37.0, 667986.0)				
/ | scratch | karcher | fastqc | 240813_MG011_PRISMA_NovaSeq_final_for_Q | H5YFCDSXC_240813_MG_PRISMA_24s001116-1-1_Gross_lane1MG330 | H5YFCDSXC_240813_MG_PRISMA_24s001116-1-1_Gross_lane1MG330_1	(14.0, 6.0)	(15.0, 38.0)	(16.0, 107.0)	(17.0, 304.0)	(18.0, 638.0)	(19.0, 1283.0)	(20.0, 2868.0)	(21.0, 5753.0)	(22.0, 11926.0)	(23.0, 23697.0)	(24.0, 45642.0)	(25.0, 91424.0)	(26.0, 170722.0)	(27.0, 313288.0)	(28.0, 514295.0)	(29.0, 805349.0)	(30.0, 1152373.0)	(31.0, 1606498.0)	(32.0, 2123865.0)	(33.0, 2999080.0)	(34.0, 4581215.0)	(35.0, 9162817.0)	(36.0, 30656626.0)	(37.0, 1767038.0)							
/ | scratch | karcher | fastqc | 240813_MG011_PRISMA_NovaSeq_final_for_Q | H5YFCDSXC_240813_MG_PRISMA_24s001116-1-1_Gross_lane1MG330 | H5YFCDSXC_240813_MG_PRISMA_24s001116-1-1_Gross_lane1MG330_2	(11.0, 10.0)	(12.0, 346.0)	(13.0, 1832.0)	(14.0, 2593.0)	(15.0, 2741.0)	(16.0, 2516.0)	(17.0, 2940.0)	(18.0, 4215.0)	(19.0, 8605.0)	(20.0, 18977.0)	(21.0, 40710.0)	(22.0, 76393.0)	(23.0, 137269.0)	(24.0, 173933.0)	(25.0, 185902.0)	(26.0, 228288.0)	(27.0, 307970.0)	(28.0, 411284.0)	(29.0, 566694.0)	(30.0, 784983.0)	(31.0, 1148754.0)	(32.0, 1704758.0)	(33.0, 2824599.0)	(34.0, 5192249.0)	(35.0, 12592085.0)	(36.0, 28624951.0)	(37.0, 991255.0)				
/ | scratch | karcher | fastqc | 240813_MG011_PRISMA_NovaSeq_final_for_Q | H5YFCDSXC_240813_MG_PRISMA_24s001116-1-1_Gross_lane1MG331 | H5YFCDSXC_240813_MG_PRISMA_24s001116-1-1_Gross_lane1MG331_1	(14.0, 1.0)	(15.0, 9.0)	(16.0, 14.0)	(17.0, 39.0)	(18.0, 182.0)	(19.0, 414.0)	(20.0, 1064.0)	(21.0, 2614.0)	(22.0, 6257.0)	(23.0, 14667.0)	(24.0, 32307.0)	(25.0, 68407.0)	(26.0, 129688.0)	(27.0, 235836.0)	(28.0, 383896.0)	(29.0, 586828.0)	(30.0, 821937.0)	(31.0, 1127678.0)	(32.0, 1598721.0)	(33.0, 2092156.0)	(34.0, 2974956.0)	(35.0, 6202816.0)	(36.0, 18030162.0)	(37.0, 700097.0)							
/ | scratch | karcher | fastqc | 240813_MG011_PRISMA_NovaSeq_final_for_Q | H5YFCDSXC_240813_MG_PRISMA_24s001116-1-1_Gross_lane1MG331 | H5YFCDSXC_240813_MG_PRISMA_24s001116-1-1_Gross_lane1MG331_2	(11.0, 3.0)	(12.0, 147.0)	(13.0, 906.0)	(14.0, 1709.0)	(15.0, 2145.0)	(16.0, 2068.0)	(17.0, 2746.0)	(18.0, 3962.0)	(19.0, 7293.0)	(20.0, 13685.0)	(21.0, 25533.0)	(22.0, 47651.0)	(23.0, 89107.0)	(24.0, 128397.0)	(25.0, 112447.0)	(26.0, 112691.0)	(27.0, 154727.0)	(28.0, 213797.0)	(29.0, 307016.0)	(30.0, 441214.0)	(31.0, 674043.0)	(32.0, 1051415.0)	(33.0, 1853744.0)	(34.0, 3642815.0)	(35.0, 9108155.0)	(36.0, 16640892.0)	(37.0, 372438.0)				
/ | scratch | karcher | fastqc | 240813_MG011_PRISMA_NovaSeq_final_for_Q | H5YFCDSXC_240813_MG_PRISMA_24s001116-1-1_Gross_lane1MG332 | H5YFCDSXC_240813_MG_PRISMA_24s001116-1-1_Gross_lane1MG332_1	(15.0, 12.0)	(16.0, 55.0)	(17.0, 128.0)	(18.0, 288.0)	(19.0, 672.0)	(20.0, 1388.0)	(21.0, 3066.0)	(22.0, 6321.0)	(23.0, 12844.0)	(24.0, 25796.0)	(25.0, 50663.0)	(26.0, 93299.0)	(27.0, 165641.0)	(28.0, 265774.0)	(29.0, 403981.0)	(30.0, 560214.0)	(31.0, 763339.0)	(32.0, 986778.0)	(33.0, 1392400.0)	(34.0, 2074236.0)	(35.0, 4012212.0)	(36.0, 12821648.0)	(37.0, 660776.0)								
/ | scratch | karcher | fastqc | 240813_MG011_PRISMA_NovaSeq_final_for_Q | H5YFCDSXC_240813_MG_PRISMA_24s001116-1-1_Gross_lane1MG332 | H5YFCDSXC_240813_MG_PRISMA_24s001116-1-1_Gross_lane1MG332_2	(11.0, 7.0)	(12.0, 307.0)	(13.0, 1343.0)	(14.0, 2112.0)	(15.0, 2022.0)	(16.0, 1948.0)	(17.0, 2465.0)	(18.0, 3907.0)	(19.0, 7566.0)	(20.0, 15543.0)	(21.0, 31035.0)	(22.0, 55730.0)	(23.0, 96734.0)	(24.0, 144398.0)	(25.0, 149464.0)	(26.0, 134963.0)	(27.0, 169906.0)	(28.0, 221038.0)	(29.0, 300926.0)	(30.0, 410327.0)	(31.0, 588021.0)	(32.0, 856676.0)	(33.0, 1391222.0)	(34.0, 2487450.0)	(35.0, 5718104.0)	(36.0, 11196892.0)	(37.0, 311425.0)				
/ | scratch | karcher | fastqc | 240813_MG011_PRISMA_NovaSeq_final_for_Q | H5YFCDSXC_240813_MG_PRISMA_24s001116-1-1_Gross_lane1MG333 | H5YFCDSXC_240813_MG_PRISMA_24s001116-1-1_Gross_lane1MG333_1	(14.0, 4.0)	(15.0, 27.0)	(16.0, 111.0)	(17.0, 296.0)	(18.0, 623.0)	(19.0, 1249.0)	(20.0, 2572.0)	(21.0, 5466.0)	(22.0, 10918.0)	(23.0, 21602.0)	(24.0, 41217.0)	(25.0, 80631.0)	(26.0, 148562.0)	(27.0, 270028.0)	(28.0, 442690.0)	(29.0, 690624.0)	(30.0, 987014.0)	(31.0, 1376485.0)	(32.0, 1823334.0)	(33.0, 2591217.0)	(34.0, 3960150.0)	(35.0, 7729452.0)	(36.0, 24584406.0)	(37.0, 1343035.0)							
/ | scratch | karcher | fastqc | 240813_MG011_PRISMA_NovaSeq_final_for_Q | H5YFCDSXC_240813_MG_PRISMA_24s001116-1-1_Gross_lane1MG333 | H5YFCDSXC_240813_MG_PRISMA_24s001116-1-1_Gross_lane1MG333_2	(11.0, 7.0)	(12.0, 425.0)	(13.0, 2047.0)	(14.0, 3064.0)	(15.0, 3048.0)	(16.0, 2677.0)	(17.0, 3213.0)	(18.0, 4752.0)	(19.0, 9800.0)	(20.0, 21044.0)	(21.0, 43280.0)	(22.0, 77143.0)	(23.0, 130698.0)	(24.0, 178451.0)	(25.0, 192788.0)	(26.0, 224494.0)	(27.0, 300724.0)	(28.0, 396000.0)	(29.0, 540095.0)	(30.0, 740591.0)	(31.0, 1068235.0)	(32.0, 1555151.0)	(33.0, 2520793.0)	(34.0, 4511973.0)	(35.0, 10514159.0)	(36.0, 22329378.0)	(37.0, 737683.0)				
/ | scratch | karcher | fastqc | 240813_MG011_PRISMA_NovaSeq_final_for_Q | H5YFCDSXC_240813_MG_PRISMA_24s001116-1-1_Gross_lane1MG334 | H5YFCDSXC_240813_MG_PRISMA_24s001116-1-1_Gross_lane1MG334_1	(14.0, 3.0)	(15.0, 40.0)	(16.0, 129.0)	(17.0, 359.0)	(18.0, 796.0)	(19.0, 1823.0)	(20.0, 3641.0)	(21.0, 7649.0)	(22.0, 15169.0)	(23.0, 29483.0)	(24.0, 55616.0)	(25.0, 106916.0)	(26.0, 196020.0)	(27.0, 356334.0)	(28.0, 587750.0)	(29.0, 920060.0)	(30.0, 1327434.0)	(31.0, 1857601.0)	(32.0, 2551067.0)	(33.0, 3621962.0)	(34.0, 5036073.0)	(35.0, 10117102.0)	(36.0, 33378246.0)	(37.0, 1893627.0)							
/ | scratch | karcher | fastqc | 240813_MG011_PRISMA_NovaSeq_final_for_Q | H5YFCDSXC_240813_MG_PRISMA_24s001116-1-1_Gross_lane1MG334 | H5YFCDSXC_240813_MG_PRISMA_24s001116-1-1_Gross_lane1MG334_2	(11.0, 9.0)	(12.0, 455.0)	(13.0, 2557.0)	(14.0, 4211.0)	(15.0, 4270.0)	(16.0, 4001.0)	(17.0, 4421.0)	(18.0, 6359.0)	(19.0, 12350.0)	(20.0, 25463.0)	(21.0, 50410.0)	(22.0, 90313.0)	(23.0, 152317.0)	(24.0, 193621.0)	(25.0, 209172.0)	(26.0, 253782.0)	(27.0, 347156.0)	(28.0, 469293.0)	(29.0, 659820.0)	(30.0, 919757.0)	(31.0, 1353472.0)	(32.0, 2029490.0)	(33.0, 3384785.0)	(34.0, 6076051.0)	(35.0, 14075234.0)	(36.0, 30717330.0)	(37.0, 1018801.0)				
/ | scratch | karcher | fastqc | 240813_MG011_PRISMA_NovaSeq_final_for_Q | H5YFCDSXC_240813_MG_PRISMA_24s001116-1-1_Gross_lane1MG335 | H5YFCDSXC_240813_MG_PRISMA_24s001116-1-1_Gross_lane1MG335_1	(13.0, 1.0)	(14.0, 3.0)	(15.0, 37.0)	(16.0, 157.0)	(17.0, 451.0)	(18.0, 1022.0)	(19.0, 2314.0)	(20.0, 4780.0)	(21.0, 10431.0)	(22.0, 20886.0)	(23.0, 41460.0)	(24.0, 76367.0)	(25.0, 141303.0)	(26.0, 245454.0)	(27.0, 423009.0)	(28.0, 667389.0)	(29.0, 1008542.0)	(30.0, 1416014.0)	(31.0, 1951534.0)	(32.0, 2595056.0)	(33.0, 3789770.0)	(34.0, 5393571.0)	(35.0, 10620735.0)	(36.0, 32904103.0)	(37.0, 1820985.0)						
/ | scratch | karcher | fastqc | 240813_MG011_PRISMA_NovaSeq_final_for_Q | H5YFCDSXC_240813_MG_PRISMA_24s001116-1-1_Gross_lane1MG335 | H5YFCDSXC_240813_MG_PRISMA_24s001116-1-1_Gross_lane1MG335_2	(11.0, 20.0)	(12.0, 803.0)	(13.0, 3510.0)	(14.0, 4756.0)	(15.0, 4403.0)	(16.0, 4038.0)	(17.0, 4804.0)	(18.0, 7969.0)	(19.0, 17818.0)	(20.0, 40862.0)	(21.0, 85841.0)	(22.0, 150153.0)	(23.0, 238665.0)	(24.0, 332513.0)	(25.0, 395410.0)	(26.0, 445404.0)	(27.0, 574017.0)	(28.0, 732331.0)	(29.0, 976260.0)	(30.0, 1304710.0)	(31.0, 1829377.0)	(32.0, 2597971.0)	(33.0, 4083773.0)	(34.0, 6979291.0)	(35.0, 14897556.0)	(36.0, 26647089.0)	(37.0, 776030.0)				
/ | scratch | karcher | fastqc | 240813_MG011_PRISMA_NovaSeq_final_for_Q | H5YFCDSXC_240813_MG_PRISMA_24s001116-1-1_Gross_lane1MG336 | H5YFCDSXC_240813_MG_PRISMA_24s001116-1-1_Gross_lane1MG336_1	(14.0, 7.0)	(15.0, 52.0)	(16.0, 186.0)	(17.0, 451.0)	(18.0, 1087.0)	(19.0, 2257.0)	(20.0, 4885.0)	(21.0, 9844.0)	(22.0, 19412.0)	(23.0, 36293.0)	(24.0, 64743.0)	(25.0, 119350.0)	(26.0, 212481.0)	(27.0, 375513.0)	(28.0, 614497.0)	(29.0, 960817.0)	(30.0, 1382024.0)	(31.0, 1944404.0)	(32.0, 2605593.0)	(33.0, 3726352.0)	(34.0, 5692367.0)	(35.0, 11242137.0)	(36.0, 36444649.0)	(37.0, 2122101.0)							
/ | scratch | karcher | fastqc | 240813_MG011_PRISMA_NovaSeq_final_for_Q | H5YFCDSXC_240813_MG_PRISMA_24s001116-1-1_Gross_lane1MG336 | H5YFCDSXC_240813_MG_PRISMA_24s001116-1-1_Gross_lane1MG336_2	(11.0, 10.0)	(12.0, 415.0)	(13.0, 2590.0)	(14.0, 4262.0)	(15.0, 4602.0)	(16.0, 4253.0)	(17.0, 4820.0)	(18.0, 6809.0)	(19.0, 13672.0)	(20.0, 29407.0)	(21.0, 61203.0)	(22.0, 112072.0)	(23.0, 193867.0)	(24.0, 235245.0)	(25.0, 251730.0)	(26.0, 310037.0)	(27.0, 419354.0)	(28.0, 555320.0)	(29.0, 761516.0)	(30.0, 1043022.0)	(31.0, 1511870.0)	(32.0, 2217270.0)	(33.0, 3608663.0)	(34.0, 6477264.0)	(35.0, 15165986.0)	(36.0, 33397694.0)	(37.0, 1188549.0)				
/ | scratch | karcher | fastqc | 240813_MG011_PRISMA_NovaSeq_final_for_Q | H5YFCDSXC_240813_MG_PRISMA_24s001116-1-1_Gross_lane1MG337 | H5YFCDSXC_240813_MG_PRISMA_24s001116-1-1_Gross_lane1MG337_1	(14.0, 7.0)	(15.0, 75.0)	(16.0, 249.0)	(17.0, 523.0)	(18.0, 1285.0)	(19.0, 2827.0)	(20.0, 5691.0)	(21.0, 12472.0)	(22.0, 23995.0)	(23.0, 43997.0)	(24.0, 74932.0)	(25.0, 131989.0)	(26.0, 225191.0)	(27.0, 389310.0)	(28.0, 628529.0)	(29.0, 984048.0)	(30.0, 1435297.0)	(31.0, 2049202.0)	(32.0, 2791255.0)	(33.0, 4036968.0)	(34.0, 6177224.0)	(35.0, 11775021.0)	(36.0, 35265573.0)	(37.0, 2103798.0)							
/ | scratch | karcher | fastqc | 240813_MG011_PRISMA_NovaSeq_final_for_Q | H5YFCDSXC_240813_MG_PRISMA_24s001116-1-1_Gross_lane1MG337 | H5YFCDSXC_240813_MG_PRISMA_24s001116-1-1_Gross_lane1MG337_2	(11.0, 8.0)	(12.0, 314.0)	(13.0, 2001.0)	(14.0, 4013.0)	(15.0, 4668.0)	(16.0, 4944.0)	(17.0, 5935.0)	(18.0, 8038.0)	(19.0, 15573.0)	(20.0, 35466.0)	(21.0, 77450.0)	(22.0, 146203.0)	(23.0, 253142.0)	(24.0, 289140.0)	(25.0, 316087.0)	(26.0, 397497.0)	(27.0, 535959.0)	(28.0, 709426.0)	(29.0, 968835.0)	(30.0, 1322736.0)	(31.0, 1891666.0)	(32.0, 2717737.0)	(33.0, 4260119.0)	(34.0, 7186803.0)	(35.0, 15254563.0)	(36.0, 30696033.0)	(37.0, 1055102.0)				
/ | scratch | karcher | fastqc | 240813_MG011_PRISMA_NovaSeq_final_for_Q | H5YFCDSXC_240813_MG_PRISMA_24s001116-1-1_Gross_lane1MG338 | H5YFCDSXC_240813_MG_PRISMA_24s001116-1-1_Gross_lane1MG338_1	(13.0, 1.0)	(14.0, 12.0)	(15.0, 36.0)	(16.0, 187.0)	(17.0, 537.0)	(18.0, 1185.0)	(19.0, 2724.0)	(20.0, 5366.0)	(21.0, 11624.0)	(22.0, 22897.0)	(23.0, 44290.0)	(24.0, 82430.0)	(25.0, 155487.0)	(26.0, 277120.0)	(27.0, 487048.0)	(28.0, 777147.0)	(29.0, 1187330.0)	(30.0, 1670172.0)	(31.0, 2315218.0)	(32.0, 3261396.0)	(33.0, 4261634.0)	(34.0, 5968867.0)	(35.0, 11984979.0)	(36.0, 39254881.0)	(37.0, 2268046.0)						
/ | scratch | karcher | fastqc | 240813_MG011_PRISMA_NovaSeq_final_for_Q | H5YFCDSXC_240813_MG_PRISMA_24s001116-1-1_Gross_lane1MG338 | H5YFCDSXC_240813_MG_PRISMA_24s001116-1-1_Gross_lane1MG338_2	(11.0, 5.0)	(12.0, 376.0)	(13.0, 2383.0)	(14.0, 4306.0)	(15.0, 4834.0)	(16.0, 4759.0)	(17.0, 5516.0)	(18.0, 7956.0)	(19.0, 15515.0)	(20.0, 31431.0)	(21.0, 63206.0)	(22.0, 114051.0)	(23.0, 196024.0)	(24.0, 239336.0)	(25.0, 249994.0)	(26.0, 307326.0)	(27.0, 418432.0)	(28.0, 560576.0)	(29.0, 779528.0)	(30.0, 1081019.0)	(31.0, 1583251.0)	(32.0, 2341882.0)	(33.0, 3854850.0)	(34.0, 7011333.0)	(35.0, 16675823.0)	(36.0, 37227986.0)	(37.0, 1258916.0)				
/ | scratch | karcher | fastqc | 240813_MG011_PRISMA_NovaSeq_final_for_Q | H5YFCDSXC_240813_MG_PRISMA_24s001116-1-1_Gross_lane1MG339 | H5YFCDSXC_240813_MG_PRISMA_24s001116-1-1_Gross_lane1MG339_1	(14.0, 4.0)	(15.0, 35.0)	(16.0, 153.0)	(17.0, 427.0)	(18.0, 942.0)	(19.0, 2003.0)	(20.0, 4225.0)	(21.0, 8803.0)	(22.0, 17232.0)	(23.0, 33750.0)	(24.0, 64073.0)	(25.0, 121559.0)	(26.0, 215557.0)	(27.0, 372645.0)	(28.0, 582374.0)	(29.0, 871176.0)	(30.0, 1202588.0)	(31.0, 1626425.0)	(32.0, 2101330.0)	(33.0, 2879804.0)	(34.0, 4294987.0)	(35.0, 8472929.0)	(36.0, 25316285.0)	(37.0, 1385882.0)							
/ | scratch | karcher | fastqc | 240813_MG011_PRISMA_NovaSeq_final_for_Q | H5YFCDSXC_240813_MG_PRISMA_24s001116-1-1_Gross_lane1MG339 | H5YFCDSXC_240813_MG_PRISMA_24s001116-1-1_Gross_lane1MG339_2	(11.0, 6.0)	(12.0, 326.0)	(13.0, 1820.0)	(14.0, 2720.0)	(15.0, 2712.0)	(16.0, 2486.0)	(17.0, 2818.0)	(18.0, 4009.0)	(19.0, 7763.0)	(20.0, 16830.0)	(21.0, 35996.0)	(22.0, 66388.0)	(23.0, 111452.0)	(24.0, 160585.0)	(25.0, 198866.0)	(26.0, 233090.0)	(27.0, 308909.0)	(28.0, 409337.0)	(29.0, 564034.0)	(30.0, 774416.0)	(31.0, 1116487.0)	(32.0, 1634689.0)	(33.0, 2647974.0)	(34.0, 4731326.0)	(35.0, 11059760.0)	(36.0, 24571709.0)	(37.0, 908680.0)				
/ | scratch | karcher | fastqc | 240813_MG011_PRISMA_NovaSeq_final_for_Q | H5YFCDSXC_240813_MG_PRISMA_24s001116-1-1_Gross_lane1MG340 | H5YFCDSXC_240813_MG_PRISMA_24s001116-1-1_Gross_lane1MG340_1	(14.0, 5.0)	(15.0, 53.0)	(16.0, 206.0)	(17.0, 599.0)	(18.0, 1535.0)	(19.0, 3186.0)	(20.0, 6571.0)	(21.0, 13086.0)	(22.0, 25205.0)	(23.0, 46588.0)	(24.0, 81515.0)	(25.0, 145961.0)	(26.0, 251148.0)	(27.0, 431125.0)	(28.0, 685075.0)	(29.0, 1046407.0)	(30.0, 1488601.0)	(31.0, 2071109.0)	(32.0, 2756365.0)	(33.0, 3876644.0)	(34.0, 5922033.0)	(35.0, 11512420.0)	(36.0, 35504520.0)	(37.0, 2324241.0)							
/ | scratch | karcher | fastqc | 240813_MG011_PRISMA_NovaSeq_final_for_Q | H5YFCDSXC_240813_MG_PRISMA_24s001116-1-1_Gross_lane1MG340 | H5YFCDSXC_240813_MG_PRISMA_24s001116-1-1_Gross_lane1MG340_2	(11.0, 6.0)	(12.0, 306.0)	(13.0, 1962.0)	(14.0, 3556.0)	(15.0, 4076.0)	(16.0, 4075.0)	(17.0, 4667.0)	(18.0, 6327.0)	(19.0, 12014.0)	(20.0, 25901.0)	(21.0, 55571.0)	(22.0, 104710.0)	(23.0, 183485.0)	(24.0, 231358.0)	(25.0, 245605.0)	(26.0, 302373.0)	(27.0, 414864.0)	(28.0, 560551.0)	(29.0, 781346.0)	(30.0, 1092184.0)	(31.0, 1598742.0)	(32.0, 2366928.0)	(33.0, 3850864.0)	(34.0, 6833148.0)	(35.0, 15395689.0)	(36.0, 32901026.0)	(37.0, 1212864.0)				
/ | scratch | karcher | fastqc | 240813_MG011_PRISMA_NovaSeq_final_for_Q | H5YFCDSXC_240813_MG_PRISMA_24s001116-1-1_Gross_lane1MG341 | H5YFCDSXC_240813_MG_PRISMA_24s001116-1-1_Gross_lane1MG341_1	(13.0, 1.0)	(14.0, 4.0)	(15.0, 30.0)	(16.0, 80.0)	(17.0, 166.0)	(18.0, 290.0)	(19.0, 688.0)	(20.0, 1337.0)	(21.0, 2945.0)	(22.0, 5984.0)	(23.0, 12430.0)	(24.0, 24424.0)	(25.0, 47920.0)	(26.0, 88089.0)	(27.0, 156113.0)	(28.0, 250585.0)	(29.0, 381015.0)	(30.0, 535842.0)	(31.0, 728450.0)	(32.0, 947523.0)	(33.0, 1311072.0)	(34.0, 2005572.0)	(35.0, 4084432.0)	(36.0, 13115315.0)	(37.0, 692038.0)						
/ | scratch | karcher | fastqc | 240813_MG011_PRISMA_NovaSeq_final_for_Q | H5YFCDSXC_240813_MG_PRISMA_24s001116-1-1_Gross_lane1MG341 | H5YFCDSXC_240813_MG_PRISMA_24s001116-1-1_Gross_lane1MG341_2	(11.0, 3.0)	(12.0, 218.0)	(13.0, 1005.0)	(14.0, 1529.0)	(15.0, 1579.0)	(16.0, 1489.0)	(17.0, 1730.0)	(18.0, 2461.0)	(19.0, 4890.0)	(20.0, 10086.0)	(21.0, 20721.0)	(22.0, 38509.0)	(23.0, 70619.0)	(24.0, 87299.0)	(25.0, 85078.0)	(26.0, 103107.0)	(27.0, 141464.0)	(28.0, 189075.0)	(29.0, 261937.0)	(30.0, 364253.0)	(31.0, 533517.0)	(32.0, 790788.0)	(33.0, 1304409.0)	(34.0, 2390944.0)	(35.0, 5702863.0)	(36.0, 11918347.0)	(37.0, 364425.0)				
/ | scratch | karcher | fastqc | 240813_MG011_PRISMA_NovaSeq_final_for_Q | H5YFCDSXC_240813_MG_PRISMA_24s001116-1-1_Gross_lane1MG342 | H5YFCDSXC_240813_MG_PRISMA_24s001116-1-1_Gross_lane1MG342_1	(13.0, 1.0)	(14.0, 4.0)	(15.0, 20.0)	(16.0, 58.0)	(17.0, 129.0)	(18.0, 323.0)	(19.0, 703.0)	(20.0, 1550.0)	(21.0, 3168.0)	(22.0, 6349.0)	(23.0, 12457.0)	(24.0, 23789.0)	(25.0, 46862.0)	(26.0, 86725.0)	(27.0, 154977.0)	(28.0, 253757.0)	(29.0, 390783.0)	(30.0, 555589.0)	(31.0, 765902.0)	(32.0, 1005992.0)	(33.0, 1406564.0)	(34.0, 2144036.0)	(35.0, 4296442.0)	(36.0, 14285642.0)	(37.0, 834711.0)						
/ | scratch | karcher | fastqc | 240813_MG011_PRISMA_NovaSeq_final_for_Q | H5YFCDSXC_240813_MG_PRISMA_24s001116-1-1_Gross_lane1MG342 | H5YFCDSXC_240813_MG_PRISMA_24s001116-1-1_Gross_lane1MG342_2	(11.0, 3.0)	(12.0, 271.0)	(13.0, 1213.0)	(14.0, 1876.0)	(15.0, 1758.0)	(16.0, 1542.0)	(17.0, 1771.0)	(18.0, 2342.0)	(19.0, 4393.0)	(20.0, 9125.0)	(21.0, 19078.0)	(22.0, 35570.0)	(23.0, 63159.0)	(24.0, 85199.0)	(25.0, 91978.0)	(26.0, 108994.0)	(27.0, 146666.0)	(28.0, 197456.0)	(29.0, 271759.0)	(30.0, 378680.0)	(31.0, 550904.0)	(32.0, 814835.0)	(33.0, 1348540.0)	(34.0, 2468192.0)	(35.0, 5958729.0)	(36.0, 13273302.0)	(37.0, 439198.0)				
/ | scratch | karcher | fastqc | 240813_MG011_PRISMA_NovaSeq_final_for_Q | H5YFCDSXC_240813_MG_PRISMA_24s001116-1-1_Gross_lane1MG343 | H5YFCDSXC_240813_MG_PRISMA_24s001116-1-1_Gross_lane1MG343_1	(14.0, 6.0)	(15.0, 18.0)	(16.0, 54.0)	(17.0, 125.0)	(18.0, 287.0)	(19.0, 598.0)	(20.0, 1241.0)	(21.0, 2809.0)	(22.0, 6275.0)	(23.0, 13141.0)	(24.0, 26270.0)	(25.0, 52436.0)	(26.0, 96609.0)	(27.0, 172189.0)	(28.0, 277309.0)	(29.0, 423756.0)	(30.0, 596041.0)	(31.0, 829331.0)	(32.0, 1208314.0)	(33.0, 1481986.0)	(34.0, 2117454.0)	(35.0, 4331239.0)	(36.0, 13725865.0)	(37.0, 679003.0)							
/ | scratch | karcher | fastqc | 240813_MG011_PRISMA_NovaSeq_final_for_Q | H5YFCDSXC_240813_MG_PRISMA_24s001116-1-1_Gross_lane1MG343 | H5YFCDSXC_240813_MG_PRISMA_24s001116-1-1_Gross_lane1MG343_2	(11.0, 3.0)	(12.0, 254.0)	(13.0, 1251.0)	(14.0, 1780.0)	(15.0, 1681.0)	(16.0, 1598.0)	(17.0, 1754.0)	(18.0, 2680.0)	(19.0, 5469.0)	(20.0, 11744.0)	(21.0, 23685.0)	(22.0, 43014.0)	(23.0, 73613.0)	(24.0, 103094.0)	(25.0, 115579.0)	(26.0, 135785.0)	(27.0, 181719.0)	(28.0, 242769.0)	(29.0, 332595.0)	(30.0, 458041.0)	(31.0, 664304.0)	(32.0, 976104.0)	(33.0, 1602758.0)	(34.0, 2884068.0)	(35.0, 6495785.0)	(36.0, 11402060.0)	(37.0, 279169.0)				
/ | scratch | karcher | fastqc | 240813_MG011_PRISMA_NovaSeq_final_for_Q | H5YFCDSXC_240813_MG_PRISMA_24s001116-1-1_Gross_lane1MG344 | H5YFCDSXC_240813_MG_PRISMA_24s001116-1-1_Gross_lane1MG344_1	(14.0, 5.0)	(15.0, 12.0)	(16.0, 60.0)	(17.0, 174.0)	(18.0, 365.0)	(19.0, 861.0)	(20.0, 1684.0)	(21.0, 3397.0)	(22.0, 6618.0)	(23.0, 13510.0)	(24.0, 26933.0)	(25.0, 54662.0)	(26.0, 103255.0)	(27.0, 188221.0)	(28.0, 311956.0)	(29.0, 484989.0)	(30.0, 692811.0)	(31.0, 963827.0)	(32.0, 1312504.0)	(33.0, 1916458.0)	(34.0, 2640178.0)	(35.0, 5390704.0)	(36.0, 18001903.0)	(37.0, 905882.0)							
/ | scratch | karcher | fastqc | 240813_MG011_PRISMA_NovaSeq_final_for_Q | H5YFCDSXC_240813_MG_PRISMA_24s001116-1-1_Gross_lane1MG344 | H5YFCDSXC_240813_MG_PRISMA_24s001116-1-1_Gross_lane1MG344_2	(11.0, 3.0)	(12.0, 208.0)	(13.0, 1276.0)	(14.0, 2108.0)	(15.0, 1961.0)	(16.0, 1756.0)	(17.0, 1960.0)	(18.0, 2908.0)	(19.0, 5784.0)	(20.0, 12023.0)	(21.0, 24522.0)	(22.0, 44806.0)	(23.0, 80260.0)	(24.0, 106689.0)	(25.0, 106817.0)	(26.0, 126288.0)	(27.0, 171605.0)	(28.0, 229538.0)	(29.0, 319296.0)	(30.0, 446654.0)	(31.0, 660716.0)	(32.0, 994357.0)	(33.0, 1676759.0)	(34.0, 3135522.0)	(35.0, 7663966.0)	(36.0, 16636234.0)	(37.0, 566953.0)				
/ | scratch | karcher | fastqc | 240813_MG011_PRISMA_NovaSeq_final_for_Q | H5YFCDSXC_240813_MG_PRISMA_24s001116-1-1_Gross_lane1MG346 | H5YFCDSXC_240813_MG_PRISMA_24s001116-1-1_Gross_lane1MG346_1	(14.0, 1.0)	(15.0, 21.0)	(16.0, 73.0)	(17.0, 191.0)	(18.0, 419.0)	(19.0, 859.0)	(20.0, 1839.0)	(21.0, 3727.0)	(22.0, 7499.0)	(23.0, 15486.0)	(24.0, 29760.0)	(25.0, 58529.0)	(26.0, 106397.0)	(27.0, 190080.0)	(28.0, 304695.0)	(29.0, 462176.0)	(30.0, 645992.0)	(31.0, 884370.0)	(32.0, 1169267.0)	(33.0, 1703373.0)	(34.0, 2348396.0)	(35.0, 4590048.0)	(36.0, 14748872.0)	(37.0, 806107.0)							
/ | scratch | karcher | fastqc | 240813_MG011_PRISMA_NovaSeq_final_for_Q | H5YFCDSXC_240813_MG_PRISMA_24s001116-1-1_Gross_lane1MG346 | H5YFCDSXC_240813_MG_PRISMA_24s001116-1-1_Gross_lane1MG346_2	(11.0, 7.0)	(12.0, 375.0)	(13.0, 1692.0)	(14.0, 2393.0)	(15.0, 2132.0)	(16.0, 1979.0)	(17.0, 2170.0)	(18.0, 3286.0)	(19.0, 6726.0)	(20.0, 14475.0)	(21.0, 28968.0)	(22.0, 51726.0)	(23.0, 89730.0)	(24.0, 121573.0)	(25.0, 124644.0)	(26.0, 138126.0)	(27.0, 180640.0)	(28.0, 237040.0)	(29.0, 320360.0)	(30.0, 435206.0)	(31.0, 624535.0)	(32.0, 906009.0)	(33.0, 1469109.0)	(34.0, 2634038.0)	(35.0, 6228054.0)	(36.0, 13949691.0)	(37.0, 503493.0)				
/ | scratch | karcher | fastqc | 240813_MG011_PRISMA_NovaSeq_final_for_Q | H5YFCDSXC_240813_MG_PRISMA_24s001116-1-1_Gross_lane1MG347 | H5YFCDSXC_240813_MG_PRISMA_24s001116-1-1_Gross_lane1MG347_1	(14.0, 2.0)	(15.0, 21.0)	(16.0, 77.0)	(17.0, 193.0)	(18.0, 404.0)	(19.0, 857.0)	(20.0, 1678.0)	(21.0, 3580.0)	(22.0, 7475.0)	(23.0, 15263.0)	(24.0, 30061.0)	(25.0, 59251.0)	(26.0, 108986.0)	(27.0, 194734.0)	(28.0, 312574.0)	(29.0, 477170.0)	(30.0, 672409.0)	(31.0, 929234.0)	(32.0, 1290715.0)	(33.0, 1752633.0)	(34.0, 2419925.0)	(35.0, 4900900.0)	(36.0, 15011264.0)	(37.0, 729153.0)							
/ | scratch | karcher | fastqc | 240813_MG011_PRISMA_NovaSeq_final_for_Q | H5YFCDSXC_240813_MG_PRISMA_24s001116-1-1_Gross_lane1MG347 | H5YFCDSXC_240813_MG_PRISMA_24s001116-1-1_Gross_lane1MG347_2	(11.0, 4.0)	(12.0, 351.0)	(13.0, 1494.0)	(14.0, 2018.0)	(15.0, 1714.0)	(16.0, 1541.0)	(17.0, 1694.0)	(18.0, 2399.0)	(19.0, 4805.0)	(20.0, 10530.0)	(21.0, 21573.0)	(22.0, 38851.0)	(23.0, 63223.0)	(24.0, 91068.0)	(25.0, 117307.0)	(26.0, 136740.0)	(27.0, 175835.0)	(28.0, 230605.0)	(29.0, 314761.0)	(30.0, 434151.0)	(31.0, 633083.0)	(32.0, 938808.0)	(33.0, 1552395.0)	(34.0, 2844583.0)	(35.0, 6748591.0)	(36.0, 14088903.0)	(37.0, 461532.0)				
/ | scratch | karcher | fastqc | 240813_MG011_PRISMA_NovaSeq_final_for_Q | H5YFCDSXC_240813_MG_PRISMA_24s001116-1-1_Gross_lane1MG348 | H5YFCDSXC_240813_MG_PRISMA_24s001116-1-1_Gross_lane1MG348_1	(15.0, 6.0)	(16.0, 29.0)	(17.0, 114.0)	(18.0, 305.0)	(19.0, 677.0)	(20.0, 1629.0)	(21.0, 3739.0)	(22.0, 8209.0)	(23.0, 18794.0)	(24.0, 39724.0)	(25.0, 82592.0)	(26.0, 155412.0)	(27.0, 279632.0)	(28.0, 451051.0)	(29.0, 684020.0)	(30.0, 950429.0)	(31.0, 1281151.0)	(32.0, 1661938.0)	(33.0, 2355536.0)	(34.0, 3414000.0)	(35.0, 7076792.0)	(36.0, 22540296.0)	(37.0, 960162.0)								
/ | scratch | karcher | fastqc | 240813_MG011_PRISMA_NovaSeq_final_for_Q | H5YFCDSXC_240813_MG_PRISMA_24s001116-1-1_Gross_lane1MG348 | H5YFCDSXC_240813_MG_PRISMA_24s001116-1-1_Gross_lane1MG348_2	(11.0, 3.0)	(12.0, 139.0)	(13.0, 963.0)	(14.0, 1630.0)	(15.0, 1688.0)	(16.0, 1626.0)	(17.0, 1884.0)	(18.0, 2581.0)	(19.0, 4393.0)	(20.0, 8750.0)	(21.0, 17559.0)	(22.0, 34010.0)	(23.0, 65871.0)	(24.0, 95598.0)	(25.0, 103877.0)	(26.0, 126129.0)	(27.0, 178875.0)	(28.0, 249274.0)	(29.0, 356995.0)	(30.0, 514394.0)	(31.0, 781897.0)	(32.0, 1212315.0)	(33.0, 2123986.0)	(34.0, 4183702.0)	(35.0, 10710252.0)	(36.0, 20734635.0)	(37.0, 453211.0)				
/ | scratch | karcher | fastqc | 240813_MG011_PRISMA_NovaSeq_final_for_Q | H5YFCDSXC_240813_MG_PRISMA_24s001116-1-1_Gross_lane1MG349 | H5YFCDSXC_240813_MG_PRISMA_24s001116-1-1_Gross_lane1MG349_1	(13.0, 1.0)	(14.0, 4.0)	(15.0, 36.0)	(16.0, 140.0)	(17.0, 382.0)	(18.0, 825.0)	(19.0, 1655.0)	(20.0, 3480.0)	(21.0, 7144.0)	(22.0, 14018.0)	(23.0, 25386.0)	(24.0, 42529.0)	(25.0, 73439.0)	(26.0, 123456.0)	(27.0, 210254.0)	(28.0, 333158.0)	(29.0, 510618.0)	(30.0, 732575.0)	(31.0, 1030222.0)	(32.0, 1379825.0)	(33.0, 1943289.0)	(34.0, 2922206.0)	(35.0, 5577940.0)	(36.0, 16649880.0)	(37.0, 1088268.0)						
/ | scratch | karcher | fastqc | 240813_MG011_PRISMA_NovaSeq_final_for_Q | H5YFCDSXC_240813_MG_PRISMA_24s001116-1-1_Gross_lane1MG349 | H5YFCDSXC_240813_MG_PRISMA_24s001116-1-1_Gross_lane1MG349_2	(11.0, 2.0)	(12.0, 252.0)	(13.0, 1413.0)	(14.0, 2236.0)	(15.0, 2457.0)	(16.0, 2584.0)	(17.0, 3089.0)	(18.0, 4697.0)	(19.0, 10007.0)	(20.0, 23535.0)	(21.0, 50308.0)	(22.0, 90805.0)	(23.0, 149200.0)	(24.0, 199135.0)	(25.0, 222190.0)	(26.0, 258586.0)	(27.0, 335126.0)	(28.0, 429461.0)	(29.0, 567207.0)	(30.0, 747795.0)	(31.0, 1035140.0)	(32.0, 1434249.0)	(33.0, 2174303.0)	(34.0, 3539412.0)	(35.0, 7191217.0)	(36.0, 13745405.0)	(37.0, 450919.0)				
/ | scratch | karcher | fastqc | 240813_MG011_PRISMA_NovaSeq_final_for_Q | H5YFCDSXC_240813_MG_PRISMA_24s001116-1-1_Gross_lane1MG350 | H5YFCDSXC_240813_MG_PRISMA_24s001116-1-1_Gross_lane1MG350_1	(14.0, 7.0)	(15.0, 26.0)	(16.0, 97.0)	(17.0, 250.0)	(18.0, 487.0)	(19.0, 951.0)	(20.0, 1829.0)	(21.0, 3559.0)	(22.0, 6958.0)	(23.0, 13597.0)	(24.0, 25342.0)	(25.0, 47599.0)	(26.0, 83907.0)	(27.0, 144872.0)	(28.0, 227838.0)	(29.0, 344905.0)	(30.0, 481765.0)	(31.0, 657226.0)	(32.0, 861235.0)	(33.0, 1214461.0)	(34.0, 1845879.0)	(35.0, 3475431.0)	(36.0, 10960257.0)	(37.0, 641179.0)							
/ | scratch | karcher | fastqc | 240813_MG011_PRISMA_NovaSeq_final_for_Q | H5YFCDSXC_240813_MG_PRISMA_24s001116-1-1_Gross_lane1MG350 | H5YFCDSXC_240813_MG_PRISMA_24s001116-1-1_Gross_lane1MG350_2	(11.0, 7.0)	(12.0, 301.0)	(13.0, 1220.0)	(14.0, 1730.0)	(15.0, 1626.0)	(16.0, 1493.0)	(17.0, 1708.0)	(18.0, 2448.0)	(19.0, 4622.0)	(20.0, 9939.0)	(21.0, 20590.0)	(22.0, 38456.0)	(23.0, 66649.0)	(24.0, 97571.0)	(25.0, 97401.0)	(26.0, 102642.0)	(27.0, 136578.0)	(28.0, 179755.0)	(29.0, 245918.0)	(30.0, 335079.0)	(31.0, 482090.0)	(32.0, 703267.0)	(33.0, 1137310.0)	(34.0, 2025547.0)	(35.0, 4690900.0)	(36.0, 10272230.0)	(37.0, 382580.0)				
/ | scratch | karcher | fastqc | 240813_MG011_PRISMA_NovaSeq_final_for_Q | H5YFCDSXC_240813_MG_PRISMA_24s001116-1-1_Gross_lane1MG351 | H5YFCDSXC_240813_MG_PRISMA_24s001116-1-1_Gross_lane1MG351_1	(14.0, 1.0)	(15.0, 7.0)	(16.0, 29.0)	(17.0, 75.0)	(18.0, 177.0)	(19.0, 413.0)	(20.0, 1005.0)	(21.0, 2340.0)	(22.0, 4798.0)	(23.0, 10053.0)	(24.0, 19221.0)	(25.0, 38573.0)	(26.0, 71647.0)	(27.0, 130998.0)	(28.0, 215713.0)	(29.0, 336144.0)	(30.0, 484210.0)	(31.0, 675526.0)	(32.0, 901193.0)	(33.0, 1294337.0)	(34.0, 1922634.0)	(35.0, 3832637.0)	(36.0, 12085159.0)	(37.0, 619333.0)							
/ | scratch | karcher | fastqc | 240813_MG011_PRISMA_NovaSeq_final_for_Q | H5YFCDSXC_240813_MG_PRISMA_24s001116-1-1_Gross_lane1MG351 | H5YFCDSXC_240813_MG_PRISMA_24s001116-1-1_Gross_lane1MG351_2	(11.0, 3.0)	(12.0, 258.0)	(13.0, 1383.0)	(14.0, 2059.0)	(15.0, 1817.0)	(16.0, 1732.0)	(17.0, 1737.0)	(18.0, 2688.0)	(19.0, 5789.0)	(20.0, 12440.0)	(21.0, 24680.0)	(22.0, 42506.0)	(23.0, 70338.0)	(24.0, 93846.0)	(25.0, 102116.0)	(26.0, 121373.0)	(27.0, 163498.0)	(28.0, 217513.0)	(29.0, 299512.0)	(30.0, 413388.0)	(31.0, 601234.0)	(32.0, 879795.0)	(33.0, 1429891.0)	(34.0, 2523125.0)	(35.0, 5563153.0)	(36.0, 9837022.0)	(37.0, 233327.0)				
/ | scratch | karcher | fastqc | 240813_MG011_PRISMA_NovaSeq_final_for_Q | H5YFCDSXC_240813_MG_PRISMA_24s001116-1-1_Gross_lane1MG352 | H5YFCDSXC_240813_MG_PRISMA_24s001116-1-1_Gross_lane1MG352_1	(14.0, 4.0)	(15.0, 19.0)	(16.0, 49.0)	(17.0, 183.0)	(18.0, 372.0)	(19.0, 893.0)	(20.0, 1877.0)	(21.0, 4061.0)	(22.0, 8256.0)	(23.0, 16835.0)	(24.0, 32265.0)	(25.0, 62846.0)	(26.0, 112575.0)	(27.0, 196071.0)	(28.0, 310759.0)	(29.0, 470212.0)	(30.0, 656318.0)	(31.0, 894954.0)	(32.0, 1166707.0)	(33.0, 1627654.0)	(34.0, 2484813.0)	(35.0, 4834379.0)	(36.0, 15497240.0)	(37.0, 889361.0)							
/ | scratch | karcher | fastqc | 240813_MG011_PRISMA_NovaSeq_final_for_Q | H5YFCDSXC_240813_MG_PRISMA_24s001116-1-1_Gross_lane1MG352 | H5YFCDSXC_240813_MG_PRISMA_24s001116-1-1_Gross_lane1MG352_2	(11.0, 1.0)	(12.0, 183.0)	(13.0, 1111.0)	(14.0, 1858.0)	(15.0, 2088.0)	(16.0, 2055.0)	(17.0, 2187.0)	(18.0, 2886.0)	(19.0, 5457.0)	(20.0, 11129.0)	(21.0, 23306.0)	(22.0, 44563.0)	(23.0, 81142.0)	(24.0, 97369.0)	(25.0, 95129.0)	(26.0, 116856.0)	(27.0, 160010.0)	(28.0, 215317.0)	(29.0, 296205.0)	(30.0, 410981.0)	(31.0, 598215.0)	(32.0, 883470.0)	(33.0, 1446345.0)	(34.0, 2625314.0)	(35.0, 6316752.0)	(36.0, 15231907.0)	(37.0, 596867.0)				
/ | scratch | karcher | fastqc | 240813_MG011_PRISMA_NovaSeq_final_for_Q | H5YFCDSXC_240813_MG_PRISMA_24s001116-1-1_Gross_lane1MG353 | H5YFCDSXC_240813_MG_PRISMA_24s001116-1-1_Gross_lane1MG353_1	(14.0, 1.0)	(15.0, 22.0)	(16.0, 84.0)	(17.0, 211.0)	(18.0, 469.0)	(19.0, 991.0)	(20.0, 2002.0)	(21.0, 4108.0)	(22.0, 8214.0)	(23.0, 16433.0)	(24.0, 31596.0)	(25.0, 60887.0)	(26.0, 109887.0)	(27.0, 195089.0)	(28.0, 313411.0)	(29.0, 477818.0)	(30.0, 672415.0)	(31.0, 920559.0)	(32.0, 1205661.0)	(33.0, 1671164.0)	(34.0, 2539125.0)	(35.0, 5093948.0)	(36.0, 16506933.0)	(37.0, 937008.0)							
/ | scratch | karcher | fastqc | 240813_MG011_PRISMA_NovaSeq_final_for_Q | H5YFCDSXC_240813_MG_PRISMA_24s001116-1-1_Gross_lane1MG353 | H5YFCDSXC_240813_MG_PRISMA_24s001116-1-1_Gross_lane1MG353_2	(11.0, 4.0)	(12.0, 239.0)	(13.0, 1249.0)	(14.0, 1999.0)	(15.0, 2014.0)	(16.0, 1804.0)	(17.0, 2075.0)	(18.0, 3060.0)	(19.0, 5973.0)	(20.0, 13131.0)	(21.0, 26431.0)	(22.0, 48184.0)	(23.0, 82799.0)	(24.0, 108535.0)	(25.0, 119163.0)	(26.0, 140861.0)	(27.0, 188184.0)	(28.0, 249759.0)	(29.0, 345548.0)	(30.0, 475249.0)	(31.0, 689160.0)	(32.0, 1011777.0)	(33.0, 1652223.0)	(34.0, 2978012.0)	(35.0, 7022365.0)	(36.0, 15097604.0)	(37.0, 500634.0)				
/ | scratch | karcher | fastqc | 240813_MG011_PRISMA_NovaSeq_final_for_Q | H5YFCDSXC_240813_MG_PRISMA_24s001116-1-1_Gross_lane1MG354 | H5YFCDSXC_240813_MG_PRISMA_24s001116-1-1_Gross_lane1MG354_1	(15.0, 18.0)	(16.0, 57.0)	(17.0, 217.0)	(18.0, 402.0)	(19.0, 848.0)	(20.0, 1627.0)	(21.0, 3217.0)	(22.0, 6339.0)	(23.0, 11769.0)	(24.0, 20620.0)	(25.0, 37468.0)	(26.0, 64060.0)	(27.0, 110570.0)	(28.0, 175739.0)	(29.0, 270182.0)	(30.0, 380173.0)	(31.0, 523922.0)	(32.0, 689205.0)	(33.0, 973875.0)	(34.0, 1483019.0)	(35.0, 2877670.0)	(36.0, 8825502.0)	(37.0, 414866.0)								
/ | scratch | karcher | fastqc | 240813_MG011_PRISMA_NovaSeq_final_for_Q | H5YFCDSXC_240813_MG_PRISMA_24s001116-1-1_Gross_lane1MG354 | H5YFCDSXC_240813_MG_PRISMA_24s001116-1-1_Gross_lane1MG354_2	(11.0, 2.0)	(12.0, 44.0)	(13.0, 391.0)	(14.0, 814.0)	(15.0, 1048.0)	(16.0, 1231.0)	(17.0, 1759.0)	(18.0, 2964.0)	(19.0, 5805.0)	(20.0, 11699.0)	(21.0, 23645.0)	(22.0, 45356.0)	(23.0, 85461.0)	(24.0, 94826.0)	(25.0, 78821.0)	(26.0, 91892.0)	(27.0, 125722.0)	(28.0, 169177.0)	(29.0, 233797.0)	(30.0, 321190.0)	(31.0, 467825.0)	(32.0, 686463.0)	(33.0, 1120865.0)	(34.0, 2001761.0)	(35.0, 4425797.0)	(36.0, 6771319.0)	(37.0, 101691.0)				
/ | scratch | karcher | fastqc | 240813_MG011_PRISMA_NovaSeq_final_for_Q | H5YFCDSXC_240813_MG_PRISMA_24s001116-1-1_Gross_lane1MG355 | H5YFCDSXC_240813_MG_PRISMA_24s001116-1-1_Gross_lane1MG355_1	(14.0, 2.0)	(15.0, 13.0)	(16.0, 56.0)	(17.0, 162.0)	(18.0, 462.0)	(19.0, 1147.0)	(20.0, 2473.0)	(21.0, 5516.0)	(22.0, 10698.0)	(23.0, 20005.0)	(24.0, 34451.0)	(25.0, 60799.0)	(26.0, 102485.0)	(27.0, 173481.0)	(28.0, 271865.0)	(29.0, 413012.0)	(30.0, 582734.0)	(31.0, 816247.0)	(32.0, 1171644.0)	(33.0, 1571460.0)	(34.0, 2167339.0)	(35.0, 4259683.0)	(36.0, 13480131.0)	(37.0, 835235.0)							
/ | scratch | karcher | fastqc | 240813_MG011_PRISMA_NovaSeq_final_for_Q | H5YFCDSXC_240813_MG_PRISMA_24s001116-1-1_Gross_lane1MG355 | H5YFCDSXC_240813_MG_PRISMA_24s001116-1-1_Gross_lane1MG355_2	(11.0, 3.0)	(12.0, 160.0)	(13.0, 935.0)	(14.0, 1680.0)	(15.0, 1899.0)	(16.0, 1816.0)	(17.0, 1927.0)	(18.0, 3006.0)	(19.0, 5897.0)	(20.0, 13406.0)	(21.0, 29538.0)	(22.0, 54534.0)	(23.0, 93478.0)	(24.0, 124308.0)	(25.0, 135356.0)	(26.0, 160864.0)	(27.0, 214535.0)	(28.0, 279180.0)	(29.0, 378419.0)	(30.0, 512333.0)	(31.0, 723988.0)	(32.0, 1040744.0)	(33.0, 1641128.0)	(34.0, 2826512.0)	(35.0, 6089858.0)	(36.0, 11315948.0)	(37.0, 329648.0)				
/ | scratch | karcher | fastqc | 240813_MG011_PRISMA_NovaSeq_final_for_Q | H5YFCDSXC_240813_MG_PRISMA_24s001116-1-1_Gross_lane1MG356 | H5YFCDSXC_240813_MG_PRISMA_24s001116-1-1_Gross_lane1MG356_1	(14.0, 1.0)	(15.0, 17.0)	(16.0, 40.0)	(17.0, 163.0)	(18.0, 379.0)	(19.0, 950.0)	(20.0, 2295.0)	(21.0, 5348.0)	(22.0, 11061.0)	(23.0, 21612.0)	(24.0, 38685.0)	(25.0, 71477.0)	(26.0, 126484.0)	(27.0, 220686.0)	(28.0, 354030.0)	(29.0, 543851.0)	(30.0, 775040.0)	(31.0, 1082082.0)	(32.0, 1441770.0)	(33.0, 2038588.0)	(34.0, 3111948.0)	(35.0, 6102557.0)	(36.0, 16673397.0)	(37.0, 716213.0)							
/ | scratch | karcher | fastqc | 240813_MG011_PRISMA_NovaSeq_final_for_Q | H5YFCDSXC_240813_MG_PRISMA_24s001116-1-1_Gross_lane1MG356 | H5YFCDSXC_240813_MG_PRISMA_24s001116-1-1_Gross_lane1MG356_2	(11.0, 2.0)	(12.0, 124.0)	(13.0, 770.0)	(14.0, 1365.0)	(15.0, 1352.0)	(16.0, 1261.0)	(17.0, 1478.0)	(18.0, 2274.0)	(19.0, 5216.0)	(20.0, 13530.0)	(21.0, 32675.0)	(22.0, 62971.0)	(23.0, 105469.0)	(24.0, 145843.0)	(25.0, 185763.0)	(26.0, 235395.0)	(27.0, 316602.0)	(28.0, 415472.0)	(29.0, 559785.0)	(30.0, 755709.0)	(31.0, 1062798.0)	(32.0, 1511862.0)	(33.0, 2363368.0)	(34.0, 3982871.0)	(35.0, 8266946.0)	(36.0, 13043507.0)	(37.0, 264266.0)				
/ | scratch | karcher | fastqc | 240813_MG011_PRISMA_NovaSeq_final_for_Q | H5YFCDSXC_240813_MG_PRISMA_24s001116-1-1_Gross_lane1MG357 | H5YFCDSXC_240813_MG_PRISMA_24s001116-1-1_Gross_lane1MG357_1	(14.0, 1.0)	(15.0, 5.0)	(16.0, 23.0)	(17.0, 76.0)	(18.0, 189.0)	(19.0, 413.0)	(20.0, 878.0)	(21.0, 1778.0)	(22.0, 3645.0)	(23.0, 7217.0)	(24.0, 13852.0)	(25.0, 27810.0)	(26.0, 52414.0)	(27.0, 96673.0)	(28.0, 159815.0)	(29.0, 253082.0)	(30.0, 364336.0)	(31.0, 514195.0)	(32.0, 687765.0)	(33.0, 989092.0)	(34.0, 1506219.0)	(35.0, 3024865.0)	(36.0, 9512090.0)	(37.0, 482341.0)							
/ | scratch | karcher | fastqc | 240813_MG011_PRISMA_NovaSeq_final_for_Q | H5YFCDSXC_240813_MG_PRISMA_24s001116-1-1_Gross_lane1MG357 | H5YFCDSXC_240813_MG_PRISMA_24s001116-1-1_Gross_lane1MG357_2	(11.0, 2.0)	(12.0, 130.0)	(13.0, 771.0)	(14.0, 1303.0)	(15.0, 1266.0)	(16.0, 1191.0)	(17.0, 1233.0)	(18.0, 1719.0)	(19.0, 3365.0)	(20.0, 7066.0)	(21.0, 14027.0)	(22.0, 24975.0)	(23.0, 42263.0)	(24.0, 58439.0)	(25.0, 66259.0)	(26.0, 82073.0)	(27.0, 112366.0)	(28.0, 150716.0)	(29.0, 212099.0)	(30.0, 297035.0)	(31.0, 439305.0)	(32.0, 653221.0)	(33.0, 1072397.0)	(34.0, 1905521.0)	(35.0, 4240202.0)	(36.0, 8088798.0)	(37.0, 221032.0)				
/ | scratch | karcher | fastqc | 240813_MG011_PRISMA_NovaSeq_final_for_Q | H5YFCDSXC_240813_MG_PRISMA_24s001116-1-1_Gross_lane1MG358 | H5YFCDSXC_240813_MG_PRISMA_24s001116-1-1_Gross_lane1MG358_1	(14.0, 2.0)	(15.0, 37.0)	(16.0, 107.0)	(17.0, 244.0)	(18.0, 532.0)	(19.0, 1084.0)	(20.0, 1987.0)	(21.0, 4130.0)	(22.0, 7904.0)	(23.0, 15068.0)	(24.0, 27281.0)	(25.0, 50809.0)	(26.0, 89867.0)	(27.0, 155882.0)	(28.0, 246150.0)	(29.0, 372937.0)	(30.0, 520355.0)	(31.0, 710956.0)	(32.0, 936180.0)	(33.0, 1350297.0)	(34.0, 1903844.0)	(35.0, 3739819.0)	(36.0, 12475047.0)	(37.0, 778133.0)							
/ | scratch | karcher | fastqc | 240813_MG011_PRISMA_NovaSeq_final_for_Q | H5YFCDSXC_240813_MG_PRISMA_24s001116-1-1_Gross_lane1MG358 | H5YFCDSXC_240813_MG_PRISMA_24s001116-1-1_Gross_lane1MG358_2	(11.0, 6.0)	(12.0, 255.0)	(13.0, 1234.0)	(14.0, 1854.0)	(15.0, 1766.0)	(16.0, 1718.0)	(17.0, 1968.0)	(18.0, 2863.0)	(19.0, 5890.0)	(20.0, 12004.0)	(21.0, 24162.0)	(22.0, 42510.0)	(23.0, 69866.0)	(24.0, 94353.0)	(25.0, 110249.0)	(26.0, 133556.0)	(27.0, 179121.0)	(28.0, 237792.0)	(29.0, 327137.0)	(30.0, 448709.0)	(31.0, 647797.0)	(32.0, 945680.0)	(33.0, 1525851.0)	(34.0, 2681102.0)	(35.0, 5818467.0)	(36.0, 9847488.0)	(37.0, 225254.0)				
/ | scratch | karcher | fastqc | 240813_MG011_PRISMA_NovaSeq_final_for_Q | H5YFCDSXC_240813_MG_PRISMA_24s001116-1-1_Gross_lane1MG359 | H5YFCDSXC_240813_MG_PRISMA_24s001116-1-1_Gross_lane1MG359_1	(14.0, 1.0)	(15.0, 13.0)	(16.0, 51.0)	(17.0, 154.0)	(18.0, 311.0)	(19.0, 594.0)	(20.0, 1285.0)	(21.0, 2524.0)	(22.0, 5178.0)	(23.0, 10135.0)	(24.0, 19432.0)	(25.0, 37189.0)	(26.0, 66766.0)	(27.0, 115954.0)	(28.0, 182047.0)	(29.0, 271806.0)	(30.0, 376069.0)	(31.0, 507438.0)	(32.0, 655927.0)	(33.0, 919462.0)	(34.0, 1354664.0)	(35.0, 2596460.0)	(36.0, 8206765.0)	(37.0, 467356.0)							
/ | scratch | karcher | fastqc | 240813_MG011_PRISMA_NovaSeq_final_for_Q | H5YFCDSXC_240813_MG_PRISMA_24s001116-1-1_Gross_lane1MG359 | H5YFCDSXC_240813_MG_PRISMA_24s001116-1-1_Gross_lane1MG359_2	(11.0, 4.0)	(12.0, 155.0)	(13.0, 709.0)	(14.0, 958.0)	(15.0, 916.0)	(16.0, 897.0)	(17.0, 1032.0)	(18.0, 1562.0)	(19.0, 3131.0)	(20.0, 7086.0)	(21.0, 14378.0)	(22.0, 25524.0)	(23.0, 42549.0)	(24.0, 60773.0)	(25.0, 73563.0)	(26.0, 82655.0)	(27.0, 107397.0)	(28.0, 141385.0)	(29.0, 191865.0)	(30.0, 261544.0)	(31.0, 375367.0)	(32.0, 548293.0)	(33.0, 884298.0)	(34.0, 1582374.0)	(35.0, 3640008.0)	(36.0, 7507687.0)	(37.0, 241471.0)				
/ | scratch | karcher | fastqc | 240813_MG011_PRISMA_NovaSeq_final_for_Q | H5YFCDSXC_240813_MG_PRISMA_24s001116-1-1_Gross_lane1MG360 | H5YFCDSXC_240813_MG_PRISMA_24s001116-1-1_Gross_lane1MG360_1	(15.0, 18.0)	(16.0, 68.0)	(17.0, 164.0)	(18.0, 352.0)	(19.0, 821.0)	(20.0, 1608.0)	(21.0, 3298.0)	(22.0, 6450.0)	(23.0, 12746.0)	(24.0, 25165.0)	(25.0, 50059.0)	(26.0, 94179.0)	(27.0, 171281.0)	(28.0, 277822.0)	(29.0, 427681.0)	(30.0, 602060.0)	(31.0, 822693.0)	(32.0, 1076503.0)	(33.0, 1521315.0)	(34.0, 2258713.0)	(35.0, 4434431.0)	(36.0, 14701239.0)	(37.0, 805206.0)								
/ | scratch | karcher | fastqc | 240813_MG011_PRISMA_NovaSeq_final_for_Q | H5YFCDSXC_240813_MG_PRISMA_24s001116-1-1_Gross_lane1MG360 | H5YFCDSXC_240813_MG_PRISMA_24s001116-1-1_Gross_lane1MG360_2	(11.0, 6.0)	(12.0, 312.0)	(13.0, 1427.0)	(14.0, 1897.0)	(15.0, 1698.0)	(16.0, 1621.0)	(17.0, 1939.0)	(18.0, 3255.0)	(19.0, 7032.0)	(20.0, 15502.0)	(21.0, 30052.0)	(22.0, 50576.0)	(23.0, 80800.0)	(24.0, 112397.0)	(25.0, 136180.0)	(26.0, 159437.0)	(27.0, 208590.0)	(28.0, 272721.0)	(29.0, 371246.0)	(30.0, 510201.0)	(31.0, 734699.0)	(32.0, 1072784.0)	(33.0, 1741694.0)	(34.0, 3094281.0)	(35.0, 6825996.0)	(36.0, 11589388.0)	(37.0, 268141.0)				
/ | scratch | karcher | fastqc | 240813_MG011_PRISMA_NovaSeq_final_for_Q | H5YFCDSXC_240813_MG_PRISMA_24s001116-1-1_Gross_lane1MG361 | H5YFCDSXC_240813_MG_PRISMA_24s001116-1-1_Gross_lane1MG361_1	(14.0, 4.0)	(15.0, 23.0)	(16.0, 82.0)	(17.0, 232.0)	(18.0, 432.0)	(19.0, 858.0)	(20.0, 1670.0)	(21.0, 3481.0)	(22.0, 6793.0)	(23.0, 13386.0)	(24.0, 25659.0)	(25.0, 49753.0)	(26.0, 91526.0)	(27.0, 164698.0)	(28.0, 267557.0)	(29.0, 413463.0)	(30.0, 584030.0)	(31.0, 806220.0)	(32.0, 1061268.0)	(33.0, 1513175.0)	(34.0, 2193587.0)	(35.0, 4252121.0)	(36.0, 13662262.0)	(37.0, 777652.0)							
/ | scratch | karcher | fastqc | 240813_MG011_PRISMA_NovaSeq_final_for_Q | H5YFCDSXC_240813_MG_PRISMA_24s001116-1-1_Gross_lane1MG361 | H5YFCDSXC_240813_MG_PRISMA_24s001116-1-1_Gross_lane1MG361_2	(11.0, 8.0)	(12.0, 243.0)	(13.0, 1278.0)	(14.0, 1867.0)	(15.0, 1774.0)	(16.0, 1677.0)	(17.0, 1902.0)	(18.0, 3101.0)	(19.0, 6386.0)	(20.0, 13480.0)	(21.0, 26766.0)	(22.0, 46652.0)	(23.0, 75948.0)	(24.0, 104077.0)	(25.0, 115450.0)	(26.0, 131713.0)	(27.0, 175576.0)	(28.0, 231322.0)	(29.0, 315737.0)	(30.0, 432649.0)	(31.0, 621603.0)	(32.0, 906099.0)	(33.0, 1459323.0)	(34.0, 2588953.0)	(35.0, 5930908.0)	(36.0, 12313660.0)	(37.0, 381780.0)				
/ | scratch | karcher | fastqc | 240813_MG011_PRISMA_NovaSeq_final_for_Q | H5YFCDSXC_240813_MG_PRISMA_24s001116-1-1_Gross_lane1MG362 | H5YFCDSXC_240813_MG_PRISMA_24s001116-1-1_Gross_lane1MG362_1	(14.0, 5.0)	(15.0, 23.0)	(16.0, 64.0)	(17.0, 213.0)	(18.0, 488.0)	(19.0, 1065.0)	(20.0, 2090.0)	(21.0, 4290.0)	(22.0, 8388.0)	(23.0, 15898.0)	(24.0, 28262.0)	(25.0, 52493.0)	(26.0, 91980.0)	(27.0, 158134.0)	(28.0, 251725.0)	(29.0, 382741.0)	(30.0, 534208.0)	(31.0, 734261.0)	(32.0, 962287.0)	(33.0, 1367969.0)	(34.0, 1999956.0)	(35.0, 3892567.0)	(36.0, 12330793.0)	(37.0, 703872.0)							
/ | scratch | karcher | fastqc | 240813_MG011_PRISMA_NovaSeq_final_for_Q | H5YFCDSXC_240813_MG_PRISMA_24s001116-1-1_Gross_lane1MG362 | H5YFCDSXC_240813_MG_PRISMA_24s001116-1-1_Gross_lane1MG362_2	(11.0, 10.0)	(12.0, 229.0)	(13.0, 1203.0)	(14.0, 1794.0)	(15.0, 1827.0)	(16.0, 1635.0)	(17.0, 1833.0)	(18.0, 2738.0)	(19.0, 5266.0)	(20.0, 11524.0)	(21.0, 23631.0)	(22.0, 43455.0)	(23.0, 72075.0)	(24.0, 95318.0)	(25.0, 105524.0)	(26.0, 124427.0)	(27.0, 164996.0)	(28.0, 216712.0)	(29.0, 294598.0)	(30.0, 404582.0)	(31.0, 579800.0)	(32.0, 846172.0)	(33.0, 1370768.0)	(34.0, 2436369.0)	(35.0, 5532471.0)	(36.0, 10868770.0)	(37.0, 316045.0)				
/ | scratch | karcher | fastqc | 240813_MG011_PRISMA_NovaSeq_final_for_Q | H5YFCDSXC_240813_MG_PRISMA_24s001116-1-1_Gross_lane1MG363 | H5YFCDSXC_240813_MG_PRISMA_24s001116-1-1_Gross_lane1MG363_1	(14.0, 3.0)	(15.0, 27.0)	(16.0, 64.0)	(17.0, 188.0)	(18.0, 414.0)	(19.0, 809.0)	(20.0, 1792.0)	(21.0, 3640.0)	(22.0, 6788.0)	(23.0, 12339.0)	(24.0, 22144.0)	(25.0, 40402.0)	(26.0, 71818.0)	(27.0, 127808.0)	(28.0, 205341.0)	(29.0, 316033.0)	(30.0, 449070.0)	(31.0, 622399.0)	(32.0, 823521.0)	(33.0, 1156259.0)	(34.0, 1767983.0)	(35.0, 3494361.0)	(36.0, 11078272.0)	(37.0, 652792.0)							
/ | scratch | karcher | fastqc | 240813_MG011_PRISMA_NovaSeq_final_for_Q | H5YFCDSXC_240813_MG_PRISMA_24s001116-1-1_Gross_lane1MG363 | H5YFCDSXC_240813_MG_PRISMA_24s001116-1-1_Gross_lane1MG363_2	(11.0, 7.0)	(12.0, 170.0)	(13.0, 987.0)	(14.0, 1610.0)	(15.0, 1655.0)	(16.0, 1513.0)	(17.0, 1807.0)	(18.0, 2438.0)	(19.0, 4663.0)	(20.0, 9804.0)	(21.0, 20594.0)	(22.0, 37633.0)	(23.0, 63781.0)	(24.0, 82245.0)	(25.0, 89378.0)	(26.0, 108728.0)	(27.0, 145685.0)	(28.0, 193004.0)	(29.0, 264299.0)	(30.0, 360512.0)	(31.0, 517503.0)	(32.0, 750653.0)	(33.0, 1207217.0)	(34.0, 2126609.0)	(35.0, 4811008.0)	(36.0, 9743653.0)	(37.0, 307111.0)				
/ | scratch | karcher | fastqc | 240813_MG011_PRISMA_NovaSeq_final_for_Q | H5YFCDSXC_240813_MG_PRISMA_24s001116-1-1_Gross_lane1MG364 | H5YFCDSXC_240813_MG_PRISMA_24s001116-1-1_Gross_lane1MG364_1	(15.0, 14.0)	(16.0, 28.0)	(17.0, 48.0)	(18.0, 179.0)	(19.0, 380.0)	(20.0, 805.0)	(21.0, 1833.0)	(22.0, 3830.0)	(23.0, 8087.0)	(24.0, 16751.0)	(25.0, 33831.0)	(26.0, 61786.0)	(27.0, 109832.0)	(28.0, 175219.0)	(29.0, 264516.0)	(30.0, 367193.0)	(31.0, 495194.0)	(32.0, 643269.0)	(33.0, 915453.0)	(34.0, 1385718.0)	(35.0, 2676515.0)	(36.0, 8315126.0)	(37.0, 365488.0)								
/ | scratch | karcher | fastqc | 240813_MG011_PRISMA_NovaSeq_final_for_Q | H5YFCDSXC_240813_MG_PRISMA_24s001116-1-1_Gross_lane1MG364 | H5YFCDSXC_240813_MG_PRISMA_24s001116-1-1_Gross_lane1MG364_2	(11.0, 3.0)	(12.0, 168.0)	(13.0, 701.0)	(14.0, 988.0)	(15.0, 1074.0)	(16.0, 1210.0)	(17.0, 1597.0)	(18.0, 2451.0)	(19.0, 4093.0)	(20.0, 7661.0)	(21.0, 15447.0)	(22.0, 30457.0)	(23.0, 59002.0)	(24.0, 90042.0)	(25.0, 86662.0)	(26.0, 65476.0)	(27.0, 75980.0)	(28.0, 101162.0)	(29.0, 141442.0)	(30.0, 198190.0)	(31.0, 295295.0)	(32.0, 448381.0)	(33.0, 765506.0)	(34.0, 1476864.0)	(35.0, 3786036.0)	(36.0, 7994914.0)	(37.0, 190293.0)				
/ | scratch | karcher | fastqc | 240813_MG011_PRISMA_NovaSeq_final_for_Q | H5YFCDSXC_240813_MG_PRISMA_24s001116-1-1_Gross_lane1MG365 | H5YFCDSXC_240813_MG_PRISMA_24s001116-1-1_Gross_lane1MG365_1	(14.0, 1.0)	(15.0, 1.0)	(16.0, 27.0)	(17.0, 84.0)	(18.0, 226.0)	(19.0, 564.0)	(20.0, 1140.0)	(21.0, 2657.0)	(22.0, 5401.0)	(23.0, 10733.0)	(24.0, 20590.0)	(25.0, 40230.0)	(26.0, 73188.0)	(27.0, 130978.0)	(28.0, 210713.0)	(29.0, 324218.0)	(30.0, 457042.0)	(31.0, 633305.0)	(32.0, 856773.0)	(33.0, 1284345.0)	(34.0, 1734611.0)	(35.0, 3337250.0)	(36.0, 10718360.0)	(37.0, 587021.0)							
/ | scratch | karcher | fastqc | 240813_MG011_PRISMA_NovaSeq_final_for_Q | H5YFCDSXC_240813_MG_PRISMA_24s001116-1-1_Gross_lane1MG365 | H5YFCDSXC_240813_MG_PRISMA_24s001116-1-1_Gross_lane1MG365_2	(11.0, 4.0)	(12.0, 236.0)	(13.0, 1201.0)	(14.0, 1843.0)	(15.0, 1743.0)	(16.0, 1540.0)	(17.0, 1621.0)	(18.0, 2436.0)	(19.0, 4624.0)	(20.0, 10269.0)	(21.0, 20640.0)	(22.0, 35501.0)	(23.0, 55512.0)	(24.0, 72892.0)	(25.0, 90498.0)	(26.0, 107744.0)	(27.0, 139501.0)	(28.0, 182383.0)	(29.0, 246914.0)	(30.0, 337622.0)	(31.0, 488175.0)	(32.0, 715070.0)	(33.0, 1163231.0)	(34.0, 2097338.0)	(35.0, 4844274.0)	(36.0, 9512775.0)	(37.0, 293871.0)				
/ | scratch | karcher | fastqc | 240813_MG011_PRISMA_NovaSeq_final_for_Q | H5YFCDSXC_240813_MG_PRISMA_24s001116-1-1_Gross_lane1MG366 | H5YFCDSXC_240813_MG_PRISMA_24s001116-1-1_Gross_lane1MG366_1	(14.0, 5.0)	(15.0, 25.0)	(16.0, 75.0)	(17.0, 221.0)	(18.0, 476.0)	(19.0, 964.0)	(20.0, 1874.0)	(21.0, 3540.0)	(22.0, 6452.0)	(23.0, 11287.0)	(24.0, 19118.0)	(25.0, 34355.0)	(26.0, 60465.0)	(27.0, 109756.0)	(28.0, 182155.0)	(29.0, 293089.0)	(30.0, 433083.0)	(31.0, 624564.0)	(32.0, 853210.0)	(33.0, 1255530.0)	(34.0, 1877104.0)	(35.0, 3664957.0)	(36.0, 12067360.0)	(37.0, 728662.0)							
/ | scratch | karcher | fastqc | 240813_MG011_PRISMA_NovaSeq_final_for_Q | H5YFCDSXC_240813_MG_PRISMA_24s001116-1-1_Gross_lane1MG366 | H5YFCDSXC_240813_MG_PRISMA_24s001116-1-1_Gross_lane1MG366_2	(11.0, 1.0)	(12.0, 73.0)	(13.0, 519.0)	(14.0, 1061.0)	(15.0, 1445.0)	(16.0, 1402.0)	(17.0, 1649.0)	(18.0, 2183.0)	(19.0, 3941.0)	(20.0, 8006.0)	(21.0, 16619.0)	(22.0, 31821.0)	(23.0, 56443.0)	(24.0, 61671.0)	(25.0, 61174.0)	(26.0, 79265.0)	(27.0, 109874.0)	(28.0, 151031.0)	(29.0, 214075.0)	(30.0, 301843.0)	(31.0, 448308.0)	(32.0, 673009.0)	(33.0, 1115595.0)	(34.0, 2028612.0)	(35.0, 4833472.0)	(36.0, 11576915.0)	(37.0, 448320.0)				
/ | scratch | karcher | fastqc | 240813_MG011_PRISMA_NovaSeq_final_for_Q | H5YFCDSXC_240813_MG_PRISMA_24s001116-1-1_Gross_lane1MG367 | H5YFCDSXC_240813_MG_PRISMA_24s001116-1-1_Gross_lane1MG367_1	(14.0, 4.0)	(15.0, 19.0)	(16.0, 52.0)	(17.0, 163.0)	(18.0, 390.0)	(19.0, 745.0)	(20.0, 1500.0)	(21.0, 3031.0)	(22.0, 5732.0)	(23.0, 11566.0)	(24.0, 21208.0)	(25.0, 41090.0)	(26.0, 75540.0)	(27.0, 136192.0)	(28.0, 222244.0)	(29.0, 345853.0)	(30.0, 495065.0)	(31.0, 691565.0)	(32.0, 945490.0)	(33.0, 1374417.0)	(34.0, 1902136.0)	(35.0, 3826429.0)	(36.0, 12745403.0)	(37.0, 704175.0)							
/ | scratch | karcher | fastqc | 240813_MG011_PRISMA_NovaSeq_final_for_Q | H5YFCDSXC_240813_MG_PRISMA_24s001116-1-1_Gross_lane1MG367 | H5YFCDSXC_240813_MG_PRISMA_24s001116-1-1_Gross_lane1MG367_2	(11.0, 6.0)	(12.0, 219.0)	(13.0, 919.0)	(14.0, 1633.0)	(15.0, 1517.0)	(16.0, 1397.0)	(17.0, 1558.0)	(18.0, 2415.0)	(19.0, 4863.0)	(20.0, 10365.0)	(21.0, 21099.0)	(22.0, 38944.0)	(23.0, 68176.0)	(24.0, 84310.0)	(25.0, 88763.0)	(26.0, 108100.0)	(27.0, 144680.0)	(28.0, 189995.0)	(29.0, 257535.0)	(30.0, 352506.0)	(31.0, 510512.0)	(32.0, 749176.0)	(33.0, 1222573.0)	(34.0, 2220636.0)	(35.0, 5285238.0)	(36.0, 11776940.0)	(37.0, 405934.0)				
/ | scratch | karcher | fastqc | 240813_MG011_PRISMA_NovaSeq_final_for_Q | H5YFCDSXC_240813_MG_PRISMA_24s001116-1-1_Gross_lane1MG368 | H5YFCDSXC_240813_MG_PRISMA_24s001116-1-1_Gross_lane1MG368_1	(14.0, 1.0)	(15.0, 23.0)	(16.0, 84.0)	(17.0, 167.0)	(18.0, 380.0)	(19.0, 801.0)	(20.0, 1663.0)	(21.0, 3301.0)	(22.0, 6713.0)	(23.0, 13138.0)	(24.0, 24489.0)	(25.0, 46297.0)	(26.0, 82623.0)	(27.0, 144612.0)	(28.0, 231067.0)	(29.0, 350628.0)	(30.0, 492423.0)	(31.0, 672630.0)	(32.0, 879633.0)	(33.0, 1228423.0)	(34.0, 1851236.0)	(35.0, 3637364.0)	(36.0, 10948598.0)	(37.0, 552249.0)							
/ | scratch | karcher | fastqc | 240813_MG011_PRISMA_NovaSeq_final_for_Q | H5YFCDSXC_240813_MG_PRISMA_24s001116-1-1_Gross_lane1MG369 | H5YFCDSXC_240813_MG_PRISMA_24s001116-1-1_Gross_lane1MG369_1	(14.0, 1.0)	(15.0, 17.0)	(16.0, 74.0)	(17.0, 152.0)	(18.0, 332.0)	(19.0, 754.0)	(20.0, 1615.0)	(21.0, 3410.0)	(22.0, 6676.0)	(23.0, 13586.0)	(24.0, 26772.0)	(25.0, 51891.0)	(26.0, 94201.0)	(27.0, 165799.0)	(28.0, 264253.0)	(29.0, 400868.0)	(30.0, 559118.0)	(31.0, 765082.0)	(32.0, 1033310.0)	(33.0, 1508456.0)	(34.0, 2027552.0)	(35.0, 4023700.0)	(36.0, 13062226.0)	(37.0, 704212.0)							
/ | scratch | karcher | fastqc | 240813_MG011_PRISMA_NovaSeq_final_for_Q | H5YFCDSXC_240813_MG_PRISMA_24s001116-1-1_Gross_lane1MG369 | H5YFCDSXC_240813_MG_PRISMA_24s001116-1-1_Gross_lane1MG369_2	(11.0, 2.0)	(12.0, 216.0)	(13.0, 1096.0)	(14.0, 1585.0)	(15.0, 1517.0)	(16.0, 1423.0)	(17.0, 1561.0)	(18.0, 2543.0)	(19.0, 5031.0)	(20.0, 11236.0)	(21.0, 22880.0)	(22.0, 41729.0)	(23.0, 72508.0)	(24.0, 99102.0)	(25.0, 103330.0)	(26.0, 118257.0)	(27.0, 158481.0)	(28.0, 207116.0)	(29.0, 280223.0)	(30.0, 383176.0)	(31.0, 552990.0)	(32.0, 810935.0)	(33.0, 1322729.0)	(34.0, 2391910.0)	(35.0, 5655780.0)	(36.0, 12055234.0)	(37.0, 411467.0)				
/ | scratch | karcher | fastqc | 240813_MG011_PRISMA_NovaSeq_final_for_Q | H5YFCDSXC_240813_MG_PRISMA_24s001116-1-1_Gross_lane1MG370 | H5YFCDSXC_240813_MG_PRISMA_24s001116-1-1_Gross_lane1MG370_1	(15.0, 16.0)	(16.0, 62.0)	(17.0, 102.0)	(18.0, 324.0)	(19.0, 820.0)	(20.0, 1743.0)	(21.0, 4033.0)	(22.0, 8409.0)	(23.0, 17063.0)	(24.0, 32641.0)	(25.0, 62855.0)	(26.0, 111970.0)	(27.0, 194135.0)	(28.0, 303170.0)	(29.0, 452086.0)	(30.0, 621725.0)	(31.0, 834643.0)	(32.0, 1073586.0)	(33.0, 1484644.0)	(34.0, 2225470.0)	(35.0, 4396003.0)	(36.0, 12710060.0)	(37.0, 550180.0)								
/ | scratch | karcher | fastqc | 240813_MG011_PRISMA_NovaSeq_final_for_Q | H5YFCDSXC_240813_MG_PRISMA_24s001116-1-1_Gross_lane1MG370 | H5YFCDSXC_240813_MG_PRISMA_24s001116-1-1_Gross_lane1MG370_2	(11.0, 4.0)	(12.0, 225.0)	(13.0, 1160.0)	(14.0, 1632.0)	(15.0, 1480.0)	(16.0, 1411.0)	(17.0, 1619.0)	(18.0, 2751.0)	(19.0, 5872.0)	(20.0, 12690.0)	(21.0, 24864.0)	(22.0, 43642.0)	(23.0, 72230.0)	(24.0, 104210.0)	(25.0, 126637.0)	(26.0, 139240.0)	(27.0, 182098.0)	(28.0, 240208.0)	(29.0, 327934.0)	(30.0, 448821.0)	(31.0, 648805.0)	(32.0, 952171.0)	(33.0, 1552273.0)	(34.0, 2763425.0)	(35.0, 6163623.0)	(36.0, 11003979.0)	(37.0, 262736.0)				
/ | scratch | karcher | fastqc | 240813_MG011_PRISMA_NovaSeq_final_for_Q | H5YFCDSXC_240813_MG_PRISMA_24s001116-1-1_Gross_lane1MG371 | H5YFCDSXC_240813_MG_PRISMA_24s001116-1-1_Gross_lane1MG371_1	(14.0, 1.0)	(15.0, 23.0)	(16.0, 57.0)	(17.0, 168.0)	(18.0, 341.0)	(19.0, 726.0)	(20.0, 1576.0)	(21.0, 3429.0)	(22.0, 7179.0)	(23.0, 13984.0)	(24.0, 26851.0)	(25.0, 50652.0)	(26.0, 90829.0)	(27.0, 158139.0)	(28.0, 249573.0)	(29.0, 374640.0)	(30.0, 520130.0)	(31.0, 705147.0)	(32.0, 916467.0)	(33.0, 1271785.0)	(34.0, 1928426.0)	(35.0, 3798848.0)	(36.0, 11903856.0)	(37.0, 640693.0)							
/ | scratch | karcher | fastqc | 240813_MG011_PRISMA_NovaSeq_final_for_Q | H5YFCDSXC_240813_MG_PRISMA_24s001116-1-1_Gross_lane1MG371 | H5YFCDSXC_240813_MG_PRISMA_24s001116-1-1_Gross_lane1MG371_2	(11.0, 6.0)	(12.0, 248.0)	(13.0, 1247.0)	(14.0, 1842.0)	(15.0, 1770.0)	(16.0, 1653.0)	(17.0, 1941.0)	(18.0, 3244.0)	(19.0, 7146.0)	(20.0, 15351.0)	(21.0, 30313.0)	(22.0, 52919.0)	(23.0, 84455.0)	(24.0, 114590.0)	(25.0, 133479.0)	(26.0, 154728.0)	(27.0, 200840.0)	(28.0, 259496.0)	(29.0, 347091.0)	(30.0, 465839.0)	(31.0, 661248.0)	(32.0, 948736.0)	(33.0, 1506901.0)	(34.0, 2605638.0)	(35.0, 5567862.0)	(36.0, 9270872.0)	(37.0, 224065.0)				
/ | scratch | karcher | fastqc | 240813_MG011_PRISMA_NovaSeq_final_for_Q | H5YFCDSXC_240813_MG_PRISMA_24s001116-1-1_Gross_lane1MG372 | H5YFCDSXC_240813_MG_PRISMA_24s001116-1-1_Gross_lane1MG372_1	(14.0, 1.0)	(15.0, 7.0)	(16.0, 42.0)	(17.0, 116.0)	(18.0, 210.0)	(19.0, 510.0)	(20.0, 1030.0)	(21.0, 2165.0)	(22.0, 4187.0)	(23.0, 8410.0)	(24.0, 16591.0)	(25.0, 33877.0)	(26.0, 64351.0)	(27.0, 118724.0)	(28.0, 197551.0)	(29.0, 312404.0)	(30.0, 448421.0)	(31.0, 632561.0)	(32.0, 918346.0)	(33.0, 1152337.0)	(34.0, 1687285.0)	(35.0, 3513623.0)	(36.0, 11686598.0)	(37.0, 596378.0)							
/ | scratch | karcher | fastqc | 240813_MG011_PRISMA_NovaSeq_final_for_Q | H5YFCDSXC_240813_MG_PRISMA_24s001116-1-1_Gross_lane1MG372 | H5YFCDSXC_240813_MG_PRISMA_24s001116-1-1_Gross_lane1MG372_2	(11.0, 11.0)	(12.0, 396.0)	(13.0, 1635.0)	(14.0, 1969.0)	(15.0, 1676.0)	(16.0, 1492.0)	(17.0, 1740.0)	(18.0, 2857.0)	(19.0, 6093.0)	(20.0, 12646.0)	(21.0, 24209.0)	(22.0, 41080.0)	(23.0, 64836.0)	(24.0, 91035.0)	(25.0, 110685.0)	(26.0, 124091.0)	(27.0, 159262.0)	(28.0, 207868.0)	(29.0, 282064.0)	(30.0, 388009.0)	(31.0, 561495.0)	(32.0, 829542.0)	(33.0, 1354012.0)	(34.0, 2425932.0)	(35.0, 5392032.0)	(36.0, 9104478.0)	(37.0, 204580.0)				
/ | scratch | karcher | fastqc | 240813_MG011_PRISMA_NovaSeq_final_for_Q | H5YFCDSXC_240813_MG_PRISMA_24s001116-1-1_Gross_lane1MG373 | H5YFCDSXC_240813_MG_PRISMA_24s001116-1-1_Gross_lane1MG373_1	(14.0, 1.0)	(15.0, 14.0)	(16.0, 46.0)	(17.0, 148.0)	(18.0, 359.0)	(19.0, 736.0)	(20.0, 1530.0)	(21.0, 3201.0)	(22.0, 6310.0)	(23.0, 13203.0)	(24.0, 25638.0)	(25.0, 51278.0)	(26.0, 95029.0)	(27.0, 171566.0)	(28.0, 279078.0)	(29.0, 430686.0)	(30.0, 610477.0)	(31.0, 846398.0)	(32.0, 1134054.0)	(33.0, 1649572.0)	(34.0, 2321832.0)	(35.0, 4736217.0)	(36.0, 15559937.0)	(37.0, 811657.0)							
/ | scratch | karcher | fastqc | 240813_MG011_PRISMA_NovaSeq_final_for_Q | H5YFCDSXC_240813_MG_PRISMA_24s001116-1-1_Gross_lane1MG373 | H5YFCDSXC_240813_MG_PRISMA_24s001116-1-1_Gross_lane1MG373_2	(11.0, 2.0)	(12.0, 107.0)	(13.0, 709.0)	(14.0, 1351.0)	(15.0, 1694.0)	(16.0, 1703.0)	(17.0, 2078.0)	(18.0, 3124.0)	(19.0, 5991.0)	(20.0, 12784.0)	(21.0, 25128.0)	(22.0, 46126.0)	(23.0, 81167.0)	(24.0, 91323.0)	(25.0, 98779.0)	(26.0, 127058.0)	(27.0, 173324.0)	(28.0, 233983.0)	(29.0, 324259.0)	(30.0, 452307.0)	(31.0, 659268.0)	(32.0, 978545.0)	(33.0, 1610789.0)	(34.0, 2929557.0)	(35.0, 6848925.0)	(36.0, 13660463.0)	(37.0, 378423.0)				
/ | scratch | karcher | fastqc | 240813_MG011_PRISMA_NovaSeq_final_for_Q | H5YFCDSXC_240813_MG_PRISMA_24s001116-1-1_Gross_lane1MG374 | H5YFCDSXC_240813_MG_PRISMA_24s001116-1-1_Gross_lane1MG374_1	(14.0, 4.0)	(15.0, 8.0)	(16.0, 43.0)	(17.0, 114.0)	(18.0, 253.0)	(19.0, 606.0)	(20.0, 1418.0)	(21.0, 3067.0)	(22.0, 6362.0)	(23.0, 13399.0)	(24.0, 26759.0)	(25.0, 51757.0)	(26.0, 93509.0)	(27.0, 165971.0)	(28.0, 264959.0)	(29.0, 400787.0)	(30.0, 559798.0)	(31.0, 766507.0)	(32.0, 996214.0)	(33.0, 1376926.0)	(34.0, 2093531.0)	(35.0, 4264000.0)	(36.0, 13449508.0)	(37.0, 730001.0)							
/ | scratch | karcher | fastqc | 240813_MG011_PRISMA_NovaSeq_final_for_Q | H5YFCDSXC_240813_MG_PRISMA_24s001116-1-1_Gross_lane1MG374 | H5YFCDSXC_240813_MG_PRISMA_24s001116-1-1_Gross_lane1MG374_2	(11.0, 6.0)	(12.0, 210.0)	(13.0, 1091.0)	(14.0, 1722.0)	(15.0, 1709.0)	(16.0, 1566.0)	(17.0, 1802.0)	(18.0, 2658.0)	(19.0, 5418.0)	(20.0, 11624.0)	(21.0, 24073.0)	(22.0, 43867.0)	(23.0, 78009.0)	(24.0, 99332.0)	(25.0, 102445.0)	(26.0, 123744.0)	(27.0, 166304.0)	(28.0, 217960.0)	(29.0, 298296.0)	(30.0, 407079.0)	(31.0, 586769.0)	(32.0, 853520.0)	(33.0, 1381646.0)	(34.0, 2464644.0)	(35.0, 5755022.0)	(36.0, 12237076.0)	(37.0, 397909.0)				
/ | scratch | karcher | fastqc | 240813_MG011_PRISMA_NovaSeq_final_for_Q | H5YFCDSXC_240813_MG_PRISMA_24s001116-1-1_Gross_lane1MG375 | H5YFCDSXC_240813_MG_PRISMA_24s001116-1-1_Gross_lane1MG375_1	(14.0, 1.0)	(15.0, 18.0)	(16.0, 68.0)	(17.0, 207.0)	(18.0, 466.0)	(19.0, 1164.0)	(20.0, 2485.0)	(21.0, 5416.0)	(22.0, 11331.0)	(23.0, 22492.0)	(24.0, 41613.0)	(25.0, 77600.0)	(26.0, 133195.0)	(27.0, 227730.0)	(28.0, 355709.0)	(29.0, 529655.0)	(30.0, 734309.0)	(31.0, 994499.0)	(32.0, 1290417.0)	(33.0, 1795682.0)	(34.0, 2697764.0)	(35.0, 5244428.0)	(36.0, 16210979.0)	(37.0, 873053.0)							
/ | scratch | karcher | fastqc | 240813_MG011_PRISMA_NovaSeq_final_for_Q | H5YFCDSXC_240813_MG_PRISMA_24s001116-1-1_Gross_lane1MG375 | H5YFCDSXC_240813_MG_PRISMA_24s001116-1-1_Gross_lane1MG375_2	(11.0, 3.0)	(12.0, 239.0)	(13.0, 1226.0)	(14.0, 1959.0)	(15.0, 2068.0)	(16.0, 1999.0)	(17.0, 2493.0)	(18.0, 3833.0)	(19.0, 8526.0)	(20.0, 18944.0)	(21.0, 38693.0)	(22.0, 70492.0)	(23.0, 119753.0)	(24.0, 152181.0)	(25.0, 161419.0)	(26.0, 191898.0)	(27.0, 251788.0)	(28.0, 324840.0)	(29.0, 434928.0)	(30.0, 583775.0)	(31.0, 823921.0)	(32.0, 1174611.0)	(33.0, 1857310.0)	(34.0, 3206993.0)	(35.0, 7111638.0)	(36.0, 14276623.0)	(37.0, 428128.0)				
/ | scratch | karcher | fastqc | 240813_MG011_PRISMA_NovaSeq_final_for_Q | H5YFCDSXC_240813_MG_PRISMA_24s001116-1-1_Gross_lane1MG376 | H5YFCDSXC_240813_MG_PRISMA_24s001116-1-1_Gross_lane1MG376_1	(15.0, 11.0)	(16.0, 45.0)	(17.0, 146.0)	(18.0, 291.0)	(19.0, 635.0)	(20.0, 1224.0)	(21.0, 2832.0)	(22.0, 5880.0)	(23.0, 12770.0)	(24.0, 25181.0)	(25.0, 49717.0)	(26.0, 88960.0)	(27.0, 156711.0)	(28.0, 247763.0)	(29.0, 372495.0)	(30.0, 513162.0)	(31.0, 694296.0)	(32.0, 900558.0)	(33.0, 1280800.0)	(34.0, 1864804.0)	(35.0, 3652037.0)	(36.0, 12112172.0)	(37.0, 684750.0)								
/ | scratch | karcher | fastqc | 240813_MG011_PRISMA_NovaSeq_final_for_Q | H5YFCDSXC_240813_MG_PRISMA_24s001116-1-1_Gross_lane1MG376 | H5YFCDSXC_240813_MG_PRISMA_24s001116-1-1_Gross_lane1MG376_2	(11.0, 5.0)	(12.0, 180.0)	(13.0, 845.0)	(14.0, 1359.0)	(15.0, 1357.0)	(16.0, 1287.0)	(17.0, 1546.0)	(18.0, 2222.0)	(19.0, 4143.0)	(20.0, 8243.0)	(21.0, 17538.0)	(22.0, 33848.0)	(23.0, 62869.0)	(24.0, 75893.0)	(25.0, 76740.0)	(26.0, 94252.0)	(27.0, 128175.0)	(28.0, 171490.0)	(29.0, 237012.0)	(30.0, 327946.0)	(31.0, 477910.0)	(32.0, 704888.0)	(33.0, 1158257.0)	(34.0, 2107587.0)	(35.0, 5064754.0)	(36.0, 11502495.0)	(37.0, 404399.0)				
/ | scratch | karcher | fastqc | 240813_MG011_PRISMA_NovaSeq_final_for_Q | H5YFCDSXC_240813_MG_PRISMA_24s001116-1-1_Gross_lane1MG377 | H5YFCDSXC_240813_MG_PRISMA_24s001116-1-1_Gross_lane1MG377_1	(14.0, 1.0)	(15.0, 16.0)	(16.0, 40.0)	(17.0, 139.0)	(18.0, 306.0)	(19.0, 577.0)	(20.0, 1230.0)	(21.0, 2613.0)	(22.0, 5532.0)	(23.0, 10840.0)	(24.0, 20612.0)	(25.0, 38470.0)	(26.0, 68593.0)	(27.0, 118839.0)	(28.0, 187585.0)	(29.0, 283888.0)	(30.0, 396695.0)	(31.0, 549609.0)	(32.0, 783164.0)	(33.0, 972414.0)	(34.0, 1389051.0)	(35.0, 2741107.0)	(36.0, 8692008.0)	(37.0, 504754.0)							
/ | scratch | karcher | fastqc | 240813_MG011_PRISMA_NovaSeq_final_for_Q | H5YFCDSXC_240813_MG_PRISMA_24s001116-1-1_Gross_lane1MG377 | H5YFCDSXC_240813_MG_PRISMA_24s001116-1-1_Gross_lane1MG377_2	(11.0, 4.0)	(12.0, 140.0)	(13.0, 668.0)	(14.0, 977.0)	(15.0, 964.0)	(16.0, 947.0)	(17.0, 1174.0)	(18.0, 1895.0)	(19.0, 4289.0)	(20.0, 9453.0)	(21.0, 18775.0)	(22.0, 33057.0)	(23.0, 53028.0)	(24.0, 73903.0)	(25.0, 86758.0)	(26.0, 101908.0)	(27.0, 134112.0)	(28.0, 173135.0)	(29.0, 232634.0)	(30.0, 314739.0)	(31.0, 444178.0)	(32.0, 639252.0)	(33.0, 1013605.0)	(34.0, 1758960.0)	(35.0, 3883755.0)	(36.0, 7552577.0)	(37.0, 233196.0)				
/ | scratch | karcher | fastqc | 240813_MG011_PRISMA_NovaSeq_final_for_Q | H5YFCDSXC_240813_MG_PRISMA_24s001116-1-1_Gross_lane1MG378 | H5YFCDSXC_240813_MG_PRISMA_24s001116-1-1_Gross_lane1MG378_1	(14.0, 1.0)	(15.0, 10.0)	(16.0, 34.0)	(17.0, 90.0)	(18.0, 204.0)	(19.0, 433.0)	(20.0, 969.0)	(21.0, 2019.0)	(22.0, 4001.0)	(23.0, 7740.0)	(24.0, 14224.0)	(25.0, 27467.0)	(26.0, 49822.0)	(27.0, 90631.0)	(28.0, 150192.0)	(29.0, 237247.0)	(30.0, 348583.0)	(31.0, 493520.0)	(32.0, 666809.0)	(33.0, 967337.0)	(34.0, 1527532.0)	(35.0, 2868907.0)	(36.0, 8778381.0)	(37.0, 469991.0)							
/ | scratch | karcher | fastqc | 240813_MG011_PRISMA_NovaSeq_final_for_Q | H5YFCDSXC_240813_MG_PRISMA_24s001116-1-1_Gross_lane1MG378 | H5YFCDSXC_240813_MG_PRISMA_24s001116-1-1_Gross_lane1MG378_2	(11.0, 7.0)	(12.0, 378.0)	(13.0, 1395.0)	(14.0, 1790.0)	(15.0, 1776.0)	(16.0, 1802.0)	(17.0, 2224.0)	(18.0, 3700.0)	(19.0, 7599.0)	(20.0, 16025.0)	(21.0, 31185.0)	(22.0, 54809.0)	(23.0, 94444.0)	(24.0, 144178.0)	(25.0, 148945.0)	(26.0, 120140.0)	(27.0, 140646.0)	(28.0, 177435.0)	(29.0, 234629.0)	(30.0, 313298.0)	(31.0, 441673.0)	(32.0, 630959.0)	(33.0, 998945.0)	(34.0, 1734827.0)	(35.0, 3813724.0)	(36.0, 7365184.0)	(37.0, 224427.0)				
/ | scratch | karcher | fastqc | 240813_MG011_PRISMA_NovaSeq_final_for_Q | H5YFCDSXC_240813_MG_PRISMA_24s001116-1-1_Gross_lane1MG379 | H5YFCDSXC_240813_MG_PRISMA_24s001116-1-1_Gross_lane1MG379_1	(14.0, 1.0)	(15.0, 3.0)	(16.0, 34.0)	(17.0, 74.0)	(18.0, 184.0)	(19.0, 442.0)	(20.0, 859.0)	(21.0, 2090.0)	(22.0, 4386.0)	(23.0, 9325.0)	(24.0, 18272.0)	(25.0, 36763.0)	(26.0, 67743.0)	(27.0, 121325.0)	(28.0, 196667.0)	(29.0, 302678.0)	(30.0, 423442.0)	(31.0, 580209.0)	(32.0, 759442.0)	(33.0, 1066663.0)	(34.0, 1609302.0)	(35.0, 3129786.0)	(36.0, 10236525.0)	(37.0, 576354.0)							
/ | scratch | karcher | fastqc | 240813_MG011_PRISMA_NovaSeq_final_for_Q | H5YFCDSXC_240813_MG_PRISMA_24s001116-1-1_Gross_lane1MG379 | H5YFCDSXC_240813_MG_PRISMA_24s001116-1-1_Gross_lane1MG379_2	(11.0, 8.0)	(12.0, 180.0)	(13.0, 804.0)	(14.0, 1196.0)	(15.0, 1142.0)	(16.0, 1006.0)	(17.0, 1217.0)	(18.0, 1865.0)	(19.0, 3447.0)	(20.0, 7531.0)	(21.0, 15744.0)	(22.0, 28896.0)	(23.0, 51201.0)	(24.0, 67535.0)	(25.0, 71390.0)	(26.0, 85477.0)	(27.0, 115238.0)	(28.0, 154336.0)	(29.0, 212705.0)	(30.0, 293568.0)	(31.0, 425624.0)	(32.0, 625655.0)	(33.0, 1024044.0)	(34.0, 1845701.0)	(35.0, 4341097.0)	(36.0, 9454377.0)	(37.0, 311585.0)				
/ | scratch | karcher | fastqc | 240813_MG011_PRISMA_NovaSeq_final_for_Q | H5YFCDSXC_240813_MG_PRISMA_24s001116-1-1_Gross_lane1MG380 | H5YFCDSXC_240813_MG_PRISMA_24s001116-1-1_Gross_lane1MG380_1	(14.0, 3.0)	(15.0, 16.0)	(16.0, 45.0)	(17.0, 166.0)	(18.0, 346.0)	(19.0, 706.0)	(20.0, 1606.0)	(21.0, 3398.0)	(22.0, 7019.0)	(23.0, 14483.0)	(24.0, 27671.0)	(25.0, 51911.0)	(26.0, 91151.0)	(27.0, 155294.0)	(28.0, 241491.0)	(29.0, 360420.0)	(30.0, 495933.0)	(31.0, 668753.0)	(32.0, 863065.0)	(33.0, 1199103.0)	(34.0, 1794624.0)	(35.0, 3482863.0)	(36.0, 10979281.0)	(37.0, 607111.0)							
/ | scratch | karcher | fastqc | 240813_MG011_PRISMA_NovaSeq_final_for_Q | H5YFCDSXC_240813_MG_PRISMA_24s001116-1-1_Gross_lane1MG380 | H5YFCDSXC_240813_MG_PRISMA_24s001116-1-1_Gross_lane1MG380_2	(11.0, 8.0)	(12.0, 340.0)	(13.0, 1264.0)	(14.0, 1498.0)	(15.0, 1410.0)	(16.0, 1323.0)	(17.0, 1577.0)	(18.0, 2540.0)	(19.0, 5979.0)	(20.0, 13322.0)	(21.0, 27304.0)	(22.0, 47981.0)	(23.0, 76827.0)	(24.0, 107508.0)	(25.0, 128239.0)	(26.0, 139471.0)	(27.0, 175004.0)	(28.0, 224110.0)	(29.0, 298532.0)	(30.0, 400736.0)	(31.0, 566167.0)	(32.0, 812094.0)	(33.0, 1294167.0)	(34.0, 2255172.0)	(35.0, 4975934.0)	(36.0, 9230121.0)	(37.0, 257831.0)				
/ | scratch | karcher | fastqc | 240813_MG011_PRISMA_NovaSeq_final_for_Q | H5YFCDSXC_240813_MG_PRISMA_24s001116-1-1_Gross_lane1MG381 | H5YFCDSXC_240813_MG_PRISMA_24s001116-1-1_Gross_lane1MG381_1	(14.0, 2.0)	(15.0, 5.0)	(16.0, 34.0)	(17.0, 98.0)	(18.0, 209.0)	(19.0, 463.0)	(20.0, 1027.0)	(21.0, 2161.0)	(22.0, 3924.0)	(23.0, 7570.0)	(24.0, 14318.0)	(25.0, 27745.0)	(26.0, 51531.0)	(27.0, 95708.0)	(28.0, 158534.0)	(29.0, 249127.0)	(30.0, 359750.0)	(31.0, 502208.0)	(32.0, 675387.0)	(33.0, 990594.0)	(34.0, 1404033.0)	(35.0, 2763231.0)	(36.0, 9535443.0)	(37.0, 598218.0)							
/ | scratch | karcher | fastqc | 240813_MG011_PRISMA_NovaSeq_final_for_Q | H5YFCDSXC_240813_MG_PRISMA_24s001116-1-1_Gross_lane1MG381 | H5YFCDSXC_240813_MG_PRISMA_24s001116-1-1_Gross_lane1MG381_2	(11.0, 3.0)	(12.0, 171.0)	(13.0, 892.0)	(14.0, 1307.0)	(15.0, 1235.0)	(16.0, 1184.0)	(17.0, 1289.0)	(18.0, 1812.0)	(19.0, 3610.0)	(20.0, 7508.0)	(21.0, 15273.0)	(22.0, 27617.0)	(23.0, 47290.0)	(24.0, 61960.0)	(25.0, 63795.0)	(26.0, 74727.0)	(27.0, 101603.0)	(28.0, 135113.0)	(29.0, 186067.0)	(30.0, 258148.0)	(31.0, 374123.0)	(32.0, 547425.0)	(33.0, 894895.0)	(34.0, 1605817.0)	(35.0, 3810592.0)	(36.0, 8889967.0)	(37.0, 327897.0)				
/ | scratch | karcher | fastqc | 240813_MG011_PRISMA_NovaSeq_final_for_Q | H5YFCDSXC_240813_MG_PRISMA_24s001116-1-1_Gross_lane1MG382 | H5YFCDSXC_240813_MG_PRISMA_24s001116-1-1_Gross_lane1MG382_1	(14.0, 1.0)	(15.0, 15.0)	(16.0, 48.0)	(17.0, 154.0)	(18.0, 329.0)	(19.0, 706.0)	(20.0, 1499.0)	(21.0, 3158.0)	(22.0, 6608.0)	(23.0, 13906.0)	(24.0, 26743.0)	(25.0, 52262.0)	(26.0, 92915.0)	(27.0, 162181.0)	(28.0, 252550.0)	(29.0, 379511.0)	(30.0, 525190.0)	(31.0, 720057.0)	(32.0, 1010206.0)	(33.0, 1334397.0)	(34.0, 1834517.0)	(35.0, 3671176.0)	(36.0, 11693096.0)	(37.0, 637916.0)							
/ | scratch | karcher | fastqc | 240813_MG011_PRISMA_NovaSeq_final_for_Q | H5YFCDSXC_240813_MG_PRISMA_24s001116-1-1_Gross_lane1MG382 | H5YFCDSXC_240813_MG_PRISMA_24s001116-1-1_Gross_lane1MG382_2	(11.0, 6.0)	(12.0, 169.0)	(13.0, 1083.0)	(14.0, 1529.0)	(15.0, 1416.0)	(16.0, 1356.0)	(17.0, 1591.0)	(18.0, 2238.0)	(19.0, 4455.0)	(20.0, 9473.0)	(21.0, 19817.0)	(22.0, 35605.0)	(23.0, 60516.0)	(24.0, 82990.0)	(25.0, 91884.0)	(26.0, 107583.0)	(27.0, 144200.0)	(28.0, 190256.0)	(29.0, 260256.0)	(30.0, 355332.0)	(31.0, 510591.0)	(32.0, 745455.0)	(33.0, 1208446.0)	(34.0, 2160514.0)	(35.0, 5041230.0)	(36.0, 10991680.0)	(37.0, 389470.0)				
/ | scratch | karcher | fastqc | 240813_MG011_PRISMA_NovaSeq_final_for_Q | H5YFCDSXC_240813_MG_PRISMA_24s001116-1-1_Gross_lane1MG383 | H5YFCDSXC_240813_MG_PRISMA_24s001116-1-1_Gross_lane1MG383_1	(14.0, 1.0)	(15.0, 5.0)	(16.0, 34.0)	(17.0, 95.0)	(18.0, 210.0)	(19.0, 544.0)	(20.0, 1165.0)	(21.0, 2531.0)	(22.0, 5330.0)	(23.0, 11505.0)	(24.0, 23708.0)	(25.0, 48752.0)	(26.0, 91781.0)	(27.0, 166354.0)	(28.0, 269240.0)	(29.0, 411227.0)	(30.0, 576412.0)	(31.0, 784310.0)	(32.0, 1018170.0)	(33.0, 1402821.0)	(34.0, 2131839.0)	(35.0, 4394185.0)	(36.0, 14775487.0)	(37.0, 816738.0)							
/ | scratch | karcher | fastqc | 240813_MG011_PRISMA_NovaSeq_final_for_Q | H5YFCDSXC_240813_MG_PRISMA_24s001116-1-1_Gross_lane1MG383 | H5YFCDSXC_240813_MG_PRISMA_24s001116-1-1_Gross_lane1MG383_2	(11.0, 5.0)	(12.0, 213.0)	(13.0, 1099.0)	(14.0, 1735.0)	(15.0, 1685.0)	(16.0, 1626.0)	(17.0, 1722.0)	(18.0, 2450.0)	(19.0, 4432.0)	(20.0, 9167.0)	(21.0, 18326.0)	(22.0, 34706.0)	(23.0, 62977.0)	(24.0, 85111.0)	(25.0, 88001.0)	(26.0, 106009.0)	(27.0, 145140.0)	(28.0, 195629.0)	(29.0, 272332.0)	(30.0, 380771.0)	(31.0, 558461.0)	(32.0, 832725.0)	(33.0, 1382762.0)	(34.0, 2550569.0)	(35.0, 6198714.0)	(36.0, 13567004.0)	(37.0, 429073.0)				
/ | scratch | karcher | fastqc | 240813_MG011_PRISMA_NovaSeq_final_for_Q | H5YFCDSXC_240813_MG_PRISMA_24s001116-1-1_Gross_lane1MG384 | H5YFCDSXC_240813_MG_PRISMA_24s001116-1-1_Gross_lane1MG384_1	(15.0, 22.0)	(16.0, 83.0)	(17.0, 254.0)	(18.0, 496.0)	(19.0, 1101.0)	(20.0, 2031.0)	(21.0, 4134.0)	(22.0, 7927.0)	(23.0, 15151.0)	(24.0, 28258.0)	(25.0, 52113.0)	(26.0, 92725.0)	(27.0, 161849.0)	(28.0, 259012.0)	(29.0, 395305.0)	(30.0, 555431.0)	(31.0, 764651.0)	(32.0, 1005556.0)	(33.0, 1424194.0)	(34.0, 2117723.0)	(35.0, 4116046.0)	(36.0, 12924882.0)	(37.0, 721274.0)								
/ | scratch | karcher | fastqc | 240813_MG011_PRISMA_NovaSeq_final_for_Q | H5YFCDSXC_240813_MG_PRISMA_24s001116-1-1_Gross_lane1MG384 | H5YFCDSXC_240813_MG_PRISMA_24s001116-1-1_Gross_lane1MG384_2	(11.0, 2.0)	(12.0, 164.0)	(13.0, 891.0)	(14.0, 1428.0)	(15.0, 1547.0)	(16.0, 1476.0)	(17.0, 1701.0)	(18.0, 2435.0)	(19.0, 4712.0)	(20.0, 10438.0)	(21.0, 22445.0)	(22.0, 42057.0)	(23.0, 73130.0)	(24.0, 93267.0)	(25.0, 99386.0)	(26.0, 120627.0)	(27.0, 161671.0)	(28.0, 213895.0)	(29.0, 292430.0)	(30.0, 398714.0)	(31.0, 573298.0)	(32.0, 833675.0)	(33.0, 1345387.0)	(34.0, 2389243.0)	(35.0, 5524957.0)	(36.0, 12031942.0)	(37.0, 409300.0)				
/ | scratch | karcher | fastqc | 240813_MG011_PRISMA_NovaSeq_final_for_Q | H5YFCDSXC_240813_MG_PRISMA_24s001116-1-1_Gross_lane1MG385 | H5YFCDSXC_240813_MG_PRISMA_24s001116-1-1_Gross_lane1MG385_1	(14.0, 3.0)	(15.0, 15.0)	(16.0, 49.0)	(17.0, 152.0)	(18.0, 336.0)	(19.0, 709.0)	(20.0, 1516.0)	(21.0, 3045.0)	(22.0, 5996.0)	(23.0, 12130.0)	(24.0, 22899.0)	(25.0, 43624.0)	(26.0, 78938.0)	(27.0, 138422.0)	(28.0, 222009.0)	(29.0, 340571.0)	(30.0, 480182.0)	(31.0, 663635.0)	(32.0, 893097.0)	(33.0, 1304898.0)	(34.0, 1801384.0)	(35.0, 3541604.0)	(36.0, 11429745.0)	(37.0, 646368.0)							
/ | scratch | karcher | fastqc | 240813_MG011_PRISMA_NovaSeq_final_for_Q | H5YFCDSXC_240813_MG_PRISMA_24s001116-1-1_Gross_lane1MG385 | H5YFCDSXC_240813_MG_PRISMA_24s001116-1-1_Gross_lane1MG385_2	(11.0, 10.0)	(12.0, 357.0)	(13.0, 1473.0)	(14.0, 1946.0)	(15.0, 1738.0)	(16.0, 1631.0)	(17.0, 1975.0)	(18.0, 3008.0)	(19.0, 6601.0)	(20.0, 14627.0)	(21.0, 29758.0)	(22.0, 51347.0)	(23.0, 83445.0)	(24.0, 113451.0)	(25.0, 126920.0)	(26.0, 144370.0)	(27.0, 187703.0)	(28.0, 240577.0)	(29.0, 322659.0)	(30.0, 432190.0)	(31.0, 609443.0)	(32.0, 870131.0)	(33.0, 1374555.0)	(34.0, 2368649.0)	(35.0, 5127796.0)	(36.0, 9261618.0)	(37.0, 253349.0)				
/ | scratch | karcher | fastqc | 240813_MG011_PRISMA_NovaSeq_final_for_Q | H5YFCDSXC_240813_MG_PRISMA_24s001116-1-1_Gross_lane1MG386 | H5YFCDSXC_240813_MG_PRISMA_24s001116-1-1_Gross_lane1MG386_1	(14.0, 2.0)	(15.0, 27.0)	(16.0, 73.0)	(17.0, 224.0)	(18.0, 413.0)	(19.0, 835.0)	(20.0, 1646.0)	(21.0, 3414.0)	(22.0, 6873.0)	(23.0, 13342.0)	(24.0, 24792.0)	(25.0, 47374.0)	(26.0, 86026.0)	(27.0, 154004.0)	(28.0, 246347.0)	(29.0, 378024.0)	(30.0, 533099.0)	(31.0, 733248.0)	(32.0, 962572.0)	(33.0, 1349753.0)	(34.0, 2062157.0)	(35.0, 4045827.0)	(36.0, 13674797.0)	(37.0, 840615.0)							
/ | scratch | karcher | fastqc | 240813_MG011_PRISMA_NovaSeq_final_for_Q | H5YFCDSXC_240813_MG_PRISMA_24s001116-1-1_Gross_lane1MG386 | H5YFCDSXC_240813_MG_PRISMA_24s001116-1-1_Gross_lane1MG386_2	(11.0, 4.0)	(12.0, 118.0)	(13.0, 681.0)	(14.0, 1239.0)	(15.0, 1429.0)	(16.0, 1483.0)	(17.0, 1683.0)	(18.0, 2505.0)	(19.0, 4827.0)	(20.0, 9774.0)	(21.0, 20061.0)	(22.0, 37650.0)	(23.0, 65751.0)	(24.0, 77993.0)	(25.0, 80919.0)	(26.0, 100329.0)	(27.0, 137278.0)	(28.0, 184841.0)	(29.0, 256017.0)	(30.0, 357013.0)	(31.0, 524596.0)	(32.0, 779988.0)	(33.0, 1289364.0)	(34.0, 2358644.0)	(35.0, 5652114.0)	(36.0, 12777830.0)	(37.0, 441353.0)				
/ | scratch | karcher | fastqc | 240813_MG011_PRISMA_NovaSeq_final_for_Q | H5YFCDSXC_240813_MG_PRISMA_24s001116-1-1_Gross_lane1MG387 | H5YFCDSXC_240813_MG_PRISMA_24s001116-1-1_Gross_lane1MG387_1	(14.0, 2.0)	(15.0, 15.0)	(16.0, 55.0)	(17.0, 157.0)	(18.0, 333.0)	(19.0, 761.0)	(20.0, 1492.0)	(21.0, 3241.0)	(22.0, 6558.0)	(23.0, 13087.0)	(24.0, 25352.0)	(25.0, 49152.0)	(26.0, 90310.0)	(27.0, 160817.0)	(28.0, 260559.0)	(29.0, 402043.0)	(30.0, 574157.0)	(31.0, 815375.0)	(32.0, 1208011.0)	(33.0, 1467551.0)	(34.0, 2133257.0)	(35.0, 4312664.0)	(36.0, 13789869.0)	(37.0, 784744.0)							
/ | scratch | karcher | fastqc | 240813_MG011_PRISMA_NovaSeq_final_for_Q | H5YFCDSXC_240813_MG_PRISMA_24s001116-1-1_Gross_lane1MG387 | H5YFCDSXC_240813_MG_PRISMA_24s001116-1-1_Gross_lane1MG387_2	(11.0, 9.0)	(12.0, 248.0)	(13.0, 1215.0)	(14.0, 1731.0)	(15.0, 1722.0)	(16.0, 1662.0)	(17.0, 2055.0)	(18.0, 3153.0)	(19.0, 6837.0)	(20.0, 14961.0)	(21.0, 30903.0)	(22.0, 55694.0)	(23.0, 92820.0)	(24.0, 125437.0)	(25.0, 143097.0)	(26.0, 170667.0)	(27.0, 227479.0)	(28.0, 299800.0)	(29.0, 409644.0)	(30.0, 555939.0)	(31.0, 799645.0)	(32.0, 1156415.0)	(33.0, 1843949.0)	(34.0, 3166880.0)	(35.0, 6565686.0)	(36.0, 10194902.0)	(37.0, 227012.0)				
/ | scratch | karcher | fastqc | 240813_MG011_PRISMA_NovaSeq_final_for_Q | H5YFCDSXC_240813_MG_PRISMA_24s001116-1-1_Gross_lane1MG388 | H5YFCDSXC_240813_MG_PRISMA_24s001116-1-1_Gross_lane1MG388_1	(14.0, 2.0)	(15.0, 17.0)	(16.0, 63.0)	(17.0, 180.0)	(18.0, 396.0)	(19.0, 775.0)	(20.0, 1653.0)	(21.0, 3202.0)	(22.0, 6699.0)	(23.0, 13457.0)	(24.0, 26452.0)	(25.0, 52452.0)	(26.0, 97136.0)	(27.0, 173582.0)	(28.0, 278828.0)	(29.0, 424618.0)	(30.0, 594868.0)	(31.0, 811193.0)	(32.0, 1058448.0)	(33.0, 1519978.0)	(34.0, 2213532.0)	(35.0, 4278818.0)	(36.0, 14000727.0)	(37.0, 777057.0)							
/ | scratch | karcher | fastqc | 240813_MG011_PRISMA_NovaSeq_final_for_Q | H5YFCDSXC_240813_MG_PRISMA_24s001116-1-1_Gross_lane1MG388 | H5YFCDSXC_240813_MG_PRISMA_24s001116-1-1_Gross_lane1MG388_2	(11.0, 9.0)	(12.0, 267.0)	(13.0, 1293.0)	(14.0, 1927.0)	(15.0, 1733.0)	(16.0, 1683.0)	(17.0, 1871.0)	(18.0, 2892.0)	(19.0, 6002.0)	(20.0, 12437.0)	(21.0, 24316.0)	(22.0, 42088.0)	(23.0, 70029.0)	(24.0, 96973.0)	(25.0, 110894.0)	(26.0, 126336.0)	(27.0, 165439.0)	(28.0, 217484.0)	(29.0, 297231.0)	(30.0, 408812.0)	(31.0, 590126.0)	(32.0, 861449.0)	(33.0, 1405162.0)	(34.0, 2540613.0)	(35.0, 6006430.0)	(36.0, 12901555.0)	(37.0, 439082.0)				
/ | scratch | karcher | fastqc | 240813_MG011_PRISMA_NovaSeq_final_for_Q | H5YFCDSXC_240813_MG_PRISMA_24s001116-1-1_Gross_lane1MG389 | H5YFCDSXC_240813_MG_PRISMA_24s001116-1-1_Gross_lane1MG389_1	(13.0, 1.0)	(14.0, 3.0)	(15.0, 25.0)	(16.0, 98.0)	(17.0, 261.0)	(18.0, 597.0)	(19.0, 1201.0)	(20.0, 2422.0)	(21.0, 5088.0)	(22.0, 10409.0)	(23.0, 21113.0)	(24.0, 40059.0)	(25.0, 76717.0)	(26.0, 136775.0)	(27.0, 239477.0)	(28.0, 381557.0)	(29.0, 579629.0)	(30.0, 811689.0)	(31.0, 1131115.0)	(32.0, 1644576.0)	(33.0, 2012888.0)	(34.0, 2883568.0)	(35.0, 5826877.0)	(36.0, 19368828.0)	(37.0, 1117212.0)						
/ | scratch | karcher | fastqc | 240813_MG011_PRISMA_NovaSeq_final_for_Q | H5YFCDSXC_240813_MG_PRISMA_24s001116-1-1_Gross_lane1MG389 | H5YFCDSXC_240813_MG_PRISMA_24s001116-1-1_Gross_lane1MG389_2	(11.0, 2.0)	(12.0, 167.0)	(13.0, 1041.0)	(14.0, 1804.0)	(15.0, 1941.0)	(16.0, 2019.0)	(17.0, 2355.0)	(18.0, 3291.0)	(19.0, 5915.0)	(20.0, 12684.0)	(21.0, 26404.0)	(22.0, 50495.0)	(23.0, 90198.0)	(24.0, 110499.0)	(25.0, 113242.0)	(26.0, 140129.0)	(27.0, 192332.0)	(28.0, 257329.0)	(29.0, 357289.0)	(30.0, 495136.0)	(31.0, 727401.0)	(32.0, 1078978.0)	(33.0, 1783670.0)	(34.0, 3270358.0)	(35.0, 7932509.0)	(36.0, 18903555.0)	(37.0, 731442.0)				
/ | scratch | karcher | fastqc | 240813_MG011_PRISMA_NovaSeq_final_for_Q | H5YFCDSXC_240813_MG_PRISMA_24s001116-1-1_Gross_lane1MG390 | H5YFCDSXC_240813_MG_PRISMA_24s001116-1-1_Gross_lane1MG390_1	(14.0, 9.0)	(15.0, 30.0)	(16.0, 75.0)	(17.0, 249.0)	(18.0, 477.0)	(19.0, 1110.0)	(20.0, 2061.0)	(21.0, 4659.0)	(22.0, 9013.0)	(23.0, 18079.0)	(24.0, 34616.0)	(25.0, 66606.0)	(26.0, 120211.0)	(27.0, 213522.0)	(28.0, 345461.0)	(29.0, 531694.0)	(30.0, 752172.0)	(31.0, 1039427.0)	(32.0, 1374537.0)	(33.0, 1981079.0)	(34.0, 2916220.0)	(35.0, 5687261.0)	(36.0, 19110494.0)	(37.0, 1113614.0)							
/ | scratch | karcher | fastqc | 240813_MG011_PRISMA_NovaSeq_final_for_Q | H5YFCDSXC_240813_MG_PRISMA_24s001116-1-1_Gross_lane1MG390 | H5YFCDSXC_240813_MG_PRISMA_24s001116-1-1_Gross_lane1MG390_2	(11.0, 8.0)	(12.0, 398.0)	(13.0, 1836.0)	(14.0, 2690.0)	(15.0, 2547.0)	(16.0, 2187.0)	(17.0, 2453.0)	(18.0, 3319.0)	(19.0, 6485.0)	(20.0, 13822.0)	(21.0, 27746.0)	(22.0, 52061.0)	(23.0, 88270.0)	(24.0, 124150.0)	(25.0, 136408.0)	(26.0, 155906.0)	(27.0, 208030.0)	(28.0, 276078.0)	(29.0, 379366.0)	(30.0, 523410.0)	(31.0, 762959.0)	(32.0, 1128093.0)	(33.0, 1861644.0)	(34.0, 3396480.0)	(35.0, 8071650.0)	(36.0, 17502668.0)	(37.0, 592012.0)				
/ | scratch | karcher | fastqc | 240813_MG011_PRISMA_NovaSeq_final_for_Q | H5YFCDSXC_240813_MG_PRISMA_24s001116-1-1_Gross_lane1MG391 | H5YFCDSXC_240813_MG_PRISMA_24s001116-1-1_Gross_lane1MG391_1	(13.0, 1.0)	(14.0, 6.0)	(15.0, 44.0)	(16.0, 139.0)	(17.0, 403.0)	(18.0, 809.0)	(19.0, 1696.0)	(20.0, 3328.0)	(21.0, 6472.0)	(22.0, 12372.0)	(23.0, 23419.0)	(24.0, 42108.0)	(25.0, 78445.0)	(26.0, 137135.0)	(27.0, 238880.0)	(28.0, 380401.0)	(29.0, 579725.0)	(30.0, 814599.0)	(31.0, 1123533.0)	(32.0, 1472517.0)	(33.0, 2067333.0)	(34.0, 3112703.0)	(35.0, 5922995.0)	(36.0, 17825733.0)	(37.0, 1006639.0)						
/ | scratch | karcher | fastqc | 240813_MG011_PRISMA_NovaSeq_final_for_Q | H5YFCDSXC_240813_MG_PRISMA_24s001116-1-1_Gross_lane1MG391 | H5YFCDSXC_240813_MG_PRISMA_24s001116-1-1_Gross_lane1MG391_2	(11.0, 10.0)	(12.0, 353.0)	(13.0, 1782.0)	(14.0, 2671.0)	(15.0, 2566.0)	(16.0, 2387.0)	(17.0, 2954.0)	(18.0, 4620.0)	(19.0, 10461.0)	(20.0, 23716.0)	(21.0, 48531.0)	(22.0, 82025.0)	(23.0, 123232.0)	(24.0, 167324.0)	(25.0, 216852.0)	(26.0, 258145.0)	(27.0, 321390.0)	(28.0, 402077.0)	(29.0, 533847.0)	(30.0, 716236.0)	(31.0, 1009735.0)	(32.0, 1439896.0)	(33.0, 2276670.0)	(34.0, 3936037.0)	(35.0, 8414205.0)	(36.0, 14467049.0)	(37.0, 386664.0)				
/ | scratch | karcher | fastqc | 240813_MG011_PRISMA_NovaSeq_final_for_Q | H5YFCDSXC_240813_MG_PRISMA_24s001116-1-1_Gross_lane1MG392 | H5YFCDSXC_240813_MG_PRISMA_24s001116-1-1_Gross_lane1MG392_1	(14.0, 6.0)	(15.0, 36.0)	(16.0, 146.0)	(17.0, 319.0)	(18.0, 834.0)	(19.0, 1621.0)	(20.0, 3268.0)	(21.0, 6684.0)	(22.0, 13193.0)	(23.0, 26007.0)	(24.0, 48446.0)	(25.0, 91661.0)	(26.0, 160958.0)	(27.0, 278488.0)	(28.0, 437531.0)	(29.0, 658704.0)	(30.0, 913287.0)	(31.0, 1245938.0)	(32.0, 1627507.0)	(33.0, 2325872.0)	(34.0, 3326395.0)	(35.0, 6458330.0)	(36.0, 19847802.0)	(37.0, 1094767.0)							
/ | scratch | karcher | fastqc | 240813_MG011_PRISMA_NovaSeq_final_for_Q | H5YFCDSXC_240813_MG_PRISMA_24s001116-1-1_Gross_lane1MG392 | H5YFCDSXC_240813_MG_PRISMA_24s001116-1-1_Gross_lane1MG392_2	(11.0, 14.0)	(12.0, 433.0)	(13.0, 2010.0)	(14.0, 2895.0)	(15.0, 2870.0)	(16.0, 2622.0)	(17.0, 3171.0)	(18.0, 5161.0)	(19.0, 11285.0)	(20.0, 24252.0)	(21.0, 48894.0)	(22.0, 85056.0)	(23.0, 136572.0)	(24.0, 186349.0)	(25.0, 215630.0)	(26.0, 249214.0)	(27.0, 324546.0)	(28.0, 419876.0)	(29.0, 563615.0)	(30.0, 755821.0)	(31.0, 1072604.0)	(32.0, 1537576.0)	(33.0, 2437850.0)	(34.0, 4224083.0)	(35.0, 9157064.0)	(36.0, 16637865.0)	(37.0, 460472.0)				
/ | scratch | karcher | fastqc | 240813_MG011_PRISMA_NovaSeq_final_for_Q | H5YFCDSXC_240813_MG_PRISMA_24s001116-1-1_Gross_lane1MG393 | H5YFCDSXC_240813_MG_PRISMA_24s001116-1-1_Gross_lane1MG393_1	(15.0, 15.0)	(16.0, 73.0)	(17.0, 161.0)	(18.0, 353.0)	(19.0, 773.0)	(20.0, 1677.0)	(21.0, 3572.0)	(22.0, 6948.0)	(23.0, 13185.0)	(24.0, 23495.0)	(25.0, 44121.0)	(26.0, 78353.0)	(27.0, 138932.0)	(28.0, 222614.0)	(29.0, 341184.0)	(30.0, 484848.0)	(31.0, 669240.0)	(32.0, 882446.0)	(33.0, 1234490.0)	(34.0, 1870104.0)	(35.0, 3684340.0)	(36.0, 11362054.0)	(37.0, 624119.0)								
/ | scratch | karcher | fastqc | 240813_MG011_PRISMA_NovaSeq_final_for_Q | H5YFCDSXC_240813_MG_PRISMA_24s001116-1-1_Gross_lane1MG393 | H5YFCDSXC_240813_MG_PRISMA_24s001116-1-1_Gross_lane1MG393_2	(11.0, 2.0)	(12.0, 96.0)	(13.0, 568.0)	(14.0, 1060.0)	(15.0, 1197.0)	(16.0, 1309.0)	(17.0, 1662.0)	(18.0, 2754.0)	(19.0, 6004.0)	(20.0, 13273.0)	(21.0, 27507.0)	(22.0, 50143.0)	(23.0, 85038.0)	(24.0, 100412.0)	(25.0, 111029.0)	(26.0, 137223.0)	(27.0, 182817.0)	(28.0, 239548.0)	(29.0, 322731.0)	(30.0, 438211.0)	(31.0, 622644.0)	(32.0, 891802.0)	(33.0, 1411756.0)	(34.0, 2417274.0)	(35.0, 5172284.0)	(36.0, 9214148.0)	(37.0, 234605.0)				
/ | scratch | karcher | fastqc | 240813_MG011_PRISMA_NovaSeq_final_for_Q | H5YFCDSXC_240813_MG_PRISMA_24s001116-1-1_Gross_lane1MG394 | H5YFCDSXC_240813_MG_PRISMA_24s001116-1-1_Gross_lane1MG394_1	(14.0, 6.0)	(15.0, 32.0)	(16.0, 120.0)	(17.0, 335.0)	(18.0, 811.0)	(19.0, 1623.0)	(20.0, 3256.0)	(21.0, 6654.0)	(22.0, 12792.0)	(23.0, 25863.0)	(24.0, 48170.0)	(25.0, 89673.0)	(26.0, 156161.0)	(27.0, 267464.0)	(28.0, 417725.0)	(29.0, 624853.0)	(30.0, 865566.0)	(31.0, 1181156.0)	(32.0, 1601518.0)	(33.0, 2291798.0)	(34.0, 3108420.0)	(35.0, 6155077.0)	(36.0, 19330142.0)	(37.0, 1042719.0)							
/ | scratch | karcher | fastqc | 240813_MG011_PRISMA_NovaSeq_final_for_Q | H5YFCDSXC_240813_MG_PRISMA_24s001116-1-1_Gross_lane1MG394 | H5YFCDSXC_240813_MG_PRISMA_24s001116-1-1_Gross_lane1MG394_2	(11.0, 9.0)	(12.0, 448.0)	(13.0, 2251.0)	(14.0, 3207.0)	(15.0, 3167.0)	(16.0, 2806.0)	(17.0, 3056.0)	(18.0, 4227.0)	(19.0, 7956.0)	(20.0, 17712.0)	(21.0, 36708.0)	(22.0, 66917.0)	(23.0, 112538.0)	(24.0, 159816.0)	(25.0, 179769.0)	(26.0, 196950.0)	(27.0, 257602.0)	(28.0, 337858.0)	(29.0, 457659.0)	(30.0, 620888.0)	(31.0, 888537.0)	(32.0, 1291051.0)	(33.0, 2086309.0)	(34.0, 3724642.0)	(35.0, 8555493.0)	(36.0, 17625826.0)	(37.0, 588532.0)				
/ | scratch | karcher | fastqc | 240813_MG011_PRISMA_NovaSeq_final_for_Q | H5YFCDSXC_240813_MG_PRISMA_24s001116-1-1_Gross_lane1MG395 | H5YFCDSXC_240813_MG_PRISMA_24s001116-1-1_Gross_lane1MG395_1	(15.0, 21.0)	(16.0, 62.0)	(17.0, 231.0)	(18.0, 567.0)	(19.0, 1192.0)	(20.0, 2293.0)	(21.0, 4493.0)	(22.0, 8300.0)	(23.0, 15655.0)	(24.0, 29143.0)	(25.0, 56677.0)	(26.0, 102757.0)	(27.0, 181531.0)	(28.0, 290088.0)	(29.0, 441352.0)	(30.0, 616163.0)	(31.0, 838465.0)	(32.0, 1087915.0)	(33.0, 1495117.0)	(34.0, 2221512.0)	(35.0, 4417032.0)	(36.0, 15700085.0)	(37.0, 1037190.0)								
/ | scratch | karcher | fastqc | 240813_MG011_PRISMA_NovaSeq_final_for_Q | H5YFCDSXC_240813_MG_PRISMA_24s001116-1-1_Gross_lane1MG395 | H5YFCDSXC_240813_MG_PRISMA_24s001116-1-1_Gross_lane1MG395_2	(11.0, 2.0)	(12.0, 119.0)	(13.0, 752.0)	(14.0, 1422.0)	(15.0, 1610.0)	(16.0, 1636.0)	(17.0, 1786.0)	(18.0, 2376.0)	(19.0, 3728.0)	(20.0, 6997.0)	(21.0, 13756.0)	(22.0, 25771.0)	(23.0, 46498.0)	(24.0, 54715.0)	(25.0, 57480.0)	(26.0, 74394.0)	(27.0, 104690.0)	(28.0, 145979.0)	(29.0, 209531.0)	(30.0, 299566.0)	(31.0, 450981.0)	(32.0, 685974.0)	(33.0, 1169422.0)	(34.0, 2214202.0)	(35.0, 5793173.0)	(36.0, 16470502.0)	(37.0, 710779.0)				
/ | scratch | karcher | fastqc | 240813_MG011_PRISMA_NovaSeq_final_for_Q | H5YFCDSXC_240813_MG_PRISMA_24s001116-1-1_Gross_lane1MG396 | H5YFCDSXC_240813_MG_PRISMA_24s001116-1-1_Gross_lane1MG396_1	(14.0, 1.0)	(15.0, 38.0)	(16.0, 150.0)	(17.0, 378.0)	(18.0, 873.0)	(19.0, 1684.0)	(20.0, 3381.0)	(21.0, 6797.0)	(22.0, 12192.0)	(23.0, 22179.0)	(24.0, 38486.0)	(25.0, 69346.0)	(26.0, 121096.0)	(27.0, 210979.0)	(28.0, 340891.0)	(29.0, 532109.0)	(30.0, 761681.0)	(31.0, 1069125.0)	(32.0, 1442023.0)	(33.0, 2123014.0)	(34.0, 3076469.0)	(35.0, 5929758.0)	(36.0, 19252243.0)	(37.0, 1204871.0)							
/ | scratch | karcher | fastqc | 240813_MG011_PRISMA_NovaSeq_final_for_Q | H5YFCDSXC_240813_MG_PRISMA_24s001116-1-1_Gross_lane1MG396 | H5YFCDSXC_240813_MG_PRISMA_24s001116-1-1_Gross_lane1MG396_2	(11.0, 7.0)	(12.0, 198.0)	(13.0, 1201.0)	(14.0, 2160.0)	(15.0, 2592.0)	(16.0, 2570.0)	(17.0, 3268.0)	(18.0, 5517.0)	(19.0, 11916.0)	(20.0, 25348.0)	(21.0, 49200.0)	(22.0, 84142.0)	(23.0, 135087.0)	(24.0, 159887.0)	(25.0, 181608.0)	(26.0, 226750.0)	(27.0, 302705.0)	(28.0, 397323.0)	(29.0, 540883.0)	(30.0, 736955.0)	(31.0, 1053913.0)	(32.0, 1518459.0)	(33.0, 2417585.0)	(34.0, 4156372.0)	(35.0, 8762540.0)	(36.0, 15037050.0)	(37.0, 404528.0)				
/ | scratch | karcher | fastqc | 240813_MG011_PRISMA_NovaSeq_final_for_Q | H5YFCDSXC_240813_MG_PRISMA_24s001116-1-1_Gross_lane1MG397 | H5YFCDSXC_240813_MG_PRISMA_24s001116-1-1_Gross_lane1MG397_1	(14.0, 5.0)	(15.0, 34.0)	(16.0, 194.0)	(17.0, 407.0)	(18.0, 957.0)	(19.0, 1983.0)	(20.0, 3897.0)	(21.0, 8334.0)	(22.0, 15263.0)	(23.0, 27638.0)	(24.0, 46030.0)	(25.0, 79445.0)	(26.0, 134786.0)	(27.0, 233289.0)	(28.0, 373732.0)	(29.0, 583607.0)	(30.0, 847830.0)	(31.0, 1203565.0)	(32.0, 1628063.0)	(33.0, 2336810.0)	(34.0, 3571892.0)	(35.0, 6946663.0)	(36.0, 21280678.0)	(37.0, 1222960.0)							
/ | scratch | karcher | fastqc | 240813_MG011_PRISMA_NovaSeq_final_for_Q | H5YFCDSXC_240813_MG_PRISMA_24s001116-1-1_Gross_lane1MG397 | H5YFCDSXC_240813_MG_PRISMA_24s001116-1-1_Gross_lane1MG397_2	(11.0, 7.0)	(12.0, 346.0)	(13.0, 1980.0)	(14.0, 3378.0)	(15.0, 3664.0)	(16.0, 3410.0)	(17.0, 3894.0)	(18.0, 5176.0)	(19.0, 9566.0)	(20.0, 20306.0)	(21.0, 42428.0)	(22.0, 77336.0)	(23.0, 130836.0)	(24.0, 190705.0)	(25.0, 207747.0)	(26.0, 225030.0)	(27.0, 293344.0)	(28.0, 383643.0)	(29.0, 522016.0)	(30.0, 707965.0)	(31.0, 1013898.0)	(32.0, 1465182.0)	(33.0, 2342723.0)	(34.0, 4099360.0)	(35.0, 9179302.0)	(36.0, 18997865.0)	(37.0, 616955.0)				
/ | scratch | karcher | fastqc | 240813_MG011_PRISMA_NovaSeq_final_for_Q | H5YFCDSXC_240813_MG_PRISMA_24s001116-1-1_Gross_lane1MG398 | H5YFCDSXC_240813_MG_PRISMA_24s001116-1-1_Gross_lane1MG398_1	(14.0, 3.0)	(15.0, 31.0)	(16.0, 145.0)	(17.0, 353.0)	(18.0, 704.0)	(19.0, 1447.0)	(20.0, 2914.0)	(21.0, 6402.0)	(22.0, 13051.0)	(23.0, 26436.0)	(24.0, 49085.0)	(25.0, 90166.0)	(26.0, 153632.0)	(27.0, 258167.0)	(28.0, 396236.0)	(29.0, 587780.0)	(30.0, 806730.0)	(31.0, 1092558.0)	(32.0, 1439299.0)	(33.0, 2040654.0)	(34.0, 2830380.0)	(35.0, 5569808.0)	(36.0, 17156269.0)	(37.0, 936112.0)							
/ | scratch | karcher | fastqc | 240813_MG011_PRISMA_NovaSeq_final_for_Q | H5YFCDSXC_240813_MG_PRISMA_24s001116-1-1_Gross_lane1MG398 | H5YFCDSXC_240813_MG_PRISMA_24s001116-1-1_Gross_lane1MG398_2	(11.0, 15.0)	(12.0, 512.0)	(13.0, 2088.0)	(14.0, 2858.0)	(15.0, 2744.0)	(16.0, 2560.0)	(17.0, 2870.0)	(18.0, 4447.0)	(19.0, 8886.0)	(20.0, 19258.0)	(21.0, 40775.0)	(22.0, 74094.0)	(23.0, 123958.0)	(24.0, 175439.0)	(25.0, 200335.0)	(26.0, 221147.0)	(27.0, 285581.0)	(28.0, 368093.0)	(29.0, 489773.0)	(30.0, 656265.0)	(31.0, 923353.0)	(32.0, 1316386.0)	(33.0, 2081617.0)	(34.0, 3601019.0)	(35.0, 7883800.0)	(36.0, 14559827.0)	(37.0, 410662.0)				
/ | scratch | karcher | fastqc | 240813_MG011_PRISMA_NovaSeq_final_for_Q | H5YFCDSXC_240813_MG_PRISMA_24s001116-1-1_Gross_lane1MG399 | H5YFCDSXC_240813_MG_PRISMA_24s001116-1-1_Gross_lane1MG399_1	(14.0, 11.0)	(15.0, 67.0)	(16.0, 204.0)	(17.0, 498.0)	(18.0, 861.0)	(19.0, 1581.0)	(20.0, 3071.0)	(21.0, 6414.0)	(22.0, 12491.0)	(23.0, 23864.0)	(24.0, 42874.0)	(25.0, 78485.0)	(26.0, 136766.0)	(27.0, 236145.0)	(28.0, 374765.0)	(29.0, 569817.0)	(30.0, 802706.0)	(31.0, 1108907.0)	(32.0, 1463110.0)	(33.0, 2054215.0)	(34.0, 3140630.0)	(35.0, 6211223.0)	(36.0, 19378079.0)	(37.0, 1123386.0)							
/ | scratch | karcher | fastqc | 240813_MG011_PRISMA_NovaSeq_final_for_Q | H5YFCDSXC_240813_MG_PRISMA_24s001116-1-1_Gross_lane1MG399 | H5YFCDSXC_240813_MG_PRISMA_24s001116-1-1_Gross_lane1MG399_2	(11.0, 14.0)	(12.0, 317.0)	(13.0, 1772.0)	(14.0, 2958.0)	(15.0, 3197.0)	(16.0, 3051.0)	(17.0, 3583.0)	(18.0, 5245.0)	(19.0, 10097.0)	(20.0, 21628.0)	(21.0, 45579.0)	(22.0, 83521.0)	(23.0, 145195.0)	(24.0, 188715.0)	(25.0, 190998.0)	(26.0, 222241.0)	(27.0, 290625.0)	(28.0, 376424.0)	(29.0, 505018.0)	(30.0, 679054.0)	(31.0, 961953.0)	(32.0, 1375150.0)	(33.0, 2176796.0)	(34.0, 3761460.0)	(35.0, 8325286.0)	(36.0, 16860661.0)	(37.0, 529632.0)				
/ | scratch | karcher | fastqc | 240813_MG011_PRISMA_NovaSeq_final_for_Q | H5YFCDSXC_240813_MG_PRISMA_24s001116-1-1_Gross_lane1MG400 | H5YFCDSXC_240813_MG_PRISMA_24s001116-1-1_Gross_lane1MG400_1	(14.0, 2.0)	(15.0, 32.0)	(16.0, 101.0)	(17.0, 285.0)	(18.0, 639.0)	(19.0, 1312.0)	(20.0, 2860.0)	(21.0, 6094.0)	(22.0, 12231.0)	(23.0, 24369.0)	(24.0, 45380.0)	(25.0, 85862.0)	(26.0, 153004.0)	(27.0, 269019.0)	(28.0, 426766.0)	(29.0, 648849.0)	(30.0, 910334.0)	(31.0, 1249750.0)	(32.0, 1636323.0)	(33.0, 2267622.0)	(34.0, 3382179.0)	(35.0, 6738126.0)	(36.0, 19650503.0)	(37.0, 984501.0)							
/ | scratch | karcher | fastqc | 240813_MG011_PRISMA_NovaSeq_final_for_Q | H5YFCDSXC_240813_MG_PRISMA_24s001116-1-1_Gross_lane1MG400 | H5YFCDSXC_240813_MG_PRISMA_24s001116-1-1_Gross_lane1MG400_2	(11.0, 3.0)	(12.0, 122.0)	(13.0, 771.0)	(14.0, 1400.0)	(15.0, 1615.0)	(16.0, 1594.0)	(17.0, 1878.0)	(18.0, 3070.0)	(19.0, 6597.0)	(20.0, 16190.0)	(21.0, 36637.0)	(22.0, 70764.0)	(23.0, 123719.0)	(24.0, 169351.0)	(25.0, 196744.0)	(26.0, 244048.0)	(27.0, 326452.0)	(28.0, 426758.0)	(29.0, 579194.0)	(30.0, 782172.0)	(31.0, 1110809.0)	(32.0, 1586647.0)	(33.0, 2496334.0)	(34.0, 4268275.0)	(35.0, 9143849.0)	(36.0, 16463866.0)	(37.0, 437284.0)				
/ | scratch | karcher | fastqc | 240813_MG011_PRISMA_NovaSeq_final_for_Q | H5YFCDSXC_240813_MG_PRISMA_24s001116-1-1_Gross_lane1MG401 | H5YFCDSXC_240813_MG_PRISMA_24s001116-1-1_Gross_lane1MG401_1	(14.0, 17.0)	(15.0, 95.0)	(16.0, 319.0)	(17.0, 762.0)	(18.0, 1566.0)	(19.0, 2806.0)	(20.0, 5047.0)	(21.0, 9066.0)	(22.0, 15858.0)	(23.0, 28033.0)	(24.0, 49544.0)	(25.0, 90598.0)	(26.0, 158337.0)	(27.0, 273097.0)	(28.0, 429888.0)	(29.0, 652028.0)	(30.0, 908390.0)	(31.0, 1241850.0)	(32.0, 1638329.0)	(33.0, 2317718.0)	(34.0, 3324833.0)	(35.0, 6620009.0)	(36.0, 18805043.0)	(37.0, 805303.0)							
/ | scratch | karcher | fastqc | 240813_MG011_PRISMA_NovaSeq_final_for_Q | H5YFCDSXC_240813_MG_PRISMA_24s001116-1-1_Gross_lane1MG401 | H5YFCDSXC_240813_MG_PRISMA_24s001116-1-1_Gross_lane1MG401_2	(11.0, 9.0)	(12.0, 277.0)	(13.0, 1486.0)	(14.0, 2324.0)	(15.0, 2368.0)	(16.0, 2159.0)	(17.0, 2864.0)	(18.0, 4758.0)	(19.0, 10555.0)	(20.0, 24450.0)	(21.0, 48388.0)	(22.0, 82296.0)	(23.0, 129942.0)	(24.0, 176068.0)	(25.0, 210472.0)	(26.0, 248781.0)	(27.0, 324240.0)	(28.0, 420694.0)	(29.0, 568671.0)	(30.0, 763346.0)	(31.0, 1086133.0)	(32.0, 1559614.0)	(33.0, 2479409.0)	(34.0, 4304721.0)	(35.0, 9266812.0)	(36.0, 15343218.0)	(37.0, 314481.0)				
/ | scratch | karcher | fastqc | 240813_MG011_PRISMA_NovaSeq_final_for_Q | H5YFCDSXC_240813_MG_PRISMA_24s001116-1-1_Gross_lane1MG402 | H5YFCDSXC_240813_MG_PRISMA_24s001116-1-1_Gross_lane1MG402_1	(14.0, 2.0)	(15.0, 35.0)	(16.0, 142.0)	(17.0, 332.0)	(18.0, 694.0)	(19.0, 1393.0)	(20.0, 2592.0)	(21.0, 5431.0)	(22.0, 10837.0)	(23.0, 21554.0)	(24.0, 42052.0)	(25.0, 79687.0)	(26.0, 142136.0)	(27.0, 250603.0)	(28.0, 400483.0)	(29.0, 609377.0)	(30.0, 861090.0)	(31.0, 1182239.0)	(32.0, 1555728.0)	(33.0, 2201215.0)	(34.0, 3301041.0)	(35.0, 6466536.0)	(36.0, 19729372.0)	(37.0, 1027904.0)							
/ | scratch | karcher | fastqc | 240813_MG011_PRISMA_NovaSeq_final_for_Q | H5YFCDSXC_240813_MG_PRISMA_24s001116-1-1_Gross_lane1MG402 | H5YFCDSXC_240813_MG_PRISMA_24s001116-1-1_Gross_lane1MG402_2	(11.0, 5.0)	(12.0, 412.0)	(13.0, 1990.0)	(14.0, 2749.0)	(15.0, 2579.0)	(16.0, 2490.0)	(17.0, 2940.0)	(18.0, 4885.0)	(19.0, 11111.0)	(20.0, 24868.0)	(21.0, 50704.0)	(22.0, 88280.0)	(23.0, 142516.0)	(24.0, 192930.0)	(25.0, 224103.0)	(26.0, 253112.0)	(27.0, 323585.0)	(28.0, 416435.0)	(29.0, 556133.0)	(30.0, 749236.0)	(31.0, 1063382.0)	(32.0, 1525296.0)	(33.0, 2421813.0)	(34.0, 4200530.0)	(35.0, 9084779.0)	(36.0, 16114583.0)	(37.0, 431029.0)				
/ | scratch | karcher | fastqc | 240813_MG011_PRISMA_NovaSeq_final_for_Q | H5YFCDSXC_240813_MG_PRISMA_24s001116-1-1_Gross_lane1MG403 | H5YFCDSXC_240813_MG_PRISMA_24s001116-1-1_Gross_lane1MG403_1	(14.0, 3.0)	(15.0, 13.0)	(16.0, 64.0)	(17.0, 167.0)	(18.0, 374.0)	(19.0, 786.0)	(20.0, 1529.0)	(21.0, 3197.0)	(22.0, 6227.0)	(23.0, 12294.0)	(24.0, 23555.0)	(25.0, 45663.0)	(26.0, 85271.0)	(27.0, 157414.0)	(28.0, 262546.0)	(29.0, 416834.0)	(30.0, 607476.0)	(31.0, 869550.0)	(32.0, 1192060.0)	(33.0, 1740106.0)	(34.0, 2579929.0)	(35.0, 5222195.0)	(36.0, 14906388.0)	(37.0, 678095.0)							
/ | scratch | karcher | fastqc | 240813_MG011_PRISMA_NovaSeq_final_for_Q | H5YFCDSXC_240813_MG_PRISMA_24s001116-1-1_Gross_lane1MG403 | H5YFCDSXC_240813_MG_PRISMA_24s001116-1-1_Gross_lane1MG403_2	(11.0, 6.0)	(12.0, 267.0)	(13.0, 1348.0)	(14.0, 1968.0)	(15.0, 1921.0)	(16.0, 1697.0)	(17.0, 2029.0)	(18.0, 3631.0)	(19.0, 8677.0)	(20.0, 19685.0)	(21.0, 39560.0)	(22.0, 67109.0)	(23.0, 107335.0)	(24.0, 147427.0)	(25.0, 174441.0)	(26.0, 208851.0)	(27.0, 278336.0)	(28.0, 362604.0)	(29.0, 490830.0)	(30.0, 666195.0)	(31.0, 948874.0)	(32.0, 1357169.0)	(33.0, 2121522.0)	(34.0, 3543279.0)	(35.0, 7087555.0)	(36.0, 10920845.0)	(37.0, 248575.0)				
/ | scratch | karcher | fastqc | 240813_MG011_PRISMA_NovaSeq_final_for_Q | H5YFCDSXC_240813_MG_PRISMA_24s001116-1-1_Gross_lane1MG404 | H5YFCDSXC_240813_MG_PRISMA_24s001116-1-1_Gross_lane1MG404_1	(14.0, 7.0)	(15.0, 27.0)	(16.0, 95.0)	(17.0, 240.0)	(18.0, 518.0)	(19.0, 1041.0)	(20.0, 2195.0)	(21.0, 4413.0)	(22.0, 8531.0)	(23.0, 15744.0)	(24.0, 27967.0)	(25.0, 52667.0)	(26.0, 95356.0)	(27.0, 172108.0)	(28.0, 287047.0)	(29.0, 455388.0)	(30.0, 665565.0)	(31.0, 948364.0)	(32.0, 1311100.0)	(33.0, 1925206.0)	(34.0, 2745651.0)	(35.0, 5487144.0)	(36.0, 15714743.0)	(37.0, 746306.0)							
/ | scratch | karcher | fastqc | 240813_MG011_PRISMA_NovaSeq_final_for_Q | H5YFCDSXC_240813_MG_PRISMA_24s001116-1-1_Gross_lane1MG404 | H5YFCDSXC_240813_MG_PRISMA_24s001116-1-1_Gross_lane1MG404_2	(11.0, 4.0)	(12.0, 206.0)	(13.0, 1223.0)	(14.0, 2031.0)	(15.0, 2111.0)	(16.0, 2079.0)	(17.0, 2421.0)	(18.0, 3740.0)	(19.0, 7602.0)	(20.0, 17081.0)	(21.0, 35632.0)	(22.0, 64046.0)	(23.0, 107013.0)	(24.0, 138256.0)	(25.0, 149721.0)	(26.0, 180767.0)	(27.0, 243173.0)	(28.0, 322665.0)	(29.0, 442966.0)	(30.0, 608972.0)	(31.0, 878660.0)	(32.0, 1277962.0)	(33.0, 2040647.0)	(34.0, 3515177.0)	(35.0, 7449476.0)	(36.0, 12844939.0)	(37.0, 328853.0)				
/ | scratch | karcher | fastqc | 240813_MG011_PRISMA_NovaSeq_final_for_Q | H5YFCDSXC_240813_MG_PRISMA_24s001116-1-1_Gross_lane1MG405 | H5YFCDSXC_240813_MG_PRISMA_24s001116-1-1_Gross_lane1MG405_1	(14.0, 3.0)	(15.0, 17.0)	(16.0, 88.0)	(17.0, 223.0)	(18.0, 562.0)	(19.0, 1106.0)	(20.0, 2262.0)	(21.0, 4853.0)	(22.0, 10192.0)	(23.0, 20880.0)	(24.0, 41657.0)	(25.0, 82701.0)	(26.0, 154113.0)	(27.0, 273455.0)	(28.0, 435307.0)	(29.0, 660326.0)	(30.0, 915659.0)	(31.0, 1244141.0)	(32.0, 1609891.0)	(33.0, 2224273.0)	(34.0, 3354613.0)	(35.0, 6686965.0)	(36.0, 21844245.0)	(37.0, 1201965.0)							
/ | scratch | karcher | fastqc | 240813_MG011_PRISMA_NovaSeq_final_for_Q | H5YFCDSXC_240813_MG_PRISMA_24s001116-1-1_Gross_lane1MG405 | H5YFCDSXC_240813_MG_PRISMA_24s001116-1-1_Gross_lane1MG405_2	(11.0, 10.0)	(12.0, 364.0)	(13.0, 1809.0)	(14.0, 2699.0)	(15.0, 2674.0)	(16.0, 2484.0)	(17.0, 2877.0)	(18.0, 4620.0)	(19.0, 9567.0)	(20.0, 20994.0)	(21.0, 42087.0)	(22.0, 74882.0)	(23.0, 124042.0)	(24.0, 169265.0)	(25.0, 196498.0)	(26.0, 228177.0)	(27.0, 298522.0)	(28.0, 389684.0)	(29.0, 528992.0)	(30.0, 719060.0)	(31.0, 1028032.0)	(32.0, 1491742.0)	(33.0, 2394968.0)	(34.0, 4224222.0)	(35.0, 9542790.0)	(36.0, 18758531.0)	(37.0, 509905.0)				
/ | scratch | karcher | fastqc | 240813_MG011_PRISMA_NovaSeq_final_for_Q | H5YFCDSXC_240813_MG_PRISMA_24s001116-1-1_Gross_lane1MG406 | H5YFCDSXC_240813_MG_PRISMA_24s001116-1-1_Gross_lane1MG406_1	(14.0, 3.0)	(15.0, 7.0)	(16.0, 34.0)	(17.0, 129.0)	(18.0, 287.0)	(19.0, 607.0)	(20.0, 1356.0)	(21.0, 3034.0)	(22.0, 6219.0)	(23.0, 12963.0)	(24.0, 24831.0)	(25.0, 49983.0)	(26.0, 95966.0)	(27.0, 178549.0)	(28.0, 299506.0)	(29.0, 475589.0)	(30.0, 686988.0)	(31.0, 964526.0)	(32.0, 1283140.0)	(33.0, 1852988.0)	(34.0, 2757224.0)	(35.0, 5541656.0)	(36.0, 17865436.0)	(37.0, 901084.0)							
/ | scratch | karcher | fastqc | 240813_MG011_PRISMA_NovaSeq_final_for_Q | H5YFCDSXC_240813_MG_PRISMA_24s001116-1-1_Gross_lane1MG406 | H5YFCDSXC_240813_MG_PRISMA_24s001116-1-1_Gross_lane1MG406_2	(11.0, 9.0)	(12.0, 308.0)	(13.0, 1622.0)	(14.0, 2386.0)	(15.0, 2271.0)	(16.0, 2054.0)	(17.0, 2274.0)	(18.0, 3341.0)	(19.0, 6587.0)	(20.0, 14030.0)	(21.0, 29220.0)	(22.0, 55781.0)	(23.0, 105581.0)	(24.0, 130614.0)	(25.0, 120248.0)	(26.0, 140581.0)	(27.0, 189441.0)	(28.0, 253658.0)	(29.0, 351687.0)	(30.0, 488400.0)	(31.0, 716435.0)	(32.0, 1066977.0)	(33.0, 1764968.0)	(34.0, 3233053.0)	(35.0, 7689624.0)	(36.0, 16134817.0)	(37.0, 496138.0)				
/ | scratch | karcher | fastqc | 240813_MG011_PRISMA_NovaSeq_final_for_Q | H5YFCDSXC_240813_MG_PRISMA_24s001116-1-1_Gross_lane1MG407 | H5YFCDSXC_240813_MG_PRISMA_24s001116-1-1_Gross_lane1MG407_1	(14.0, 1.0)	(15.0, 21.0)	(16.0, 104.0)	(17.0, 270.0)	(18.0, 581.0)	(19.0, 1358.0)	(20.0, 2791.0)	(21.0, 5929.0)	(22.0, 12123.0)	(23.0, 25162.0)	(24.0, 48953.0)	(25.0, 95449.0)	(26.0, 170833.0)	(27.0, 298787.0)	(28.0, 475352.0)	(29.0, 714344.0)	(30.0, 992998.0)	(31.0, 1348645.0)	(32.0, 1747819.0)	(33.0, 2449065.0)	(34.0, 3567073.0)	(35.0, 6960014.0)	(36.0, 22317552.0)	(37.0, 1243375.0)							
/ | scratch | karcher | fastqc | 240813_MG011_PRISMA_NovaSeq_final_for_Q | H5YFCDSXC_240813_MG_PRISMA_24s001116-1-1_Gross_lane1MG407 | H5YFCDSXC_240813_MG_PRISMA_24s001116-1-1_Gross_lane1MG407_2	(11.0, 17.0)	(12.0, 456.0)	(13.0, 2231.0)	(14.0, 2878.0)	(15.0, 2817.0)	(16.0, 2499.0)	(17.0, 2928.0)	(18.0, 4823.0)	(19.0, 10902.0)	(20.0, 24190.0)	(21.0, 48737.0)	(22.0, 83776.0)	(23.0, 133739.0)	(24.0, 181627.0)	(25.0, 214763.0)	(26.0, 246352.0)	(27.0, 319397.0)	(28.0, 415181.0)	(29.0, 559193.0)	(30.0, 755854.0)	(31.0, 1072905.0)	(32.0, 1551970.0)	(33.0, 2484219.0)	(34.0, 4382770.0)	(35.0, 9928571.0)	(36.0, 19493154.0)	(37.0, 552650.0)				
/ | scratch | karcher | fastqc | 240813_MG011_PRISMA_NovaSeq_final_for_Q | H5YFCDSXC_240813_MG_PRISMA_24s001116-1-1_Gross_lane1MG408 | H5YFCDSXC_240813_MG_PRISMA_24s001116-1-1_Gross_lane1MG408_1	(14.0, 2.0)	(15.0, 8.0)	(16.0, 51.0)	(17.0, 135.0)	(18.0, 324.0)	(19.0, 728.0)	(20.0, 1637.0)	(21.0, 3552.0)	(22.0, 7510.0)	(23.0, 15524.0)	(24.0, 31060.0)	(25.0, 60575.0)	(26.0, 109726.0)	(27.0, 194767.0)	(28.0, 309245.0)	(29.0, 468817.0)	(30.0, 651418.0)	(31.0, 888146.0)	(32.0, 1199227.0)	(33.0, 1649170.0)	(34.0, 2282410.0)	(35.0, 4546418.0)	(36.0, 14462012.0)	(37.0, 773179.0)							
/ | scratch | karcher | fastqc | 240813_MG011_PRISMA_NovaSeq_final_for_Q | H5YFCDSXC_240813_MG_PRISMA_24s001116-1-1_Gross_lane1MG408 | H5YFCDSXC_240813_MG_PRISMA_24s001116-1-1_Gross_lane1MG408_2	(11.0, 8.0)	(12.0, 342.0)	(13.0, 1455.0)	(14.0, 1715.0)	(15.0, 1539.0)	(16.0, 1454.0)	(17.0, 1869.0)	(18.0, 2899.0)	(19.0, 6480.0)	(20.0, 13584.0)	(21.0, 26971.0)	(22.0, 46441.0)	(23.0, 72937.0)	(24.0, 104818.0)	(25.0, 141217.0)	(26.0, 163581.0)	(27.0, 202982.0)	(28.0, 261961.0)	(29.0, 353350.0)	(30.0, 477228.0)	(31.0, 686203.0)	(32.0, 999573.0)	(33.0, 1628312.0)	(34.0, 2916156.0)	(35.0, 6619083.0)	(36.0, 12564612.0)	(37.0, 358871.0)				
/ | scratch | karcher | fastqc | 240813_MG011_PRISMA_NovaSeq_final_for_Q | H5YFCDSXC_240813_MG_PRISMA_24s001116-1-1_Gross_lane1MG409 | H5YFCDSXC_240813_MG_PRISMA_24s001116-1-1_Gross_lane1MG409_1	(14.0, 4.0)	(15.0, 26.0)	(16.0, 117.0)	(17.0, 339.0)	(18.0, 731.0)	(19.0, 1554.0)	(20.0, 3132.0)	(21.0, 6497.0)	(22.0, 12661.0)	(23.0, 23451.0)	(24.0, 41248.0)	(25.0, 74977.0)	(26.0, 128296.0)	(27.0, 219056.0)	(28.0, 343035.0)	(29.0, 518220.0)	(30.0, 728670.0)	(31.0, 1005908.0)	(32.0, 1333648.0)	(33.0, 1890998.0)	(34.0, 2766976.0)	(35.0, 5218921.0)	(36.0, 16217786.0)	(37.0, 1036122.0)							
/ | scratch | karcher | fastqc | 240813_MG011_PRISMA_NovaSeq_final_for_Q | H5YFCDSXC_240813_MG_PRISMA_24s001116-1-1_Gross_lane1MG409 | H5YFCDSXC_240813_MG_PRISMA_24s001116-1-1_Gross_lane1MG409_2	(11.0, 1.0)	(12.0, 177.0)	(13.0, 1058.0)	(14.0, 1887.0)	(15.0, 2323.0)	(16.0, 2325.0)	(17.0, 2532.0)	(18.0, 3703.0)	(19.0, 7367.0)	(20.0, 16552.0)	(21.0, 35710.0)	(22.0, 67573.0)	(23.0, 116109.0)	(24.0, 147159.0)	(25.0, 161959.0)	(26.0, 195898.0)	(27.0, 260702.0)	(28.0, 337698.0)	(29.0, 457489.0)	(30.0, 616184.0)	(31.0, 864789.0)	(32.0, 1224704.0)	(33.0, 1899699.0)	(34.0, 3190122.0)	(35.0, 6833237.0)	(36.0, 14554266.0)	(37.0, 571150.0)				
/ | scratch | karcher | fastqc | 240813_MG011_PRISMA_NovaSeq_final_for_Q | H5YFCDSXC_240813_MG_PRISMA_24s001116-1-1_Gross_lane1MG410 | H5YFCDSXC_240813_MG_PRISMA_24s001116-1-1_Gross_lane1MG410_1	(14.0, 2.0)	(15.0, 10.0)	(16.0, 48.0)	(17.0, 139.0)	(18.0, 350.0)	(19.0, 775.0)	(20.0, 1670.0)	(21.0, 3638.0)	(22.0, 7612.0)	(23.0, 15319.0)	(24.0, 29212.0)	(25.0, 56867.0)	(26.0, 101838.0)	(27.0, 179230.0)	(28.0, 283496.0)	(29.0, 428572.0)	(30.0, 601293.0)	(31.0, 822007.0)	(32.0, 1106662.0)	(33.0, 1542354.0)	(34.0, 2172818.0)	(35.0, 4369660.0)	(36.0, 13779413.0)	(37.0, 748337.0)							
/ | scratch | karcher | fastqc | 240813_MG011_PRISMA_NovaSeq_final_for_Q | H5YFCDSXC_240813_MG_PRISMA_24s001116-1-1_Gross_lane1MG410 | H5YFCDSXC_240813_MG_PRISMA_24s001116-1-1_Gross_lane1MG410_2	(11.0, 3.0)	(12.0, 117.0)	(13.0, 752.0)	(14.0, 1331.0)	(15.0, 1502.0)	(16.0, 1531.0)	(17.0, 1754.0)	(18.0, 2713.0)	(19.0, 5501.0)	(20.0, 11651.0)	(21.0, 24844.0)	(22.0, 47563.0)	(23.0, 85187.0)	(24.0, 104826.0)	(25.0, 114134.0)	(26.0, 141969.0)	(27.0, 192440.0)	(28.0, 253623.0)	(29.0, 346610.0)	(30.0, 473945.0)	(31.0, 680857.0)	(32.0, 988696.0)	(33.0, 1588597.0)	(34.0, 2774396.0)	(35.0, 6133034.0)	(36.0, 11910105.0)	(37.0, 363641.0)				
/ | scratch | karcher | fastqc | 240813_MG011_PRISMA_NovaSeq_final_for_Q | H5YFCDSXC_240813_MG_PRISMA_24s001116-1-1_Gross_lane1MG411 | H5YFCDSXC_240813_MG_PRISMA_24s001116-1-1_Gross_lane1MG411_1	(14.0, 2.0)	(15.0, 20.0)	(16.0, 65.0)	(17.0, 178.0)	(18.0, 422.0)	(19.0, 981.0)	(20.0, 2006.0)	(21.0, 4220.0)	(22.0, 8529.0)	(23.0, 16561.0)	(24.0, 30959.0)	(25.0, 59508.0)	(26.0, 108388.0)	(27.0, 193155.0)	(28.0, 312067.0)	(29.0, 480659.0)	(30.0, 680511.0)	(31.0, 941485.0)	(32.0, 1238529.0)	(33.0, 1731025.0)	(34.0, 2643107.0)	(35.0, 5259319.0)	(36.0, 17038962.0)	(37.0, 996588.0)							
/ | scratch | karcher | fastqc | 240813_MG011_PRISMA_NovaSeq_final_for_Q | H5YFCDSXC_240813_MG_PRISMA_24s001116-1-1_Gross_lane1MG411 | H5YFCDSXC_240813_MG_PRISMA_24s001116-1-1_Gross_lane1MG411_2	(11.0, 8.0)	(12.0, 244.0)	(13.0, 1407.0)	(14.0, 2111.0)	(15.0, 2164.0)	(16.0, 2105.0)	(17.0, 2421.0)	(18.0, 3573.0)	(19.0, 6662.0)	(20.0, 13943.0)	(21.0, 28814.0)	(22.0, 54282.0)	(23.0, 99057.0)	(24.0, 127837.0)	(25.0, 125511.0)	(26.0, 147323.0)	(27.0, 199538.0)	(28.0, 264299.0)	(29.0, 363562.0)	(30.0, 499720.0)	(31.0, 722878.0)	(32.0, 1058174.0)	(33.0, 1720162.0)	(34.0, 3071519.0)	(35.0, 7112752.0)	(36.0, 15559977.0)	(37.0, 557203.0)				
/ | scratch | karcher | fastqc | 240813_MG011_PRISMA_NovaSeq_final_for_Q | H5YFCDSXC_240813_MG_PRISMA_24s001116-1-1_Gross_lane1MG412 | H5YFCDSXC_240813_MG_PRISMA_24s001116-1-1_Gross_lane1MG412_1	(13.0, 1.0)	(14.0, 3.0)	(15.0, 17.0)	(16.0, 54.0)	(17.0, 166.0)	(18.0, 377.0)	(19.0, 901.0)	(20.0, 1754.0)	(21.0, 3674.0)	(22.0, 7692.0)	(23.0, 15562.0)	(24.0, 30632.0)	(25.0, 60585.0)	(26.0, 111161.0)	(27.0, 198475.0)	(28.0, 319794.0)	(29.0, 487344.0)	(30.0, 686244.0)	(31.0, 937835.0)	(32.0, 1230341.0)	(33.0, 1744180.0)	(34.0, 2546475.0)	(35.0, 5042401.0)	(36.0, 16177395.0)	(37.0, 883357.0)						
/ | scratch | karcher | fastqc | 240813_MG011_PRISMA_NovaSeq_final_for_Q | H5YFCDSXC_240813_MG_PRISMA_24s001116-1-1_Gross_lane1MG412 | H5YFCDSXC_240813_MG_PRISMA_24s001116-1-1_Gross_lane1MG412_2	(12.0, 177.0)	(13.0, 1198.0)	(14.0, 1821.0)	(15.0, 1919.0)	(16.0, 1778.0)	(17.0, 2099.0)	(18.0, 2959.0)	(19.0, 5943.0)	(20.0, 12521.0)	(21.0, 25943.0)	(22.0, 48087.0)	(23.0, 84617.0)	(24.0, 112123.0)	(25.0, 116982.0)	(26.0, 138777.0)	(27.0, 188642.0)	(28.0, 251372.0)	(29.0, 347244.0)	(30.0, 479512.0)	(31.0, 693056.0)	(32.0, 1015902.0)	(33.0, 1651378.0)	(34.0, 2949860.0)	(35.0, 6872129.0)	(36.0, 14973786.0)	(37.0, 506595.0)					
/ | scratch | karcher | fastqc | 240813_MG011_PRISMA_NovaSeq_final_for_Q | H5YFCDSXC_240813_MG_PRISMA_24s001116-1-1_Gross_lane1MG413 | H5YFCDSXC_240813_MG_PRISMA_24s001116-1-1_Gross_lane1MG413_1	(14.0, 3.0)	(15.0, 20.0)	(16.0, 55.0)	(17.0, 210.0)	(18.0, 412.0)	(19.0, 861.0)	(20.0, 1830.0)	(21.0, 3913.0)	(22.0, 7352.0)	(23.0, 14842.0)	(24.0, 27930.0)	(25.0, 54862.0)	(26.0, 100992.0)	(27.0, 181992.0)	(28.0, 297210.0)	(29.0, 459543.0)	(30.0, 654405.0)	(31.0, 915768.0)	(32.0, 1291826.0)	(33.0, 1695853.0)	(34.0, 2443919.0)	(35.0, 5043737.0)	(36.0, 16834432.0)	(37.0, 923001.0)							
/ | scratch | karcher | fastqc | 240813_MG011_PRISMA_NovaSeq_final_for_Q | H5YFCDSXC_240813_MG_PRISMA_24s001116-1-1_Gross_lane1MG413 | H5YFCDSXC_240813_MG_PRISMA_24s001116-1-1_Gross_lane1MG413_2	(11.0, 9.0)	(12.0, 322.0)	(13.0, 1471.0)	(14.0, 2125.0)	(15.0, 2197.0)	(16.0, 2055.0)	(17.0, 2459.0)	(18.0, 3881.0)	(19.0, 8037.0)	(20.0, 17589.0)	(21.0, 34805.0)	(22.0, 61625.0)	(23.0, 103941.0)	(24.0, 134981.0)	(25.0, 145832.0)	(26.0, 171258.0)	(27.0, 227726.0)	(28.0, 299986.0)	(29.0, 410345.0)	(30.0, 559957.0)	(31.0, 807218.0)	(32.0, 1182297.0)	(33.0, 1913659.0)	(34.0, 3391095.0)	(35.0, 7548915.0)	(36.0, 13583057.0)	(37.0, 338126.0)				
/ | scratch | karcher | fastqc | 240813_MG011_PRISMA_NovaSeq_final_for_Q | H5YFCDSXC_240813_MG_PRISMA_24s001116-1-1_Gross_lane1MG414 | H5YFCDSXC_240813_MG_PRISMA_24s001116-1-1_Gross_lane1MG414_1	(14.0, 1.0)	(15.0, 20.0)	(16.0, 49.0)	(17.0, 190.0)	(18.0, 474.0)	(19.0, 1019.0)	(20.0, 2135.0)	(21.0, 4758.0)	(22.0, 9677.0)	(23.0, 19665.0)	(24.0, 37541.0)	(25.0, 72004.0)	(26.0, 128236.0)	(27.0, 225835.0)	(28.0, 361016.0)	(29.0, 549022.0)	(30.0, 769739.0)	(31.0, 1056398.0)	(32.0, 1377534.0)	(33.0, 1915515.0)	(34.0, 2895185.0)	(35.0, 5753205.0)	(36.0, 17915829.0)	(37.0, 903870.0)							
/ | scratch | karcher | fastqc | 240813_MG011_PRISMA_NovaSeq_final_for_Q | H5YFCDSXC_240813_MG_PRISMA_24s001116-1-1_Gross_lane1MG414 | H5YFCDSXC_240813_MG_PRISMA_24s001116-1-1_Gross_lane1MG414_2	(11.0, 10.0)	(12.0, 358.0)	(13.0, 1575.0)	(14.0, 2114.0)	(15.0, 2003.0)	(16.0, 1936.0)	(17.0, 2346.0)	(18.0, 4326.0)	(19.0, 10633.0)	(20.0, 24286.0)	(21.0, 48631.0)	(22.0, 81973.0)	(23.0, 128298.0)	(24.0, 179692.0)	(25.0, 215404.0)	(26.0, 237274.0)	(27.0, 302791.0)	(28.0, 388435.0)	(29.0, 517053.0)	(30.0, 692967.0)	(31.0, 980563.0)	(32.0, 1401896.0)	(33.0, 2215457.0)	(34.0, 3813359.0)	(35.0, 8198617.0)	(36.0, 14205086.0)	(37.0, 341834.0)				
/ | scratch | karcher | fastqc | 240813_MG011_PRISMA_NovaSeq_final_for_Q | H5YFCDSXC_240813_MG_PRISMA_24s001116-1-1_Gross_lane1MG415 | H5YFCDSXC_240813_MG_PRISMA_24s001116-1-1_Gross_lane1MG415_1	(13.0, 1.0)	(14.0, 2.0)	(15.0, 20.0)	(16.0, 67.0)	(17.0, 201.0)	(18.0, 474.0)	(19.0, 1040.0)	(20.0, 1941.0)	(21.0, 3958.0)	(22.0, 7651.0)	(23.0, 14502.0)	(24.0, 26504.0)	(25.0, 51032.0)	(26.0, 94741.0)	(27.0, 172429.0)	(28.0, 285774.0)	(29.0, 451236.0)	(30.0, 655937.0)	(31.0, 923557.0)	(32.0, 1234615.0)	(33.0, 1747963.0)	(34.0, 2698141.0)	(35.0, 5446508.0)	(36.0, 17812189.0)	(37.0, 999226.0)						
/ | scratch | karcher | fastqc | 240813_MG011_PRISMA_NovaSeq_final_for_Q | H5YFCDSXC_240813_MG_PRISMA_24s001116-1-1_Gross_lane1MG415 | H5YFCDSXC_240813_MG_PRISMA_24s001116-1-1_Gross_lane1MG415_2	(11.0, 5.0)	(12.0, 103.0)	(13.0, 660.0)	(14.0, 1328.0)	(15.0, 1673.0)	(16.0, 1797.0)	(17.0, 2261.0)	(18.0, 3404.0)	(19.0, 6899.0)	(20.0, 14566.0)	(21.0, 29907.0)	(22.0, 56177.0)	(23.0, 99705.0)	(24.0, 112722.0)	(25.0, 111385.0)	(26.0, 140223.0)	(27.0, 191034.0)	(28.0, 255194.0)	(29.0, 351717.0)	(30.0, 488800.0)	(31.0, 711916.0)	(32.0, 1054092.0)	(33.0, 1730686.0)	(34.0, 3140275.0)	(35.0, 7414328.0)	(36.0, 16170494.0)	(37.0, 538358.0)				
/ | scratch | karcher | fastqc | 240813_MG011_PRISMA_NovaSeq_final_for_Q | H5YFCDSXC_240813_MG_PRISMA_24s001116-1-1_Gross_lane1MG416 | H5YFCDSXC_240813_MG_PRISMA_24s001116-1-1_Gross_lane1MG416_1	(14.0, 2.0)	(15.0, 16.0)	(16.0, 56.0)	(17.0, 191.0)	(18.0, 388.0)	(19.0, 903.0)	(20.0, 1896.0)	(21.0, 4012.0)	(22.0, 8005.0)	(23.0, 16203.0)	(24.0, 31680.0)	(25.0, 62990.0)	(26.0, 117717.0)	(27.0, 212599.0)	(28.0, 345836.0)	(29.0, 531211.0)	(30.0, 747520.0)	(31.0, 1028448.0)	(32.0, 1359179.0)	(33.0, 1941076.0)	(34.0, 2757664.0)	(35.0, 5519339.0)	(36.0, 18071266.0)	(37.0, 965765.0)							
/ | scratch | karcher | fastqc | 240813_MG011_PRISMA_NovaSeq_final_for_Q | H5YFCDSXC_240813_MG_PRISMA_24s001116-1-1_Gross_lane1MG416 | H5YFCDSXC_240813_MG_PRISMA_24s001116-1-1_Gross_lane1MG416_2	(11.0, 5.0)	(12.0, 142.0)	(13.0, 828.0)	(14.0, 1436.0)	(15.0, 1433.0)	(16.0, 1437.0)	(17.0, 1725.0)	(18.0, 2881.0)	(19.0, 5759.0)	(20.0, 12989.0)	(21.0, 28471.0)	(22.0, 53442.0)	(23.0, 94510.0)	(24.0, 108684.0)	(25.0, 120617.0)	(26.0, 154350.0)	(27.0, 209646.0)	(28.0, 279036.0)	(29.0, 384117.0)	(30.0, 525498.0)	(31.0, 763414.0)	(32.0, 1119993.0)	(33.0, 1823455.0)	(34.0, 3284235.0)	(35.0, 7726379.0)	(36.0, 16497867.0)	(37.0, 521613.0)				
/ | scratch | karcher | fastqc | 240813_MG011_PRISMA_NovaSeq_final_for_Q | H5YFCDSXC_240813_MG_PRISMA_24s001116-1-1_Gross_lane1MG417 | H5YFCDSXC_240813_MG_PRISMA_24s001116-1-1_Gross_lane1MG417_1	(13.0, 2.0)	(14.0, 12.0)	(15.0, 37.0)	(16.0, 113.0)	(17.0, 193.0)	(18.0, 483.0)	(19.0, 962.0)	(20.0, 1990.0)	(21.0, 4228.0)	(22.0, 8725.0)	(23.0, 17763.0)	(24.0, 35025.0)	(25.0, 67921.0)	(26.0, 121921.0)	(27.0, 212790.0)	(28.0, 335600.0)	(29.0, 502587.0)	(30.0, 696492.0)	(31.0, 942181.0)	(32.0, 1221406.0)	(33.0, 1717488.0)	(34.0, 2529626.0)	(35.0, 4976546.0)	(36.0, 16243222.0)	(37.0, 885406.0)						
/ | scratch | karcher | fastqc | 240813_MG011_PRISMA_NovaSeq_final_for_Q | H5YFCDSXC_240813_MG_PRISMA_24s001116-1-1_Gross_lane1MG417 | H5YFCDSXC_240813_MG_PRISMA_24s001116-1-1_Gross_lane1MG417_2	(11.0, 4.0)	(12.0, 281.0)	(13.0, 1454.0)	(14.0, 2053.0)	(15.0, 1962.0)	(16.0, 1921.0)	(17.0, 2132.0)	(18.0, 3188.0)	(19.0, 6229.0)	(20.0, 13314.0)	(21.0, 28033.0)	(22.0, 51911.0)	(23.0, 90648.0)	(24.0, 123593.0)	(25.0, 132673.0)	(26.0, 155417.0)	(27.0, 207175.0)	(28.0, 272333.0)	(29.0, 370315.0)	(30.0, 506861.0)	(31.0, 728190.0)	(32.0, 1055710.0)	(33.0, 1709587.0)	(34.0, 3041666.0)	(35.0, 7001483.0)	(36.0, 14575226.0)	(37.0, 439360.0)				
/ | scratch | karcher | fastqc | 240813_MG011_PRISMA_NovaSeq_final_for_Q | H5YFCDSXC_240813_MG_PRISMA_24s001116-1-1_Gross_lane1MG418 | H5YFCDSXC_240813_MG_PRISMA_24s001116-1-1_Gross_lane1MG418_1	(13.0, 1.0)	(14.0, 2.0)	(15.0, 13.0)	(16.0, 47.0)	(17.0, 156.0)	(18.0, 360.0)	(19.0, 753.0)	(20.0, 1425.0)	(21.0, 3057.0)	(22.0, 5975.0)	(23.0, 12179.0)	(24.0, 24081.0)	(25.0, 47931.0)	(26.0, 90232.0)	(27.0, 163881.0)	(28.0, 268036.0)	(29.0, 412602.0)	(30.0, 587744.0)	(31.0, 810847.0)	(32.0, 1067602.0)	(33.0, 1523247.0)	(34.0, 2218236.0)	(35.0, 4390157.0)	(36.0, 14160978.0)	(37.0, 765264.0)						
/ | scratch | karcher | fastqc | 240813_MG011_PRISMA_NovaSeq_final_for_Q | H5YFCDSXC_240813_MG_PRISMA_24s001116-1-1_Gross_lane1MG418 | H5YFCDSXC_240813_MG_PRISMA_24s001116-1-1_Gross_lane1MG418_2	(11.0, 3.0)	(12.0, 231.0)	(13.0, 1109.0)	(14.0, 1755.0)	(15.0, 1724.0)	(16.0, 1589.0)	(17.0, 1869.0)	(18.0, 2652.0)	(19.0, 5034.0)	(20.0, 10903.0)	(21.0, 22375.0)	(22.0, 41101.0)	(23.0, 71052.0)	(24.0, 101142.0)	(25.0, 109093.0)	(26.0, 119842.0)	(27.0, 159374.0)	(28.0, 211924.0)	(29.0, 291669.0)	(30.0, 403143.0)	(31.0, 585728.0)	(32.0, 860683.0)	(33.0, 1410885.0)	(34.0, 2550156.0)	(35.0, 6011517.0)	(36.0, 13136588.0)	(37.0, 441665.0)				
/ | scratch | karcher | fastqc | 240813_MG011_PRISMA_NovaSeq_final_for_Q | H5YFCDSXC_240813_MG_PRISMA_24s001116-1-1_Gross_lane1MG419 | H5YFCDSXC_240813_MG_PRISMA_24s001116-1-1_Gross_lane1MG419_1	(14.0, 1.0)	(15.0, 12.0)	(16.0, 57.0)	(17.0, 164.0)	(18.0, 362.0)	(19.0, 777.0)	(20.0, 1598.0)	(21.0, 3497.0)	(22.0, 7129.0)	(23.0, 14668.0)	(24.0, 28704.0)	(25.0, 57524.0)	(26.0, 108911.0)	(27.0, 198247.0)	(28.0, 327677.0)	(29.0, 510870.0)	(30.0, 726887.0)	(31.0, 1003731.0)	(32.0, 1322809.0)	(33.0, 1894406.0)	(34.0, 2751426.0)	(35.0, 5499368.0)	(36.0, 18319313.0)	(37.0, 982756.0)							
/ | scratch | karcher | fastqc | 240813_MG011_PRISMA_NovaSeq_final_for_Q | H5YFCDSXC_240813_MG_PRISMA_24s001116-1-1_Gross_lane1MG419 | H5YFCDSXC_240813_MG_PRISMA_24s001116-1-1_Gross_lane1MG419_2	(11.0, 2.0)	(12.0, 199.0)	(13.0, 1037.0)	(14.0, 1700.0)	(15.0, 1736.0)	(16.0, 1648.0)	(17.0, 1881.0)	(18.0, 2655.0)	(19.0, 4917.0)	(20.0, 10041.0)	(21.0, 20480.0)	(22.0, 39639.0)	(23.0, 73016.0)	(24.0, 96417.0)	(25.0, 96411.0)	(26.0, 116341.0)	(27.0, 162351.0)	(28.0, 223694.0)	(29.0, 316288.0)	(30.0, 449095.0)	(31.0, 668352.0)	(32.0, 1012101.0)	(33.0, 1715192.0)	(34.0, 3216580.0)	(35.0, 7859406.0)	(36.0, 17115901.0)	(37.0, 553814.0)				
/ | scratch | karcher | fastqc | 240813_MG011_PRISMA_NovaSeq_final_for_Q | H5YFCDSXC_240813_MG_PRISMA_24s001116-1-1_Gross_lane1MG420 | H5YFCDSXC_240813_MG_PRISMA_24s001116-1-1_Gross_lane1MG420_1	(14.0, 3.0)	(15.0, 14.0)	(16.0, 46.0)	(17.0, 135.0)	(18.0, 277.0)	(19.0, 711.0)	(20.0, 1570.0)	(21.0, 3281.0)	(22.0, 6472.0)	(23.0, 13333.0)	(24.0, 26645.0)	(25.0, 53805.0)	(26.0, 101716.0)	(27.0, 186497.0)	(28.0, 306568.0)	(29.0, 475094.0)	(30.0, 673899.0)	(31.0, 932554.0)	(32.0, 1256100.0)	(33.0, 1800950.0)	(34.0, 2518171.0)	(35.0, 5111891.0)	(36.0, 17688885.0)	(37.0, 1017602.0)							
/ | scratch | karcher | fastqc | 240813_MG011_PRISMA_NovaSeq_final_for_Q | H5YFCDSXC_240813_MG_PRISMA_24s001116-1-1_Gross_lane1MG420 | H5YFCDSXC_240813_MG_PRISMA_24s001116-1-1_Gross_lane1MG420_2	(11.0, 4.0)	(12.0, 129.0)	(13.0, 873.0)	(14.0, 1664.0)	(15.0, 1716.0)	(16.0, 1776.0)	(17.0, 2132.0)	(18.0, 2987.0)	(19.0, 5557.0)	(20.0, 11215.0)	(21.0, 22954.0)	(22.0, 43911.0)	(23.0, 80283.0)	(24.0, 97278.0)	(25.0, 100405.0)	(26.0, 128421.0)	(27.0, 179366.0)	(28.0, 245081.0)	(29.0, 345071.0)	(30.0, 483956.0)	(31.0, 713798.0)	(32.0, 1062289.0)	(33.0, 1762342.0)	(34.0, 3229509.0)	(35.0, 7624193.0)	(36.0, 15585679.0)	(37.0, 443630.0)				
/ | scratch | karcher | fastqc | 240813_MG011_PRISMA_NovaSeq_final_for_Q | H5YFCDSXC_240813_MG_PRISMA_24s001116-1-1_Gross_lane1MG421 | H5YFCDSXC_240813_MG_PRISMA_24s001116-1-1_Gross_lane1MG421_1	(14.0, 1.0)	(15.0, 25.0)	(16.0, 90.0)	(17.0, 209.0)	(18.0, 501.0)	(19.0, 1018.0)	(20.0, 2168.0)	(21.0, 4419.0)	(22.0, 8899.0)	(23.0, 18049.0)	(24.0, 34354.0)	(25.0, 67427.0)	(26.0, 122491.0)	(27.0, 219155.0)	(28.0, 355384.0)	(29.0, 549226.0)	(30.0, 782999.0)	(31.0, 1088136.0)	(32.0, 1472968.0)	(33.0, 2103522.0)	(34.0, 2961476.0)	(35.0, 5945697.0)	(36.0, 19737008.0)	(37.0, 1139515.0)							
/ | scratch | karcher | fastqc | 240813_MG011_PRISMA_NovaSeq_final_for_Q | H5YFCDSXC_240813_MG_PRISMA_24s001116-1-1_Gross_lane1MG421 | H5YFCDSXC_240813_MG_PRISMA_24s001116-1-1_Gross_lane1MG421_2	(11.0, 14.0)	(12.0, 394.0)	(13.0, 2079.0)	(14.0, 3122.0)	(15.0, 3027.0)	(16.0, 2762.0)	(17.0, 3163.0)	(18.0, 4680.0)	(19.0, 9447.0)	(20.0, 20598.0)	(21.0, 40818.0)	(22.0, 70423.0)	(23.0, 116058.0)	(24.0, 153183.0)	(25.0, 165813.0)	(26.0, 192457.0)	(27.0, 255929.0)	(28.0, 336266.0)	(29.0, 460271.0)	(30.0, 631313.0)	(31.0, 910590.0)	(32.0, 1327384.0)	(33.0, 2150475.0)	(34.0, 3819287.0)	(35.0, 8629366.0)	(36.0, 16831464.0)	(37.0, 474354.0)				
/ | scratch | karcher | fastqc | 240813_MG011_PRISMA_NovaSeq_final_for_Q | H5YFCDSXC_240813_MG_PRISMA_24s001116-1-1_Gross_lane1MG422 | H5YFCDSXC_240813_MG_PRISMA_24s001116-1-1_Gross_lane1MG422_1	(14.0, 1.0)	(15.0, 16.0)	(16.0, 53.0)	(17.0, 184.0)	(18.0, 429.0)	(19.0, 965.0)	(20.0, 2001.0)	(21.0, 4407.0)	(22.0, 8850.0)	(23.0, 17874.0)	(24.0, 34855.0)	(25.0, 68664.0)	(26.0, 126772.0)	(27.0, 227794.0)	(28.0, 369597.0)	(29.0, 568973.0)	(30.0, 800643.0)	(31.0, 1103837.0)	(32.0, 1442181.0)	(33.0, 1996318.0)	(34.0, 2996017.0)	(35.0, 6149285.0)	(36.0, 20714595.0)	(37.0, 1198527.0)							
/ | scratch | karcher | fastqc | 240813_MG011_PRISMA_NovaSeq_final_for_Q | H5YFCDSXC_240813_MG_PRISMA_24s001116-1-1_Gross_lane1MG422 | H5YFCDSXC_240813_MG_PRISMA_24s001116-1-1_Gross_lane1MG422_2	(11.0, 2.0)	(12.0, 156.0)	(13.0, 907.0)	(14.0, 1433.0)	(15.0, 1439.0)	(16.0, 1484.0)	(17.0, 1683.0)	(18.0, 2380.0)	(19.0, 4744.0)	(20.0, 10355.0)	(21.0, 22536.0)	(22.0, 44700.0)	(23.0, 83955.0)	(24.0, 107758.0)	(25.0, 110012.0)	(26.0, 137070.0)	(27.0, 189019.0)	(28.0, 255528.0)	(29.0, 355950.0)	(30.0, 494359.0)	(31.0, 722811.0)	(32.0, 1074859.0)	(33.0, 1776082.0)	(34.0, 3256648.0)	(35.0, 8064500.0)	(36.0, 20339844.0)	(37.0, 772624.0)				
/ | scratch | karcher | fastqc | 240813_MG011_PRISMA_NovaSeq_final_for_Q | H5YFCDSXC_240813_MG_PRISMA_24s001116-1-1_Gross_lane1MG423 | H5YFCDSXC_240813_MG_PRISMA_24s001116-1-1_Gross_lane1MG423_1	(14.0, 2.0)	(15.0, 9.0)	(16.0, 45.0)	(17.0, 156.0)	(18.0, 366.0)	(19.0, 809.0)	(20.0, 1749.0)	(21.0, 3763.0)	(22.0, 7492.0)	(23.0, 14750.0)	(24.0, 28892.0)	(25.0, 57587.0)	(26.0, 108924.0)	(27.0, 200905.0)	(28.0, 334373.0)	(29.0, 531637.0)	(30.0, 770353.0)	(31.0, 1085361.0)	(32.0, 1456270.0)	(33.0, 2102291.0)	(34.0, 3115688.0)	(35.0, 6164395.0)	(36.0, 19848890.0)	(37.0, 1124928.0)							
/ | scratch | karcher | fastqc | 240813_MG011_PRISMA_NovaSeq_final_for_Q | H5YFCDSXC_240813_MG_PRISMA_24s001116-1-1_Gross_lane1MG423 | H5YFCDSXC_240813_MG_PRISMA_24s001116-1-1_Gross_lane1MG423_2	(11.0, 11.0)	(12.0, 284.0)	(13.0, 1625.0)	(14.0, 2341.0)	(15.0, 2338.0)	(16.0, 2180.0)	(17.0, 2450.0)	(18.0, 3653.0)	(19.0, 7412.0)	(20.0, 16352.0)	(21.0, 33213.0)	(22.0, 60397.0)	(23.0, 105169.0)	(24.0, 134214.0)	(25.0, 142019.0)	(26.0, 171372.0)	(27.0, 231711.0)	(28.0, 307925.0)	(29.0, 424054.0)	(30.0, 586127.0)	(31.0, 852557.0)	(32.0, 1254685.0)	(33.0, 2035804.0)	(34.0, 3630273.0)	(35.0, 8345047.0)	(36.0, 17998170.0)	(37.0, 608252.0)				
/ | scratch | karcher | fastqc | 240813_MG011_PRISMA_NovaSeq_final_for_Q | H5YFCDSXC_240813_MG_PRISMA_24s001116-1-1_Gross_lane1MG424 | H5YFCDSXC_240813_MG_PRISMA_24s001116-1-1_Gross_lane1MG424_1	(14.0, 3.0)	(15.0, 29.0)	(16.0, 106.0)	(17.0, 308.0)	(18.0, 654.0)	(19.0, 1462.0)	(20.0, 3082.0)	(21.0, 6309.0)	(22.0, 12259.0)	(23.0, 23280.0)	(24.0, 41276.0)	(25.0, 74722.0)	(26.0, 131689.0)	(27.0, 232968.0)	(28.0, 374143.0)	(29.0, 581199.0)	(30.0, 832967.0)	(31.0, 1165060.0)	(32.0, 1564250.0)	(33.0, 2252757.0)	(34.0, 3200314.0)	(35.0, 6267721.0)	(36.0, 20069035.0)	(37.0, 1194176.0)							
/ | scratch | karcher | fastqc | 240813_MG011_PRISMA_NovaSeq_final_for_Q | H5YFCDSXC_240813_MG_PRISMA_24s001116-1-1_Gross_lane1MG424 | H5YFCDSXC_240813_MG_PRISMA_24s001116-1-1_Gross_lane1MG424_2	(11.0, 7.0)	(12.0, 242.0)	(13.0, 1292.0)	(14.0, 2156.0)	(15.0, 2282.0)	(16.0, 2439.0)	(17.0, 2968.0)	(18.0, 4497.0)	(19.0, 9524.0)	(20.0, 21241.0)	(21.0, 44894.0)	(22.0, 81495.0)	(23.0, 137516.0)	(24.0, 177557.0)	(25.0, 192634.0)	(26.0, 235433.0)	(27.0, 316728.0)	(28.0, 418377.0)	(29.0, 569176.0)	(30.0, 773992.0)	(31.0, 1103836.0)	(32.0, 1586865.0)	(33.0, 2499469.0)	(34.0, 4268206.0)	(35.0, 9077076.0)	(36.0, 16106936.0)	(37.0, 392931.0)				
/ | scratch | karcher | fastqc | 240813_MG011_PRISMA_NovaSeq_final_for_Q | H5YFCDSXC_240813_MG_PRISMA_24s001116-1-1_Gross_lane1MG425 | H5YFCDSXC_240813_MG_PRISMA_24s001116-1-1_Gross_lane1MG425_1	(15.0, 9.0)	(16.0, 50.0)	(17.0, 116.0)	(18.0, 381.0)	(19.0, 779.0)	(20.0, 1568.0)	(21.0, 3607.0)	(22.0, 7204.0)	(23.0, 14410.0)	(24.0, 28343.0)	(25.0, 57836.0)	(26.0, 109556.0)	(27.0, 203294.0)	(28.0, 336403.0)	(29.0, 526203.0)	(30.0, 749848.0)	(31.0, 1045124.0)	(32.0, 1420720.0)	(33.0, 1999183.0)	(34.0, 2800038.0)	(35.0, 5631215.0)	(36.0, 18844924.0)	(37.0, 1083329.0)								
/ | scratch | karcher | fastqc | 240813_MG011_PRISMA_NovaSeq_final_for_Q | H5YFCDSXC_240813_MG_PRISMA_24s001116-1-1_Gross_lane1MG425 | H5YFCDSXC_240813_MG_PRISMA_24s001116-1-1_Gross_lane1MG425_2	(11.0, 5.0)	(12.0, 289.0)	(13.0, 1611.0)	(14.0, 2401.0)	(15.0, 2465.0)	(16.0, 2268.0)	(17.0, 2639.0)	(18.0, 3711.0)	(19.0, 7067.0)	(20.0, 14610.0)	(21.0, 29832.0)	(22.0, 55028.0)	(23.0, 97436.0)	(24.0, 114480.0)	(25.0, 112094.0)	(26.0, 133144.0)	(27.0, 179151.0)	(28.0, 239137.0)	(29.0, 330626.0)	(30.0, 456519.0)	(31.0, 667695.0)	(32.0, 988630.0)	(33.0, 1633421.0)	(34.0, 3000181.0)	(35.0, 7336339.0)	(36.0, 18686613.0)	(37.0, 766748.0)				
/ | scratch | karcher | fastqc | 240813_MG011_PRISMA_NovaSeq_final_for_Q | H5YFCDSXC_240813_MG_PRISMA_24s001116-1-1_Gross_lane1MG426 | H5YFCDSXC_240813_MG_PRISMA_24s001116-1-1_Gross_lane1MG426_1	(14.0, 2.0)	(15.0, 13.0)	(16.0, 47.0)	(17.0, 145.0)	(18.0, 358.0)	(19.0, 745.0)	(20.0, 1707.0)	(21.0, 3628.0)	(22.0, 7621.0)	(23.0, 16200.0)	(24.0, 32074.0)	(25.0, 64364.0)	(26.0, 119331.0)	(27.0, 214324.0)	(28.0, 346321.0)	(29.0, 529435.0)	(30.0, 741601.0)	(31.0, 1012155.0)	(32.0, 1320465.0)	(33.0, 1859450.0)	(34.0, 2751859.0)	(35.0, 5397343.0)	(36.0, 18224336.0)	(37.0, 1076529.0)							
/ | scratch | karcher | fastqc | 240813_MG011_PRISMA_NovaSeq_final_for_Q | H5YFCDSXC_240813_MG_PRISMA_24s001116-1-1_Gross_lane1MG426 | H5YFCDSXC_240813_MG_PRISMA_24s001116-1-1_Gross_lane1MG426_2	(11.0, 12.0)	(12.0, 360.0)	(13.0, 1450.0)	(14.0, 1903.0)	(15.0, 1847.0)	(16.0, 1540.0)	(17.0, 1720.0)	(18.0, 2696.0)	(19.0, 4854.0)	(20.0, 10607.0)	(21.0, 23054.0)	(22.0, 43402.0)	(23.0, 78805.0)	(24.0, 109438.0)	(25.0, 113199.0)	(26.0, 131276.0)	(27.0, 177797.0)	(28.0, 236772.0)	(29.0, 327479.0)	(30.0, 453951.0)	(31.0, 665249.0)	(32.0, 986267.0)	(33.0, 1637242.0)	(34.0, 3010335.0)	(35.0, 7374995.0)	(36.0, 17663928.0)	(37.0, 659875.0)				
/ | scratch | karcher | fastqc | 240813_MG011_PRISMA_NovaSeq_final_for_Q | H5YFCDSXC_240813_MG_PRISMA_24s001116-1-1_Gross_lane1MG427 | H5YFCDSXC_240813_MG_PRISMA_24s001116-1-1_Gross_lane1MG427_1	(15.0, 19.0)	(16.0, 63.0)	(17.0, 208.0)	(18.0, 415.0)	(19.0, 925.0)	(20.0, 1899.0)	(21.0, 4064.0)	(22.0, 8316.0)	(23.0, 16959.0)	(24.0, 33010.0)	(25.0, 66277.0)	(26.0, 123292.0)	(27.0, 224017.0)	(28.0, 365182.0)	(29.0, 567071.0)	(30.0, 807031.0)	(31.0, 1118940.0)	(32.0, 1470905.0)	(33.0, 2057767.0)	(34.0, 3106960.0)	(35.0, 6136941.0)	(36.0, 19898500.0)	(37.0, 1115156.0)								
/ | scratch | karcher | fastqc | 240813_MG011_PRISMA_NovaSeq_final_for_Q | H5YFCDSXC_240813_MG_PRISMA_24s001116-1-1_Gross_lane1MG427 | H5YFCDSXC_240813_MG_PRISMA_24s001116-1-1_Gross_lane1MG427_2	(11.0, 10.0)	(12.0, 421.0)	(13.0, 2006.0)	(14.0, 2521.0)	(15.0, 2319.0)	(16.0, 2084.0)	(17.0, 2378.0)	(18.0, 3541.0)	(19.0, 7397.0)	(20.0, 16486.0)	(21.0, 34253.0)	(22.0, 61647.0)	(23.0, 102882.0)	(24.0, 148355.0)	(25.0, 166255.0)	(26.0, 179122.0)	(27.0, 233892.0)	(28.0, 307559.0)	(29.0, 421270.0)	(30.0, 575693.0)	(31.0, 833887.0)	(32.0, 1225330.0)	(33.0, 2001948.0)	(34.0, 3626872.0)	(35.0, 8538333.0)	(36.0, 18066761.0)	(37.0, 560695.0)				
/ | scratch | karcher | fastqc | 240813_MG011_PRISMA_NovaSeq_final_for_Q | H5YFCDSXC_240813_MG_PRISMA_24s001116-1-1_Gross_lane1MG428 | H5YFCDSXC_240813_MG_PRISMA_24s001116-1-1_Gross_lane1MG428_1	(14.0, 5.0)	(15.0, 40.0)	(16.0, 114.0)	(17.0, 370.0)	(18.0, 798.0)	(19.0, 1702.0)	(20.0, 3559.0)	(21.0, 7222.0)	(22.0, 14046.0)	(23.0, 26722.0)	(24.0, 48119.0)	(25.0, 88272.0)	(26.0, 154303.0)	(27.0, 265200.0)	(28.0, 417440.0)	(29.0, 626828.0)	(30.0, 873540.0)	(31.0, 1192444.0)	(32.0, 1553621.0)	(33.0, 2183997.0)	(34.0, 3232195.0)	(35.0, 6261969.0)	(36.0, 20144346.0)	(37.0, 1209996.0)							
/ | scratch | karcher | fastqc | 240813_MG011_PRISMA_NovaSeq_final_for_Q | H5YFCDSXC_240813_MG_PRISMA_24s001116-1-1_Gross_lane1MG428 | H5YFCDSXC_240813_MG_PRISMA_24s001116-1-1_Gross_lane1MG428_2	(11.0, 3.0)	(12.0, 251.0)	(13.0, 1329.0)	(14.0, 2200.0)	(15.0, 2276.0)	(16.0, 2176.0)	(17.0, 2578.0)	(18.0, 3848.0)	(19.0, 7442.0)	(20.0, 16570.0)	(21.0, 36284.0)	(22.0, 67516.0)	(23.0, 116240.0)	(24.0, 153388.0)	(25.0, 168597.0)	(26.0, 200371.0)	(27.0, 266157.0)	(28.0, 349525.0)	(29.0, 474792.0)	(30.0, 648583.0)	(31.0, 930024.0)	(32.0, 1347673.0)	(33.0, 2167238.0)	(34.0, 3825958.0)	(35.0, 8706438.0)	(36.0, 18208697.0)	(37.0, 600694.0)				
/ | scratch | karcher | fastqc | 240813_MG011_PRISMA_NovaSeq_final_for_Q | H5YFCDSXC_240813_MG_PRISMA_24s001116-1-1_Gross_lane1MG429 | H5YFCDSXC_240813_MG_PRISMA_24s001116-1-1_Gross_lane1MG429_1	(14.0, 19.0)	(15.0, 172.0)	(16.0, 559.0)	(17.0, 1261.0)	(18.0, 2147.0)	(19.0, 4063.0)	(20.0, 6770.0)	(21.0, 12186.0)	(22.0, 20609.0)	(23.0, 34808.0)	(24.0, 57830.0)	(25.0, 98499.0)	(26.0, 165168.0)	(27.0, 279955.0)	(28.0, 439103.0)	(29.0, 664716.0)	(30.0, 934763.0)	(31.0, 1293901.0)	(32.0, 1710792.0)	(33.0, 2392987.0)	(34.0, 3621352.0)	(35.0, 7315937.0)	(36.0, 22574511.0)	(37.0, 1146704.0)							
/ | scratch | karcher | fastqc | 240813_MG011_PRISMA_NovaSeq_final_for_Q | H5YFCDSXC_240813_MG_PRISMA_24s001116-1-1_Gross_lane1MG429 | H5YFCDSXC_240813_MG_PRISMA_24s001116-1-1_Gross_lane1MG429_2	(11.0, 2.0)	(12.0, 202.0)	(13.0, 1155.0)	(14.0, 2249.0)	(15.0, 2416.0)	(16.0, 2422.0)	(17.0, 3002.0)	(18.0, 4429.0)	(19.0, 9135.0)	(20.0, 20085.0)	(21.0, 42393.0)	(22.0, 77036.0)	(23.0, 131344.0)	(24.0, 161023.0)	(25.0, 171589.0)	(26.0, 209387.0)	(27.0, 281384.0)	(28.0, 370597.0)	(29.0, 502965.0)	(30.0, 689436.0)	(31.0, 993722.0)	(32.0, 1451304.0)	(33.0, 2349947.0)	(34.0, 4185260.0)	(35.0, 9673477.0)	(36.0, 20796474.0)	(37.0, 646377.0)				
/ | scratch | karcher | fastqc | 240813_MG011_PRISMA_NovaSeq_final_for_Q | H5YFCDSXC_240813_MG_PRISMA_24s001116-1-1_Gross_lane1MG430 | H5YFCDSXC_240813_MG_PRISMA_24s001116-1-1_Gross_lane1MG430_1	(14.0, 2.0)	(15.0, 6.0)	(16.0, 36.0)	(17.0, 106.0)	(18.0, 270.0)	(19.0, 534.0)	(20.0, 1180.0)	(21.0, 2597.0)	(22.0, 5450.0)	(23.0, 11229.0)	(24.0, 21967.0)	(25.0, 43717.0)	(26.0, 79990.0)	(27.0, 143834.0)	(28.0, 230169.0)	(29.0, 349447.0)	(30.0, 487363.0)	(31.0, 664599.0)	(32.0, 862579.0)	(33.0, 1223969.0)	(34.0, 1781876.0)	(35.0, 3499202.0)	(36.0, 11934651.0)	(37.0, 675741.0)							
/ | scratch | karcher | fastqc | 240813_MG011_PRISMA_NovaSeq_final_for_Q | H5YFCDSXC_240813_MG_PRISMA_24s001116-1-1_Gross_lane1MG430 | H5YFCDSXC_240813_MG_PRISMA_24s001116-1-1_Gross_lane1MG430_2	(11.0, 2.0)	(12.0, 125.0)	(13.0, 675.0)	(14.0, 1050.0)	(15.0, 1101.0)	(16.0, 1089.0)	(17.0, 1264.0)	(18.0, 1778.0)	(19.0, 3327.0)	(20.0, 6821.0)	(21.0, 14263.0)	(22.0, 27376.0)	(23.0, 49590.0)	(24.0, 66999.0)	(25.0, 68330.0)	(26.0, 81721.0)	(27.0, 113802.0)	(28.0, 155297.0)	(29.0, 218562.0)	(30.0, 309522.0)	(31.0, 459526.0)	(32.0, 693185.0)	(33.0, 1165816.0)	(34.0, 2186257.0)	(35.0, 5295780.0)	(36.0, 10799846.0)	(37.0, 297410.0)				
/ | scratch | karcher | fastqc | 240813_MG011_PRISMA_NovaSeq_final_for_Q | H5YFCDSXC_240813_MG_PRISMA_24s001116-1-1_Gross_lane1MG431 | H5YFCDSXC_240813_MG_PRISMA_24s001116-1-1_Gross_lane1MG431_1	(14.0, 2.0)	(15.0, 21.0)	(16.0, 97.0)	(17.0, 273.0)	(18.0, 591.0)	(19.0, 1229.0)	(20.0, 2234.0)	(21.0, 4378.0)	(22.0, 8327.0)	(23.0, 15292.0)	(24.0, 27337.0)	(25.0, 51743.0)	(26.0, 93791.0)	(27.0, 165334.0)	(28.0, 270148.0)	(29.0, 420505.0)	(30.0, 604138.0)	(31.0, 847241.0)	(32.0, 1140042.0)	(33.0, 1645730.0)	(34.0, 2316249.0)	(35.0, 4580895.0)	(36.0, 14862740.0)	(37.0, 858635.0)							
/ | scratch | karcher | fastqc | 240813_MG011_PRISMA_NovaSeq_final_for_Q | H5YFCDSXC_240813_MG_PRISMA_24s001116-1-1_Gross_lane1MG431 | H5YFCDSXC_240813_MG_PRISMA_24s001116-1-1_Gross_lane1MG431_2	(11.0, 4.0)	(12.0, 189.0)	(13.0, 1021.0)	(14.0, 1614.0)	(15.0, 1525.0)	(16.0, 1528.0)	(17.0, 1712.0)	(18.0, 2567.0)	(19.0, 4916.0)	(20.0, 11068.0)	(21.0, 23642.0)	(22.0, 43492.0)	(23.0, 71723.0)	(24.0, 100199.0)	(25.0, 120596.0)	(26.0, 137530.0)	(27.0, 180873.0)	(28.0, 237145.0)	(29.0, 326522.0)	(30.0, 447557.0)	(31.0, 643889.0)	(32.0, 943053.0)	(33.0, 1531069.0)	(34.0, 2737561.0)	(35.0, 6332360.0)	(36.0, 13561977.0)	(37.0, 451640.0)				
/ | scratch | karcher | fastqc | 240813_MG011_PRISMA_NovaSeq_final_for_Q | H5YFCDSXC_240813_MG_PRISMA_24s001116-1-1_Gross_lane1MG432 | H5YFCDSXC_240813_MG_PRISMA_24s001116-1-1_Gross_lane1MG432_1	(14.0, 3.0)	(15.0, 26.0)	(16.0, 85.0)	(17.0, 216.0)	(18.0, 493.0)	(19.0, 938.0)	(20.0, 1898.0)	(21.0, 4005.0)	(22.0, 7828.0)	(23.0, 14967.0)	(24.0, 27028.0)	(25.0, 50328.0)	(26.0, 88566.0)	(27.0, 153566.0)	(28.0, 243380.0)	(29.0, 369688.0)	(30.0, 522166.0)	(31.0, 720564.0)	(32.0, 976451.0)	(33.0, 1370339.0)	(34.0, 1903421.0)	(35.0, 3764202.0)	(36.0, 11918934.0)	(37.0, 680526.0)							
/ | scratch | karcher | fastqc | 240813_MG011_PRISMA_NovaSeq_final_for_Q | H5YFCDSXC_240813_MG_PRISMA_24s001116-1-1_Gross_lane1MG432 | H5YFCDSXC_240813_MG_PRISMA_24s001116-1-1_Gross_lane1MG432_2	(11.0, 1.0)	(12.0, 151.0)	(13.0, 693.0)	(14.0, 1213.0)	(15.0, 1336.0)	(16.0, 1347.0)	(17.0, 1693.0)	(18.0, 2384.0)	(19.0, 5146.0)	(20.0, 11246.0)	(21.0, 23715.0)	(22.0, 43560.0)	(23.0, 74876.0)	(24.0, 90909.0)	(25.0, 99888.0)	(26.0, 122924.0)	(27.0, 165366.0)	(28.0, 218016.0)	(29.0, 299632.0)	(30.0, 409227.0)	(31.0, 589201.0)	(32.0, 859034.0)	(33.0, 1378851.0)	(34.0, 2423704.0)	(35.0, 5390196.0)	(36.0, 10319680.0)	(37.0, 285629.0)				
/ | scratch | karcher | fastqc | 240813_MG011_PRISMA_NovaSeq_final_for_Q | H5YFCDSXC_240813_MG_PRISMA_24s001116-1-1_Gross_lane1MG433 | H5YFCDSXC_240813_MG_PRISMA_24s001116-1-1_Gross_lane1MG433_1	(14.0, 2.0)	(15.0, 23.0)	(16.0, 99.0)	(17.0, 197.0)	(18.0, 450.0)	(19.0, 957.0)	(20.0, 1834.0)	(21.0, 3802.0)	(22.0, 7272.0)	(23.0, 13898.0)	(24.0, 25076.0)	(25.0, 46750.0)	(26.0, 83086.0)	(27.0, 147340.0)	(28.0, 238473.0)	(29.0, 371512.0)	(30.0, 533211.0)	(31.0, 759784.0)	(32.0, 1076036.0)	(33.0, 1373451.0)	(34.0, 2007813.0)	(35.0, 4048813.0)	(36.0, 13042293.0)	(37.0, 744888.0)							
/ | scratch | karcher | fastqc | 240813_MG011_PRISMA_NovaSeq_final_for_Q | H5YFCDSXC_240813_MG_PRISMA_24s001116-1-1_Gross_lane1MG433 | H5YFCDSXC_240813_MG_PRISMA_24s001116-1-1_Gross_lane1MG433_2	(11.0, 2.0)	(12.0, 156.0)	(13.0, 901.0)	(14.0, 1449.0)	(15.0, 1680.0)	(16.0, 1591.0)	(17.0, 1932.0)	(18.0, 2972.0)	(19.0, 6282.0)	(20.0, 13933.0)	(21.0, 28348.0)	(22.0, 51036.0)	(23.0, 84419.0)	(24.0, 105301.0)	(25.0, 118703.0)	(26.0, 143838.0)	(27.0, 193785.0)	(28.0, 255302.0)	(29.0, 348369.0)	(30.0, 478899.0)	(31.0, 687713.0)	(32.0, 997378.0)	(33.0, 1600693.0)	(34.0, 2790402.0)	(35.0, 6026248.0)	(36.0, 10336550.0)	(37.0, 249178.0)				
/ | scratch | karcher | fastqc | 240813_MG011_PRISMA_NovaSeq_final_for_Q | H5YFCDSXC_240813_MG_PRISMA_24s001116-1-1_Gross_lane1MG434 | H5YFCDSXC_240813_MG_PRISMA_24s001116-1-1_Gross_lane1MG434_1	(14.0, 3.0)	(15.0, 31.0)	(16.0, 61.0)	(17.0, 185.0)	(18.0, 405.0)	(19.0, 941.0)	(20.0, 1854.0)	(21.0, 4145.0)	(22.0, 8556.0)	(23.0, 17624.0)	(24.0, 34363.0)	(25.0, 68227.0)	(26.0, 121246.0)	(27.0, 212084.0)	(28.0, 333778.0)	(29.0, 501248.0)	(30.0, 690674.0)	(31.0, 934525.0)	(32.0, 1204525.0)	(33.0, 1656164.0)	(34.0, 2490520.0)	(35.0, 4983375.0)	(36.0, 16390643.0)	(37.0, 934083.0)							
/ | scratch | karcher | fastqc | 240813_MG011_PRISMA_NovaSeq_final_for_Q | H5YFCDSXC_240813_MG_PRISMA_24s001116-1-1_Gross_lane1MG434 | H5YFCDSXC_240813_MG_PRISMA_24s001116-1-1_Gross_lane1MG434_2	(11.0, 1.0)	(12.0, 302.0)	(13.0, 1517.0)	(14.0, 2219.0)	(15.0, 1982.0)	(16.0, 1765.0)	(17.0, 2004.0)	(18.0, 2893.0)	(19.0, 5856.0)	(20.0, 12551.0)	(21.0, 25751.0)	(22.0, 45239.0)	(23.0, 73066.0)	(24.0, 103061.0)	(25.0, 129906.0)	(26.0, 148958.0)	(27.0, 189208.0)	(28.0, 246558.0)	(29.0, 338379.0)	(30.0, 464695.0)	(31.0, 674301.0)	(32.0, 990529.0)	(33.0, 1620827.0)	(34.0, 2939038.0)	(35.0, 6967085.0)	(36.0, 15126002.0)	(37.0, 475567.0)				
/ | scratch | karcher | fastqc | 240813_MG011_PRISMA_NovaSeq_final_for_Q | H5YFCDSXC_240813_MG_PRISMA_24s001116-1-1_Gross_lane1MG435 | H5YFCDSXC_240813_MG_PRISMA_24s001116-1-1_Gross_lane1MG435_1	(15.0, 13.0)	(16.0, 41.0)	(17.0, 87.0)	(18.0, 259.0)	(19.0, 540.0)	(20.0, 1154.0)	(21.0, 2386.0)	(22.0, 4593.0)	(23.0, 9449.0)	(24.0, 17868.0)	(25.0, 36651.0)	(26.0, 69814.0)	(27.0, 129469.0)	(28.0, 217137.0)	(29.0, 344213.0)	(30.0, 497766.0)	(31.0, 697099.0)	(32.0, 931343.0)	(33.0, 1339846.0)	(34.0, 1939795.0)	(35.0, 3878354.0)	(36.0, 12514217.0)	(37.0, 646379.0)								
/ | scratch | karcher | fastqc | 240813_MG011_PRISMA_NovaSeq_final_for_Q | H5YFCDSXC_240813_MG_PRISMA_24s001116-1-1_Gross_lane1MG435 | H5YFCDSXC_240813_MG_PRISMA_24s001116-1-1_Gross_lane1MG435_2	(11.0, 6.0)	(12.0, 309.0)	(13.0, 1442.0)	(14.0, 1825.0)	(15.0, 1636.0)	(16.0, 1415.0)	(17.0, 1613.0)	(18.0, 2545.0)	(19.0, 5459.0)	(20.0, 11974.0)	(21.0, 23397.0)	(22.0, 38709.0)	(23.0, 60689.0)	(24.0, 84543.0)	(25.0, 104799.0)	(26.0, 117361.0)	(27.0, 148352.0)	(28.0, 192616.0)	(29.0, 261362.0)	(30.0, 360203.0)	(31.0, 520100.0)	(32.0, 767760.0)	(33.0, 1263539.0)	(34.0, 2300625.0)	(35.0, 5421448.0)	(36.0, 11247955.0)	(37.0, 336791.0)				
/ | scratch | karcher | fastqc | 240813_MG011_PRISMA_NovaSeq_final_for_Q | H5YFCDSXC_240813_MG_PRISMA_24s001116-1-1_Gross_lane1MG436 | H5YFCDSXC_240813_MG_PRISMA_24s001116-1-1_Gross_lane1MG436_1	(14.0, 3.0)	(15.0, 28.0)	(16.0, 66.0)	(17.0, 200.0)	(18.0, 480.0)	(19.0, 961.0)	(20.0, 2112.0)	(21.0, 4378.0)	(22.0, 8708.0)	(23.0, 16143.0)	(24.0, 29598.0)	(25.0, 55493.0)	(26.0, 96990.0)	(27.0, 169685.0)	(28.0, 271439.0)	(29.0, 414548.0)	(30.0, 587349.0)	(31.0, 818808.0)	(32.0, 1155420.0)	(33.0, 1456647.0)	(34.0, 2103731.0)	(35.0, 4201299.0)	(36.0, 13526873.0)	(37.0, 772329.0)							
/ | scratch | karcher | fastqc | 240813_MG011_PRISMA_NovaSeq_final_for_Q | H5YFCDSXC_240813_MG_PRISMA_24s001116-1-1_Gross_lane1MG436 | H5YFCDSXC_240813_MG_PRISMA_24s001116-1-1_Gross_lane1MG436_2	(12.0, 69.0)	(13.0, 518.0)	(14.0, 992.0)	(15.0, 1316.0)	(16.0, 1400.0)	(17.0, 1720.0)	(18.0, 2545.0)	(19.0, 4849.0)	(20.0, 10351.0)	(21.0, 21397.0)	(22.0, 39645.0)	(23.0, 68158.0)	(24.0, 88780.0)	(25.0, 93077.0)	(26.0, 112364.0)	(27.0, 153790.0)	(28.0, 206413.0)	(29.0, 287091.0)	(30.0, 398402.0)	(31.0, 581810.0)	(32.0, 856323.0)	(33.0, 1404712.0)	(34.0, 2525650.0)	(35.0, 5883304.0)	(36.0, 12553013.0)	(37.0, 395599.0)					
/ | scratch | karcher | fastqc | 240813_MG011_PRISMA_NovaSeq_final_for_Q | H5YFCDSXC_240813_MG_PRISMA_24s001116-1-1_Gross_lane1MG437 | H5YFCDSXC_240813_MG_PRISMA_24s001116-1-1_Gross_lane1MG437_1	(14.0, 5.0)	(15.0, 37.0)	(16.0, 174.0)	(17.0, 434.0)	(18.0, 956.0)	(19.0, 1838.0)	(20.0, 3887.0)	(21.0, 8097.0)	(22.0, 15918.0)	(23.0, 30162.0)	(24.0, 53391.0)	(25.0, 93864.0)	(26.0, 156849.0)	(27.0, 261104.0)	(28.0, 397080.0)	(29.0, 588189.0)	(30.0, 813730.0)	(31.0, 1110558.0)	(32.0, 1497039.0)	(33.0, 2124343.0)	(34.0, 2871538.0)	(35.0, 5412572.0)	(36.0, 17011446.0)	(37.0, 1220727.0)							
/ | scratch | karcher | fastqc | 240813_MG011_PRISMA_NovaSeq_final_for_Q | H5YFCDSXC_240813_MG_PRISMA_24s001116-1-1_Gross_lane1MG437 | H5YFCDSXC_240813_MG_PRISMA_24s001116-1-1_Gross_lane1MG437_2	(11.0, 2.0)	(12.0, 290.0)	(13.0, 1393.0)	(14.0, 2220.0)	(15.0, 2480.0)	(16.0, 2433.0)	(17.0, 2750.0)	(18.0, 3865.0)	(19.0, 7777.0)	(20.0, 18458.0)	(21.0, 41627.0)	(22.0, 78577.0)	(23.0, 126189.0)	(24.0, 176381.0)	(25.0, 216999.0)	(26.0, 239560.0)	(27.0, 300077.0)	(28.0, 382402.0)	(29.0, 505981.0)	(30.0, 673946.0)	(31.0, 936491.0)	(32.0, 1320062.0)	(33.0, 2039766.0)	(34.0, 3421224.0)	(35.0, 7285900.0)	(36.0, 15278484.0)	(37.0, 608604.0)				
/ | scratch | karcher | fastqc | 240813_MG011_PRISMA_NovaSeq_final_for_Q | H5YFCDSXC_240813_MG_PRISMA_24s001116-1-1_Gross_lane1MG438 | H5YFCDSXC_240813_MG_PRISMA_24s001116-1-1_Gross_lane1MG438_1	(14.0, 3.0)	(15.0, 13.0)	(16.0, 54.0)	(17.0, 143.0)	(18.0, 332.0)	(19.0, 674.0)	(20.0, 1501.0)	(21.0, 3140.0)	(22.0, 6325.0)	(23.0, 12765.0)	(24.0, 24951.0)	(25.0, 49375.0)	(26.0, 88375.0)	(27.0, 158488.0)	(28.0, 254940.0)	(29.0, 388002.0)	(30.0, 547842.0)	(31.0, 757892.0)	(32.0, 1061841.0)	(33.0, 1376976.0)	(34.0, 1965674.0)	(35.0, 3998558.0)	(36.0, 13860778.0)	(37.0, 832995.0)							
/ | scratch | karcher | fastqc | 240813_MG011_PRISMA_NovaSeq_final_for_Q | H5YFCDSXC_240813_MG_PRISMA_24s001116-1-1_Gross_lane1MG438 | H5YFCDSXC_240813_MG_PRISMA_24s001116-1-1_Gross_lane1MG438_2	(11.0, 3.0)	(12.0, 194.0)	(13.0, 956.0)	(14.0, 1422.0)	(15.0, 1457.0)	(16.0, 1368.0)	(17.0, 1595.0)	(18.0, 2357.0)	(19.0, 4603.0)	(20.0, 9767.0)	(21.0, 19952.0)	(22.0, 37991.0)	(23.0, 66130.0)	(24.0, 89219.0)	(25.0, 96439.0)	(26.0, 115730.0)	(27.0, 156357.0)	(28.0, 209185.0)	(29.0, 287121.0)	(30.0, 398305.0)	(31.0, 583134.0)	(32.0, 863487.0)	(33.0, 1430051.0)	(34.0, 2602854.0)	(35.0, 6057182.0)	(36.0, 12018039.0)	(37.0, 336739.0)				
/ | scratch | karcher | fastqc | 240813_MG011_PRISMA_NovaSeq_final_for_Q | H5YFCDSXC_240813_MG_PRISMA_24s001116-1-1_Gross_lane1MG439 | H5YFCDSXC_240813_MG_PRISMA_24s001116-1-1_Gross_lane1MG439_1	(14.0, 3.0)	(15.0, 25.0)	(16.0, 78.0)	(17.0, 155.0)	(18.0, 316.0)	(19.0, 697.0)	(20.0, 1367.0)	(21.0, 2815.0)	(22.0, 5418.0)	(23.0, 11028.0)	(24.0, 20952.0)	(25.0, 41243.0)	(26.0, 75297.0)	(27.0, 134695.0)	(28.0, 216559.0)	(29.0, 330424.0)	(30.0, 463181.0)	(31.0, 636428.0)	(32.0, 837423.0)	(33.0, 1224565.0)	(34.0, 1769077.0)	(35.0, 3340930.0)	(36.0, 9854207.0)	(37.0, 496735.0)							
/ | scratch | karcher | fastqc | 240813_MG011_PRISMA_NovaSeq_final_for_Q | H5YFCDSXC_240813_MG_PRISMA_24s001116-1-1_Gross_lane1MG439 | H5YFCDSXC_240813_MG_PRISMA_24s001116-1-1_Gross_lane1MG439_2	(11.0, 1.0)	(12.0, 225.0)	(13.0, 1234.0)	(14.0, 1984.0)	(15.0, 2273.0)	(16.0, 2399.0)	(17.0, 2903.0)	(18.0, 4444.0)	(19.0, 7990.0)	(20.0, 15165.0)	(21.0, 29537.0)	(22.0, 54566.0)	(23.0, 96634.0)	(24.0, 128920.0)	(25.0, 116033.0)	(26.0, 108026.0)	(27.0, 136856.0)	(28.0, 181513.0)	(29.0, 249837.0)	(30.0, 344974.0)	(31.0, 502367.0)	(32.0, 739114.0)	(33.0, 1197718.0)	(34.0, 2110811.0)	(35.0, 4661598.0)	(36.0, 8539618.0)	(37.0, 226878.0)				
/ | scratch | karcher | fastqc | 240813_MG011_PRISMA_NovaSeq_final_for_Q | H5YFCDSXC_240813_MG_PRISMA_24s001116-1-1_Gross_lane1MG440 | H5YFCDSXC_240813_MG_PRISMA_24s001116-1-1_Gross_lane1MG440_1	(14.0, 3.0)	(15.0, 11.0)	(16.0, 44.0)	(17.0, 123.0)	(18.0, 245.0)	(19.0, 491.0)	(20.0, 1044.0)	(21.0, 2128.0)	(22.0, 4506.0)	(23.0, 9004.0)	(24.0, 17202.0)	(25.0, 33676.0)	(26.0, 62208.0)	(27.0, 112585.0)	(28.0, 184620.0)	(29.0, 286962.0)	(30.0, 412576.0)	(31.0, 576380.0)	(32.0, 836899.0)	(33.0, 1060935.0)	(34.0, 1527430.0)	(35.0, 3135258.0)	(36.0, 10911228.0)	(37.0, 648728.0)							
/ | scratch | karcher | fastqc | 240813_MG011_PRISMA_NovaSeq_final_for_Q | H5YFCDSXC_240813_MG_PRISMA_24s001116-1-1_Gross_lane1MG440 | H5YFCDSXC_240813_MG_PRISMA_24s001116-1-1_Gross_lane1MG440_2	(11.0, 3.0)	(12.0, 187.0)	(13.0, 1032.0)	(14.0, 1614.0)	(15.0, 1746.0)	(16.0, 1702.0)	(17.0, 1952.0)	(18.0, 2770.0)	(19.0, 4829.0)	(20.0, 9711.0)	(21.0, 18534.0)	(22.0, 34623.0)	(23.0, 62773.0)	(24.0, 75808.0)	(25.0, 66679.0)	(26.0, 71073.0)	(27.0, 93686.0)	(28.0, 125046.0)	(29.0, 173801.0)	(30.0, 242516.0)	(31.0, 355000.0)	(32.0, 531024.0)	(33.0, 885348.0)	(34.0, 1645631.0)	(35.0, 4116941.0)	(36.0, 10852483.0)	(37.0, 447774.0)				
/ | scratch | karcher | fastqc | 240813_MG011_PRISMA_NovaSeq_final_for_Q | H5YFCDSXC_240813_MG_PRISMA_24s001116-1-1_Gross_lane1MG441 | H5YFCDSXC_240813_MG_PRISMA_24s001116-1-1_Gross_lane1MG441_1	(14.0, 3.0)	(15.0, 17.0)	(16.0, 55.0)	(17.0, 130.0)	(18.0, 335.0)	(19.0, 616.0)	(20.0, 1253.0)	(21.0, 2526.0)	(22.0, 5057.0)	(23.0, 9596.0)	(24.0, 17625.0)	(25.0, 33947.0)	(26.0, 62723.0)	(27.0, 114381.0)	(28.0, 191518.0)	(29.0, 303533.0)	(30.0, 440439.0)	(31.0, 624657.0)	(32.0, 851943.0)	(33.0, 1233231.0)	(34.0, 1737978.0)	(35.0, 3461095.0)	(36.0, 11145532.0)	(37.0, 625401.0)							
/ | scratch | karcher | fastqc | 240813_MG011_PRISMA_NovaSeq_final_for_Q | H5YFCDSXC_240813_MG_PRISMA_24s001116-1-1_Gross_lane1MG441 | H5YFCDSXC_240813_MG_PRISMA_24s001116-1-1_Gross_lane1MG441_2	(11.0, 3.0)	(12.0, 158.0)	(13.0, 791.0)	(14.0, 1253.0)	(15.0, 1335.0)	(16.0, 1232.0)	(17.0, 1290.0)	(18.0, 2001.0)	(19.0, 3804.0)	(20.0, 8335.0)	(21.0, 16791.0)	(22.0, 31152.0)	(23.0, 54914.0)	(24.0, 75150.0)	(25.0, 78432.0)	(26.0, 90010.0)	(27.0, 123435.0)	(28.0, 166066.0)	(29.0, 231103.0)	(30.0, 321061.0)	(31.0, 469518.0)	(32.0, 693267.0)	(33.0, 1135979.0)	(34.0, 2041383.0)	(35.0, 4752073.0)	(36.0, 10227731.0)	(37.0, 335324.0)				
/ | scratch | karcher | fastqc | 240813_MG011_PRISMA_NovaSeq_final_for_Q | H5YFCDSXC_240813_MG_PRISMA_24s001116-1-1_Gross_lane1MG442 | H5YFCDSXC_240813_MG_PRISMA_24s001116-1-1_Gross_lane1MG442_1	(14.0, 2.0)	(15.0, 13.0)	(16.0, 86.0)	(17.0, 229.0)	(18.0, 530.0)	(19.0, 1102.0)	(20.0, 2275.0)	(21.0, 4660.0)	(22.0, 8655.0)	(23.0, 16203.0)	(24.0, 29168.0)	(25.0, 53947.0)	(26.0, 96598.0)	(27.0, 171899.0)	(28.0, 279577.0)	(29.0, 435097.0)	(30.0, 623065.0)	(31.0, 868834.0)	(32.0, 1157721.0)	(33.0, 1631435.0)	(34.0, 2489920.0)	(35.0, 4942833.0)	(36.0, 16677689.0)	(37.0, 1076177.0)							
/ | scratch | karcher | fastqc | 240813_MG011_PRISMA_NovaSeq_final_for_Q | H5YFCDSXC_240813_MG_PRISMA_24s001116-1-1_Gross_lane1MG442 | H5YFCDSXC_240813_MG_PRISMA_24s001116-1-1_Gross_lane1MG442_2	(11.0, 6.0)	(12.0, 147.0)	(13.0, 1097.0)	(14.0, 1864.0)	(15.0, 2069.0)	(16.0, 2024.0)	(17.0, 2331.0)	(18.0, 3155.0)	(19.0, 5933.0)	(20.0, 12105.0)	(21.0, 26053.0)	(22.0, 49368.0)	(23.0, 89581.0)	(24.0, 106291.0)	(25.0, 102664.0)	(26.0, 126953.0)	(27.0, 172449.0)	(28.0, 231189.0)	(29.0, 319718.0)	(30.0, 442579.0)	(31.0, 645350.0)	(32.0, 949454.0)	(33.0, 1545199.0)	(34.0, 2780959.0)	(35.0, 6589780.0)	(36.0, 15747372.0)	(37.0, 612025.0)				
/ | scratch | karcher | fastqc | 240813_MG011_PRISMA_NovaSeq_final_for_Q | H5YFCDSXC_240813_MG_PRISMA_24s001116-1-1_Gross_lane1MG443 | H5YFCDSXC_240813_MG_PRISMA_24s001116-1-1_Gross_lane1MG443_1	(14.0, 1.0)	(15.0, 14.0)	(16.0, 47.0)	(17.0, 139.0)	(18.0, 319.0)	(19.0, 709.0)	(20.0, 1592.0)	(21.0, 3201.0)	(22.0, 6509.0)	(23.0, 13650.0)	(24.0, 26702.0)	(25.0, 53386.0)	(26.0, 99004.0)	(27.0, 179942.0)	(28.0, 290327.0)	(29.0, 447067.0)	(30.0, 631358.0)	(31.0, 865204.0)	(32.0, 1131686.0)	(33.0, 1604782.0)	(34.0, 2392282.0)	(35.0, 4794330.0)	(36.0, 15940758.0)	(37.0, 861005.0)							
/ | scratch | karcher | fastqc | 240813_MG011_PRISMA_NovaSeq_final_for_Q | H5YFCDSXC_240813_MG_PRISMA_24s001116-1-1_Gross_lane1MG443 | H5YFCDSXC_240813_MG_PRISMA_24s001116-1-1_Gross_lane1MG443_2	(11.0, 4.0)	(12.0, 196.0)	(13.0, 1002.0)	(14.0, 1679.0)	(15.0, 1636.0)	(16.0, 1507.0)	(17.0, 1618.0)	(18.0, 2307.0)	(19.0, 4308.0)	(20.0, 9149.0)	(21.0, 18937.0)	(22.0, 36667.0)	(23.0, 67098.0)	(24.0, 91258.0)	(25.0, 94191.0)	(26.0, 110195.0)	(27.0, 148215.0)	(28.0, 199319.0)	(29.0, 278868.0)	(30.0, 386566.0)	(31.0, 569239.0)	(32.0, 848180.0)	(33.0, 1414242.0)	(34.0, 2620354.0)	(35.0, 6497037.0)	(36.0, 15412923.0)	(37.0, 527319.0)				
/ | scratch | karcher | fastqc | 240813_MG011_PRISMA_NovaSeq_final_for_Q | H5YFCDSXC_240813_MG_PRISMA_24s001116-1-1_Gross_lane1MG444 | H5YFCDSXC_240813_MG_PRISMA_24s001116-1-1_Gross_lane1MG444_1	(14.0, 4.0)	(15.0, 82.0)	(16.0, 208.0)	(17.0, 540.0)	(18.0, 957.0)	(19.0, 1811.0)	(20.0, 3371.0)	(21.0, 6710.0)	(22.0, 12790.0)	(23.0, 24243.0)	(24.0, 44214.0)	(25.0, 80799.0)	(26.0, 140230.0)	(27.0, 241011.0)	(28.0, 378412.0)	(29.0, 567591.0)	(30.0, 793102.0)	(31.0, 1081223.0)	(32.0, 1415183.0)	(33.0, 1991441.0)	(34.0, 2937511.0)	(35.0, 5598429.0)	(36.0, 17655367.0)	(37.0, 1045827.0)							
/ | scratch | karcher | fastqc | 240813_MG011_PRISMA_NovaSeq_final_for_Q | H5YFCDSXC_240813_MG_PRISMA_24s001116-1-1_Gross_lane1MG444 | H5YFCDSXC_240813_MG_PRISMA_24s001116-1-1_Gross_lane1MG444_2	(11.0, 5.0)	(12.0, 231.0)	(13.0, 1250.0)	(14.0, 2101.0)	(15.0, 2162.0)	(16.0, 2176.0)	(17.0, 2559.0)	(18.0, 3877.0)	(19.0, 7813.0)	(20.0, 17237.0)	(21.0, 36645.0)	(22.0, 67318.0)	(23.0, 114133.0)	(24.0, 154159.0)	(25.0, 169597.0)	(26.0, 193167.0)	(27.0, 255003.0)	(28.0, 331178.0)	(29.0, 447011.0)	(30.0, 603277.0)	(31.0, 855901.0)	(32.0, 1231200.0)	(33.0, 1955661.0)	(34.0, 3405011.0)	(35.0, 7630786.0)	(36.0, 15983709.0)	(37.0, 547889.0)				
/ | scratch | karcher | fastqc | 240813_MG011_PRISMA_NovaSeq_final_for_Q | H5YFCDSXC_240813_MG_PRISMA_24s001116-1-1_Gross_lane1MG445 | H5YFCDSXC_240813_MG_PRISMA_24s001116-1-1_Gross_lane1MG445_1	(14.0, 3.0)	(15.0, 31.0)	(16.0, 121.0)	(17.0, 343.0)	(18.0, 843.0)	(19.0, 1696.0)	(20.0, 3228.0)	(21.0, 6575.0)	(22.0, 12544.0)	(23.0, 24554.0)	(24.0, 45162.0)	(25.0, 84109.0)	(26.0, 147593.0)	(27.0, 255744.0)	(28.0, 402911.0)	(29.0, 610470.0)	(30.0, 851137.0)	(31.0, 1162274.0)	(32.0, 1517677.0)	(33.0, 2148896.0)	(34.0, 3138321.0)	(35.0, 6085366.0)	(36.0, 19477824.0)	(37.0, 1120946.0)							
/ | scratch | karcher | fastqc | 240813_MG011_PRISMA_NovaSeq_final_for_Q | H5YFCDSXC_240813_MG_PRISMA_24s001116-1-1_Gross_lane1MG445 | H5YFCDSXC_240813_MG_PRISMA_24s001116-1-1_Gross_lane1MG445_2	(11.0, 2.0)	(12.0, 218.0)	(13.0, 1240.0)	(14.0, 2131.0)	(15.0, 2196.0)	(16.0, 2285.0)	(17.0, 2611.0)	(18.0, 4056.0)	(19.0, 7857.0)	(20.0, 17126.0)	(21.0, 36086.0)	(22.0, 68848.0)	(23.0, 122904.0)	(24.0, 159177.0)	(25.0, 159024.0)	(26.0, 188031.0)	(27.0, 250018.0)	(28.0, 327781.0)	(29.0, 444271.0)	(30.0, 602799.0)	(31.0, 864023.0)	(32.0, 1252952.0)	(33.0, 2006885.0)	(34.0, 3543166.0)	(35.0, 8142699.0)	(36.0, 18211171.0)	(37.0, 678811.0)				
/ | scratch | karcher | fastqc | 240813_MG011_PRISMA_NovaSeq_final_for_Q | H5YFCDSXC_240813_MG_PRISMA_24s001116-1-1_Gross_lane1MG446 | H5YFCDSXC_240813_MG_PRISMA_24s001116-1-1_Gross_lane1MG446_1	(14.0, 9.0)	(15.0, 44.0)	(16.0, 129.0)	(17.0, 324.0)	(18.0, 675.0)	(19.0, 1297.0)	(20.0, 2572.0)	(21.0, 5378.0)	(22.0, 10353.0)	(23.0, 19888.0)	(24.0, 36693.0)	(25.0, 68315.0)	(26.0, 121274.0)	(27.0, 212050.0)	(28.0, 340655.0)	(29.0, 523503.0)	(30.0, 739310.0)	(31.0, 1023099.0)	(32.0, 1347425.0)	(33.0, 1880071.0)	(34.0, 2842836.0)	(35.0, 5560369.0)	(36.0, 17853926.0)	(37.0, 1072160.0)							
/ | scratch | karcher | fastqc | 240813_MG011_PRISMA_NovaSeq_final_for_Q | H5YFCDSXC_240813_MG_PRISMA_24s001116-1-1_Gross_lane1MG446 | H5YFCDSXC_240813_MG_PRISMA_24s001116-1-1_Gross_lane1MG446_2	(11.0, 16.0)	(12.0, 426.0)	(13.0, 1822.0)	(14.0, 2515.0)	(15.0, 2264.0)	(16.0, 2179.0)	(17.0, 2273.0)	(18.0, 3226.0)	(19.0, 6045.0)	(20.0, 13640.0)	(21.0, 29456.0)	(22.0, 54747.0)	(23.0, 97354.0)	(24.0, 144296.0)	(25.0, 154135.0)	(26.0, 168200.0)	(27.0, 221222.0)	(28.0, 290347.0)	(29.0, 394124.0)	(30.0, 536590.0)	(31.0, 768147.0)	(32.0, 1113200.0)	(33.0, 1797862.0)	(34.0, 3200283.0)	(35.0, 7436270.0)	(36.0, 16618270.0)	(37.0, 603446.0)				
/ | scratch | karcher | fastqc | 240813_MG011_PRISMA_NovaSeq_final_for_Q | H5YFCDSXC_240813_MG_PRISMA_24s001116-1-1_Gross_lane1MG447 | H5YFCDSXC_240813_MG_PRISMA_24s001116-1-1_Gross_lane1MG447_1	(14.0, 15.0)	(15.0, 49.0)	(16.0, 149.0)	(17.0, 358.0)	(18.0, 717.0)	(19.0, 1461.0)	(20.0, 2804.0)	(21.0, 5214.0)	(22.0, 9915.0)	(23.0, 18617.0)	(24.0, 34498.0)	(25.0, 66198.0)	(26.0, 119245.0)	(27.0, 212771.0)	(28.0, 341528.0)	(29.0, 523867.0)	(30.0, 737410.0)	(31.0, 1017421.0)	(32.0, 1338491.0)	(33.0, 1912453.0)	(34.0, 2797905.0)	(35.0, 5458306.0)	(36.0, 17498710.0)	(37.0, 999425.0)							
/ | scratch | karcher | fastqc | 240813_MG011_PRISMA_NovaSeq_final_for_Q | H5YFCDSXC_240813_MG_PRISMA_24s001116-1-1_Gross_lane1MG447 | H5YFCDSXC_240813_MG_PRISMA_24s001116-1-1_Gross_lane1MG447_2	(11.0, 16.0)	(12.0, 424.0)	(13.0, 1746.0)	(14.0, 2332.0)	(15.0, 2223.0)	(16.0, 2145.0)	(17.0, 2944.0)	(18.0, 5500.0)	(19.0, 13213.0)	(20.0, 28767.0)	(21.0, 55112.0)	(22.0, 88063.0)	(23.0, 132010.0)	(24.0, 175233.0)	(25.0, 212379.0)	(26.0, 245519.0)	(27.0, 309913.0)	(28.0, 395637.0)	(29.0, 525366.0)	(30.0, 704522.0)	(31.0, 987692.0)	(32.0, 1404983.0)	(33.0, 2204689.0)	(34.0, 3756966.0)	(35.0, 7879120.0)	(36.0, 13582855.0)	(37.0, 378158.0)				
/ | scratch | karcher | fastqc | 240813_MG011_PRISMA_NovaSeq_final_for_Q | H5YFCDSXC_240813_MG_PRISMA_24s001116-1-1_Gross_lane1MG448 | H5YFCDSXC_240813_MG_PRISMA_24s001116-1-1_Gross_lane1MG448_1	(13.0, 1.0)	(14.0, 10.0)	(15.0, 71.0)	(16.0, 232.0)	(17.0, 547.0)	(18.0, 1007.0)	(19.0, 2075.0)	(20.0, 3952.0)	(21.0, 7824.0)	(22.0, 15393.0)	(23.0, 31173.0)	(24.0, 58442.0)	(25.0, 107794.0)	(26.0, 188479.0)	(27.0, 320430.0)	(28.0, 499418.0)	(29.0, 747703.0)	(30.0, 1034274.0)	(31.0, 1405053.0)	(32.0, 1894650.0)	(33.0, 2599045.0)	(34.0, 3620685.0)	(35.0, 7207697.0)	(36.0, 23404635.0)	(37.0, 1383186.0)						
/ | scratch | karcher | fastqc | 240813_MG011_PRISMA_NovaSeq_final_for_Q | H5YFCDSXC_240813_MG_PRISMA_24s001116-1-1_Gross_lane1MG448 | H5YFCDSXC_240813_MG_PRISMA_24s001116-1-1_Gross_lane1MG448_2	(11.0, 13.0)	(12.0, 525.0)	(13.0, 2279.0)	(14.0, 3192.0)	(15.0, 2862.0)	(16.0, 2783.0)	(17.0, 3021.0)	(18.0, 4254.0)	(19.0, 8559.0)	(20.0, 18974.0)	(21.0, 40939.0)	(22.0, 75866.0)	(23.0, 127855.0)	(24.0, 180381.0)	(25.0, 208449.0)	(26.0, 234871.0)	(27.0, 308439.0)	(28.0, 401091.0)	(29.0, 541610.0)	(30.0, 732702.0)	(31.0, 1046158.0)	(32.0, 1512125.0)	(33.0, 2427363.0)	(34.0, 4293704.0)	(35.0, 9909422.0)	(36.0, 21695056.0)	(37.0, 751283.0)				
/ | scratch | karcher | fastqc | 240813_MG011_PRISMA_NovaSeq_final_for_Q | H5YFCDSXC_240813_MG_PRISMA_24s001116-1-1_Gross_lane1MG449 | H5YFCDSXC_240813_MG_PRISMA_24s001116-1-1_Gross_lane1MG449_1	(14.0, 4.0)	(15.0, 18.0)	(16.0, 61.0)	(17.0, 180.0)	(18.0, 411.0)	(19.0, 771.0)	(20.0, 1611.0)	(21.0, 3409.0)	(22.0, 6385.0)	(23.0, 12422.0)	(24.0, 23379.0)	(25.0, 45598.0)	(26.0, 83873.0)	(27.0, 153593.0)	(28.0, 255297.0)	(29.0, 407264.0)	(30.0, 599598.0)	(31.0, 853886.0)	(32.0, 1160071.0)	(33.0, 1653714.0)	(34.0, 2527357.0)	(35.0, 4984946.0)	(36.0, 15097335.0)	(37.0, 816688.0)							
/ | scratch | karcher | fastqc | 240813_MG011_PRISMA_NovaSeq_final_for_Q | H5YFCDSXC_240813_MG_PRISMA_24s001116-1-1_Gross_lane1MG449 | H5YFCDSXC_240813_MG_PRISMA_24s001116-1-1_Gross_lane1MG449_2	(11.0, 2.0)	(12.0, 125.0)	(13.0, 774.0)	(14.0, 1517.0)	(15.0, 1642.0)	(16.0, 1533.0)	(17.0, 1773.0)	(18.0, 2269.0)	(19.0, 4006.0)	(20.0, 8459.0)	(21.0, 17672.0)	(22.0, 32455.0)	(23.0, 56271.0)	(24.0, 76514.0)	(25.0, 85122.0)	(26.0, 107038.0)	(27.0, 150041.0)	(28.0, 207887.0)	(29.0, 297480.0)	(30.0, 426121.0)	(31.0, 639642.0)	(32.0, 966374.0)	(33.0, 1599127.0)	(34.0, 2866153.0)	(35.0, 6524451.0)	(36.0, 14120836.0)	(37.0, 492587.0)				
/ | scratch | karcher | fastqc | 240813_MG011_PRISMA_NovaSeq_final_for_Q | H5YFCDSXC_240813_MG_PRISMA_24s001116-1-1_Gross_lane1MG450 | H5YFCDSXC_240813_MG_PRISMA_24s001116-1-1_Gross_lane1MG450_1	(14.0, 2.0)	(15.0, 22.0)	(16.0, 97.0)	(17.0, 244.0)	(18.0, 558.0)	(19.0, 1155.0)	(20.0, 2394.0)	(21.0, 4934.0)	(22.0, 10025.0)	(23.0, 20815.0)	(24.0, 40522.0)	(25.0, 76661.0)	(26.0, 135453.0)	(27.0, 236582.0)	(28.0, 375409.0)	(29.0, 564662.0)	(30.0, 785570.0)	(31.0, 1064885.0)	(32.0, 1372925.0)	(33.0, 1885985.0)	(34.0, 2817804.0)	(35.0, 5646520.0)	(36.0, 18941335.0)	(37.0, 1166807.0)							
/ | scratch | karcher | fastqc | 240813_MG011_PRISMA_NovaSeq_final_for_Q | H5YFCDSXC_240813_MG_PRISMA_24s001116-1-1_Gross_lane1MG450 | H5YFCDSXC_240813_MG_PRISMA_24s001116-1-1_Gross_lane1MG450_2	(11.0, 12.0)	(12.0, 306.0)	(13.0, 1582.0)	(14.0, 2169.0)	(15.0, 1973.0)	(16.0, 1871.0)	(17.0, 2026.0)	(18.0, 2818.0)	(19.0, 5157.0)	(20.0, 11108.0)	(21.0, 23486.0)	(22.0, 44933.0)	(23.0, 80591.0)	(24.0, 115485.0)	(25.0, 125424.0)	(26.0, 145316.0)	(27.0, 196054.0)	(28.0, 259949.0)	(29.0, 361611.0)	(30.0, 498849.0)	(31.0, 731372.0)	(32.0, 1076144.0)	(33.0, 1780183.0)	(34.0, 3252522.0)	(35.0, 7821052.0)	(36.0, 17970330.0)	(37.0, 639043.0)				
/ | scratch | karcher | fastqc | 240813_MG011_PRISMA_NovaSeq_final_for_Q | H5YFCDSXC_240813_MG_PRISMA_24s001116-1-1_Gross_lane1MG451 | H5YFCDSXC_240813_MG_PRISMA_24s001116-1-1_Gross_lane1MG451_1	(14.0, 5.0)	(15.0, 21.0)	(16.0, 80.0)	(17.0, 194.0)	(18.0, 465.0)	(19.0, 952.0)	(20.0, 1869.0)	(21.0, 3668.0)	(22.0, 7104.0)	(23.0, 13490.0)	(24.0, 24614.0)	(25.0, 46882.0)	(26.0, 86719.0)	(27.0, 159049.0)	(28.0, 265292.0)	(29.0, 422409.0)	(30.0, 618143.0)	(31.0, 881421.0)	(32.0, 1229292.0)	(33.0, 1766156.0)	(34.0, 2477303.0)	(35.0, 5048117.0)	(36.0, 16531833.0)	(37.0, 901590.0)							
/ | scratch | karcher | fastqc | 240813_MG011_PRISMA_NovaSeq_final_for_Q | H5YFCDSXC_240813_MG_PRISMA_24s001116-1-1_Gross_lane1MG451 | H5YFCDSXC_240813_MG_PRISMA_24s001116-1-1_Gross_lane1MG451_2	(11.0, 12.0)	(12.0, 371.0)	(13.0, 1696.0)	(14.0, 2624.0)	(15.0, 2508.0)	(16.0, 2398.0)	(17.0, 2553.0)	(18.0, 3935.0)	(19.0, 8489.0)	(20.0, 18243.0)	(21.0, 36263.0)	(22.0, 63387.0)	(23.0, 106451.0)	(24.0, 139670.0)	(25.0, 143694.0)	(26.0, 160203.0)	(27.0, 209414.0)	(28.0, 272680.0)	(29.0, 368868.0)	(30.0, 502212.0)	(31.0, 720650.0)	(32.0, 1050045.0)	(33.0, 1701488.0)	(34.0, 3043848.0)	(35.0, 7030883.0)	(36.0, 14459845.0)	(37.0, 434238.0)				
/ | scratch | karcher | fastqc | 240813_MG011_PRISMA_NovaSeq_final_for_Q | H5YFCDSXC_240813_MG_PRISMA_24s001116-1-1_Gross_lane1MG452 | H5YFCDSXC_240813_MG_PRISMA_24s001116-1-1_Gross_lane1MG452_1	(14.0, 7.0)	(15.0, 35.0)	(16.0, 112.0)	(17.0, 280.0)	(18.0, 694.0)	(19.0, 1534.0)	(20.0, 3043.0)	(21.0, 6174.0)	(22.0, 12161.0)	(23.0, 23501.0)	(24.0, 43662.0)	(25.0, 83652.0)	(26.0, 148772.0)	(27.0, 263194.0)	(28.0, 421046.0)	(29.0, 646326.0)	(30.0, 917788.0)	(31.0, 1290078.0)	(32.0, 1820726.0)	(33.0, 2292040.0)	(34.0, 3313514.0)	(35.0, 6598933.0)	(36.0, 20901249.0)	(37.0, 1185487.0)							
/ | scratch | karcher | fastqc | 240813_MG011_PRISMA_NovaSeq_final_for_Q | H5YFCDSXC_240813_MG_PRISMA_24s001116-1-1_Gross_lane1MG452 | H5YFCDSXC_240813_MG_PRISMA_24s001116-1-1_Gross_lane1MG452_2	(11.0, 21.0)	(12.0, 301.0)	(13.0, 1619.0)	(14.0, 2539.0)	(15.0, 2644.0)	(16.0, 3004.0)	(17.0, 4866.0)	(18.0, 10610.0)	(19.0, 26279.0)	(20.0, 55075.0)	(21.0, 100887.0)	(22.0, 157009.0)	(23.0, 229062.0)	(24.0, 290436.0)	(25.0, 334417.0)	(26.0, 390097.0)	(27.0, 499546.0)	(28.0, 632229.0)	(29.0, 827485.0)	(30.0, 1089747.0)	(31.0, 1505540.0)	(32.0, 2094931.0)	(33.0, 3197251.0)	(34.0, 5189551.0)	(35.0, 9825323.0)	(36.0, 13239295.0)	(37.0, 264244.0)				
/ | scratch | karcher | fastqc | 240813_MG011_PRISMA_NovaSeq_final_for_Q | H5YFCDSXC_240813_MG_PRISMA_24s001116-1-1_Gross_lane1MG453 | H5YFCDSXC_240813_MG_PRISMA_24s001116-1-1_Gross_lane1MG453_1	(14.0, 13.0)	(15.0, 31.0)	(16.0, 147.0)	(17.0, 388.0)	(18.0, 818.0)	(19.0, 1874.0)	(20.0, 3771.0)	(21.0, 7692.0)	(22.0, 15032.0)	(23.0, 29482.0)	(24.0, 55438.0)	(25.0, 104975.0)	(26.0, 183811.0)	(27.0, 316784.0)	(28.0, 493521.0)	(29.0, 733468.0)	(30.0, 1013204.0)	(31.0, 1367866.0)	(32.0, 1774709.0)	(33.0, 2509857.0)	(34.0, 3562336.0)	(35.0, 6917243.0)	(36.0, 22700044.0)	(37.0, 1377315.0)							
/ | scratch | karcher | fastqc | 240813_MG011_PRISMA_NovaSeq_final_for_Q | H5YFCDSXC_240813_MG_PRISMA_24s001116-1-1_Gross_lane1MG453 | H5YFCDSXC_240813_MG_PRISMA_24s001116-1-1_Gross_lane1MG453_2	(11.0, 5.0)	(12.0, 249.0)	(13.0, 1281.0)	(14.0, 1943.0)	(15.0, 2032.0)	(16.0, 2029.0)	(17.0, 2437.0)	(18.0, 3563.0)	(19.0, 6876.0)	(20.0, 15240.0)	(21.0, 32419.0)	(22.0, 61413.0)	(23.0, 105221.0)	(24.0, 145558.0)	(25.0, 162055.0)	(26.0, 186913.0)	(27.0, 250878.0)	(28.0, 331163.0)	(29.0, 456172.0)	(30.0, 627378.0)	(31.0, 914113.0)	(32.0, 1347248.0)	(33.0, 2217910.0)	(34.0, 4055573.0)	(35.0, 9726611.0)	(36.0, 21755305.0)	(37.0, 758234.0)				
/ | scratch | karcher | fastqc | 240813_MG011_PRISMA_NovaSeq_final_for_Q | H5YFCDSXC_240813_MG_PRISMA_24s001116-1-1_Gross_lane1MG454 | H5YFCDSXC_240813_MG_PRISMA_24s001116-1-1_Gross_lane1MG454_1	(13.0, 2.0)	(14.0, 2.0)	(15.0, 31.0)	(16.0, 116.0)	(17.0, 331.0)	(18.0, 736.0)	(19.0, 1507.0)	(20.0, 3126.0)	(21.0, 6152.0)	(22.0, 11689.0)	(23.0, 22317.0)	(24.0, 40240.0)	(25.0, 74032.0)	(26.0, 127845.0)	(27.0, 220296.0)	(28.0, 346118.0)	(29.0, 519168.0)	(30.0, 724429.0)	(31.0, 991614.0)	(32.0, 1300065.0)	(33.0, 1814218.0)	(34.0, 2724974.0)	(35.0, 5342129.0)	(36.0, 16281625.0)	(37.0, 867504.0)						
/ | scratch | karcher | fastqc | 240813_MG011_PRISMA_NovaSeq_final_for_Q | H5YFCDSXC_240813_MG_PRISMA_24s001116-1-1_Gross_lane1MG454 | H5YFCDSXC_240813_MG_PRISMA_24s001116-1-1_Gross_lane1MG454_2	(11.0, 6.0)	(12.0, 268.0)	(13.0, 1126.0)	(14.0, 1596.0)	(15.0, 1544.0)	(16.0, 1377.0)	(17.0, 1655.0)	(18.0, 2425.0)	(19.0, 5082.0)	(20.0, 11619.0)	(21.0, 26475.0)	(22.0, 49560.0)	(23.0, 82981.0)	(24.0, 119116.0)	(25.0, 145170.0)	(26.0, 164513.0)	(27.0, 214761.0)	(28.0, 280423.0)	(29.0, 379246.0)	(30.0, 512774.0)	(31.0, 731780.0)	(32.0, 1059220.0)	(33.0, 1702180.0)	(34.0, 3016668.0)	(35.0, 6997842.0)	(36.0, 15373862.0)	(37.0, 536997.0)				
/ | scratch | karcher | fastqc | 240813_MG011_PRISMA_NovaSeq_final_for_Q | H5YFCDSXC_240813_MG_PRISMA_24s001116-1-1_Gross_lane1MG455 | H5YFCDSXC_240813_MG_PRISMA_24s001116-1-1_Gross_lane1MG455_1	(13.0, 1.0)	(14.0, 4.0)	(15.0, 27.0)	(16.0, 95.0)	(17.0, 279.0)	(18.0, 524.0)	(19.0, 1129.0)	(20.0, 2203.0)	(21.0, 4765.0)	(22.0, 9520.0)	(23.0, 19238.0)	(24.0, 37771.0)	(25.0, 73154.0)	(26.0, 132414.0)	(27.0, 232470.0)	(28.0, 370641.0)	(29.0, 563469.0)	(30.0, 788989.0)	(31.0, 1082826.0)	(32.0, 1475208.0)	(33.0, 2077640.0)	(34.0, 2814964.0)	(35.0, 5667872.0)	(36.0, 18867605.0)	(37.0, 1079640.0)						
/ | scratch | karcher | fastqc | 240813_MG011_PRISMA_NovaSeq_final_for_Q | H5YFCDSXC_240813_MG_PRISMA_24s001116-1-1_Gross_lane1MG455 | H5YFCDSXC_240813_MG_PRISMA_24s001116-1-1_Gross_lane1MG455_2	(11.0, 9.0)	(12.0, 326.0)	(13.0, 1564.0)	(14.0, 2109.0)	(15.0, 1985.0)	(16.0, 1843.0)	(17.0, 2272.0)	(18.0, 3219.0)	(19.0, 6669.0)	(20.0, 14920.0)	(21.0, 30412.0)	(22.0, 55792.0)	(23.0, 96004.0)	(24.0, 135884.0)	(25.0, 147528.0)	(26.0, 163599.0)	(27.0, 216850.0)	(28.0, 285649.0)	(29.0, 390327.0)	(30.0, 535158.0)	(31.0, 772155.0)	(32.0, 1132734.0)	(33.0, 1855425.0)	(34.0, 3364161.0)	(35.0, 7986023.0)	(36.0, 17492064.0)	(37.0, 607767.0)				
/ | scratch | karcher | fastqc | 240813_MG011_PRISMA_NovaSeq_final_for_Q | H5YFCDSXC_240813_MG_PRISMA_24s001116-1-1_Gross_lane1MG456 | H5YFCDSXC_240813_MG_PRISMA_24s001116-1-1_Gross_lane1MG456_1	(14.0, 4.0)	(15.0, 17.0)	(16.0, 54.0)	(17.0, 160.0)	(18.0, 389.0)	(19.0, 804.0)	(20.0, 1687.0)	(21.0, 3519.0)	(22.0, 6904.0)	(23.0, 13488.0)	(24.0, 25592.0)	(25.0, 49910.0)	(26.0, 92645.0)	(27.0, 170746.0)	(28.0, 283733.0)	(29.0, 448137.0)	(30.0, 647656.0)	(31.0, 906966.0)	(32.0, 1200312.0)	(33.0, 1681903.0)	(34.0, 2558574.0)	(35.0, 5219678.0)	(36.0, 17665044.0)	(37.0, 1012586.0)							
/ | scratch | karcher | fastqc | 240813_MG011_PRISMA_NovaSeq_final_for_Q | H5YFCDSXC_240813_MG_PRISMA_24s001116-1-1_Gross_lane1MG456 | H5YFCDSXC_240813_MG_PRISMA_24s001116-1-1_Gross_lane1MG456_2	(11.0, 5.0)	(12.0, 145.0)	(13.0, 750.0)	(14.0, 1302.0)	(15.0, 1511.0)	(16.0, 1505.0)	(17.0, 1765.0)	(18.0, 2565.0)	(19.0, 4980.0)	(20.0, 10288.0)	(21.0, 21497.0)	(22.0, 40824.0)	(23.0, 75459.0)	(24.0, 86067.0)	(25.0, 85632.0)	(26.0, 109721.0)	(27.0, 154397.0)	(28.0, 212147.0)	(29.0, 301423.0)	(30.0, 428212.0)	(31.0, 638210.0)	(32.0, 967861.0)	(33.0, 1636650.0)	(34.0, 3074065.0)	(35.0, 7519404.0)	(36.0, 16139545.0)	(37.0, 474578.0)				
/ | scratch | karcher | fastqc | 240813_MG011_PRISMA_NovaSeq_final_for_Q | H5YFCDSXC_240813_MG_PRISMA_24s001116-1-1_Gross_lane1MG457 | H5YFCDSXC_240813_MG_PRISMA_24s001116-1-1_Gross_lane1MG457_1	(14.0, 7.0)	(15.0, 27.0)	(16.0, 74.0)	(17.0, 180.0)	(18.0, 442.0)	(19.0, 894.0)	(20.0, 1779.0)	(21.0, 3897.0)	(22.0, 7542.0)	(23.0, 15505.0)	(24.0, 30162.0)	(25.0, 59933.0)	(26.0, 109551.0)	(27.0, 194741.0)	(28.0, 308388.0)	(29.0, 468764.0)	(30.0, 651444.0)	(31.0, 885024.0)	(32.0, 1157194.0)	(33.0, 1656586.0)	(34.0, 2394700.0)	(35.0, 4724658.0)	(36.0, 15745207.0)	(37.0, 892972.0)							
/ | scratch | karcher | fastqc | 240813_MG011_PRISMA_NovaSeq_final_for_Q | H5YFCDSXC_240813_MG_PRISMA_24s001116-1-1_Gross_lane1MG457 | H5YFCDSXC_240813_MG_PRISMA_24s001116-1-1_Gross_lane1MG457_2	(11.0, 6.0)	(12.0, 309.0)	(13.0, 1339.0)	(14.0, 1963.0)	(15.0, 1807.0)	(16.0, 1728.0)	(17.0, 2089.0)	(18.0, 3366.0)	(19.0, 7331.0)	(20.0, 15908.0)	(21.0, 32109.0)	(22.0, 58249.0)	(23.0, 96027.0)	(24.0, 132825.0)	(25.0, 152468.0)	(26.0, 173285.0)	(27.0, 225206.0)	(28.0, 289811.0)	(29.0, 390521.0)	(30.0, 527121.0)	(31.0, 748478.0)	(32.0, 1080857.0)	(33.0, 1725856.0)	(34.0, 3031979.0)	(35.0, 6841393.0)	(36.0, 13376157.0)	(37.0, 391483.0)				
/ | scratch | karcher | fastqc | 240813_MG011_PRISMA_NovaSeq_final_for_Q | H5YFCDSXC_240813_MG_PRISMA_24s001116-1-1_Gross_lane1MG458 | H5YFCDSXC_240813_MG_PRISMA_24s001116-1-1_Gross_lane1MG458_1	(14.0, 6.0)	(15.0, 23.0)	(16.0, 90.0)	(17.0, 226.0)	(18.0, 463.0)	(19.0, 977.0)	(20.0, 1797.0)	(21.0, 3932.0)	(22.0, 7741.0)	(23.0, 15805.0)	(24.0, 31106.0)	(25.0, 60736.0)	(26.0, 111033.0)	(27.0, 197805.0)	(28.0, 316494.0)	(29.0, 482709.0)	(30.0, 679425.0)	(31.0, 934299.0)	(32.0, 1224754.0)	(33.0, 1711859.0)	(34.0, 2589213.0)	(35.0, 5217760.0)	(36.0, 16207583.0)	(37.0, 899314.0)							
/ | scratch | karcher | fastqc | 240813_MG011_PRISMA_NovaSeq_final_for_Q | H5YFCDSXC_240813_MG_PRISMA_24s001116-1-1_Gross_lane1MG458 | H5YFCDSXC_240813_MG_PRISMA_24s001116-1-1_Gross_lane1MG458_2	(11.0, 10.0)	(12.0, 327.0)	(13.0, 1406.0)	(14.0, 2104.0)	(15.0, 1950.0)	(16.0, 1928.0)	(17.0, 2150.0)	(18.0, 2958.0)	(19.0, 5582.0)	(20.0, 11871.0)	(21.0, 24892.0)	(22.0, 47062.0)	(23.0, 87110.0)	(24.0, 125357.0)	(25.0, 125229.0)	(26.0, 140291.0)	(27.0, 189234.0)	(28.0, 250437.0)	(29.0, 345127.0)	(30.0, 477091.0)	(31.0, 693735.0)	(32.0, 1018953.0)	(33.0, 1658760.0)	(34.0, 2950839.0)	(35.0, 6784840.0)	(36.0, 15200881.0)	(37.0, 545026.0)				
/ | scratch | karcher | fastqc | 240813_MG011_PRISMA_NovaSeq_final_for_Q | H5YFCDSXC_240813_MG_PRISMA_24s001116-1-1_Gross_lane1MG459 | H5YFCDSXC_240813_MG_PRISMA_24s001116-1-1_Gross_lane1MG459_1	(14.0, 3.0)	(15.0, 30.0)	(16.0, 87.0)	(17.0, 240.0)	(18.0, 574.0)	(19.0, 1153.0)	(20.0, 2473.0)	(21.0, 4893.0)	(22.0, 9678.0)	(23.0, 19251.0)	(24.0, 36374.0)	(25.0, 70615.0)	(26.0, 129349.0)	(27.0, 229748.0)	(28.0, 365491.0)	(29.0, 555131.0)	(30.0, 776519.0)	(31.0, 1068314.0)	(32.0, 1496622.0)	(33.0, 1915759.0)	(34.0, 2736066.0)	(35.0, 5562323.0)	(36.0, 18741286.0)	(37.0, 1036866.0)							
/ | scratch | karcher | fastqc | 240813_MG011_PRISMA_NovaSeq_final_for_Q | H5YFCDSXC_240813_MG_PRISMA_24s001116-1-1_Gross_lane1MG459 | H5YFCDSXC_240813_MG_PRISMA_24s001116-1-1_Gross_lane1MG459_2	(11.0, 12.0)	(12.0, 214.0)	(13.0, 1058.0)	(14.0, 1809.0)	(15.0, 1865.0)	(16.0, 1941.0)	(17.0, 2257.0)	(18.0, 3755.0)	(19.0, 7436.0)	(20.0, 15359.0)	(21.0, 31819.0)	(22.0, 59098.0)	(23.0, 103567.0)	(24.0, 134346.0)	(25.0, 146040.0)	(26.0, 180292.0)	(27.0, 245889.0)	(28.0, 329062.0)	(29.0, 452103.0)	(30.0, 622216.0)	(31.0, 899825.0)	(32.0, 1321195.0)	(33.0, 2154293.0)	(34.0, 3852022.0)	(35.0, 8611720.0)	(36.0, 15218126.0)	(37.0, 361526.0)				
/ | scratch | karcher | fastqc | 240813_MG011_PRISMA_NovaSeq_final_for_Q | H5YFCDSXC_240813_MG_PRISMA_24s001116-1-1_Gross_lane1MG460 | H5YFCDSXC_240813_MG_PRISMA_24s001116-1-1_Gross_lane1MG460_1	(14.0, 4.0)	(15.0, 6.0)	(16.0, 56.0)	(17.0, 143.0)	(18.0, 367.0)	(19.0, 808.0)	(20.0, 1776.0)	(21.0, 3925.0)	(22.0, 8489.0)	(23.0, 18922.0)	(24.0, 38251.0)	(25.0, 77265.0)	(26.0, 140749.0)	(27.0, 253465.0)	(28.0, 406553.0)	(29.0, 621049.0)	(30.0, 875306.0)	(31.0, 1206049.0)	(32.0, 1703448.0)	(33.0, 2196172.0)	(34.0, 3130754.0)	(35.0, 6433849.0)	(36.0, 21496807.0)	(37.0, 1143706.0)							
/ | scratch | karcher | fastqc | 240813_MG011_PRISMA_NovaSeq_final_for_Q | H5YFCDSXC_240813_MG_PRISMA_24s001116-1-1_Gross_lane1MG460 | H5YFCDSXC_240813_MG_PRISMA_24s001116-1-1_Gross_lane1MG460_2	(11.0, 9.0)	(12.0, 475.0)	(13.0, 2204.0)	(14.0, 2992.0)	(15.0, 2837.0)	(16.0, 2536.0)	(17.0, 3043.0)	(18.0, 5019.0)	(19.0, 10899.0)	(20.0, 24003.0)	(21.0, 46564.0)	(22.0, 80807.0)	(23.0, 131030.0)	(24.0, 177528.0)	(25.0, 200454.0)	(26.0, 227005.0)	(27.0, 296054.0)	(28.0, 386694.0)	(29.0, 522487.0)	(30.0, 712505.0)	(31.0, 1019903.0)	(32.0, 1482860.0)	(33.0, 2395870.0)	(34.0, 4269756.0)	(35.0, 9624425.0)	(36.0, 17684749.0)	(37.0, 445211.0)				
/ | scratch | karcher | fastqc | 240813_MG011_PRISMA_NovaSeq_final_for_Q | H5YFCDSXC_240813_MG_PRISMA_24s001116-1-1_Gross_lane1MG461 | H5YFCDSXC_240813_MG_PRISMA_24s001116-1-1_Gross_lane1MG461_2	(11.0, 5.0)	(12.0, 322.0)	(13.0, 1261.0)	(14.0, 1597.0)	(15.0, 1601.0)	(16.0, 1481.0)	(17.0, 1779.0)	(18.0, 3415.0)	(19.0, 8072.0)	(20.0, 17784.0)	(21.0, 35269.0)	(22.0, 58742.0)	(23.0, 91612.0)	(24.0, 126963.0)	(25.0, 153366.0)	(26.0, 180318.0)	(27.0, 239374.0)	(28.0, 314334.0)	(29.0, 428286.0)	(30.0, 585600.0)	(31.0, 846107.0)	(32.0, 1237262.0)	(33.0, 2014269.0)	(34.0, 3576734.0)	(35.0, 7897088.0)	(36.0, 13491950.0)	(37.0, 310683.0)				
/ | scratch | karcher | fastqc | 240813_MG011_PRISMA_NovaSeq_final_for_Q | H5YFCDSXC_240813_MG_PRISMA_24s001116-1-1_Gross_lane1MG462 | H5YFCDSXC_240813_MG_PRISMA_24s001116-1-1_Gross_lane1MG462_1	(14.0, 5.0)	(15.0, 25.0)	(16.0, 77.0)	(17.0, 186.0)	(18.0, 388.0)	(19.0, 829.0)	(20.0, 1724.0)	(21.0, 3763.0)	(22.0, 8319.0)	(23.0, 17905.0)	(24.0, 36416.0)	(25.0, 71841.0)	(26.0, 130067.0)	(27.0, 229633.0)	(28.0, 366657.0)	(29.0, 556130.0)	(30.0, 772894.0)	(31.0, 1053510.0)	(32.0, 1364063.0)	(33.0, 1897310.0)	(34.0, 2841463.0)	(35.0, 5628978.0)	(36.0, 18712674.0)	(37.0, 1041757.0)							
/ | scratch | karcher | fastqc | 240813_MG011_PRISMA_NovaSeq_final_for_Q | H5YFCDSXC_240813_MG_PRISMA_24s001116-1-1_Gross_lane1MG462 | H5YFCDSXC_240813_MG_PRISMA_24s001116-1-1_Gross_lane1MG462_2	(11.0, 6.0)	(12.0, 281.0)	(13.0, 1426.0)	(14.0, 2163.0)	(15.0, 2110.0)	(16.0, 1847.0)	(17.0, 2049.0)	(18.0, 2918.0)	(19.0, 5551.0)	(20.0, 11817.0)	(21.0, 25490.0)	(22.0, 47780.0)	(23.0, 85273.0)	(24.0, 119526.0)	(25.0, 126347.0)	(26.0, 142889.0)	(27.0, 191544.0)	(28.0, 253149.0)	(29.0, 348164.0)	(30.0, 477918.0)	(31.0, 693397.0)	(32.0, 1017712.0)	(33.0, 1671239.0)	(34.0, 3058147.0)	(35.0, 7496606.0)	(36.0, 18256522.0)	(37.0, 694743.0)				
/ | scratch | karcher | fastqc | 240813_MG011_PRISMA_NovaSeq_final_for_Q | H5YFCDSXC_240813_MG_PRISMA_24s001116-1-1_Gross_lane1MG463 | H5YFCDSXC_240813_MG_PRISMA_24s001116-1-1_Gross_lane1MG463_1	(14.0, 6.0)	(15.0, 19.0)	(16.0, 108.0)	(17.0, 256.0)	(18.0, 549.0)	(19.0, 1111.0)	(20.0, 2351.0)	(21.0, 4863.0)	(22.0, 9463.0)	(23.0, 18175.0)	(24.0, 33866.0)	(25.0, 63711.0)	(26.0, 112697.0)	(27.0, 197724.0)	(28.0, 315834.0)	(29.0, 481166.0)	(30.0, 681272.0)	(31.0, 937990.0)	(32.0, 1233103.0)	(33.0, 1731785.0)	(34.0, 2618292.0)	(35.0, 5129599.0)	(36.0, 16411690.0)	(37.0, 940388.0)							
/ | scratch | karcher | fastqc | 240813_MG011_PRISMA_NovaSeq_final_for_Q | H5YFCDSXC_240813_MG_PRISMA_24s001116-1-1_Gross_lane1MG463 | H5YFCDSXC_240813_MG_PRISMA_24s001116-1-1_Gross_lane1MG463_2	(11.0, 4.0)	(12.0, 256.0)	(13.0, 1231.0)	(14.0, 1793.0)	(15.0, 1845.0)	(16.0, 1640.0)	(17.0, 2071.0)	(18.0, 3157.0)	(19.0, 6661.0)	(20.0, 14506.0)	(21.0, 31053.0)	(22.0, 57753.0)	(23.0, 98741.0)	(24.0, 134017.0)	(25.0, 141108.0)	(26.0, 162495.0)	(27.0, 214534.0)	(28.0, 280362.0)	(29.0, 380417.0)	(30.0, 517314.0)	(31.0, 740020.0)	(32.0, 1071959.0)	(33.0, 1730405.0)	(34.0, 3061354.0)	(35.0, 7024114.0)	(36.0, 14787476.0)	(37.0, 459732.0)				
/ | scratch | karcher | fastqc | 240813_MG011_PRISMA_NovaSeq_final_for_Q | H5YFCDSXC_240813_MG_PRISMA_24s001116-1-1_Gross_lane1MG464 | H5YFCDSXC_240813_MG_PRISMA_24s001116-1-1_Gross_lane1MG464_1	(14.0, 4.0)	(15.0, 34.0)	(16.0, 111.0)	(17.0, 278.0)	(18.0, 569.0)	(19.0, 1177.0)	(20.0, 2292.0)	(21.0, 4642.0)	(22.0, 8900.0)	(23.0, 17749.0)	(24.0, 33673.0)	(25.0, 66016.0)	(26.0, 120832.0)	(27.0, 214581.0)	(28.0, 344204.0)	(29.0, 526539.0)	(30.0, 738151.0)	(31.0, 1014109.0)	(32.0, 1329246.0)	(33.0, 1883382.0)	(34.0, 2772722.0)	(35.0, 5514794.0)	(36.0, 18213808.0)	(37.0, 1027311.0)							
/ | scratch | karcher | fastqc | 240813_MG011_PRISMA_NovaSeq_final_for_Q | H5YFCDSXC_240813_MG_PRISMA_24s001116-1-1_Gross_lane1MG464 | H5YFCDSXC_240813_MG_PRISMA_24s001116-1-1_Gross_lane1MG464_2	(11.0, 5.0)	(12.0, 233.0)	(13.0, 1273.0)	(14.0, 1930.0)	(15.0, 1869.0)	(16.0, 1714.0)	(17.0, 2006.0)	(18.0, 2847.0)	(19.0, 5721.0)	(20.0, 12518.0)	(21.0, 26699.0)	(22.0, 51049.0)	(23.0, 89384.0)	(24.0, 117841.0)	(25.0, 130057.0)	(26.0, 155178.0)	(27.0, 208566.0)	(28.0, 277308.0)	(29.0, 379031.0)	(30.0, 520626.0)	(31.0, 752495.0)	(32.0, 1105316.0)	(33.0, 1806547.0)	(34.0, 3269927.0)	(35.0, 7733965.0)	(36.0, 16668054.0)	(37.0, 512965.0)				
/ | scratch | karcher | fastqc | 240813_MG011_PRISMA_NovaSeq_final_for_Q | H5YFCDSXC_240813_MG_PRISMA_24s001116-1-1_Gross_lane1MG465 | H5YFCDSXC_240813_MG_PRISMA_24s001116-1-1_Gross_lane1MG465_1	(14.0, 4.0)	(15.0, 20.0)	(16.0, 81.0)	(17.0, 222.0)	(18.0, 446.0)	(19.0, 1127.0)	(20.0, 2190.0)	(21.0, 4536.0)	(22.0, 8697.0)	(23.0, 17774.0)	(24.0, 34431.0)	(25.0, 66215.0)	(26.0, 119259.0)	(27.0, 210664.0)	(28.0, 336823.0)	(29.0, 511829.0)	(30.0, 716792.0)	(31.0, 975735.0)	(32.0, 1276764.0)	(33.0, 1814866.0)	(34.0, 2623910.0)	(35.0, 5048279.0)	(36.0, 16275336.0)	(37.0, 975313.0)							
/ | scratch | karcher | fastqc | 240813_MG011_PRISMA_NovaSeq_final_for_Q | H5YFCDSXC_240813_MG_PRISMA_24s001116-1-1_Gross_lane1MG465 | H5YFCDSXC_240813_MG_PRISMA_24s001116-1-1_Gross_lane1MG465_2	(11.0, 6.0)	(12.0, 316.0)	(13.0, 1330.0)	(14.0, 1742.0)	(15.0, 1604.0)	(16.0, 1428.0)	(17.0, 1762.0)	(18.0, 2739.0)	(19.0, 5873.0)	(20.0, 12841.0)	(21.0, 25785.0)	(22.0, 46790.0)	(23.0, 74688.0)	(24.0, 107361.0)	(25.0, 134461.0)	(26.0, 149045.0)	(27.0, 193916.0)	(28.0, 253351.0)	(29.0, 347740.0)	(30.0, 478963.0)	(31.0, 695829.0)	(32.0, 1022220.0)	(33.0, 1673652.0)	(34.0, 3032640.0)	(35.0, 7109963.0)	(36.0, 15145202.0)	(37.0, 500066.0)				
/ | scratch | karcher | fastqc | 240813_MG011_PRISMA_NovaSeq_final_for_Q | H5YFCDSXC_240813_MG_PRISMA_24s001116-1-1_Gross_lane1MG466 | H5YFCDSXC_240813_MG_PRISMA_24s001116-1-1_Gross_lane1MG466_1	(14.0, 1.0)	(15.0, 11.0)	(16.0, 66.0)	(17.0, 185.0)	(18.0, 403.0)	(19.0, 851.0)	(20.0, 1839.0)	(21.0, 3819.0)	(22.0, 7530.0)	(23.0, 15090.0)	(24.0, 29543.0)	(25.0, 58609.0)	(26.0, 108384.0)	(27.0, 194931.0)	(28.0, 314508.0)	(29.0, 481843.0)	(30.0, 677351.0)	(31.0, 929184.0)	(32.0, 1219410.0)	(33.0, 1736308.0)	(34.0, 2504882.0)	(35.0, 4923377.0)	(36.0, 16666548.0)	(37.0, 1006686.0)							
/ | scratch | karcher | fastqc | 240813_MG011_PRISMA_NovaSeq_final_for_Q | H5YFCDSXC_240813_MG_PRISMA_24s001116-1-1_Gross_lane1MG466 | H5YFCDSXC_240813_MG_PRISMA_24s001116-1-1_Gross_lane1MG466_2	(11.0, 2.0)	(12.0, 123.0)	(13.0, 767.0)	(14.0, 1360.0)	(15.0, 1525.0)	(16.0, 1605.0)	(17.0, 1931.0)	(18.0, 3024.0)	(19.0, 5789.0)	(20.0, 11738.0)	(21.0, 23554.0)	(22.0, 43883.0)	(23.0, 78277.0)	(24.0, 92730.0)	(25.0, 97002.0)	(26.0, 123534.0)	(27.0, 173064.0)	(28.0, 236737.0)	(29.0, 332531.0)	(30.0, 466905.0)	(31.0, 689798.0)	(32.0, 1024204.0)	(33.0, 1689977.0)	(34.0, 3076361.0)	(35.0, 7214281.0)	(36.0, 15032077.0)	(37.0, 458580.0)				
/ | scratch | karcher | fastqc | 240813_MG011_PRISMA_NovaSeq_final_for_Q | H5YFCDSXC_240813_MG_PRISMA_24s001116-1-1_Gross_lane1MG467 | H5YFCDSXC_240813_MG_PRISMA_24s001116-1-1_Gross_lane1MG467_1	(13.0, 1.0)	(14.0, 0.0)	(15.0, 19.0)	(16.0, 54.0)	(17.0, 154.0)	(18.0, 412.0)	(19.0, 880.0)	(20.0, 1853.0)	(21.0, 4025.0)	(22.0, 8576.0)	(23.0, 18527.0)	(24.0, 37311.0)	(25.0, 73015.0)	(26.0, 131931.0)	(27.0, 232724.0)	(28.0, 371068.0)	(29.0, 560813.0)	(30.0, 785301.0)	(31.0, 1071299.0)	(32.0, 1468032.0)	(33.0, 1932410.0)	(34.0, 2744646.0)	(35.0, 5527374.0)	(36.0, 17541524.0)	(37.0, 912330.0)						
/ | scratch | karcher | fastqc | 240813_MG011_PRISMA_NovaSeq_final_for_Q | H5YFCDSXC_240813_MG_PRISMA_24s001116-1-1_Gross_lane1MG467 | H5YFCDSXC_240813_MG_PRISMA_24s001116-1-1_Gross_lane1MG467_2	(11.0, 6.0)	(12.0, 290.0)	(13.0, 1402.0)	(14.0, 1925.0)	(15.0, 1696.0)	(16.0, 1554.0)	(17.0, 1829.0)	(18.0, 2982.0)	(19.0, 6668.0)	(20.0, 15026.0)	(21.0, 31891.0)	(22.0, 57148.0)	(23.0, 94444.0)	(24.0, 135000.0)	(25.0, 166203.0)	(26.0, 196417.0)	(27.0, 261294.0)	(28.0, 343430.0)	(29.0, 468761.0)	(30.0, 638214.0)	(31.0, 916581.0)	(32.0, 1326351.0)	(33.0, 2135853.0)	(34.0, 3760717.0)	(35.0, 8289903.0)	(36.0, 14251092.0)	(37.0, 317602.0)				
/ | scratch | karcher | fastqc | 240813_MG011_PRISMA_NovaSeq_final_for_Q | H5YFCDSXC_240813_MG_PRISMA_24s001116-1-1_Gross_lane1MG468 | H5YFCDSXC_240813_MG_PRISMA_24s001116-1-1_Gross_lane1MG468_1	(13.0, 2.0)	(14.0, 2.0)	(15.0, 19.0)	(16.0, 70.0)	(17.0, 232.0)	(18.0, 532.0)	(19.0, 1047.0)	(20.0, 2424.0)	(21.0, 5092.0)	(22.0, 10578.0)	(23.0, 22125.0)	(24.0, 44106.0)	(25.0, 89655.0)	(26.0, 167545.0)	(27.0, 303974.0)	(28.0, 493157.0)	(29.0, 760259.0)	(30.0, 1065789.0)	(31.0, 1457138.0)	(32.0, 1903141.0)	(33.0, 2707420.0)	(34.0, 3895245.0)	(35.0, 7815105.0)	(36.0, 27107536.0)	(37.0, 1600684.0)						
/ | scratch | karcher | fastqc | 240813_MG011_PRISMA_NovaSeq_final_for_Q | H5YFCDSXC_240813_MG_PRISMA_24s001116-1-1_Gross_lane1MG468 | H5YFCDSXC_240813_MG_PRISMA_24s001116-1-1_Gross_lane1MG468_2	(11.0, 8.0)	(12.0, 548.0)	(13.0, 2308.0)	(14.0, 2891.0)	(15.0, 2502.0)	(16.0, 2374.0)	(17.0, 2852.0)	(18.0, 4580.0)	(19.0, 9585.0)	(20.0, 20360.0)	(21.0, 41933.0)	(22.0, 76752.0)	(23.0, 128784.0)	(24.0, 178767.0)	(25.0, 210263.0)	(26.0, 242501.0)	(27.0, 315122.0)	(28.0, 414926.0)	(29.0, 568514.0)	(30.0, 784316.0)	(31.0, 1138013.0)	(32.0, 1681771.0)	(33.0, 2774250.0)	(34.0, 5049558.0)	(35.0, 11790437.0)	(36.0, 23368272.0)	(37.0, 640690.0)				
