Sample	Unique Reads	Duplicate Reads
/ | scratch | karcher | fastqc | 240813_MG011_PRISMA_NovaSeq_final_for_Q | H5YFCDSXC_240813_MG_PRISMA_24s001116-1-1_Gross_lane1MG468 | H5YFCDSXC_240813_MG_PRISMA_24s001116-1-1_Gross_lane1MG468_2	26536574	22916303
/ | scratch | karcher | fastqc | 240813_MG011_PRISMA_NovaSeq_final_for_Q | H5YFCDSXC_240813_MG_PRISMA_24s001116-1-1_Gross_lane1MG468 | H5YFCDSXC_240813_MG_PRISMA_24s001116-1-1_Gross_lane1MG468_1	24669459	24783418
/ | scratch | karcher | fastqc | 240813_MG011_PRISMA_NovaSeq_final_for_Q | H5YFCDSXC_240813_MG_PRISMA_24s001116-1-1_Gross_lane1MG467 | H5YFCDSXC_240813_MG_PRISMA_24s001116-1-1_Gross_lane1MG467_2	24660203	8764076
/ | scratch | karcher | fastqc | 240813_MG011_PRISMA_NovaSeq_final_for_Q | H5YFCDSXC_240813_MG_PRISMA_24s001116-1-1_Gross_lane1MG467 | H5YFCDSXC_240813_MG_PRISMA_24s001116-1-1_Gross_lane1MG467_1	23775444	9648835
/ | scratch | karcher | fastqc | 240813_MG011_PRISMA_NovaSeq_final_for_Q | H5YFCDSXC_240813_MG_PRISMA_24s001116-1-1_Gross_lane1MG466 | H5YFCDSXC_240813_MG_PRISMA_24s001116-1-1_Gross_lane1MG466_2	22082854	8798505
/ | scratch | karcher | fastqc | 240813_MG011_PRISMA_NovaSeq_final_for_Q | H5YFCDSXC_240813_MG_PRISMA_24s001116-1-1_Gross_lane1MG466 | H5YFCDSXC_240813_MG_PRISMA_24s001116-1-1_Gross_lane1MG466_1	21416752	9464607
/ | scratch | karcher | fastqc | 240813_MG011_PRISMA_NovaSeq_final_for_Q | H5YFCDSXC_240813_MG_PRISMA_24s001116-1-1_Gross_lane1MG465 | H5YFCDSXC_240813_MG_PRISMA_24s001116-1-1_Gross_lane1MG465_2	25532320	5488993
/ | scratch | karcher | fastqc | 240813_MG011_PRISMA_NovaSeq_final_for_Q | H5YFCDSXC_240813_MG_PRISMA_24s001116-1-1_Gross_lane1MG465 | H5YFCDSXC_240813_MG_PRISMA_24s001116-1-1_Gross_lane1MG465_1	25001810	6019503
/ | scratch | karcher | fastqc | 240813_MG011_PRISMA_NovaSeq_final_for_Q | H5YFCDSXC_240813_MG_PRISMA_24s001116-1-1_Gross_lane1MG464 | H5YFCDSXC_240813_MG_PRISMA_24s001116-1-1_Gross_lane1MG464_2	31173892	2661232
/ | scratch | karcher | fastqc | 240813_MG011_PRISMA_NovaSeq_final_for_Q | H5YFCDSXC_240813_MG_PRISMA_24s001116-1-1_Gross_lane1MG464 | H5YFCDSXC_240813_MG_PRISMA_24s001116-1-1_Gross_lane1MG464_1	30879420	2955704
/ | scratch | karcher | fastqc | 240813_MG011_PRISMA_NovaSeq_final_for_Q | H5YFCDSXC_240813_MG_PRISMA_24s001116-1-1_Gross_lane1MG463 | H5YFCDSXC_240813_MG_PRISMA_24s001116-1-1_Gross_lane1MG463_2	28668465	2257553
/ | scratch | karcher | fastqc | 240813_MG011_PRISMA_NovaSeq_final_for_Q | H5YFCDSXC_240813_MG_PRISMA_24s001116-1-1_Gross_lane1MG463 | H5YFCDSXC_240813_MG_PRISMA_24s001116-1-1_Gross_lane1MG463_1	28391266	2534752
/ | scratch | karcher | fastqc | 240813_MG011_PRISMA_NovaSeq_final_for_Q | H5YFCDSXC_240813_MG_PRISMA_24s001116-1-1_Gross_lane1MG462 | H5YFCDSXC_240813_MG_PRISMA_24s001116-1-1_Gross_lane1MG462_2	28880733	5855881
/ | scratch | karcher | fastqc | 240813_MG011_PRISMA_NovaSeq_final_for_Q | H5YFCDSXC_240813_MG_PRISMA_24s001116-1-1_Gross_lane1MG462 | H5YFCDSXC_240813_MG_PRISMA_24s001116-1-1_Gross_lane1MG462_1	28481451	6255163
/ | scratch | karcher | fastqc | 240813_MG011_PRISMA_NovaSeq_final_for_Q | H5YFCDSXC_240813_MG_PRISMA_24s001116-1-1_Gross_lane1MG461 | H5YFCDSXC_240813_MG_PRISMA_24s001116-1-1_Gross_lane1MG461_2	26265585	5359689
/ | scratch | karcher | fastqc | 240813_MG011_PRISMA_NovaSeq_final_for_Q | H5YFCDSXC_240813_MG_PRISMA_24s001116-1-1_Gross_lane1MG460 | H5YFCDSXC_240813_MG_PRISMA_24s001116-1-1_Gross_lane1MG460_2	28763179	10994740
/ | scratch | karcher | fastqc | 240813_MG011_PRISMA_NovaSeq_final_for_Q | H5YFCDSXC_240813_MG_PRISMA_24s001116-1-1_Gross_lane1MG460 | H5YFCDSXC_240813_MG_PRISMA_24s001116-1-1_Gross_lane1MG460_1	27585875	12172044
/ | scratch | karcher | fastqc | 240813_MG011_PRISMA_NovaSeq_final_for_Q | H5YFCDSXC_240813_MG_PRISMA_24s001116-1-1_Gross_lane1MG459 | H5YFCDSXC_240813_MG_PRISMA_24s001116-1-1_Gross_lane1MG459_2	28645415	6113430
/ | scratch | karcher | fastqc | 240813_MG011_PRISMA_NovaSeq_final_for_Q | H5YFCDSXC_240813_MG_PRISMA_24s001116-1-1_Gross_lane1MG459 | H5YFCDSXC_240813_MG_PRISMA_24s001116-1-1_Gross_lane1MG459_1	27948764	6810081
/ | scratch | karcher | fastqc | 240813_MG011_PRISMA_NovaSeq_final_for_Q | H5YFCDSXC_240813_MG_PRISMA_24s001116-1-1_Gross_lane1MG458 | H5YFCDSXC_240813_MG_PRISMA_24s001116-1-1_Gross_lane1MG458_2	24611903	6083247
/ | scratch | karcher | fastqc | 240813_MG011_PRISMA_NovaSeq_final_for_Q | H5YFCDSXC_240813_MG_PRISMA_24s001116-1-1_Gross_lane1MG458 | H5YFCDSXC_240813_MG_PRISMA_24s001116-1-1_Gross_lane1MG458_1	23994814	6700336
/ | scratch | karcher | fastqc | 240813_MG011_PRISMA_NovaSeq_final_for_Q | H5YFCDSXC_240813_MG_PRISMA_24s001116-1-1_Gross_lane1MG457 | H5YFCDSXC_240813_MG_PRISMA_24s001116-1-1_Gross_lane1MG457_2	24214180	5095491
/ | scratch | karcher | fastqc | 240813_MG011_PRISMA_NovaSeq_final_for_Q | H5YFCDSXC_240813_MG_PRISMA_24s001116-1-1_Gross_lane1MG457 | H5YFCDSXC_240813_MG_PRISMA_24s001116-1-1_Gross_lane1MG457_1	23632667	5677004
/ | scratch | karcher | fastqc | 240813_MG011_PRISMA_NovaSeq_final_for_Q | H5YFCDSXC_240813_MG_PRISMA_24s001116-1-1_Gross_lane1MG456 | H5YFCDSXC_240813_MG_PRISMA_24s001116-1-1_Gross_lane1MG456_2	24970466	7020042
/ | scratch | karcher | fastqc | 240813_MG011_PRISMA_NovaSeq_final_for_Q | H5YFCDSXC_240813_MG_PRISMA_24s001116-1-1_Gross_lane1MG456 | H5YFCDSXC_240813_MG_PRISMA_24s001116-1-1_Gross_lane1MG456_1	24391520	7598988
/ | scratch | karcher | fastqc | 240813_MG011_PRISMA_NovaSeq_final_for_Q | H5YFCDSXC_240813_MG_PRISMA_24s001116-1-1_Gross_lane1MG455 | H5YFCDSXC_240813_MG_PRISMA_24s001116-1-1_Gross_lane1MG455_2	30600955	4701493
/ | scratch | karcher | fastqc | 240813_MG011_PRISMA_NovaSeq_final_for_Q | H5YFCDSXC_240813_MG_PRISMA_24s001116-1-1_Gross_lane1MG455 | H5YFCDSXC_240813_MG_PRISMA_24s001116-1-1_Gross_lane1MG455_1	30140515	5161933
/ | scratch | karcher | fastqc | 240813_MG011_PRISMA_NovaSeq_final_for_Q | H5YFCDSXC_240813_MG_PRISMA_24s001116-1-1_Gross_lane1MG454 | H5YFCDSXC_240813_MG_PRISMA_24s001116-1-1_Gross_lane1MG454_2	28655178	2765088
/ | scratch | karcher | fastqc | 240813_MG011_PRISMA_NovaSeq_final_for_Q | H5YFCDSXC_240813_MG_PRISMA_24s001116-1-1_Gross_lane1MG454 | H5YFCDSXC_240813_MG_PRISMA_24s001116-1-1_Gross_lane1MG454_1	28356082	3064184
/ | scratch | karcher | fastqc | 240813_MG011_PRISMA_NovaSeq_final_for_Q | H5YFCDSXC_240813_MG_PRISMA_24s001116-1-1_Gross_lane1MG453 | H5YFCDSXC_240813_MG_PRISMA_24s001116-1-1_Gross_lane1MG453_2	37991185	5178634
/ | scratch | karcher | fastqc | 240813_MG011_PRISMA_NovaSeq_final_for_Q | H5YFCDSXC_240813_MG_PRISMA_24s001116-1-1_Gross_lane1MG453 | H5YFCDSXC_240813_MG_PRISMA_24s001116-1-1_Gross_lane1MG453_1	37486765	5683054
/ | scratch | karcher | fastqc | 240813_MG011_PRISMA_NovaSeq_final_for_Q | H5YFCDSXC_240813_MG_PRISMA_24s001116-1-1_Gross_lane1MG452 | H5YFCDSXC_240813_MG_PRISMA_24s001116-1-1_Gross_lane1MG452_2	35983589	3990419
/ | scratch | karcher | fastqc | 240813_MG011_PRISMA_NovaSeq_final_for_Q | H5YFCDSXC_240813_MG_PRISMA_24s001116-1-1_Gross_lane1MG452 | H5YFCDSXC_240813_MG_PRISMA_24s001116-1-1_Gross_lane1MG452_1	35005101	4968907
/ | scratch | karcher | fastqc | 240813_MG011_PRISMA_NovaSeq_final_for_Q | H5YFCDSXC_240813_MG_PRISMA_24s001116-1-1_Gross_lane1MG451 | H5YFCDSXC_240813_MG_PRISMA_24s001116-1-1_Gross_lane1MG451_2	27380949	3105719
/ | scratch | karcher | fastqc | 240813_MG011_PRISMA_NovaSeq_final_for_Q | H5YFCDSXC_240813_MG_PRISMA_24s001116-1-1_Gross_lane1MG451 | H5YFCDSXC_240813_MG_PRISMA_24s001116-1-1_Gross_lane1MG451_1	26966070	3520598
/ | scratch | karcher | fastqc | 240813_MG011_PRISMA_NovaSeq_final_for_Q | H5YFCDSXC_240813_MG_PRISMA_24s001116-1-1_Gross_lane1MG450 | H5YFCDSXC_240813_MG_PRISMA_24s001116-1-1_Gross_lane1MG450_2	32037857	3113509
/ | scratch | karcher | fastqc | 240813_MG011_PRISMA_NovaSeq_final_for_Q | H5YFCDSXC_240813_MG_PRISMA_24s001116-1-1_Gross_lane1MG450 | H5YFCDSXC_240813_MG_PRISMA_24s001116-1-1_Gross_lane1MG450_1	31795379	3355987
/ | scratch | karcher | fastqc | 240813_MG011_PRISMA_NovaSeq_final_for_Q | H5YFCDSXC_240813_MG_PRISMA_24s001116-1-1_Gross_lane1MG449 | H5YFCDSXC_240813_MG_PRISMA_24s001116-1-1_Gross_lane1MG449_2	25856999	2830872
/ | scratch | karcher | fastqc | 240813_MG011_PRISMA_NovaSeq_final_for_Q | H5YFCDSXC_240813_MG_PRISMA_24s001116-1-1_Gross_lane1MG449 | H5YFCDSXC_240813_MG_PRISMA_24s001116-1-1_Gross_lane1MG449_1	25556641	3131230
/ | scratch | karcher | fastqc | 240813_MG011_PRISMA_NovaSeq_final_for_Q | H5YFCDSXC_240813_MG_PRISMA_24s001116-1-1_Gross_lane1MG448 | H5YFCDSXC_240813_MG_PRISMA_24s001116-1-1_Gross_lane1MG448_2	34633287	9900489
/ | scratch | karcher | fastqc | 240813_MG011_PRISMA_NovaSeq_final_for_Q | H5YFCDSXC_240813_MG_PRISMA_24s001116-1-1_Gross_lane1MG448 | H5YFCDSXC_240813_MG_PRISMA_24s001116-1-1_Gross_lane1MG448_1	33789337	10744439
/ | scratch | karcher | fastqc | 240813_MG011_PRISMA_NovaSeq_final_for_Q | H5YFCDSXC_240813_MG_PRISMA_24s001116-1-1_Gross_lane1MG447 | H5YFCDSXC_240813_MG_PRISMA_24s001116-1-1_Gross_lane1MG447_2	27512177	5585350
/ | scratch | karcher | fastqc | 240813_MG011_PRISMA_NovaSeq_final_for_Q | H5YFCDSXC_240813_MG_PRISMA_24s001116-1-1_Gross_lane1MG447 | H5YFCDSXC_240813_MG_PRISMA_24s001116-1-1_Gross_lane1MG447_1	26720250	6377277
/ | scratch | karcher | fastqc | 240813_MG011_PRISMA_NovaSeq_final_for_Q | H5YFCDSXC_240813_MG_PRISMA_24s001116-1-1_Gross_lane1MG446 | H5YFCDSXC_240813_MG_PRISMA_24s001116-1-1_Gross_lane1MG446_2	28725026	4937329
/ | scratch | karcher | fastqc | 240813_MG011_PRISMA_NovaSeq_final_for_Q | H5YFCDSXC_240813_MG_PRISMA_24s001116-1-1_Gross_lane1MG446 | H5YFCDSXC_240813_MG_PRISMA_24s001116-1-1_Gross_lane1MG446_1	28211347	5451008
/ | scratch | karcher | fastqc | 240813_MG011_PRISMA_NovaSeq_final_for_Q | H5YFCDSXC_240813_MG_PRISMA_24s001116-1-1_Gross_lane1MG445 | H5YFCDSXC_240813_MG_PRISMA_24s001116-1-1_Gross_lane1MG445_2	32844467	4253901
/ | scratch | karcher | fastqc | 240813_MG011_PRISMA_NovaSeq_final_for_Q | H5YFCDSXC_240813_MG_PRISMA_24s001116-1-1_Gross_lane1MG445 | H5YFCDSXC_240813_MG_PRISMA_24s001116-1-1_Gross_lane1MG445_1	32338141	4760227
/ | scratch | karcher | fastqc | 240813_MG011_PRISMA_NovaSeq_final_for_Q | H5YFCDSXC_240813_MG_PRISMA_24s001116-1-1_Gross_lane1MG444 | H5YFCDSXC_240813_MG_PRISMA_24s001116-1-1_Gross_lane1MG444_2	31108412	2912644
/ | scratch | karcher | fastqc | 240813_MG011_PRISMA_NovaSeq_final_for_Q | H5YFCDSXC_240813_MG_PRISMA_24s001116-1-1_Gross_lane1MG444 | H5YFCDSXC_240813_MG_PRISMA_24s001116-1-1_Gross_lane1MG444_1	30779626	3241430
/ | scratch | karcher | fastqc | 240813_MG011_PRISMA_NovaSeq_final_for_Q | H5YFCDSXC_240813_MG_PRISMA_24s001116-1-1_Gross_lane1MG443 | H5YFCDSXC_240813_MG_PRISMA_24s001116-1-1_Gross_lane1MG443_2	25316000	4028014
/ | scratch | karcher | fastqc | 240813_MG011_PRISMA_NovaSeq_final_for_Q | H5YFCDSXC_240813_MG_PRISMA_24s001116-1-1_Gross_lane1MG443 | H5YFCDSXC_240813_MG_PRISMA_24s001116-1-1_Gross_lane1MG443_1	25016802	4327212
/ | scratch | karcher | fastqc | 240813_MG011_PRISMA_NovaSeq_final_for_Q | H5YFCDSXC_240813_MG_PRISMA_24s001116-1-1_Gross_lane1MG442 | H5YFCDSXC_240813_MG_PRISMA_24s001116-1-1_Gross_lane1MG442_2	26814239	3753476
/ | scratch | karcher | fastqc | 240813_MG011_PRISMA_NovaSeq_final_for_Q | H5YFCDSXC_240813_MG_PRISMA_24s001116-1-1_Gross_lane1MG442 | H5YFCDSXC_240813_MG_PRISMA_24s001116-1-1_Gross_lane1MG442_1	26429699	4138016
/ | scratch | karcher | fastqc | 240813_MG011_PRISMA_NovaSeq_final_for_Q | H5YFCDSXC_240813_MG_PRISMA_24s001116-1-1_Gross_lane1MG441 | H5YFCDSXC_240813_MG_PRISMA_24s001116-1-1_Gross_lane1MG441_2	17552998	3310593
/ | scratch | karcher | fastqc | 240813_MG011_PRISMA_NovaSeq_final_for_Q | H5YFCDSXC_240813_MG_PRISMA_24s001116-1-1_Gross_lane1MG441 | H5YFCDSXC_240813_MG_PRISMA_24s001116-1-1_Gross_lane1MG441_1	17236144	3627447
/ | scratch | karcher | fastqc | 240813_MG011_PRISMA_NovaSeq_final_for_Q | H5YFCDSXC_240813_MG_PRISMA_24s001116-1-1_Gross_lane1MG440 | H5YFCDSXC_240813_MG_PRISMA_24s001116-1-1_Gross_lane1MG440_2	16042968	3781318
/ | scratch | karcher | fastqc | 240813_MG011_PRISMA_NovaSeq_final_for_Q | H5YFCDSXC_240813_MG_PRISMA_24s001116-1-1_Gross_lane1MG440 | H5YFCDSXC_240813_MG_PRISMA_24s001116-1-1_Gross_lane1MG440_1	15738683	4085603
/ | scratch | karcher | fastqc | 240813_MG011_PRISMA_NovaSeq_final_for_Q | H5YFCDSXC_240813_MG_PRISMA_24s001116-1-1_Gross_lane1MG439 | H5YFCDSXC_240813_MG_PRISMA_24s001116-1-1_Gross_lane1MG439_2	16602838	2860780
/ | scratch | karcher | fastqc | 240813_MG011_PRISMA_NovaSeq_final_for_Q | H5YFCDSXC_240813_MG_PRISMA_24s001116-1-1_Gross_lane1MG439 | H5YFCDSXC_240813_MG_PRISMA_24s001116-1-1_Gross_lane1MG439_1	16198367	3265251
/ | scratch | karcher | fastqc | 240813_MG011_PRISMA_NovaSeq_final_for_Q | H5YFCDSXC_240813_MG_PRISMA_24s001116-1-1_Gross_lane1MG438 | H5YFCDSXC_240813_MG_PRISMA_24s001116-1-1_Gross_lane1MG438_2	21538946	3852691
/ | scratch | karcher | fastqc | 240813_MG011_PRISMA_NovaSeq_final_for_Q | H5YFCDSXC_240813_MG_PRISMA_24s001116-1-1_Gross_lane1MG438 | H5YFCDSXC_240813_MG_PRISMA_24s001116-1-1_Gross_lane1MG438_1	21165204	4226433
/ | scratch | karcher | fastqc | 240813_MG011_PRISMA_NovaSeq_final_for_Q | H5YFCDSXC_240813_MG_PRISMA_24s001116-1-1_Gross_lane1MG437 | H5YFCDSXC_240813_MG_PRISMA_24s001116-1-1_Gross_lane1MG437_2	24644286	9029652
/ | scratch | karcher | fastqc | 240813_MG011_PRISMA_NovaSeq_final_for_Q | H5YFCDSXC_240813_MG_PRISMA_24s001116-1-1_Gross_lane1MG437 | H5YFCDSXC_240813_MG_PRISMA_24s001116-1-1_Gross_lane1MG437_1	23601451	10072487
/ | scratch | karcher | fastqc | 240813_MG011_PRISMA_NovaSeq_final_for_Q | H5YFCDSXC_240813_MG_PRISMA_24s001116-1-1_Gross_lane1MG436 | H5YFCDSXC_240813_MG_PRISMA_24s001116-1-1_Gross_lane1MG436_2	23585784	2107504
/ | scratch | karcher | fastqc | 240813_MG011_PRISMA_NovaSeq_final_for_Q | H5YFCDSXC_240813_MG_PRISMA_24s001116-1-1_Gross_lane1MG436 | H5YFCDSXC_240813_MG_PRISMA_24s001116-1-1_Gross_lane1MG436_1	23333544	2359744
/ | scratch | karcher | fastqc | 240813_MG011_PRISMA_NovaSeq_final_for_Q | H5YFCDSXC_240813_MG_PRISMA_24s001116-1-1_Gross_lane1MG435 | H5YFCDSXC_240813_MG_PRISMA_24s001116-1-1_Gross_lane1MG435_2	20830103	2448370
/ | scratch | karcher | fastqc | 240813_MG011_PRISMA_NovaSeq_final_for_Q | H5YFCDSXC_240813_MG_PRISMA_24s001116-1-1_Gross_lane1MG435 | H5YFCDSXC_240813_MG_PRISMA_24s001116-1-1_Gross_lane1MG435_1	20540385	2738088
/ | scratch | karcher | fastqc | 240813_MG011_PRISMA_NovaSeq_final_for_Q | H5YFCDSXC_240813_MG_PRISMA_24s001116-1-1_Gross_lane1MG434 | H5YFCDSXC_240813_MG_PRISMA_24s001116-1-1_Gross_lane1MG434_2	27691877	2897383
/ | scratch | karcher | fastqc | 240813_MG011_PRISMA_NovaSeq_final_for_Q | H5YFCDSXC_240813_MG_PRISMA_24s001116-1-1_Gross_lane1MG434 | H5YFCDSXC_240813_MG_PRISMA_24s001116-1-1_Gross_lane1MG434_1	27470120	3119140
/ | scratch | karcher | fastqc | 240813_MG011_PRISMA_NovaSeq_final_for_Q | H5YFCDSXC_240813_MG_PRISMA_24s001116-1-1_Gross_lane1MG433 | H5YFCDSXC_240813_MG_PRISMA_24s001116-1-1_Gross_lane1MG433_2	21962532	2564528
/ | scratch | karcher | fastqc | 240813_MG011_PRISMA_NovaSeq_final_for_Q | H5YFCDSXC_240813_MG_PRISMA_24s001116-1-1_Gross_lane1MG433 | H5YFCDSXC_240813_MG_PRISMA_24s001116-1-1_Gross_lane1MG433_1	21594741	2932319
/ | scratch | karcher | fastqc | 240813_MG011_PRISMA_NovaSeq_final_for_Q | H5YFCDSXC_240813_MG_PRISMA_24s001116-1-1_Gross_lane1MG432 | H5YFCDSXC_240813_MG_PRISMA_24s001116-1-1_Gross_lane1MG432_2	21143734	1675884
/ | scratch | karcher | fastqc | 240813_MG011_PRISMA_NovaSeq_final_for_Q | H5YFCDSXC_240813_MG_PRISMA_24s001116-1-1_Gross_lane1MG432 | H5YFCDSXC_240813_MG_PRISMA_24s001116-1-1_Gross_lane1MG432_1	20932505	1887113
/ | scratch | karcher | fastqc | 240813_MG011_PRISMA_NovaSeq_final_for_Q | H5YFCDSXC_240813_MG_PRISMA_24s001116-1-1_Gross_lane1MG431 | H5YFCDSXC_240813_MG_PRISMA_24s001116-1-1_Gross_lane1MG431_2	25355698	2561274
/ | scratch | karcher | fastqc | 240813_MG011_PRISMA_NovaSeq_final_for_Q | H5YFCDSXC_240813_MG_PRISMA_24s001116-1-1_Gross_lane1MG431 | H5YFCDSXC_240813_MG_PRISMA_24s001116-1-1_Gross_lane1MG431_1	25051131	2865841
/ | scratch | karcher | fastqc | 240813_MG011_PRISMA_NovaSeq_final_for_Q | H5YFCDSXC_240813_MG_PRISMA_24s001116-1-1_Gross_lane1MG430 | H5YFCDSXC_240813_MG_PRISMA_24s001116-1-1_Gross_lane1MG430_2	19211573	2808941
/ | scratch | karcher | fastqc | 240813_MG011_PRISMA_NovaSeq_final_for_Q | H5YFCDSXC_240813_MG_PRISMA_24s001116-1-1_Gross_lane1MG430 | H5YFCDSXC_240813_MG_PRISMA_24s001116-1-1_Gross_lane1MG430_1	18996607	3023907
/ | scratch | karcher | fastqc | 240813_MG011_PRISMA_NovaSeq_final_for_Q | H5YFCDSXC_240813_MG_PRISMA_24s001116-1-1_Gross_lane1MG429 | H5YFCDSXC_240813_MG_PRISMA_24s001116-1-1_Gross_lane1MG429_2	16964244	25814568
/ | scratch | karcher | fastqc | 240813_MG011_PRISMA_NovaSeq_final_for_Q | H5YFCDSXC_240813_MG_PRISMA_24s001116-1-1_Gross_lane1MG429 | H5YFCDSXC_240813_MG_PRISMA_24s001116-1-1_Gross_lane1MG429_1	15009630	27769182
/ | scratch | karcher | fastqc | 240813_MG011_PRISMA_NovaSeq_final_for_Q | H5YFCDSXC_240813_MG_PRISMA_24s001116-1-1_Gross_lane1MG428 | H5YFCDSXC_240813_MG_PRISMA_24s001116-1-1_Gross_lane1MG428_2	34495440	3811408
/ | scratch | karcher | fastqc | 240813_MG011_PRISMA_NovaSeq_final_for_Q | H5YFCDSXC_240813_MG_PRISMA_24s001116-1-1_Gross_lane1MG428 | H5YFCDSXC_240813_MG_PRISMA_24s001116-1-1_Gross_lane1MG428_1	34102725	4204123
/ | scratch | karcher | fastqc | 240813_MG011_PRISMA_NovaSeq_final_for_Q | H5YFCDSXC_240813_MG_PRISMA_24s001116-1-1_Gross_lane1MG427 | H5YFCDSXC_240813_MG_PRISMA_24s001116-1-1_Gross_lane1MG427_2	28340167	8783750
/ | scratch | karcher | fastqc | 240813_MG011_PRISMA_NovaSeq_final_for_Q | H5YFCDSXC_240813_MG_PRISMA_24s001116-1-1_Gross_lane1MG427 | H5YFCDSXC_240813_MG_PRISMA_24s001116-1-1_Gross_lane1MG427_1	27549979	9573938
/ | scratch | karcher | fastqc | 240813_MG011_PRISMA_NovaSeq_final_for_Q | H5YFCDSXC_240813_MG_PRISMA_24s001116-1-1_Gross_lane1MG426 | H5YFCDSXC_240813_MG_PRISMA_24s001116-1-1_Gross_lane1MG426_2	22858690	10861363
/ | scratch | karcher | fastqc | 240813_MG011_PRISMA_NovaSeq_final_for_Q | H5YFCDSXC_240813_MG_PRISMA_24s001116-1-1_Gross_lane1MG426 | H5YFCDSXC_240813_MG_PRISMA_24s001116-1-1_Gross_lane1MG426_1	22074749	11645304
/ | scratch | karcher | fastqc | 240813_MG011_PRISMA_NovaSeq_final_for_Q | H5YFCDSXC_240813_MG_PRISMA_24s001116-1-1_Gross_lane1MG425 | H5YFCDSXC_240813_MG_PRISMA_24s001116-1-1_Gross_lane1MG425_2	23987965	10876175
/ | scratch | karcher | fastqc | 240813_MG011_PRISMA_NovaSeq_final_for_Q | H5YFCDSXC_240813_MG_PRISMA_24s001116-1-1_Gross_lane1MG425 | H5YFCDSXC_240813_MG_PRISMA_24s001116-1-1_Gross_lane1MG425_1	23235324	11628816
/ | scratch | karcher | fastqc | 240813_MG011_PRISMA_NovaSeq_final_for_Q | H5YFCDSXC_240813_MG_PRISMA_24s001116-1-1_Gross_lane1MG424 | H5YFCDSXC_240813_MG_PRISMA_24s001116-1-1_Gross_lane1MG424_2	33899292	4130477
/ | scratch | karcher | fastqc | 240813_MG011_PRISMA_NovaSeq_final_for_Q | H5YFCDSXC_240813_MG_PRISMA_24s001116-1-1_Gross_lane1MG424 | H5YFCDSXC_240813_MG_PRISMA_24s001116-1-1_Gross_lane1MG424_1	33173053	4856716
/ | scratch | karcher | fastqc | 240813_MG011_PRISMA_NovaSeq_final_for_Q | H5YFCDSXC_240813_MG_PRISMA_24s001116-1-1_Gross_lane1MG423 | H5YFCDSXC_240813_MG_PRISMA_24s001116-1-1_Gross_lane1MG423_2	25412429	11547206
/ | scratch | karcher | fastqc | 240813_MG011_PRISMA_NovaSeq_final_for_Q | H5YFCDSXC_240813_MG_PRISMA_24s001116-1-1_Gross_lane1MG423 | H5YFCDSXC_240813_MG_PRISMA_24s001116-1-1_Gross_lane1MG423_1	24329465	12630170
/ | scratch | karcher | fastqc | 240813_MG011_PRISMA_NovaSeq_final_for_Q | H5YFCDSXC_240813_MG_PRISMA_24s001116-1-1_Gross_lane1MG422 | H5YFCDSXC_240813_MG_PRISMA_24s001116-1-1_Gross_lane1MG422_2	30738494	7094344
/ | scratch | karcher | fastqc | 240813_MG011_PRISMA_NovaSeq_final_for_Q | H5YFCDSXC_240813_MG_PRISMA_24s001116-1-1_Gross_lane1MG422 | H5YFCDSXC_240813_MG_PRISMA_24s001116-1-1_Gross_lane1MG422_1	30203582	7629256
/ | scratch | karcher | fastqc | 240813_MG011_PRISMA_NovaSeq_final_for_Q | H5YFCDSXC_240813_MG_PRISMA_24s001116-1-1_Gross_lane1MG421 | H5YFCDSXC_240813_MG_PRISMA_24s001116-1-1_Gross_lane1MG421_2	29803947	6810790
/ | scratch | karcher | fastqc | 240813_MG011_PRISMA_NovaSeq_final_for_Q | H5YFCDSXC_240813_MG_PRISMA_24s001116-1-1_Gross_lane1MG421 | H5YFCDSXC_240813_MG_PRISMA_24s001116-1-1_Gross_lane1MG421_1	29046408	7568329
/ | scratch | karcher | fastqc | 240813_MG011_PRISMA_NovaSeq_final_for_Q | H5YFCDSXC_240813_MG_PRISMA_24s001116-1-1_Gross_lane1MG420 | H5YFCDSXC_240813_MG_PRISMA_24s001116-1-1_Gross_lane1MG420_2	25355137	6821082
/ | scratch | karcher | fastqc | 240813_MG011_PRISMA_NovaSeq_final_for_Q | H5YFCDSXC_240813_MG_PRISMA_24s001116-1-1_Gross_lane1MG420 | H5YFCDSXC_240813_MG_PRISMA_24s001116-1-1_Gross_lane1MG420_1	24674666	7501553
/ | scratch | karcher | fastqc | 240813_MG011_PRISMA_NovaSeq_final_for_Q | H5YFCDSXC_240813_MG_PRISMA_24s001116-1-1_Gross_lane1MG419 | H5YFCDSXC_240813_MG_PRISMA_24s001116-1-1_Gross_lane1MG419_2	27162394	6598500
/ | scratch | karcher | fastqc | 240813_MG011_PRISMA_NovaSeq_final_for_Q | H5YFCDSXC_240813_MG_PRISMA_24s001116-1-1_Gross_lane1MG419 | H5YFCDSXC_240813_MG_PRISMA_24s001116-1-1_Gross_lane1MG419_1	26691044	7069850
/ | scratch | karcher | fastqc | 240813_MG011_PRISMA_NovaSeq_final_for_Q | H5YFCDSXC_240813_MG_PRISMA_24s001116-1-1_Gross_lane1MG418 | H5YFCDSXC_240813_MG_PRISMA_24s001116-1-1_Gross_lane1MG418_2	22754984	3799822
/ | scratch | karcher | fastqc | 240813_MG011_PRISMA_NovaSeq_final_for_Q | H5YFCDSXC_240813_MG_PRISMA_24s001116-1-1_Gross_lane1MG418 | H5YFCDSXC_240813_MG_PRISMA_24s001116-1-1_Gross_lane1MG418_1	22355501	4199305
/ | scratch | karcher | fastqc | 240813_MG011_PRISMA_NovaSeq_final_for_Q | H5YFCDSXC_240813_MG_PRISMA_24s001116-1-1_Gross_lane1MG417 | H5YFCDSXC_240813_MG_PRISMA_24s001116-1-1_Gross_lane1MG417_2	27296731	3225988
/ | scratch | karcher | fastqc | 240813_MG011_PRISMA_NovaSeq_final_for_Q | H5YFCDSXC_240813_MG_PRISMA_24s001116-1-1_Gross_lane1MG417 | H5YFCDSXC_240813_MG_PRISMA_24s001116-1-1_Gross_lane1MG417_1	26970115	3552604
/ | scratch | karcher | fastqc | 240813_MG011_PRISMA_NovaSeq_final_for_Q | H5YFCDSXC_240813_MG_PRISMA_24s001116-1-1_Gross_lane1MG416 | H5YFCDSXC_240813_MG_PRISMA_24s001116-1-1_Gross_lane1MG416_2	29211416	4512546
/ | scratch | karcher | fastqc | 240813_MG011_PRISMA_NovaSeq_final_for_Q | H5YFCDSXC_240813_MG_PRISMA_24s001116-1-1_Gross_lane1MG416 | H5YFCDSXC_240813_MG_PRISMA_24s001116-1-1_Gross_lane1MG416_1	28828166	4895796
/ | scratch | karcher | fastqc | 240813_MG011_PRISMA_NovaSeq_final_for_Q | H5YFCDSXC_240813_MG_PRISMA_24s001116-1-1_Gross_lane1MG415 | H5YFCDSXC_240813_MG_PRISMA_24s001116-1-1_Gross_lane1MG415_2	27933638	4696071
/ | scratch | karcher | fastqc | 240813_MG011_PRISMA_NovaSeq_final_for_Q | H5YFCDSXC_240813_MG_PRISMA_24s001116-1-1_Gross_lane1MG415 | H5YFCDSXC_240813_MG_PRISMA_24s001116-1-1_Gross_lane1MG415_1	27414061	5215648
/ | scratch | karcher | fastqc | 240813_MG011_PRISMA_NovaSeq_final_for_Q | H5YFCDSXC_240813_MG_PRISMA_24s001116-1-1_Gross_lane1MG414 | H5YFCDSXC_240813_MG_PRISMA_24s001116-1-1_Gross_lane1MG414_2	28611060	5387857
/ | scratch | karcher | fastqc | 240813_MG011_PRISMA_NovaSeq_final_for_Q | H5YFCDSXC_240813_MG_PRISMA_24s001116-1-1_Gross_lane1MG414 | H5YFCDSXC_240813_MG_PRISMA_24s001116-1-1_Gross_lane1MG414_1	27850923	6147994
/ | scratch | karcher | fastqc | 240813_MG011_PRISMA_NovaSeq_final_for_Q | H5YFCDSXC_240813_MG_PRISMA_24s001116-1-1_Gross_lane1MG413 | H5YFCDSXC_240813_MG_PRISMA_24s001116-1-1_Gross_lane1MG413_2	26124329	4830639
/ | scratch | karcher | fastqc | 240813_MG011_PRISMA_NovaSeq_final_for_Q | H5YFCDSXC_240813_MG_PRISMA_24s001116-1-1_Gross_lane1MG413 | H5YFCDSXC_240813_MG_PRISMA_24s001116-1-1_Gross_lane1MG413_1	25508932	5446036
/ | scratch | karcher | fastqc | 240813_MG011_PRISMA_NovaSeq_final_for_Q | H5YFCDSXC_240813_MG_PRISMA_24s001116-1-1_Gross_lane1MG412 | H5YFCDSXC_240813_MG_PRISMA_24s001116-1-1_Gross_lane1MG412_2	26226655	4259765
/ | scratch | karcher | fastqc | 240813_MG011_PRISMA_NovaSeq_final_for_Q | H5YFCDSXC_240813_MG_PRISMA_24s001116-1-1_Gross_lane1MG412 | H5YFCDSXC_240813_MG_PRISMA_24s001116-1-1_Gross_lane1MG412_1	25768667	4717753
/ | scratch | karcher | fastqc | 240813_MG011_PRISMA_NovaSeq_final_for_Q | H5YFCDSXC_240813_MG_PRISMA_24s001116-1-1_Gross_lane1MG411 | H5YFCDSXC_240813_MG_PRISMA_24s001116-1-1_Gross_lane1MG411_2	27273352	4473894
/ | scratch | karcher | fastqc | 240813_MG011_PRISMA_NovaSeq_final_for_Q | H5YFCDSXC_240813_MG_PRISMA_24s001116-1-1_Gross_lane1MG411 | H5YFCDSXC_240813_MG_PRISMA_24s001116-1-1_Gross_lane1MG411_1	26819503	4927743
/ | scratch | karcher | fastqc | 240813_MG011_PRISMA_NovaSeq_final_for_Q | H5YFCDSXC_240813_MG_PRISMA_24s001116-1-1_Gross_lane1MG410 | H5YFCDSXC_240813_MG_PRISMA_24s001116-1-1_Gross_lane1MG410_2	23077461	3173861
/ | scratch | karcher | fastqc | 240813_MG011_PRISMA_NovaSeq_final_for_Q | H5YFCDSXC_240813_MG_PRISMA_24s001116-1-1_Gross_lane1MG410 | H5YFCDSXC_240813_MG_PRISMA_24s001116-1-1_Gross_lane1MG410_1	22698820	3552502
/ | scratch | karcher | fastqc | 240813_MG011_PRISMA_NovaSeq_final_for_Q | H5YFCDSXC_240813_MG_PRISMA_24s001116-1-1_Gross_lane1MG409 | H5YFCDSXC_240813_MG_PRISMA_24s001116-1-1_Gross_lane1MG409_2	25687639	5884734
/ | scratch | karcher | fastqc | 240813_MG011_PRISMA_NovaSeq_final_for_Q | H5YFCDSXC_240813_MG_PRISMA_24s001116-1-1_Gross_lane1MG409 | H5YFCDSXC_240813_MG_PRISMA_24s001116-1-1_Gross_lane1MG409_1	24963972	6608401
/ | scratch | karcher | fastqc | 240813_MG011_PRISMA_NovaSeq_final_for_Q | H5YFCDSXC_240813_MG_PRISMA_24s001116-1-1_Gross_lane1MG408 | H5YFCDSXC_240813_MG_PRISMA_24s001116-1-1_Gross_lane1MG408_2	24726350	2929291
/ | scratch | karcher | fastqc | 240813_MG011_PRISMA_NovaSeq_final_for_Q | H5YFCDSXC_240813_MG_PRISMA_24s001116-1-1_Gross_lane1MG408 | H5YFCDSXC_240813_MG_PRISMA_24s001116-1-1_Gross_lane1MG408_1	24433199	3222442
/ | scratch | karcher | fastqc | 240813_MG011_PRISMA_NovaSeq_final_for_Q | H5YFCDSXC_240813_MG_PRISMA_24s001116-1-1_Gross_lane1MG407 | H5YFCDSXC_240813_MG_PRISMA_24s001116-1-1_Gross_lane1MG407_2	35805693	6672906
/ | scratch | karcher | fastqc | 240813_MG011_PRISMA_NovaSeq_final_for_Q | H5YFCDSXC_240813_MG_PRISMA_24s001116-1-1_Gross_lane1MG407 | H5YFCDSXC_240813_MG_PRISMA_24s001116-1-1_Gross_lane1MG407_1	35076022	7402577
/ | scratch | karcher | fastqc | 240813_MG011_PRISMA_NovaSeq_final_for_Q | H5YFCDSXC_240813_MG_PRISMA_24s001116-1-1_Gross_lane1MG406 | H5YFCDSXC_240813_MG_PRISMA_24s001116-1-1_Gross_lane1MG406_2	25345959	7656146
/ | scratch | karcher | fastqc | 240813_MG011_PRISMA_NovaSeq_final_for_Q | H5YFCDSXC_240813_MG_PRISMA_24s001116-1-1_Gross_lane1MG406 | H5YFCDSXC_240813_MG_PRISMA_24s001116-1-1_Gross_lane1MG406_1	24599135	8402970
/ | scratch | karcher | fastqc | 240813_MG011_PRISMA_NovaSeq_final_for_Q | H5YFCDSXC_240813_MG_PRISMA_24s001116-1-1_Gross_lane1MG405 | H5YFCDSXC_240813_MG_PRISMA_24s001116-1-1_Gross_lane1MG405_2	33855826	6913671
/ | scratch | karcher | fastqc | 240813_MG011_PRISMA_NovaSeq_final_for_Q | H5YFCDSXC_240813_MG_PRISMA_24s001116-1-1_Gross_lane1MG405 | H5YFCDSXC_240813_MG_PRISMA_24s001116-1-1_Gross_lane1MG405_1	33037423	7732074
/ | scratch | karcher | fastqc | 240813_MG011_PRISMA_NovaSeq_final_for_Q | H5YFCDSXC_240813_MG_PRISMA_24s001116-1-1_Gross_lane1MG404 | H5YFCDSXC_240813_MG_PRISMA_24s001116-1-1_Gross_lane1MG404_2	26764972	3902451
/ | scratch | karcher | fastqc | 240813_MG011_PRISMA_NovaSeq_final_for_Q | H5YFCDSXC_240813_MG_PRISMA_24s001116-1-1_Gross_lane1MG404 | H5YFCDSXC_240813_MG_PRISMA_24s001116-1-1_Gross_lane1MG404_1	26191648	4475775
/ | scratch | karcher | fastqc | 240813_MG011_PRISMA_NovaSeq_final_for_Q | H5YFCDSXC_240813_MG_PRISMA_24s001116-1-1_Gross_lane1MG403 | H5YFCDSXC_240813_MG_PRISMA_24s001116-1-1_Gross_lane1MG403_2	25652719	3159017
/ | scratch | karcher | fastqc | 240813_MG011_PRISMA_NovaSeq_final_for_Q | H5YFCDSXC_240813_MG_PRISMA_24s001116-1-1_Gross_lane1MG403 | H5YFCDSXC_240813_MG_PRISMA_24s001116-1-1_Gross_lane1MG403_1	25057204	3754532
/ | scratch | karcher | fastqc | 240813_MG011_PRISMA_NovaSeq_final_for_Q | H5YFCDSXC_240813_MG_PRISMA_24s001116-1-1_Gross_lane1MG402 | H5YFCDSXC_240813_MG_PRISMA_24s001116-1-1_Gross_lane1MG402_2	32792236	5100239
/ | scratch | karcher | fastqc | 240813_MG011_PRISMA_NovaSeq_final_for_Q | H5YFCDSXC_240813_MG_PRISMA_24s001116-1-1_Gross_lane1MG402 | H5YFCDSXC_240813_MG_PRISMA_24s001116-1-1_Gross_lane1MG402_1	32083808	5808667
/ | scratch | karcher | fastqc | 240813_MG011_PRISMA_NovaSeq_final_for_Q | H5YFCDSXC_240813_MG_PRISMA_24s001116-1-1_Gross_lane1MG401 | H5YFCDSXC_240813_MG_PRISMA_24s001116-1-1_Gross_lane1MG401_2	18147339	19231197
/ | scratch | karcher | fastqc | 240813_MG011_PRISMA_NovaSeq_final_for_Q | H5YFCDSXC_240813_MG_PRISMA_24s001116-1-1_Gross_lane1MG401 | H5YFCDSXC_240813_MG_PRISMA_24s001116-1-1_Gross_lane1MG401_1	16172340	21206196
/ | scratch | karcher | fastqc | 240813_MG011_PRISMA_NovaSeq_final_for_Q | H5YFCDSXC_240813_MG_PRISMA_24s001116-1-1_Gross_lane1MG400 | H5YFCDSXC_240813_MG_PRISMA_24s001116-1-1_Gross_lane1MG400_2	32476007	6020136
/ | scratch | karcher | fastqc | 240813_MG011_PRISMA_NovaSeq_final_for_Q | H5YFCDSXC_240813_MG_PRISMA_24s001116-1-1_Gross_lane1MG400 | H5YFCDSXC_240813_MG_PRISMA_24s001116-1-1_Gross_lane1MG400_1	31701915	6794228
/ | scratch | karcher | fastqc | 240813_MG011_PRISMA_NovaSeq_final_for_Q | H5YFCDSXC_240813_MG_PRISMA_24s001116-1-1_Gross_lane1MG399 | H5YFCDSXC_240813_MG_PRISMA_24s001116-1-1_Gross_lane1MG399_2	31863351	4906819
/ | scratch | karcher | fastqc | 240813_MG011_PRISMA_NovaSeq_final_for_Q | H5YFCDSXC_240813_MG_PRISMA_24s001116-1-1_Gross_lane1MG399 | H5YFCDSXC_240813_MG_PRISMA_24s001116-1-1_Gross_lane1MG399_1	31234892	5535278
/ | scratch | karcher | fastqc | 240813_MG011_PRISMA_NovaSeq_final_for_Q | H5YFCDSXC_240813_MG_PRISMA_24s001116-1-1_Gross_lane1MG398 | H5YFCDSXC_240813_MG_PRISMA_24s001116-1-1_Gross_lane1MG398_2	29103527	4354835
/ | scratch | karcher | fastqc | 240813_MG011_PRISMA_NovaSeq_final_for_Q | H5YFCDSXC_240813_MG_PRISMA_24s001116-1-1_Gross_lane1MG398 | H5YFCDSXC_240813_MG_PRISMA_24s001116-1-1_Gross_lane1MG398_1	28555826	4902536
/ | scratch | karcher | fastqc | 240813_MG011_PRISMA_NovaSeq_final_for_Q | H5YFCDSXC_240813_MG_PRISMA_24s001116-1-1_Gross_lane1MG397 | H5YFCDSXC_240813_MG_PRISMA_24s001116-1-1_Gross_lane1MG397_2	34624298	5923764
/ | scratch | karcher | fastqc | 240813_MG011_PRISMA_NovaSeq_final_for_Q | H5YFCDSXC_240813_MG_PRISMA_24s001116-1-1_Gross_lane1MG397 | H5YFCDSXC_240813_MG_PRISMA_24s001116-1-1_Gross_lane1MG397_1	33806295	6741767
/ | scratch | karcher | fastqc | 240813_MG011_PRISMA_NovaSeq_final_for_Q | H5YFCDSXC_240813_MG_PRISMA_24s001116-1-1_Gross_lane1MG396 | H5YFCDSXC_240813_MG_PRISMA_24s001116-1-1_Gross_lane1MG396_2	32160125	4059639
/ | scratch | karcher | fastqc | 240813_MG011_PRISMA_NovaSeq_final_for_Q | H5YFCDSXC_240813_MG_PRISMA_24s001116-1-1_Gross_lane1MG396 | H5YFCDSXC_240813_MG_PRISMA_24s001116-1-1_Gross_lane1MG396_1	31488383	4731381
/ | scratch | karcher | fastqc | 240813_MG011_PRISMA_NovaSeq_final_for_Q | H5YFCDSXC_240813_MG_PRISMA_24s001116-1-1_Gross_lane1MG395 | H5YFCDSXC_240813_MG_PRISMA_24s001116-1-1_Gross_lane1MG395_2	25600217	2947624
/ | scratch | karcher | fastqc | 240813_MG011_PRISMA_NovaSeq_final_for_Q | H5YFCDSXC_240813_MG_PRISMA_24s001116-1-1_Gross_lane1MG395 | H5YFCDSXC_240813_MG_PRISMA_24s001116-1-1_Gross_lane1MG395_1	25394374	3153467
/ | scratch | karcher | fastqc | 240813_MG011_PRISMA_NovaSeq_final_for_Q | H5YFCDSXC_240813_MG_PRISMA_24s001116-1-1_Gross_lane1MG394 | H5YFCDSXC_240813_MG_PRISMA_24s001116-1-1_Gross_lane1MG394_2	30521872	6710062
/ | scratch | karcher | fastqc | 240813_MG011_PRISMA_NovaSeq_final_for_Q | H5YFCDSXC_240813_MG_PRISMA_24s001116-1-1_Gross_lane1MG394 | H5YFCDSXC_240813_MG_PRISMA_24s001116-1-1_Gross_lane1MG394_1	29758238	7473696
/ | scratch | karcher | fastqc | 240813_MG011_PRISMA_NovaSeq_final_for_Q | H5YFCDSXC_240813_MG_PRISMA_24s001116-1-1_Gross_lane1MG393 | H5YFCDSXC_240813_MG_PRISMA_24s001116-1-1_Gross_lane1MG393_2	19200232	2486865
/ | scratch | karcher | fastqc | 240813_MG011_PRISMA_NovaSeq_final_for_Q | H5YFCDSXC_240813_MG_PRISMA_24s001116-1-1_Gross_lane1MG393 | H5YFCDSXC_240813_MG_PRISMA_24s001116-1-1_Gross_lane1MG393_1	18851421	2835676
/ | scratch | karcher | fastqc | 240813_MG011_PRISMA_NovaSeq_final_for_Q | H5YFCDSXC_240813_MG_PRISMA_24s001116-1-1_Gross_lane1MG392 | H5YFCDSXC_240813_MG_PRISMA_24s001116-1-1_Gross_lane1MG392_2	35289341	3278459
/ | scratch | karcher | fastqc | 240813_MG011_PRISMA_NovaSeq_final_for_Q | H5YFCDSXC_240813_MG_PRISMA_24s001116-1-1_Gross_lane1MG392 | H5YFCDSXC_240813_MG_PRISMA_24s001116-1-1_Gross_lane1MG392_1	34824427	3743373
/ | scratch | karcher | fastqc | 240813_MG011_PRISMA_NovaSeq_final_for_Q | H5YFCDSXC_240813_MG_PRISMA_24s001116-1-1_Gross_lane1MG391 | H5YFCDSXC_240813_MG_PRISMA_24s001116-1-1_Gross_lane1MG391_2	31646581	3204854
/ | scratch | karcher | fastqc | 240813_MG011_PRISMA_NovaSeq_final_for_Q | H5YFCDSXC_240813_MG_PRISMA_24s001116-1-1_Gross_lane1MG391 | H5YFCDSXC_240813_MG_PRISMA_24s001116-1-1_Gross_lane1MG391_1	31185187	3666248
/ | scratch | karcher | fastqc | 240813_MG011_PRISMA_NovaSeq_final_for_Q | H5YFCDSXC_240813_MG_PRISMA_24s001116-1-1_Gross_lane1MG390 | H5YFCDSXC_240813_MG_PRISMA_24s001116-1-1_Gross_lane1MG390_2	29806516	5516160
/ | scratch | karcher | fastqc | 240813_MG011_PRISMA_NovaSeq_final_for_Q | H5YFCDSXC_240813_MG_PRISMA_24s001116-1-1_Gross_lane1MG390 | H5YFCDSXC_240813_MG_PRISMA_24s001116-1-1_Gross_lane1MG390_1	29260728	6061948
/ | scratch | karcher | fastqc | 240813_MG011_PRISMA_NovaSeq_final_for_Q | H5YFCDSXC_240813_MG_PRISMA_24s001116-1-1_Gross_lane1MG389 | H5YFCDSXC_240813_MG_PRISMA_24s001116-1-1_Gross_lane1MG389_2	31935824	4356361
/ | scratch | karcher | fastqc | 240813_MG011_PRISMA_NovaSeq_final_for_Q | H5YFCDSXC_240813_MG_PRISMA_24s001116-1-1_Gross_lane1MG389 | H5YFCDSXC_240813_MG_PRISMA_24s001116-1-1_Gross_lane1MG389_1	31507928	4784257
/ | scratch | karcher | fastqc | 240813_MG011_PRISMA_NovaSeq_final_for_Q | H5YFCDSXC_240813_MG_PRISMA_24s001116-1-1_Gross_lane1MG388 | H5YFCDSXC_240813_MG_PRISMA_24s001116-1-1_Gross_lane1MG388_2	23527760	2806373
/ | scratch | karcher | fastqc | 240813_MG011_PRISMA_NovaSeq_final_for_Q | H5YFCDSXC_240813_MG_PRISMA_24s001116-1-1_Gross_lane1MG388 | H5YFCDSXC_240813_MG_PRISMA_24s001116-1-1_Gross_lane1MG388_1	23280966	3053167
/ | scratch | karcher | fastqc | 240813_MG011_PRISMA_NovaSeq_final_for_Q | H5YFCDSXC_240813_MG_PRISMA_24s001116-1-1_Gross_lane1MG387 | H5YFCDSXC_240813_MG_PRISMA_24s001116-1-1_Gross_lane1MG387_2	23009491	3090071
/ | scratch | karcher | fastqc | 240813_MG011_PRISMA_NovaSeq_final_for_Q | H5YFCDSXC_240813_MG_PRISMA_24s001116-1-1_Gross_lane1MG387 | H5YFCDSXC_240813_MG_PRISMA_24s001116-1-1_Gross_lane1MG387_1	22443803	3655759
/ | scratch | karcher | fastqc | 240813_MG011_PRISMA_NovaSeq_final_for_Q | H5YFCDSXC_240813_MG_PRISMA_24s001116-1-1_Gross_lane1MG386 | H5YFCDSXC_240813_MG_PRISMA_24s001116-1-1_Gross_lane1MG386_2	23364608	1800876
/ | scratch | karcher | fastqc | 240813_MG011_PRISMA_NovaSeq_final_for_Q | H5YFCDSXC_240813_MG_PRISMA_24s001116-1-1_Gross_lane1MG386 | H5YFCDSXC_240813_MG_PRISMA_24s001116-1-1_Gross_lane1MG386_1	23139137	2026347
/ | scratch | karcher | fastqc | 240813_MG011_PRISMA_NovaSeq_final_for_Q | H5YFCDSXC_240813_MG_PRISMA_24s001116-1-1_Gross_lane1MG385 | H5YFCDSXC_240813_MG_PRISMA_24s001116-1-1_Gross_lane1MG385_2	20229073	1402254
/ | scratch | karcher | fastqc | 240813_MG011_PRISMA_NovaSeq_final_for_Q | H5YFCDSXC_240813_MG_PRISMA_24s001116-1-1_Gross_lane1MG385 | H5YFCDSXC_240813_MG_PRISMA_24s001116-1-1_Gross_lane1MG385_1	19993166	1638161
/ | scratch | karcher | fastqc | 240813_MG011_PRISMA_NovaSeq_final_for_Q | H5YFCDSXC_240813_MG_PRISMA_24s001116-1-1_Gross_lane1MG384 | H5YFCDSXC_240813_MG_PRISMA_24s001116-1-1_Gross_lane1MG384_2	22643753	2006465
/ | scratch | karcher | fastqc | 240813_MG011_PRISMA_NovaSeq_final_for_Q | H5YFCDSXC_240813_MG_PRISMA_24s001116-1-1_Gross_lane1MG384 | H5YFCDSXC_240813_MG_PRISMA_24s001116-1-1_Gross_lane1MG384_1	22398654	2251564
/ | scratch | karcher | fastqc | 240813_MG011_PRISMA_NovaSeq_final_for_Q | H5YFCDSXC_240813_MG_PRISMA_24s001116-1-1_Gross_lane1MG383 | H5YFCDSXC_240813_MG_PRISMA_24s001116-1-1_Gross_lane1MG383_2	19937629	6994815
/ | scratch | karcher | fastqc | 240813_MG011_PRISMA_NovaSeq_final_for_Q | H5YFCDSXC_240813_MG_PRISMA_24s001116-1-1_Gross_lane1MG383 | H5YFCDSXC_240813_MG_PRISMA_24s001116-1-1_Gross_lane1MG383_1	19385497	7546947
/ | scratch | karcher | fastqc | 240813_MG011_PRISMA_NovaSeq_final_for_Q | H5YFCDSXC_240813_MG_PRISMA_24s001116-1-1_Gross_lane1MG382 | H5YFCDSXC_240813_MG_PRISMA_24s001116-1-1_Gross_lane1MG382_2	20612765	1806376
/ | scratch | karcher | fastqc | 240813_MG011_PRISMA_NovaSeq_final_for_Q | H5YFCDSXC_240813_MG_PRISMA_24s001116-1-1_Gross_lane1MG382 | H5YFCDSXC_240813_MG_PRISMA_24s001116-1-1_Gross_lane1MG382_1	20399018	2020123
/ | scratch | karcher | fastqc | 240813_MG011_PRISMA_NovaSeq_final_for_Q | H5YFCDSXC_240813_MG_PRISMA_24s001116-1-1_Gross_lane1MG381 | H5YFCDSXC_240813_MG_PRISMA_24s001116-1-1_Gross_lane1MG381_2	14836850	2604470
/ | scratch | karcher | fastqc | 240813_MG011_PRISMA_NovaSeq_final_for_Q | H5YFCDSXC_240813_MG_PRISMA_24s001116-1-1_Gross_lane1MG381 | H5YFCDSXC_240813_MG_PRISMA_24s001116-1-1_Gross_lane1MG381_1	14574314	2867006
/ | scratch | karcher | fastqc | 240813_MG011_PRISMA_NovaSeq_final_for_Q | H5YFCDSXC_240813_MG_PRISMA_24s001116-1-1_Gross_lane1MG380 | H5YFCDSXC_240813_MG_PRISMA_24s001116-1-1_Gross_lane1MG380_2	19532398	1514061
/ | scratch | karcher | fastqc | 240813_MG011_PRISMA_NovaSeq_final_for_Q | H5YFCDSXC_240813_MG_PRISMA_24s001116-1-1_Gross_lane1MG380 | H5YFCDSXC_240813_MG_PRISMA_24s001116-1-1_Gross_lane1MG380_1	19284133	1762326
/ | scratch | karcher | fastqc | 240813_MG011_PRISMA_NovaSeq_final_for_Q | H5YFCDSXC_240813_MG_PRISMA_24s001116-1-1_Gross_lane1MG379 | H5YFCDSXC_240813_MG_PRISMA_24s001116-1-1_Gross_lane1MG379_2	15321866	3820703
/ | scratch | karcher | fastqc | 240813_MG011_PRISMA_NovaSeq_final_for_Q | H5YFCDSXC_240813_MG_PRISMA_24s001116-1-1_Gross_lane1MG379 | H5YFCDSXC_240813_MG_PRISMA_24s001116-1-1_Gross_lane1MG379_1	15008817	4133752
/ | scratch | karcher | fastqc | 240813_MG011_PRISMA_NovaSeq_final_for_Q | H5YFCDSXC_240813_MG_PRISMA_24s001116-1-1_Gross_lane1MG378 | H5YFCDSXC_240813_MG_PRISMA_24s001116-1-1_Gross_lane1MG378_2	15052690	1653454
/ | scratch | karcher | fastqc | 240813_MG011_PRISMA_NovaSeq_final_for_Q | H5YFCDSXC_240813_MG_PRISMA_24s001116-1-1_Gross_lane1MG378 | H5YFCDSXC_240813_MG_PRISMA_24s001116-1-1_Gross_lane1MG378_1	14603755	2102389
/ | scratch | karcher | fastqc | 240813_MG011_PRISMA_NovaSeq_final_for_Q | H5YFCDSXC_240813_MG_PRISMA_24s001116-1-1_Gross_lane1MG377 | H5YFCDSXC_240813_MG_PRISMA_24s001116-1-1_Gross_lane1MG377_2	14052070	2716013
/ | scratch | karcher | fastqc | 240813_MG011_PRISMA_NovaSeq_final_for_Q | H5YFCDSXC_240813_MG_PRISMA_24s001116-1-1_Gross_lane1MG377 | H5YFCDSXC_240813_MG_PRISMA_24s001116-1-1_Gross_lane1MG377_1	13740993	3027090
/ | scratch | karcher | fastqc | 240813_MG011_PRISMA_NovaSeq_final_for_Q | H5YFCDSXC_240813_MG_PRISMA_24s001116-1-1_Gross_lane1MG376 | H5YFCDSXC_240813_MG_PRISMA_24s001116-1-1_Gross_lane1MG376_2	17588592	5078648
/ | scratch | karcher | fastqc | 240813_MG011_PRISMA_NovaSeq_final_for_Q | H5YFCDSXC_240813_MG_PRISMA_24s001116-1-1_Gross_lane1MG376 | H5YFCDSXC_240813_MG_PRISMA_24s001116-1-1_Gross_lane1MG376_1	17233476	5433764
/ | scratch | karcher | fastqc | 240813_MG011_PRISMA_NovaSeq_final_for_Q | H5YFCDSXC_240813_MG_PRISMA_24s001116-1-1_Gross_lane1MG375 | H5YFCDSXC_240813_MG_PRISMA_24s001116-1-1_Gross_lane1MG375_2	23518571	7731710
/ | scratch | karcher | fastqc | 240813_MG011_PRISMA_NovaSeq_final_for_Q | H5YFCDSXC_240813_MG_PRISMA_24s001116-1-1_Gross_lane1MG375 | H5YFCDSXC_240813_MG_PRISMA_24s001116-1-1_Gross_lane1MG375_1	22654968	8595313
/ | scratch | karcher | fastqc | 240813_MG011_PRISMA_NovaSeq_final_for_Q | H5YFCDSXC_240813_MG_PRISMA_24s001116-1-1_Gross_lane1MG374 | H5YFCDSXC_240813_MG_PRISMA_24s001116-1-1_Gross_lane1MG374_2	20136223	5129278
/ | scratch | karcher | fastqc | 240813_MG011_PRISMA_NovaSeq_final_for_Q | H5YFCDSXC_240813_MG_PRISMA_24s001116-1-1_Gross_lane1MG374 | H5YFCDSXC_240813_MG_PRISMA_24s001116-1-1_Gross_lane1MG374_1	19651829	5613672
/ | scratch | karcher | fastqc | 240813_MG011_PRISMA_NovaSeq_final_for_Q | H5YFCDSXC_240813_MG_PRISMA_24s001116-1-1_Gross_lane1MG373 | H5YFCDSXC_240813_MG_PRISMA_24s001116-1-1_Gross_lane1MG373_2	23721716	5027251
/ | scratch | karcher | fastqc | 240813_MG011_PRISMA_NovaSeq_final_for_Q | H5YFCDSXC_240813_MG_PRISMA_24s001116-1-1_Gross_lane1MG373 | H5YFCDSXC_240813_MG_PRISMA_24s001116-1-1_Gross_lane1MG373_1	23186820	5562147
/ | scratch | karcher | fastqc | 240813_MG011_PRISMA_NovaSeq_final_for_Q | H5YFCDSXC_240813_MG_PRISMA_24s001116-1-1_Gross_lane1MG372 | H5YFCDSXC_240813_MG_PRISMA_24s001116-1-1_Gross_lane1MG372_2	18909174	2486551
/ | scratch | karcher | fastqc | 240813_MG011_PRISMA_NovaSeq_final_for_Q | H5YFCDSXC_240813_MG_PRISMA_24s001116-1-1_Gross_lane1MG372 | H5YFCDSXC_240813_MG_PRISMA_24s001116-1-1_Gross_lane1MG372_1	18529811	2865914
/ | scratch | karcher | fastqc | 240813_MG011_PRISMA_NovaSeq_final_for_Q | H5YFCDSXC_240813_MG_PRISMA_24s001116-1-1_Gross_lane1MG371 | H5YFCDSXC_240813_MG_PRISMA_24s001116-1-1_Gross_lane1MG371_2	20757116	1906404
/ | scratch | karcher | fastqc | 240813_MG011_PRISMA_NovaSeq_final_for_Q | H5YFCDSXC_240813_MG_PRISMA_24s001116-1-1_Gross_lane1MG371 | H5YFCDSXC_240813_MG_PRISMA_24s001116-1-1_Gross_lane1MG371_1	20487751	2175769
/ | scratch | karcher | fastqc | 240813_MG011_PRISMA_NovaSeq_final_for_Q | H5YFCDSXC_240813_MG_PRISMA_24s001116-1-1_Gross_lane1MG370 | H5YFCDSXC_240813_MG_PRISMA_24s001116-1-1_Gross_lane1MG370_2	13962920	11122820
/ | scratch | karcher | fastqc | 240813_MG011_PRISMA_NovaSeq_final_for_Q | H5YFCDSXC_240813_MG_PRISMA_24s001116-1-1_Gross_lane1MG370 | H5YFCDSXC_240813_MG_PRISMA_24s001116-1-1_Gross_lane1MG370_1	13109339	11976401
/ | scratch | karcher | fastqc | 240813_MG011_PRISMA_NovaSeq_final_for_Q | H5YFCDSXC_240813_MG_PRISMA_24s001116-1-1_Gross_lane1MG369 | H5YFCDSXC_240813_MG_PRISMA_24s001116-1-1_Gross_lane1MG369_2	22521221	2192836
/ | scratch | karcher | fastqc | 240813_MG011_PRISMA_NovaSeq_final_for_Q | H5YFCDSXC_240813_MG_PRISMA_24s001116-1-1_Gross_lane1MG369 | H5YFCDSXC_240813_MG_PRISMA_24s001116-1-1_Gross_lane1MG369_1	22281970	2432087
/ | scratch | karcher | fastqc | 240813_MG011_PRISMA_NovaSeq_final_for_Q | H5YFCDSXC_240813_MG_PRISMA_24s001116-1-1_Gross_lane1MG368 | H5YFCDSXC_240813_MG_PRISMA_24s001116-1-1_Gross_lane1MG368_1	19635402	1533141
/ | scratch | karcher | fastqc | 240813_MG011_PRISMA_NovaSeq_final_for_Q | H5YFCDSXC_240813_MG_PRISMA_24s001116-1-1_Gross_lane1MG367 | H5YFCDSXC_240813_MG_PRISMA_24s001116-1-1_Gross_lane1MG367_2	19678698	3871311
/ | scratch | karcher | fastqc | 240813_MG011_PRISMA_NovaSeq_final_for_Q | H5YFCDSXC_240813_MG_PRISMA_24s001116-1-1_Gross_lane1MG367 | H5YFCDSXC_240813_MG_PRISMA_24s001116-1-1_Gross_lane1MG367_1	19335826	4214183
/ | scratch | karcher | fastqc | 240813_MG011_PRISMA_NovaSeq_final_for_Q | H5YFCDSXC_240813_MG_PRISMA_24s001116-1-1_Gross_lane1MG366 | H5YFCDSXC_240813_MG_PRISMA_24s001116-1-1_Gross_lane1MG366_2	19503105	2725222
/ | scratch | karcher | fastqc | 240813_MG011_PRISMA_NovaSeq_final_for_Q | H5YFCDSXC_240813_MG_PRISMA_24s001116-1-1_Gross_lane1MG366 | H5YFCDSXC_240813_MG_PRISMA_24s001116-1-1_Gross_lane1MG366_1	19253184	2975143
/ | scratch | karcher | fastqc | 240813_MG011_PRISMA_NovaSeq_final_for_Q | H5YFCDSXC_240813_MG_PRISMA_24s001116-1-1_Gross_lane1MG365 | H5YFCDSXC_240813_MG_PRISMA_24s001116-1-1_Gross_lane1MG365_2	16139824	4289634
/ | scratch | karcher | fastqc | 240813_MG011_PRISMA_NovaSeq_final_for_Q | H5YFCDSXC_240813_MG_PRISMA_24s001116-1-1_Gross_lane1MG365 | H5YFCDSXC_240813_MG_PRISMA_24s001116-1-1_Gross_lane1MG365_1	15718669	4710789
/ | scratch | karcher | fastqc | 240813_MG011_PRISMA_NovaSeq_final_for_Q | H5YFCDSXC_240813_MG_PRISMA_24s001116-1-1_Gross_lane1MG364 | H5YFCDSXC_240813_MG_PRISMA_24s001116-1-1_Gross_lane1MG364_2	5504153	10336942
/ | scratch | karcher | fastqc | 240813_MG011_PRISMA_NovaSeq_final_for_Q | H5YFCDSXC_240813_MG_PRISMA_24s001116-1-1_Gross_lane1MG364 | H5YFCDSXC_240813_MG_PRISMA_24s001116-1-1_Gross_lane1MG364_1	5033280	10807815
/ | scratch | karcher | fastqc | 240813_MG011_PRISMA_NovaSeq_final_for_Q | H5YFCDSXC_240813_MG_PRISMA_24s001116-1-1_Gross_lane1MG363 | H5YFCDSXC_240813_MG_PRISMA_24s001116-1-1_Gross_lane1MG363_2	19615962	1238305
/ | scratch | karcher | fastqc | 240813_MG011_PRISMA_NovaSeq_final_for_Q | H5YFCDSXC_240813_MG_PRISMA_24s001116-1-1_Gross_lane1MG363 | H5YFCDSXC_240813_MG_PRISMA_24s001116-1-1_Gross_lane1MG363_1	19458964	1395303
/ | scratch | karcher | fastqc | 240813_MG011_PRISMA_NovaSeq_final_for_Q | H5YFCDSXC_240813_MG_PRISMA_24s001116-1-1_Gross_lane1MG362 | H5YFCDSXC_240813_MG_PRISMA_24s001116-1-1_Gross_lane1MG362_2	22003358	1520414
/ | scratch | karcher | fastqc | 240813_MG011_PRISMA_NovaSeq_final_for_Q | H5YFCDSXC_240813_MG_PRISMA_24s001116-1-1_Gross_lane1MG362 | H5YFCDSXC_240813_MG_PRISMA_24s001116-1-1_Gross_lane1MG362_1	21805558	1718214
/ | scratch | karcher | fastqc | 240813_MG011_PRISMA_NovaSeq_final_for_Q | H5YFCDSXC_240813_MG_PRISMA_24s001116-1-1_Gross_lane1MG361 | H5YFCDSXC_240813_MG_PRISMA_24s001116-1-1_Gross_lane1MG361_2	22958603	2931329
/ | scratch | karcher | fastqc | 240813_MG011_PRISMA_NovaSeq_final_for_Q | H5YFCDSXC_240813_MG_PRISMA_24s001116-1-1_Gross_lane1MG361 | H5YFCDSXC_240813_MG_PRISMA_24s001116-1-1_Gross_lane1MG361_1	22570050	3319882
/ | scratch | karcher | fastqc | 240813_MG011_PRISMA_NovaSeq_final_for_Q | H5YFCDSXC_240813_MG_PRISMA_24s001116-1-1_Gross_lane1MG360 | H5YFCDSXC_240813_MG_PRISMA_24s001116-1-1_Gross_lane1MG360_2	21287804	6006068
/ | scratch | karcher | fastqc | 240813_MG011_PRISMA_NovaSeq_final_for_Q | H5YFCDSXC_240813_MG_PRISMA_24s001116-1-1_Gross_lane1MG360 | H5YFCDSXC_240813_MG_PRISMA_24s001116-1-1_Gross_lane1MG360_1	20564668	6729204
/ | scratch | karcher | fastqc | 240813_MG011_PRISMA_NovaSeq_final_for_Q | H5YFCDSXC_240813_MG_PRISMA_24s001116-1-1_Gross_lane1MG359 | H5YFCDSXC_240813_MG_PRISMA_24s001116-1-1_Gross_lane1MG359_2	15043959	753622
/ | scratch | karcher | fastqc | 240813_MG011_PRISMA_NovaSeq_final_for_Q | H5YFCDSXC_240813_MG_PRISMA_24s001116-1-1_Gross_lane1MG359 | H5YFCDSXC_240813_MG_PRISMA_24s001116-1-1_Gross_lane1MG359_1	14973300	824281
/ | scratch | karcher | fastqc | 240813_MG011_PRISMA_NovaSeq_final_for_Q | H5YFCDSXC_240813_MG_PRISMA_24s001116-1-1_Gross_lane1MG358 | H5YFCDSXC_240813_MG_PRISMA_24s001116-1-1_Gross_lane1MG358_2	21902143	1486509
/ | scratch | karcher | fastqc | 240813_MG011_PRISMA_NovaSeq_final_for_Q | H5YFCDSXC_240813_MG_PRISMA_24s001116-1-1_Gross_lane1MG358 | H5YFCDSXC_240813_MG_PRISMA_24s001116-1-1_Gross_lane1MG358_1	21666626	1722026
/ | scratch | karcher | fastqc | 240813_MG011_PRISMA_NovaSeq_final_for_Q | H5YFCDSXC_240813_MG_PRISMA_24s001116-1-1_Gross_lane1MG357 | H5YFCDSXC_240813_MG_PRISMA_24s001116-1-1_Gross_lane1MG357_2	12590773	5108001
/ | scratch | karcher | fastqc | 240813_MG011_PRISMA_NovaSeq_final_for_Q | H5YFCDSXC_240813_MG_PRISMA_24s001116-1-1_Gross_lane1MG357 | H5YFCDSXC_240813_MG_PRISMA_24s001116-1-1_Gross_lane1MG357_1	12020068	5678706
/ | scratch | karcher | fastqc | 240813_MG011_PRISMA_NovaSeq_final_for_Q | H5YFCDSXC_240813_MG_PRISMA_24s001116-1-1_Gross_lane1MG356 | H5YFCDSXC_240813_MG_PRISMA_24s001116-1-1_Gross_lane1MG356_2	22304464	11034210
/ | scratch | karcher | fastqc | 240813_MG011_PRISMA_NovaSeq_final_for_Q | H5YFCDSXC_240813_MG_PRISMA_24s001116-1-1_Gross_lane1MG356 | H5YFCDSXC_240813_MG_PRISMA_24s001116-1-1_Gross_lane1MG356_1	20926378	12412296
/ | scratch | karcher | fastqc | 240813_MG011_PRISMA_NovaSeq_final_for_Q | H5YFCDSXC_240813_MG_PRISMA_24s001116-1-1_Gross_lane1MG355 | H5YFCDSXC_240813_MG_PRISMA_24s001116-1-1_Gross_lane1MG355_2	15840982	10140118
/ | scratch | karcher | fastqc | 240813_MG011_PRISMA_NovaSeq_final_for_Q | H5YFCDSXC_240813_MG_PRISMA_24s001116-1-1_Gross_lane1MG355 | H5YFCDSXC_240813_MG_PRISMA_24s001116-1-1_Gross_lane1MG355_1	14696129	11284971
/ | scratch | karcher | fastqc | 240813_MG011_PRISMA_NovaSeq_final_for_Q | H5YFCDSXC_240813_MG_PRISMA_24s001116-1-1_Gross_lane1MG354 | H5YFCDSXC_240813_MG_PRISMA_24s001116-1-1_Gross_lane1MG354_2	12950521	3920844
/ | scratch | karcher | fastqc | 240813_MG011_PRISMA_NovaSeq_final_for_Q | H5YFCDSXC_240813_MG_PRISMA_24s001116-1-1_Gross_lane1MG354 | H5YFCDSXC_240813_MG_PRISMA_24s001116-1-1_Gross_lane1MG354_1	12525421	4345944
/ | scratch | karcher | fastqc | 240813_MG011_PRISMA_NovaSeq_final_for_Q | H5YFCDSXC_240813_MG_PRISMA_24s001116-1-1_Gross_lane1MG353 | H5YFCDSXC_240813_MG_PRISMA_24s001116-1-1_Gross_lane1MG353_2	25874568	4893468
/ | scratch | karcher | fastqc | 240813_MG011_PRISMA_NovaSeq_final_for_Q | H5YFCDSXC_240813_MG_PRISMA_24s001116-1-1_Gross_lane1MG353 | H5YFCDSXC_240813_MG_PRISMA_24s001116-1-1_Gross_lane1MG353_1	25357711	5410325
/ | scratch | karcher | fastqc | 240813_MG011_PRISMA_NovaSeq_final_for_Q | H5YFCDSXC_240813_MG_PRISMA_24s001116-1-1_Gross_lane1MG352 | H5YFCDSXC_240813_MG_PRISMA_24s001116-1-1_Gross_lane1MG352_2	25432712	3835991
/ | scratch | karcher | fastqc | 240813_MG011_PRISMA_NovaSeq_final_for_Q | H5YFCDSXC_240813_MG_PRISMA_24s001116-1-1_Gross_lane1MG352 | H5YFCDSXC_240813_MG_PRISMA_24s001116-1-1_Gross_lane1MG352_1	25075450	4193253
/ | scratch | karcher | fastqc | 240813_MG011_PRISMA_NovaSeq_final_for_Q | H5YFCDSXC_240813_MG_PRISMA_24s001116-1-1_Gross_lane1MG351 | H5YFCDSXC_240813_MG_PRISMA_24s001116-1-1_Gross_lane1MG351_2	16067244	6578979
/ | scratch | karcher | fastqc | 240813_MG011_PRISMA_NovaSeq_final_for_Q | H5YFCDSXC_240813_MG_PRISMA_24s001116-1-1_Gross_lane1MG351 | H5YFCDSXC_240813_MG_PRISMA_24s001116-1-1_Gross_lane1MG351_1	15311587	7334636
/ | scratch | karcher | fastqc | 240813_MG011_PRISMA_NovaSeq_final_for_Q | H5YFCDSXC_240813_MG_PRISMA_24s001116-1-1_Gross_lane1MG350 | H5YFCDSXC_240813_MG_PRISMA_24s001116-1-1_Gross_lane1MG350_2	18726581	2313076
/ | scratch | karcher | fastqc | 240813_MG011_PRISMA_NovaSeq_final_for_Q | H5YFCDSXC_240813_MG_PRISMA_24s001116-1-1_Gross_lane1MG350 | H5YFCDSXC_240813_MG_PRISMA_24s001116-1-1_Gross_lane1MG350_1	18426575	2613082
/ | scratch | karcher | fastqc | 240813_MG011_PRISMA_NovaSeq_final_for_Q | H5YFCDSXC_240813_MG_PRISMA_24s001116-1-1_Gross_lane1MG349 | H5YFCDSXC_240813_MG_PRISMA_24s001116-1-1_Gross_lane1MG349_2	20638050	12032680
/ | scratch | karcher | fastqc | 240813_MG011_PRISMA_NovaSeq_final_for_Q | H5YFCDSXC_240813_MG_PRISMA_24s001116-1-1_Gross_lane1MG349 | H5YFCDSXC_240813_MG_PRISMA_24s001116-1-1_Gross_lane1MG349_1	18996841	13673889
/ | scratch | karcher | fastqc | 240813_MG011_PRISMA_NovaSeq_final_for_Q | H5YFCDSXC_240813_MG_PRISMA_24s001116-1-1_Gross_lane1MG348 | H5YFCDSXC_240813_MG_PRISMA_24s001116-1-1_Gross_lane1MG348_2	10241280	31724957
/ | scratch | karcher | fastqc | 240813_MG011_PRISMA_NovaSeq_final_for_Q | H5YFCDSXC_240813_MG_PRISMA_24s001116-1-1_Gross_lane1MG348 | H5YFCDSXC_240813_MG_PRISMA_24s001116-1-1_Gross_lane1MG348_1	8752912	33213325
/ | scratch | karcher | fastqc | 240813_MG011_PRISMA_NovaSeq_final_for_Q | H5YFCDSXC_240813_MG_PRISMA_24s001116-1-1_Gross_lane1MG347 | H5YFCDSXC_240813_MG_PRISMA_24s001116-1-1_Gross_lane1MG347_2	24021893	4896666
/ | scratch | karcher | fastqc | 240813_MG011_PRISMA_NovaSeq_final_for_Q | H5YFCDSXC_240813_MG_PRISMA_24s001116-1-1_Gross_lane1MG347 | H5YFCDSXC_240813_MG_PRISMA_24s001116-1-1_Gross_lane1MG347_1	23655477	5263082
/ | scratch | karcher | fastqc | 240813_MG011_PRISMA_NovaSeq_final_for_Q | H5YFCDSXC_240813_MG_PRISMA_24s001116-1-1_Gross_lane1MG346 | H5YFCDSXC_240813_MG_PRISMA_24s001116-1-1_Gross_lane1MG346_2	23831301	4246876
/ | scratch | karcher | fastqc | 240813_MG011_PRISMA_NovaSeq_final_for_Q | H5YFCDSXC_240813_MG_PRISMA_24s001116-1-1_Gross_lane1MG346 | H5YFCDSXC_240813_MG_PRISMA_24s001116-1-1_Gross_lane1MG346_1	23437477	4640700
/ | scratch | karcher | fastqc | 240813_MG011_PRISMA_NovaSeq_final_for_Q | H5YFCDSXC_240813_MG_PRISMA_24s001116-1-1_Gross_lane1MG344 | H5YFCDSXC_240813_MG_PRISMA_24s001116-1-1_Gross_lane1MG344_2	24254522	8766447
/ | scratch | karcher | fastqc | 240813_MG011_PRISMA_NovaSeq_final_for_Q | H5YFCDSXC_240813_MG_PRISMA_24s001116-1-1_Gross_lane1MG344 | H5YFCDSXC_240813_MG_PRISMA_24s001116-1-1_Gross_lane1MG344_1	23514346	9506623
/ | scratch | karcher | fastqc | 240813_MG011_PRISMA_NovaSeq_final_for_Q | H5YFCDSXC_240813_MG_PRISMA_24s001116-1-1_Gross_lane1MG343 | H5YFCDSXC_240813_MG_PRISMA_24s001116-1-1_Gross_lane1MG343_2	20616341	5426015
/ | scratch | karcher | fastqc | 240813_MG011_PRISMA_NovaSeq_final_for_Q | H5YFCDSXC_240813_MG_PRISMA_24s001116-1-1_Gross_lane1MG343 | H5YFCDSXC_240813_MG_PRISMA_24s001116-1-1_Gross_lane1MG343_1	20078182	5964174
/ | scratch | karcher | fastqc | 240813_MG011_PRISMA_NovaSeq_final_for_Q | H5YFCDSXC_240813_MG_PRISMA_24s001116-1-1_Gross_lane1MG342 | H5YFCDSXC_240813_MG_PRISMA_24s001116-1-1_Gross_lane1MG342_2	20672228	5604305
/ | scratch | karcher | fastqc | 240813_MG011_PRISMA_NovaSeq_final_for_Q | H5YFCDSXC_240813_MG_PRISMA_24s001116-1-1_Gross_lane1MG342 | H5YFCDSXC_240813_MG_PRISMA_24s001116-1-1_Gross_lane1MG342_1	20208149	6068384
/ | scratch | karcher | fastqc | 240813_MG011_PRISMA_NovaSeq_final_for_Q | H5YFCDSXC_240813_MG_PRISMA_24s001116-1-1_Gross_lane1MG341 | H5YFCDSXC_240813_MG_PRISMA_24s001116-1-1_Gross_lane1MG341_2	22133526	2258819
/ | scratch | karcher | fastqc | 240813_MG011_PRISMA_NovaSeq_final_for_Q | H5YFCDSXC_240813_MG_PRISMA_24s001116-1-1_Gross_lane1MG341 | H5YFCDSXC_240813_MG_PRISMA_24s001116-1-1_Gross_lane1MG341_1	21894942	2497403
/ | scratch | karcher | fastqc | 240813_MG011_PRISMA_NovaSeq_final_for_Q | H5YFCDSXC_240813_MG_PRISMA_24s001116-1-1_Gross_lane1MG340 | H5YFCDSXC_240813_MG_PRISMA_24s001116-1-1_Gross_lane1MG340_2	47814226	20379972
/ | scratch | karcher | fastqc | 240813_MG011_PRISMA_NovaSeq_final_for_Q | H5YFCDSXC_240813_MG_PRISMA_24s001116-1-1_Gross_lane1MG340 | H5YFCDSXC_240813_MG_PRISMA_24s001116-1-1_Gross_lane1MG340_1	45846854	22347344
/ | scratch | karcher | fastqc | 240813_MG011_PRISMA_NovaSeq_final_for_Q | H5YFCDSXC_240813_MG_PRISMA_24s001116-1-1_Gross_lane1MG339 | H5YFCDSXC_240813_MG_PRISMA_24s001116-1-1_Gross_lane1MG339_2	40712170	8863018
/ | scratch | karcher | fastqc | 240813_MG011_PRISMA_NovaSeq_final_for_Q | H5YFCDSXC_240813_MG_PRISMA_24s001116-1-1_Gross_lane1MG339 | H5YFCDSXC_240813_MG_PRISMA_24s001116-1-1_Gross_lane1MG339_1	39751690	9823498
/ | scratch | karcher | fastqc | 240813_MG011_PRISMA_NovaSeq_final_for_Q | H5YFCDSXC_240813_MG_PRISMA_24s001116-1-1_Gross_lane1MG338 | H5YFCDSXC_240813_MG_PRISMA_24s001116-1-1_Gross_lane1MG338_2	49585892	24454722
/ | scratch | karcher | fastqc | 240813_MG011_PRISMA_NovaSeq_final_for_Q | H5YFCDSXC_240813_MG_PRISMA_24s001116-1-1_Gross_lane1MG338 | H5YFCDSXC_240813_MG_PRISMA_24s001116-1-1_Gross_lane1MG338_1	47373849	26666765
/ | scratch | karcher | fastqc | 240813_MG011_PRISMA_NovaSeq_final_for_Q | H5YFCDSXC_240813_MG_PRISMA_24s001116-1-1_Gross_lane1MG337 | H5YFCDSXC_240813_MG_PRISMA_24s001116-1-1_Gross_lane1MG337_2	33452340	34707118
/ | scratch | karcher | fastqc | 240813_MG011_PRISMA_NovaSeq_final_for_Q | H5YFCDSXC_240813_MG_PRISMA_24s001116-1-1_Gross_lane1MG337 | H5YFCDSXC_240813_MG_PRISMA_24s001116-1-1_Gross_lane1MG337_1	29562968	38596490
/ | scratch | karcher | fastqc | 240813_MG011_PRISMA_NovaSeq_final_for_Q | H5YFCDSXC_240813_MG_PRISMA_24s001116-1-1_Gross_lane1MG336 | H5YFCDSXC_240813_MG_PRISMA_24s001116-1-1_Gross_lane1MG336_2	53218490	14363012
/ | scratch | karcher | fastqc | 240813_MG011_PRISMA_NovaSeq_final_for_Q | H5YFCDSXC_240813_MG_PRISMA_24s001116-1-1_Gross_lane1MG336 | H5YFCDSXC_240813_MG_PRISMA_24s001116-1-1_Gross_lane1MG336_1	51596192	15985310
/ | scratch | karcher | fastqc | 240813_MG011_PRISMA_NovaSeq_final_for_Q | H5YFCDSXC_240813_MG_PRISMA_24s001116-1-1_Gross_lane1MG335 | H5YFCDSXC_240813_MG_PRISMA_24s001116-1-1_Gross_lane1MG335_2	50526882	12608492
/ | scratch | karcher | fastqc | 240813_MG011_PRISMA_NovaSeq_final_for_Q | H5YFCDSXC_240813_MG_PRISMA_24s001116-1-1_Gross_lane1MG335 | H5YFCDSXC_240813_MG_PRISMA_24s001116-1-1_Gross_lane1MG335_1	48716751	14418623
/ | scratch | karcher | fastqc | 240813_MG011_PRISMA_NovaSeq_final_for_Q | H5YFCDSXC_240813_MG_PRISMA_24s001116-1-1_Gross_lane1MG334 | H5YFCDSXC_240813_MG_PRISMA_24s001116-1-1_Gross_lane1MG334_2	49971714	12093186
/ | scratch | karcher | fastqc | 240813_MG011_PRISMA_NovaSeq_final_for_Q | H5YFCDSXC_240813_MG_PRISMA_24s001116-1-1_Gross_lane1MG334 | H5YFCDSXC_240813_MG_PRISMA_24s001116-1-1_Gross_lane1MG334_1	48765122	13299778
/ | scratch | karcher | fastqc | 240813_MG011_PRISMA_NovaSeq_final_for_Q | H5YFCDSXC_240813_MG_PRISMA_24s001116-1-1_Gross_lane1MG333 | H5YFCDSXC_240813_MG_PRISMA_24s001116-1-1_Gross_lane1MG333_2	38862804	7248909
/ | scratch | karcher | fastqc | 240813_MG011_PRISMA_NovaSeq_final_for_Q | H5YFCDSXC_240813_MG_PRISMA_24s001116-1-1_Gross_lane1MG333 | H5YFCDSXC_240813_MG_PRISMA_24s001116-1-1_Gross_lane1MG333_1	38102177	8009536
/ | scratch | karcher | fastqc | 240813_MG011_PRISMA_NovaSeq_final_for_Q | H5YFCDSXC_240813_MG_PRISMA_24s001116-1-1_Gross_lane1MG332 | H5YFCDSXC_240813_MG_PRISMA_24s001116-1-1_Gross_lane1MG332_2	17895241	6406290
/ | scratch | karcher | fastqc | 240813_MG011_PRISMA_NovaSeq_final_for_Q | H5YFCDSXC_240813_MG_PRISMA_24s001116-1-1_Gross_lane1MG332 | H5YFCDSXC_240813_MG_PRISMA_24s001116-1-1_Gross_lane1MG332_1	17174263	7127268
/ | scratch | karcher | fastqc | 240813_MG011_PRISMA_NovaSeq_final_for_Q | H5YFCDSXC_240813_MG_PRISMA_24s001116-1-1_Gross_lane1MG331 | H5YFCDSXC_240813_MG_PRISMA_24s001116-1-1_Gross_lane1MG331_2	14854094	20156652
/ | scratch | karcher | fastqc | 240813_MG011_PRISMA_NovaSeq_final_for_Q | H5YFCDSXC_240813_MG_PRISMA_24s001116-1-1_Gross_lane1MG331 | H5YFCDSXC_240813_MG_PRISMA_24s001116-1-1_Gross_lane1MG331_1	13757279	21253467
/ | scratch | karcher | fastqc | 240813_MG011_PRISMA_NovaSeq_final_for_Q | H5YFCDSXC_240813_MG_PRISMA_24s001116-1-1_Gross_lane1MG330 | H5YFCDSXC_240813_MG_PRISMA_24s001116-1-1_Gross_lane1MG330_2	43538744	12498108
/ | scratch | karcher | fastqc | 240813_MG011_PRISMA_NovaSeq_final_for_Q | H5YFCDSXC_240813_MG_PRISMA_24s001116-1-1_Gross_lane1MG330 | H5YFCDSXC_240813_MG_PRISMA_24s001116-1-1_Gross_lane1MG330_1	42403521	13633331
/ | scratch | karcher | fastqc | 240813_MG011_PRISMA_NovaSeq_final_for_Q | H5YFCDSXC_240813_MG_PRISMA_24s001116-1-1_Gross_lane1MG329 | H5YFCDSXC_240813_MG_PRISMA_24s001116-1-1_Gross_lane1MG329_2	44467015	19525936
/ | scratch | karcher | fastqc | 240813_MG011_PRISMA_NovaSeq_final_for_Q | H5YFCDSXC_240813_MG_PRISMA_24s001116-1-1_Gross_lane1MG329 | H5YFCDSXC_240813_MG_PRISMA_24s001116-1-1_Gross_lane1MG329_1	42164779	21828172
/ | scratch | karcher | fastqc | 240813_MG011_PRISMA_NovaSeq_final_for_Q | H5YFCDSXC_240813_MG_PRISMA_24s001116-1-1_Gross_lane1MG328 | H5YFCDSXC_240813_MG_PRISMA_24s001116-1-1_Gross_lane1MG328_2	39555291	33738278
/ | scratch | karcher | fastqc | 240813_MG011_PRISMA_NovaSeq_final_for_Q | H5YFCDSXC_240813_MG_PRISMA_24s001116-1-1_Gross_lane1MG328 | H5YFCDSXC_240813_MG_PRISMA_24s001116-1-1_Gross_lane1MG328_1	36960466	36333103
/ | scratch | karcher | fastqc | 240813_MG011_PRISMA_NovaSeq_final_for_Q | H5YFCDSXC_240813_MG_PRISMA_24s001116-1-1_Gross_lane1MG327 | H5YFCDSXC_240813_MG_PRISMA_24s001116-1-1_Gross_lane1MG327_2	28224497	4336860
/ | scratch | karcher | fastqc | 240813_MG011_PRISMA_NovaSeq_final_for_Q | H5YFCDSXC_240813_MG_PRISMA_24s001116-1-1_Gross_lane1MG327 | H5YFCDSXC_240813_MG_PRISMA_24s001116-1-1_Gross_lane1MG327_1	27659322	4902035
/ | scratch | karcher | fastqc | 240813_MG011_PRISMA_NovaSeq_final_for_Q | H5YFCDSXC_240813_MG_PRISMA_24s001116-1-1_Gross_lane1MG326 | H5YFCDSXC_240813_MG_PRISMA_24s001116-1-1_Gross_lane1MG326_2	11931306	1008172
/ | scratch | karcher | fastqc | 240813_MG011_PRISMA_NovaSeq_final_for_Q | H5YFCDSXC_240813_MG_PRISMA_24s001116-1-1_Gross_lane1MG326 | H5YFCDSXC_240813_MG_PRISMA_24s001116-1-1_Gross_lane1MG326_1	11730672	1208806
/ | scratch | karcher | fastqc | 240813_MG011_PRISMA_NovaSeq_final_for_Q | H5YFCDSXC_240813_MG_PRISMA_24s001116-1-1_Gross_lane1MG325 | H5YFCDSXC_240813_MG_PRISMA_24s001116-1-1_Gross_lane1MG325_2	19968086	2365161
/ | scratch | karcher | fastqc | 240813_MG011_PRISMA_NovaSeq_final_for_Q | H5YFCDSXC_240813_MG_PRISMA_24s001116-1-1_Gross_lane1MG325 | H5YFCDSXC_240813_MG_PRISMA_24s001116-1-1_Gross_lane1MG325_1	19756070	2577177
/ | scratch | karcher | fastqc | 240813_MG011_PRISMA_NovaSeq_final_for_Q | H5YFCDSXC_240813_MG_PRISMA_24s001116-1-1_Gross_lane1MG324 | H5YFCDSXC_240813_MG_PRISMA_24s001116-1-1_Gross_lane1MG324_2	32008884	4133268
/ | scratch | karcher | fastqc | 240813_MG011_PRISMA_NovaSeq_final_for_Q | H5YFCDSXC_240813_MG_PRISMA_24s001116-1-1_Gross_lane1MG324 | H5YFCDSXC_240813_MG_PRISMA_24s001116-1-1_Gross_lane1MG324_1	31727460	4414692
/ | scratch | karcher | fastqc | 240813_MG011_PRISMA_NovaSeq_final_for_Q | H5YFCDSXC_240813_MG_PRISMA_24s001116-1-1_Gross_lane1MG323 | H5YFCDSXC_240813_MG_PRISMA_24s001116-1-1_Gross_lane1MG323_2	22037744	3206013
/ | scratch | karcher | fastqc | 240813_MG011_PRISMA_NovaSeq_final_for_Q | H5YFCDSXC_240813_MG_PRISMA_24s001116-1-1_Gross_lane1MG323 | H5YFCDSXC_240813_MG_PRISMA_24s001116-1-1_Gross_lane1MG323_1	21717122	3526635
/ | scratch | karcher | fastqc | 240813_MG011_PRISMA_NovaSeq_final_for_Q | H5YFCDSXC_240813_MG_PRISMA_24s001116-1-1_Gross_lane1MG322 | H5YFCDSXC_240813_MG_PRISMA_24s001116-1-1_Gross_lane1MG322_2	20055173	4500941
/ | scratch | karcher | fastqc | 240813_MG011_PRISMA_NovaSeq_final_for_Q | H5YFCDSXC_240813_MG_PRISMA_24s001116-1-1_Gross_lane1MG322 | H5YFCDSXC_240813_MG_PRISMA_24s001116-1-1_Gross_lane1MG322_1	19677334	4878780
/ | scratch | karcher | fastqc | 240813_MG011_PRISMA_NovaSeq_final_for_Q | H5YFCDSXC_240813_MG_PRISMA_24s001116-1-1_Gross_lane1MG321 | H5YFCDSXC_240813_MG_PRISMA_24s001116-1-1_Gross_lane1MG321_2	17679388	2825145
/ | scratch | karcher | fastqc | 240813_MG011_PRISMA_NovaSeq_final_for_Q | H5YFCDSXC_240813_MG_PRISMA_24s001116-1-1_Gross_lane1MG321 | H5YFCDSXC_240813_MG_PRISMA_24s001116-1-1_Gross_lane1MG321_1	17263727	3240806
/ | scratch | karcher | fastqc | 240813_MG011_PRISMA_NovaSeq_final_for_Q | H5YFCDSXC_240813_MG_PRISMA_24s001116-1-1_Gross_lane1MG320 | H5YFCDSXC_240813_MG_PRISMA_24s001116-1-1_Gross_lane1MG320_2	22280630	3403386
/ | scratch | karcher | fastqc | 240813_MG011_PRISMA_NovaSeq_final_for_Q | H5YFCDSXC_240813_MG_PRISMA_24s001116-1-1_Gross_lane1MG320 | H5YFCDSXC_240813_MG_PRISMA_24s001116-1-1_Gross_lane1MG320_1	21964796	3719220
/ | scratch | karcher | fastqc | 240813_MG011_PRISMA_NovaSeq_final_for_Q | H5YFCDSXC_240813_MG_PRISMA_24s001116-1-1_Gross_lane1MG319 | H5YFCDSXC_240813_MG_PRISMA_24s001116-1-1_Gross_lane1MG319_2	24223915	2302595
/ | scratch | karcher | fastqc | 240813_MG011_PRISMA_NovaSeq_final_for_Q | H5YFCDSXC_240813_MG_PRISMA_24s001116-1-1_Gross_lane1MG319 | H5YFCDSXC_240813_MG_PRISMA_24s001116-1-1_Gross_lane1MG319_1	23864547	2661963
/ | scratch | karcher | fastqc | 240813_MG011_PRISMA_NovaSeq_final_for_Q | H5YFCDSXC_240813_MG_PRISMA_24s001116-1-1_Gross_lane1MG318 | H5YFCDSXC_240813_MG_PRISMA_24s001116-1-1_Gross_lane1MG318_2	21355295	2426963
/ | scratch | karcher | fastqc | 240813_MG011_PRISMA_NovaSeq_final_for_Q | H5YFCDSXC_240813_MG_PRISMA_24s001116-1-1_Gross_lane1MG318 | H5YFCDSXC_240813_MG_PRISMA_24s001116-1-1_Gross_lane1MG318_1	20927928	2854330
/ | scratch | karcher | fastqc | 240813_MG011_PRISMA_NovaSeq_final_for_Q | H5YFCDSXC_240813_MG_PRISMA_24s001116-1-1_Gross_lane1MG317 | H5YFCDSXC_240813_MG_PRISMA_24s001116-1-1_Gross_lane1MG317_2	13212097	722846
/ | scratch | karcher | fastqc | 240813_MG011_PRISMA_NovaSeq_final_for_Q | H5YFCDSXC_240813_MG_PRISMA_24s001116-1-1_Gross_lane1MG317 | H5YFCDSXC_240813_MG_PRISMA_24s001116-1-1_Gross_lane1MG317_1	13113184	821759
/ | scratch | karcher | fastqc | 240813_MG011_PRISMA_NovaSeq_final_for_Q | H5YFCDSXC_240813_MG_PRISMA_24s001116-1-1_Gross_lane1MG316 | H5YFCDSXC_240813_MG_PRISMA_24s001116-1-1_Gross_lane1MG316_2	19877816	1527664
/ | scratch | karcher | fastqc | 240813_MG011_PRISMA_NovaSeq_final_for_Q | H5YFCDSXC_240813_MG_PRISMA_24s001116-1-1_Gross_lane1MG316 | H5YFCDSXC_240813_MG_PRISMA_24s001116-1-1_Gross_lane1MG316_1	19650663	1754817
/ | scratch | karcher | fastqc | 240813_MG011_PRISMA_NovaSeq_final_for_Q | H5YFCDSXC_240813_MG_PRISMA_24s001116-1-1_Gross_lane1MG315 | H5YFCDSXC_240813_MG_PRISMA_24s001116-1-1_Gross_lane1MG315_2	22788451	2869467
/ | scratch | karcher | fastqc | 240813_MG011_PRISMA_NovaSeq_final_for_Q | H5YFCDSXC_240813_MG_PRISMA_24s001116-1-1_Gross_lane1MG315 | H5YFCDSXC_240813_MG_PRISMA_24s001116-1-1_Gross_lane1MG315_1	22376766	3281152
/ | scratch | karcher | fastqc | 240813_MG011_PRISMA_NovaSeq_final_for_Q | H5YFCDSXC_240813_MG_PRISMA_24s001116-1-1_Gross_lane1MG314 | H5YFCDSXC_240813_MG_PRISMA_24s001116-1-1_Gross_lane1MG314_2	19447456	1667775
/ | scratch | karcher | fastqc | 240813_MG011_PRISMA_NovaSeq_final_for_Q | H5YFCDSXC_240813_MG_PRISMA_24s001116-1-1_Gross_lane1MG314 | H5YFCDSXC_240813_MG_PRISMA_24s001116-1-1_Gross_lane1MG314_1	19234150	1881081
/ | scratch | karcher | fastqc | 240813_MG011_PRISMA_NovaSeq_final_for_Q | H5YFCDSXC_240813_MG_PRISMA_24s001116-1-1_Gross_lane1MG313 | H5YFCDSXC_240813_MG_PRISMA_24s001116-1-1_Gross_lane1MG313_2	19491615	1365428
/ | scratch | karcher | fastqc | 240813_MG011_PRISMA_NovaSeq_final_for_Q | H5YFCDSXC_240813_MG_PRISMA_24s001116-1-1_Gross_lane1MG313 | H5YFCDSXC_240813_MG_PRISMA_24s001116-1-1_Gross_lane1MG313_1	19304798	1552245
/ | scratch | karcher | fastqc | 240813_MG011_PRISMA_NovaSeq_final_for_Q | H5YFCDSXC_240813_MG_PRISMA_24s001116-1-1_Gross_lane1MG312 | H5YFCDSXC_240813_MG_PRISMA_24s001116-1-1_Gross_lane1MG312_2	20525933	4505993
/ | scratch | karcher | fastqc | 240813_MG011_PRISMA_NovaSeq_final_for_Q | H5YFCDSXC_240813_MG_PRISMA_24s001116-1-1_Gross_lane1MG312 | H5YFCDSXC_240813_MG_PRISMA_24s001116-1-1_Gross_lane1MG312_1	20145252	4886674
/ | scratch | karcher | fastqc | 240813_MG011_PRISMA_NovaSeq_final_for_Q | H5YFCDSXC_240813_MG_PRISMA_24s001116-1-1_Gross_lane1MG311 | H5YFCDSXC_240813_MG_PRISMA_24s001116-1-1_Gross_lane1MG311_2	22366184	4383861
/ | scratch | karcher | fastqc | 240813_MG011_PRISMA_NovaSeq_final_for_Q | H5YFCDSXC_240813_MG_PRISMA_24s001116-1-1_Gross_lane1MG311 | H5YFCDSXC_240813_MG_PRISMA_24s001116-1-1_Gross_lane1MG311_1	21829463	4920582
/ | scratch | karcher | fastqc | 240813_MG011_PRISMA_NovaSeq_final_for_Q | H5YFCDSXC_240813_MG_PRISMA_24s001116-1-1_Gross_lane1MG310 | H5YFCDSXC_240813_MG_PRISMA_24s001116-1-1_Gross_lane1MG310_2	19210481	6741884
/ | scratch | karcher | fastqc | 240813_MG011_PRISMA_NovaSeq_final_for_Q | H5YFCDSXC_240813_MG_PRISMA_24s001116-1-1_Gross_lane1MG310 | H5YFCDSXC_240813_MG_PRISMA_24s001116-1-1_Gross_lane1MG310_1	18377941	7574424
/ | scratch | karcher | fastqc | 240813_MG011_PRISMA_NovaSeq_final_for_Q | H5YFCDSXC_240813_MG_PRISMA_24s001116-1-1_Gross_lane1MG309 | H5YFCDSXC_240813_MG_PRISMA_24s001116-1-1_Gross_lane1MG309_2	22858837	3137812
/ | scratch | karcher | fastqc | 240813_MG011_PRISMA_NovaSeq_final_for_Q | H5YFCDSXC_240813_MG_PRISMA_24s001116-1-1_Gross_lane1MG309 | H5YFCDSXC_240813_MG_PRISMA_24s001116-1-1_Gross_lane1MG309_1	22586547	3410102
/ | scratch | karcher | fastqc | 240813_MG011_PRISMA_NovaSeq_final_for_Q | H5YFCDSXC_240813_MG_PRISMA_24s001116-1-1_Gross_lane1MG308 | H5YFCDSXC_240813_MG_PRISMA_24s001116-1-1_Gross_lane1MG308_2	28817635	2774563
/ | scratch | karcher | fastqc | 240813_MG011_PRISMA_NovaSeq_final_for_Q | H5YFCDSXC_240813_MG_PRISMA_24s001116-1-1_Gross_lane1MG308 | H5YFCDSXC_240813_MG_PRISMA_24s001116-1-1_Gross_lane1MG308_1	28530069	3062129
/ | scratch | karcher | fastqc | 240813_MG011_PRISMA_NovaSeq_final_for_Q | H5YFCDSXC_240813_MG_PRISMA_24s001116-1-1_Gross_lane1MG307 | H5YFCDSXC_240813_MG_PRISMA_24s001116-1-1_Gross_lane1MG307_2	24597435	1949855
/ | scratch | karcher | fastqc | 240813_MG011_PRISMA_NovaSeq_final_for_Q | H5YFCDSXC_240813_MG_PRISMA_24s001116-1-1_Gross_lane1MG307 | H5YFCDSXC_240813_MG_PRISMA_24s001116-1-1_Gross_lane1MG307_1	24360480	2186810
/ | scratch | karcher | fastqc | 240813_MG011_PRISMA_NovaSeq_final_for_Q | H5YFCDSXC_240813_MG_PRISMA_24s001116-1-1_Gross_lane1MG306 | H5YFCDSXC_240813_MG_PRISMA_24s001116-1-1_Gross_lane1MG306_2	22707917	2302383
/ | scratch | karcher | fastqc | 240813_MG011_PRISMA_NovaSeq_final_for_Q | H5YFCDSXC_240813_MG_PRISMA_24s001116-1-1_Gross_lane1MG306 | H5YFCDSXC_240813_MG_PRISMA_24s001116-1-1_Gross_lane1MG306_1	22438390	2571910
/ | scratch | karcher | fastqc | 240813_MG011_PRISMA_NovaSeq_final_for_Q | H5YFCDSXC_240813_MG_PRISMA_24s001116-1-1_Gross_lane1MG305 | H5YFCDSXC_240813_MG_PRISMA_24s001116-1-1_Gross_lane1MG305_2	20042180	2058464
/ | scratch | karcher | fastqc | 240813_MG011_PRISMA_NovaSeq_final_for_Q | H5YFCDSXC_240813_MG_PRISMA_24s001116-1-1_Gross_lane1MG305 | H5YFCDSXC_240813_MG_PRISMA_24s001116-1-1_Gross_lane1MG305_1	19813913	2286731
/ | scratch | karcher | fastqc | 240813_MG011_PRISMA_NovaSeq_final_for_Q | H5YFCDSXC_240813_MG_PRISMA_24s001116-1-1_Gross_lane1MG304 | H5YFCDSXC_240813_MG_PRISMA_24s001116-1-1_Gross_lane1MG304_2	29932530	6217258
/ | scratch | karcher | fastqc | 240813_MG011_PRISMA_NovaSeq_final_for_Q | H5YFCDSXC_240813_MG_PRISMA_24s001116-1-1_Gross_lane1MG304 | H5YFCDSXC_240813_MG_PRISMA_24s001116-1-1_Gross_lane1MG304_1	28928714	7221074
/ | scratch | karcher | fastqc | 240813_MG011_PRISMA_NovaSeq_final_for_Q | H5YFCDSXC_240813_MG_PRISMA_24s001116-1-1_Gross_lane1MG303 | H5YFCDSXC_240813_MG_PRISMA_24s001116-1-1_Gross_lane1MG303_2	14048447	1765649
/ | scratch | karcher | fastqc | 240813_MG011_PRISMA_NovaSeq_final_for_Q | H5YFCDSXC_240813_MG_PRISMA_24s001116-1-1_Gross_lane1MG303 | H5YFCDSXC_240813_MG_PRISMA_24s001116-1-1_Gross_lane1MG303_1	13838000	1976096
/ | scratch | karcher | fastqc | 240813_MG011_PRISMA_NovaSeq_final_for_Q | H5YFCDSXC_240813_MG_PRISMA_24s001116-1-1_Gross_lane1MG302 | H5YFCDSXC_240813_MG_PRISMA_24s001116-1-1_Gross_lane1MG302_2	28201689	2587646
/ | scratch | karcher | fastqc | 240813_MG011_PRISMA_NovaSeq_final_for_Q | H5YFCDSXC_240813_MG_PRISMA_24s001116-1-1_Gross_lane1MG302 | H5YFCDSXC_240813_MG_PRISMA_24s001116-1-1_Gross_lane1MG302_1	27886779	2902556
/ | scratch | karcher | fastqc | 240813_MG011_PRISMA_NovaSeq_final_for_Q | H5YFCDSXC_240813_MG_PRISMA_24s001116-1-1_Gross_lane1MG301 | H5YFCDSXC_240813_MG_PRISMA_24s001116-1-1_Gross_lane1MG301_2	20499479	1461504
/ | scratch | karcher | fastqc | 240813_MG011_PRISMA_NovaSeq_final_for_Q | H5YFCDSXC_240813_MG_PRISMA_24s001116-1-1_Gross_lane1MG301 | H5YFCDSXC_240813_MG_PRISMA_24s001116-1-1_Gross_lane1MG301_1	20261050	1699933
/ | scratch | karcher | fastqc | 240813_MG011_PRISMA_NovaSeq_final_for_Q | H5YFCDSXC_240813_MG_PRISMA_24s001116-1-1_Gross_lane1MG300 | H5YFCDSXC_240813_MG_PRISMA_24s001116-1-1_Gross_lane1MG300_2	24487401	5855633
/ | scratch | karcher | fastqc | 240813_MG011_PRISMA_NovaSeq_final_for_Q | H5YFCDSXC_240813_MG_PRISMA_24s001116-1-1_Gross_lane1MG300 | H5YFCDSXC_240813_MG_PRISMA_24s001116-1-1_Gross_lane1MG300_1	24038380	6304654
/ | scratch | karcher | fastqc | 240813_MG011_PRISMA_NovaSeq_final_for_Q | H5YFCDSXC_240813_MG_PRISMA_24s001116-1-1_Gross_lane1MG299 | H5YFCDSXC_240813_MG_PRISMA_24s001116-1-1_Gross_lane1MG299_2	25995291	3379496
/ | scratch | karcher | fastqc | 240813_MG011_PRISMA_NovaSeq_final_for_Q | H5YFCDSXC_240813_MG_PRISMA_24s001116-1-1_Gross_lane1MG299 | H5YFCDSXC_240813_MG_PRISMA_24s001116-1-1_Gross_lane1MG299_1	25556504	3818283
/ | scratch | karcher | fastqc | 240813_MG011_PRISMA_NovaSeq_final_for_Q | H5YFCDSXC_240813_MG_PRISMA_24s001116-1-1_Gross_lane1MG297 | H5YFCDSXC_240813_MG_PRISMA_24s001116-1-1_Gross_lane1MG297_2	19349317	1816797
/ | scratch | karcher | fastqc | 240813_MG011_PRISMA_NovaSeq_final_for_Q | H5YFCDSXC_240813_MG_PRISMA_24s001116-1-1_Gross_lane1MG297 | H5YFCDSXC_240813_MG_PRISMA_24s001116-1-1_Gross_lane1MG297_1	19112995	2053119
/ | scratch | karcher | fastqc | 240813_MG011_PRISMA_NovaSeq_final_for_Q | H5YFCDSXC_240813_MG_PRISMA_24s001116-1-1_Gross_lane1MG296 | H5YFCDSXC_240813_MG_PRISMA_24s001116-1-1_Gross_lane1MG296_2	24105022	2107694
/ | scratch | karcher | fastqc | 240813_MG011_PRISMA_NovaSeq_final_for_Q | H5YFCDSXC_240813_MG_PRISMA_24s001116-1-1_Gross_lane1MG296 | H5YFCDSXC_240813_MG_PRISMA_24s001116-1-1_Gross_lane1MG296_1	23653332	2559384
/ | scratch | karcher | fastqc | 240813_MG011_PRISMA_NovaSeq_final_for_Q | H5YFCDSXC_240813_MG_PRISMA_24s001116-1-1_Gross_lane1MG295 | H5YFCDSXC_240813_MG_PRISMA_24s001116-1-1_Gross_lane1MG295_2	20204862	2080618
/ | scratch | karcher | fastqc | 240813_MG011_PRISMA_NovaSeq_final_for_Q | H5YFCDSXC_240813_MG_PRISMA_24s001116-1-1_Gross_lane1MG295 | H5YFCDSXC_240813_MG_PRISMA_24s001116-1-1_Gross_lane1MG295_1	19945689	2339791
/ | scratch | karcher | fastqc | 240813_MG011_PRISMA_NovaSeq_final_for_Q | H5YFCDSXC_240813_MG_PRISMA_24s001116-1-1_Gross_lane1MG294 | H5YFCDSXC_240813_MG_PRISMA_24s001116-1-1_Gross_lane1MG294_2	22738898	2767540
/ | scratch | karcher | fastqc | 240813_MG011_PRISMA_NovaSeq_final_for_Q | H5YFCDSXC_240813_MG_PRISMA_24s001116-1-1_Gross_lane1MG294 | H5YFCDSXC_240813_MG_PRISMA_24s001116-1-1_Gross_lane1MG294_1	22363182	3143256
/ | scratch | karcher | fastqc | 240813_MG011_PRISMA_NovaSeq_final_for_Q | H5YFCDSXC_240813_MG_PRISMA_24s001116-1-1_Gross_lane1MG293 | H5YFCDSXC_240813_MG_PRISMA_24s001116-1-1_Gross_lane1MG293_2	19777670	3157831
/ | scratch | karcher | fastqc | 240813_MG011_PRISMA_NovaSeq_final_for_Q | H5YFCDSXC_240813_MG_PRISMA_24s001116-1-1_Gross_lane1MG293 | H5YFCDSXC_240813_MG_PRISMA_24s001116-1-1_Gross_lane1MG293_1	19238073	3697428
/ | scratch | karcher | fastqc | 240813_MG011_PRISMA_NovaSeq_final_for_Q | H5YFCDSXC_240813_MG_PRISMA_24s001116-1-1_Gross_lane1MG292 | H5YFCDSXC_240813_MG_PRISMA_24s001116-1-1_Gross_lane1MG292_2	25781366	3714652
/ | scratch | karcher | fastqc | 240813_MG011_PRISMA_NovaSeq_final_for_Q | H5YFCDSXC_240813_MG_PRISMA_24s001116-1-1_Gross_lane1MG292 | H5YFCDSXC_240813_MG_PRISMA_24s001116-1-1_Gross_lane1MG292_1	25392647	4103371
/ | scratch | karcher | fastqc | 240813_MG011_PRISMA_NovaSeq_final_for_Q | H5YFCDSXC_240813_MG_PRISMA_24s001116-1-1_Gross_lane1MG291 | H5YFCDSXC_240813_MG_PRISMA_24s001116-1-1_Gross_lane1MG291_2	27353487	4262717
/ | scratch | karcher | fastqc | 240813_MG011_PRISMA_NovaSeq_final_for_Q | H5YFCDSXC_240813_MG_PRISMA_24s001116-1-1_Gross_lane1MG291 | H5YFCDSXC_240813_MG_PRISMA_24s001116-1-1_Gross_lane1MG291_1	26778867	4837337
/ | scratch | karcher | fastqc | 240813_MG011_PRISMA_NovaSeq_final_for_Q | H5YFCDSXC_240813_MG_PRISMA_24s001116-1-1_Gross_lane1MG290 | H5YFCDSXC_240813_MG_PRISMA_24s001116-1-1_Gross_lane1MG290_2	24500974	3080179
/ | scratch | karcher | fastqc | 240813_MG011_PRISMA_NovaSeq_final_for_Q | H5YFCDSXC_240813_MG_PRISMA_24s001116-1-1_Gross_lane1MG290 | H5YFCDSXC_240813_MG_PRISMA_24s001116-1-1_Gross_lane1MG290_1	24065768	3515385
/ | scratch | karcher | fastqc | 240813_MG011_PRISMA_NovaSeq_final_for_Q | H5YFCDSXC_240813_MG_PRISMA_24s001116-1-1_Gross_lane1MG289 | H5YFCDSXC_240813_MG_PRISMA_24s001116-1-1_Gross_lane1MG289_2	26654089	4626380
/ | scratch | karcher | fastqc | 240813_MG011_PRISMA_NovaSeq_final_for_Q | H5YFCDSXC_240813_MG_PRISMA_24s001116-1-1_Gross_lane1MG289 | H5YFCDSXC_240813_MG_PRISMA_24s001116-1-1_Gross_lane1MG289_1	26149124	5131345
/ | scratch | karcher | fastqc | 240813_MG011_PRISMA_NovaSeq_final_for_Q | H5YFCDSXC_240813_MG_PRISMA_24s001116-1-1_Gross_lane1MG288 | H5YFCDSXC_240813_MG_PRISMA_24s001116-1-1_Gross_lane1MG288_2	23672568	4497954
/ | scratch | karcher | fastqc | 240813_MG011_PRISMA_NovaSeq_final_for_Q | H5YFCDSXC_240813_MG_PRISMA_24s001116-1-1_Gross_lane1MG288 | H5YFCDSXC_240813_MG_PRISMA_24s001116-1-1_Gross_lane1MG288_1	23302737	4867785
/ | scratch | karcher | fastqc | 240813_MG011_PRISMA_NovaSeq_final_for_Q | H5YFCDSXC_240813_MG_PRISMA_24s001116-1-1_Gross_lane1MG287 | H5YFCDSXC_240813_MG_PRISMA_24s001116-1-1_Gross_lane1MG287_2	36125036	14811339
/ | scratch | karcher | fastqc | 240813_MG011_PRISMA_NovaSeq_final_for_Q | H5YFCDSXC_240813_MG_PRISMA_24s001116-1-1_Gross_lane1MG287 | H5YFCDSXC_240813_MG_PRISMA_24s001116-1-1_Gross_lane1MG287_1	34630083	16306292
/ | scratch | karcher | fastqc | 240813_MG011_PRISMA_NovaSeq_final_for_Q | H5YFCDSXC_240813_MG_PRISMA_24s001116-1-1_Gross_lane1MG286 | H5YFCDSXC_240813_MG_PRISMA_24s001116-1-1_Gross_lane1MG286_2	22188318	4465246
/ | scratch | karcher | fastqc | 240813_MG011_PRISMA_NovaSeq_final_for_Q | H5YFCDSXC_240813_MG_PRISMA_24s001116-1-1_Gross_lane1MG286 | H5YFCDSXC_240813_MG_PRISMA_24s001116-1-1_Gross_lane1MG286_1	21780897	4872667
/ | scratch | karcher | fastqc | 240813_MG011_PRISMA_NovaSeq_final_for_Q | H5YFCDSXC_240813_MG_PRISMA_24s001116-1-1_Gross_lane1MG285 | H5YFCDSXC_240813_MG_PRISMA_24s001116-1-1_Gross_lane1MG285_2	23056626	2348382
/ | scratch | karcher | fastqc | 240813_MG011_PRISMA_NovaSeq_final_for_Q | H5YFCDSXC_240813_MG_PRISMA_24s001116-1-1_Gross_lane1MG285 | H5YFCDSXC_240813_MG_PRISMA_24s001116-1-1_Gross_lane1MG285_1	22643488	2761520
/ | scratch | karcher | fastqc | 240813_MG011_PRISMA_NovaSeq_final_for_Q | H5YFCDSXC_240813_MG_PRISMA_24s001116-1-1_Gross_lane1MG284 | H5YFCDSXC_240813_MG_PRISMA_24s001116-1-1_Gross_lane1MG284_2	21941052	2672319
/ | scratch | karcher | fastqc | 240813_MG011_PRISMA_NovaSeq_final_for_Q | H5YFCDSXC_240813_MG_PRISMA_24s001116-1-1_Gross_lane1MG284 | H5YFCDSXC_240813_MG_PRISMA_24s001116-1-1_Gross_lane1MG284_1	21694462	2918909
/ | scratch | karcher | fastqc | 240813_MG011_PRISMA_NovaSeq_final_for_Q | H5YFCDSXC_240813_MG_PRISMA_24s001116-1-1_Gross_lane1MG283 | H5YFCDSXC_240813_MG_PRISMA_24s001116-1-1_Gross_lane1MG283_2	42631602	8743401
/ | scratch | karcher | fastqc | 240813_MG011_PRISMA_NovaSeq_final_for_Q | H5YFCDSXC_240813_MG_PRISMA_24s001116-1-1_Gross_lane1MG283 | H5YFCDSXC_240813_MG_PRISMA_24s001116-1-1_Gross_lane1MG283_1	41799289	9575714
/ | scratch | karcher | fastqc | 240813_MG011_PRISMA_NovaSeq_final_for_Q | H5YFCDSXC_240813_MG_PRISMA_24s001116-1-1_Gross_lane1MG282 | H5YFCDSXC_240813_MG_PRISMA_24s001116-1-1_Gross_lane1MG282_2	40418545	12455233
/ | scratch | karcher | fastqc | 240813_MG011_PRISMA_NovaSeq_final_for_Q | H5YFCDSXC_240813_MG_PRISMA_24s001116-1-1_Gross_lane1MG282 | H5YFCDSXC_240813_MG_PRISMA_24s001116-1-1_Gross_lane1MG282_1	39318467	13555311
/ | scratch | karcher | fastqc | 240813_MG011_PRISMA_NovaSeq_final_for_Q | H5YFCDSXC_240813_MG_PRISMA_24s001116-1-1_Gross_lane1MG281 | H5YFCDSXC_240813_MG_PRISMA_24s001116-1-1_Gross_lane1MG281_2	21760883	4618421
/ | scratch | karcher | fastqc | 240813_MG011_PRISMA_NovaSeq_final_for_Q | H5YFCDSXC_240813_MG_PRISMA_24s001116-1-1_Gross_lane1MG281 | H5YFCDSXC_240813_MG_PRISMA_24s001116-1-1_Gross_lane1MG281_1	21427613	4951691
/ | scratch | karcher | fastqc | 240813_MG011_PRISMA_NovaSeq_final_for_Q | H5YFCDSXC_240813_MG_PRISMA_24s001116-1-1_Gross_lane1MG280 | H5YFCDSXC_240813_MG_PRISMA_24s001116-1-1_Gross_lane1MG280_2	19852449	3042642
/ | scratch | karcher | fastqc | 240813_MG011_PRISMA_NovaSeq_final_for_Q | H5YFCDSXC_240813_MG_PRISMA_24s001116-1-1_Gross_lane1MG280 | H5YFCDSXC_240813_MG_PRISMA_24s001116-1-1_Gross_lane1MG280_1	19545079	3350012
/ | scratch | karcher | fastqc | 240813_MG011_PRISMA_NovaSeq_final_for_Q | H5YFCDSXC_240813_MG_PRISMA_24s001116-1-1_Gross_lane1MG279 | H5YFCDSXC_240813_MG_PRISMA_24s001116-1-1_Gross_lane1MG279_2	33024266	4897387
/ | scratch | karcher | fastqc | 240813_MG011_PRISMA_NovaSeq_final_for_Q | H5YFCDSXC_240813_MG_PRISMA_24s001116-1-1_Gross_lane1MG279 | H5YFCDSXC_240813_MG_PRISMA_24s001116-1-1_Gross_lane1MG279_1	32528363	5393290
/ | scratch | karcher | fastqc | 240813_MG011_PRISMA_NovaSeq_final_for_Q | H5YFCDSXC_240813_MG_PRISMA_24s001116-1-1_Gross_lane1MG278 | H5YFCDSXC_240813_MG_PRISMA_24s001116-1-1_Gross_lane1MG278_2	29604304	7217030
/ | scratch | karcher | fastqc | 240813_MG011_PRISMA_NovaSeq_final_for_Q | H5YFCDSXC_240813_MG_PRISMA_24s001116-1-1_Gross_lane1MG278 | H5YFCDSXC_240813_MG_PRISMA_24s001116-1-1_Gross_lane1MG278_1	29149665	7671669
/ | scratch | karcher | fastqc | 240813_MG011_PRISMA_NovaSeq_final_for_Q | H5YFCDSXC_240813_MG_PRISMA_24s001116-1-1_Gross_lane1MG277 | H5YFCDSXC_240813_MG_PRISMA_24s001116-1-1_Gross_lane1MG277_2	21126364	9731252
/ | scratch | karcher | fastqc | 240813_MG011_PRISMA_NovaSeq_final_for_Q | H5YFCDSXC_240813_MG_PRISMA_24s001116-1-1_Gross_lane1MG277 | H5YFCDSXC_240813_MG_PRISMA_24s001116-1-1_Gross_lane1MG277_1	20572474	10285142
/ | scratch | karcher | fastqc | 240813_MG011_PRISMA_NovaSeq_final_for_Q | H5YFCDSXC_240813_MG_PRISMA_24s001116-1-1_Gross_lane1MG276 | H5YFCDSXC_240813_MG_PRISMA_24s001116-1-1_Gross_lane1MG276_2	18820974	5587956
/ | scratch | karcher | fastqc | 240813_MG011_PRISMA_NovaSeq_final_for_Q | H5YFCDSXC_240813_MG_PRISMA_24s001116-1-1_Gross_lane1MG276 | H5YFCDSXC_240813_MG_PRISMA_24s001116-1-1_Gross_lane1MG276_1	18366897	6042033
/ | scratch | karcher | fastqc | 240813_MG011_PRISMA_NovaSeq_final_for_Q | H5YFCDSXC_240813_MG_PRISMA_24s001116-1-1_Gross_lane1MG275 | H5YFCDSXC_240813_MG_PRISMA_24s001116-1-1_Gross_lane1MG275_2	26753231	10616482
/ | scratch | karcher | fastqc | 240813_MG011_PRISMA_NovaSeq_final_for_Q | H5YFCDSXC_240813_MG_PRISMA_24s001116-1-1_Gross_lane1MG275 | H5YFCDSXC_240813_MG_PRISMA_24s001116-1-1_Gross_lane1MG275_1	26035695	11334018
/ | scratch | karcher | fastqc | 240813_MG011_PRISMA_NovaSeq_final_for_Q | H5YFCDSXC_240813_MG_PRISMA_24s001116-1-1_Gross_lane1MG274 | H5YFCDSXC_240813_MG_PRISMA_24s001116-1-1_Gross_lane1MG274_2	31716289	3888608
/ | scratch | karcher | fastqc | 240813_MG011_PRISMA_NovaSeq_final_for_Q | H5YFCDSXC_240813_MG_PRISMA_24s001116-1-1_Gross_lane1MG274 | H5YFCDSXC_240813_MG_PRISMA_24s001116-1-1_Gross_lane1MG274_1	31442378	4162519
/ | scratch | karcher | fastqc | 240813_MG011_PRISMA_NovaSeq_final_for_Q | H5YFCDSXC_240813_MG_PRISMA_24s001116-1-1_Gross_lane1MG273 | H5YFCDSXC_240813_MG_PRISMA_24s001116-1-1_Gross_lane1MG273_2	28491221	5936267
/ | scratch | karcher | fastqc | 240813_MG011_PRISMA_NovaSeq_final_for_Q | H5YFCDSXC_240813_MG_PRISMA_24s001116-1-1_Gross_lane1MG273 | H5YFCDSXC_240813_MG_PRISMA_24s001116-1-1_Gross_lane1MG273_1	28079791	6347697
/ | scratch | karcher | fastqc | 240813_MG011_PRISMA_NovaSeq_final_for_Q | H5YFCDSXC_240813_MG_PRISMA_24s001116-1-1_Gross_lane1MG272 | H5YFCDSXC_240813_MG_PRISMA_24s001116-1-1_Gross_lane1MG272_1	18958102	7413719
/ | scratch | karcher | fastqc | 240813_MG011_PRISMA_NovaSeq_final_for_Q | H5YFCDSXC_240813_MG_PRISMA_24s001116-1-1_Gross_lane1MG271 | H5YFCDSXC_240813_MG_PRISMA_24s001116-1-1_Gross_lane1MG271_2	28726960	13612104
/ | scratch | karcher | fastqc | 240813_MG011_PRISMA_NovaSeq_final_for_Q | H5YFCDSXC_240813_MG_PRISMA_24s001116-1-1_Gross_lane1MG271 | H5YFCDSXC_240813_MG_PRISMA_24s001116-1-1_Gross_lane1MG271_1	27624195	14714869
/ | scratch | karcher | fastqc | 240813_MG011_PRISMA_NovaSeq_final_for_Q | H5YFCDSXC_240813_MG_PRISMA_24s001116-1-1_Gross_lane1MG270 | H5YFCDSXC_240813_MG_PRISMA_24s001116-1-1_Gross_lane1MG270_2	28484091	11835670
/ | scratch | karcher | fastqc | 240813_MG011_PRISMA_NovaSeq_final_for_Q | H5YFCDSXC_240813_MG_PRISMA_24s001116-1-1_Gross_lane1MG270 | H5YFCDSXC_240813_MG_PRISMA_24s001116-1-1_Gross_lane1MG270_1	27191980	13127781
/ | scratch | karcher | fastqc | 240813_MG011_PRISMA_NovaSeq_final_for_Q | H5YFCDSXC_240813_MG_PRISMA_24s001116-1-1_Gross_lane1MG268 | H5YFCDSXC_240813_MG_PRISMA_24s001116-1-1_Gross_lane1MG268_2	28316137	3197786
/ | scratch | karcher | fastqc | 240813_MG011_PRISMA_NovaSeq_final_for_Q | H5YFCDSXC_240813_MG_PRISMA_24s001116-1-1_Gross_lane1MG268 | H5YFCDSXC_240813_MG_PRISMA_24s001116-1-1_Gross_lane1MG268_1	27855619	3658304
/ | scratch | karcher | fastqc | 240813_MG011_PRISMA_NovaSeq_final_for_Q | H5YFCDSXC_240813_MG_PRISMA_24s001116-1-1_Gross_lane1MG267 | H5YFCDSXC_240813_MG_PRISMA_24s001116-1-1_Gross_lane1MG267_2	25759173	4632420
/ | scratch | karcher | fastqc | 240813_MG011_PRISMA_NovaSeq_final_for_Q | H5YFCDSXC_240813_MG_PRISMA_24s001116-1-1_Gross_lane1MG267 | H5YFCDSXC_240813_MG_PRISMA_24s001116-1-1_Gross_lane1MG267_1	25349110	5042483
/ | scratch | karcher | fastqc | 240813_MG011_PRISMA_NovaSeq_final_for_Q | H5YFCDSXC_240813_MG_PRISMA_24s001116-1-1_Gross_lane1MG266 | H5YFCDSXC_240813_MG_PRISMA_24s001116-1-1_Gross_lane1MG266_2	30433690	5194827
/ | scratch | karcher | fastqc | 240813_MG011_PRISMA_NovaSeq_final_for_Q | H5YFCDSXC_240813_MG_PRISMA_24s001116-1-1_Gross_lane1MG266 | H5YFCDSXC_240813_MG_PRISMA_24s001116-1-1_Gross_lane1MG266_1	30011717	5616800
/ | scratch | karcher | fastqc | 240813_MG011_PRISMA_NovaSeq_final_for_Q | H5YFCDSXC_240813_MG_PRISMA_24s001116-1-1_Gross_lane1MG265 | H5YFCDSXC_240813_MG_PRISMA_24s001116-1-1_Gross_lane1MG265_2	25341562	6615363
/ | scratch | karcher | fastqc | 240813_MG011_PRISMA_NovaSeq_final_for_Q | H5YFCDSXC_240813_MG_PRISMA_24s001116-1-1_Gross_lane1MG265 | H5YFCDSXC_240813_MG_PRISMA_24s001116-1-1_Gross_lane1MG265_1	24719962	7236963
/ | scratch | karcher | fastqc | 240813_MG011_PRISMA_NovaSeq_final_for_Q | H5YFCDSXC_240813_MG_PRISMA_24s001116-1-1_Gross_lane1MG264 | H5YFCDSXC_240813_MG_PRISMA_24s001116-1-1_Gross_lane1MG264_2	27275775	7038818
/ | scratch | karcher | fastqc | 240813_MG011_PRISMA_NovaSeq_final_for_Q | H5YFCDSXC_240813_MG_PRISMA_24s001116-1-1_Gross_lane1MG264 | H5YFCDSXC_240813_MG_PRISMA_24s001116-1-1_Gross_lane1MG264_1	26678381	7636212
/ | scratch | karcher | fastqc | 240813_MG011_PRISMA_NovaSeq_final_for_Q | H5YFCDSXC_240813_MG_PRISMA_24s001116-1-1_Gross_lane1MG263 | H5YFCDSXC_240813_MG_PRISMA_24s001116-1-1_Gross_lane1MG263_2	29431424	11653763
/ | scratch | karcher | fastqc | 240813_MG011_PRISMA_NovaSeq_final_for_Q | H5YFCDSXC_240813_MG_PRISMA_24s001116-1-1_Gross_lane1MG263 | H5YFCDSXC_240813_MG_PRISMA_24s001116-1-1_Gross_lane1MG263_1	27681341	13403846
/ | scratch | karcher | fastqc | 240813_MG011_PRISMA_NovaSeq_final_for_Q | H5YFCDSXC_240813_MG_PRISMA_24s001116-1-1_Gross_lane1MG262 | H5YFCDSXC_240813_MG_PRISMA_24s001116-1-1_Gross_lane1MG262_2	32990899	4655167
/ | scratch | karcher | fastqc | 240813_MG011_PRISMA_NovaSeq_final_for_Q | H5YFCDSXC_240813_MG_PRISMA_24s001116-1-1_Gross_lane1MG262 | H5YFCDSXC_240813_MG_PRISMA_24s001116-1-1_Gross_lane1MG262_1	32290264	5355802
/ | scratch | karcher | fastqc | 240813_MG011_PRISMA_NovaSeq_final_for_Q | H5YFCDSXC_240813_MG_PRISMA_24s001116-1-1_Gross_lane1MG261 | H5YFCDSXC_240813_MG_PRISMA_24s001116-1-1_Gross_lane1MG261_2	28319371	2423326
/ | scratch | karcher | fastqc | 240813_MG011_PRISMA_NovaSeq_final_for_Q | H5YFCDSXC_240813_MG_PRISMA_24s001116-1-1_Gross_lane1MG261 | H5YFCDSXC_240813_MG_PRISMA_24s001116-1-1_Gross_lane1MG261_1	28079081	2663616
/ | scratch | karcher | fastqc | 240813_MG011_PRISMA_NovaSeq_final_for_Q | H5YFCDSXC_240813_MG_PRISMA_24s001116-1-1_Gross_lane1MG260 | H5YFCDSXC_240813_MG_PRISMA_24s001116-1-1_Gross_lane1MG260_2	27023869	5926020
/ | scratch | karcher | fastqc | 240813_MG011_PRISMA_NovaSeq_final_for_Q | H5YFCDSXC_240813_MG_PRISMA_24s001116-1-1_Gross_lane1MG260 | H5YFCDSXC_240813_MG_PRISMA_24s001116-1-1_Gross_lane1MG260_1	26148758	6801131
/ | scratch | karcher | fastqc | 240813_MG011_PRISMA_NovaSeq_final_for_Q | H5YFCDSXC_240813_MG_PRISMA_24s001116-1-1_Gross_lane1MG259 | H5YFCDSXC_240813_MG_PRISMA_24s001116-1-1_Gross_lane1MG259_2	27182620	5480618
/ | scratch | karcher | fastqc | 240813_MG011_PRISMA_NovaSeq_final_for_Q | H5YFCDSXC_240813_MG_PRISMA_24s001116-1-1_Gross_lane1MG259 | H5YFCDSXC_240813_MG_PRISMA_24s001116-1-1_Gross_lane1MG259_1	26598464	6064774
/ | scratch | karcher | fastqc | 240813_MG011_PRISMA_NovaSeq_final_for_Q | H5YFCDSXC_240813_MG_PRISMA_24s001116-1-1_Gross_lane1MG258 | H5YFCDSXC_240813_MG_PRISMA_24s001116-1-1_Gross_lane1MG258_2	31113134	2661119
/ | scratch | karcher | fastqc | 240813_MG011_PRISMA_NovaSeq_final_for_Q | H5YFCDSXC_240813_MG_PRISMA_24s001116-1-1_Gross_lane1MG258 | H5YFCDSXC_240813_MG_PRISMA_24s001116-1-1_Gross_lane1MG258_1	30845205	2929048
/ | scratch | karcher | fastqc | 240813_MG011_PRISMA_NovaSeq_final_for_Q | H5YFCDSXC_240813_MG_PRISMA_24s001116-1-1_Gross_lane1MG257 | H5YFCDSXC_240813_MG_PRISMA_24s001116-1-1_Gross_lane1MG257_2	20673116	8009335
/ | scratch | karcher | fastqc | 240813_MG011_PRISMA_NovaSeq_final_for_Q | H5YFCDSXC_240813_MG_PRISMA_24s001116-1-1_Gross_lane1MG257 | H5YFCDSXC_240813_MG_PRISMA_24s001116-1-1_Gross_lane1MG257_1	19936164	8746287
/ | scratch | karcher | fastqc | 240813_MG011_PRISMA_NovaSeq_final_for_Q | H5YFCDSXC_240813_MG_PRISMA_24s001116-1-1_Gross_lane1MG256 | H5YFCDSXC_240813_MG_PRISMA_24s001116-1-1_Gross_lane1MG256_2	33822578	5182871
/ | scratch | karcher | fastqc | 240813_MG011_PRISMA_NovaSeq_final_for_Q | H5YFCDSXC_240813_MG_PRISMA_24s001116-1-1_Gross_lane1MG256 | H5YFCDSXC_240813_MG_PRISMA_24s001116-1-1_Gross_lane1MG256_1	33423150	5582299
/ | scratch | karcher | fastqc | 240813_MG011_PRISMA_NovaSeq_final_for_Q | H5YFCDSXC_240813_MG_PRISMA_24s001116-1-1_Gross_lane1MG255 | H5YFCDSXC_240813_MG_PRISMA_24s001116-1-1_Gross_lane1MG255_2	28424735	3938054
/ | scratch | karcher | fastqc | 240813_MG011_PRISMA_NovaSeq_final_for_Q | H5YFCDSXC_240813_MG_PRISMA_24s001116-1-1_Gross_lane1MG255 | H5YFCDSXC_240813_MG_PRISMA_24s001116-1-1_Gross_lane1MG255_1	28015810	4346979
/ | scratch | karcher | fastqc | 240813_MG011_PRISMA_NovaSeq_final_for_Q | H5YFCDSXC_240813_MG_PRISMA_24s001116-1-1_Gross_lane1MG254 | H5YFCDSXC_240813_MG_PRISMA_24s001116-1-1_Gross_lane1MG254_2	16477931	10858014
/ | scratch | karcher | fastqc | 240813_MG011_PRISMA_NovaSeq_final_for_Q | H5YFCDSXC_240813_MG_PRISMA_24s001116-1-1_Gross_lane1MG254 | H5YFCDSXC_240813_MG_PRISMA_24s001116-1-1_Gross_lane1MG254_1	15570394	11765551
/ | scratch | karcher | fastqc | 240813_MG011_PRISMA_NovaSeq_final_for_Q | H5YFCDSXC_240813_MG_PRISMA_24s001116-1-1_Gross_lane1MG253 | H5YFCDSXC_240813_MG_PRISMA_24s001116-1-1_Gross_lane1MG253_2	23552247	12397784
/ | scratch | karcher | fastqc | 240813_MG011_PRISMA_NovaSeq_final_for_Q | H5YFCDSXC_240813_MG_PRISMA_24s001116-1-1_Gross_lane1MG253 | H5YFCDSXC_240813_MG_PRISMA_24s001116-1-1_Gross_lane1MG253_1	22622136	13327895
/ | scratch | karcher | fastqc | 240813_MG011_PRISMA_NovaSeq_final_for_Q | H5YFCDSXC_240813_MG_PRISMA_24s001116-1-1_Gross_lane1MG252 | H5YFCDSXC_240813_MG_PRISMA_24s001116-1-1_Gross_lane1MG252_2	26520231	8938083
/ | scratch | karcher | fastqc | 240813_MG011_PRISMA_NovaSeq_final_for_Q | H5YFCDSXC_240813_MG_PRISMA_24s001116-1-1_Gross_lane1MG252 | H5YFCDSXC_240813_MG_PRISMA_24s001116-1-1_Gross_lane1MG252_1	25836064	9622250
/ | scratch | karcher | fastqc | 240813_MG011_PRISMA_NovaSeq_final_for_Q | H5YFCDSXC_240813_MG_PRISMA_24s001116-1-1_Gross_lane1MG251 | H5YFCDSXC_240813_MG_PRISMA_24s001116-1-1_Gross_lane1MG251_2	28617071	2535131
/ | scratch | karcher | fastqc | 240813_MG011_PRISMA_NovaSeq_final_for_Q | H5YFCDSXC_240813_MG_PRISMA_24s001116-1-1_Gross_lane1MG251 | H5YFCDSXC_240813_MG_PRISMA_24s001116-1-1_Gross_lane1MG251_1	28355289	2796913
/ | scratch | karcher | fastqc | 240813_MG011_PRISMA_NovaSeq_final_for_Q | H5YFCDSXC_240813_MG_PRISMA_24s001116-1-1_Gross_lane1MG250 | H5YFCDSXC_240813_MG_PRISMA_24s001116-1-1_Gross_lane1MG250_2	24239866	3991743
/ | scratch | karcher | fastqc | 240813_MG011_PRISMA_NovaSeq_final_for_Q | H5YFCDSXC_240813_MG_PRISMA_24s001116-1-1_Gross_lane1MG250 | H5YFCDSXC_240813_MG_PRISMA_24s001116-1-1_Gross_lane1MG250_1	23899570	4332039
/ | scratch | karcher | fastqc | 240813_MG011_PRISMA_NovaSeq_final_for_Q | H5YFCDSXC_240813_MG_PRISMA_24s001116-1-1_Gross_lane1MG249 | H5YFCDSXC_240813_MG_PRISMA_24s001116-1-1_Gross_lane1MG249_2	21028425	7374700
/ | scratch | karcher | fastqc | 240813_MG011_PRISMA_NovaSeq_final_for_Q | H5YFCDSXC_240813_MG_PRISMA_24s001116-1-1_Gross_lane1MG249 | H5YFCDSXC_240813_MG_PRISMA_24s001116-1-1_Gross_lane1MG249_1	20536902	7866223
/ | scratch | karcher | fastqc | 240813_MG011_PRISMA_NovaSeq_final_for_Q | H5YFCDSXC_240813_MG_PRISMA_24s001116-1-1_Gross_lane1MG248 | H5YFCDSXC_240813_MG_PRISMA_24s001116-1-1_Gross_lane1MG248_2	27266416	6524555
/ | scratch | karcher | fastqc | 240813_MG011_PRISMA_NovaSeq_final_for_Q | H5YFCDSXC_240813_MG_PRISMA_24s001116-1-1_Gross_lane1MG248 | H5YFCDSXC_240813_MG_PRISMA_24s001116-1-1_Gross_lane1MG248_1	26831640	6959331
/ | scratch | karcher | fastqc | 240813_MG011_PRISMA_NovaSeq_final_for_Q | H5YFCDSXC_240813_MG_PRISMA_24s001116-1-1_Gross_lane1MG247 | H5YFCDSXC_240813_MG_PRISMA_24s001116-1-1_Gross_lane1MG247_2	25706886	3563470
/ | scratch | karcher | fastqc | 240813_MG011_PRISMA_NovaSeq_final_for_Q | H5YFCDSXC_240813_MG_PRISMA_24s001116-1-1_Gross_lane1MG247 | H5YFCDSXC_240813_MG_PRISMA_24s001116-1-1_Gross_lane1MG247_1	25359356	3911000
/ | scratch | karcher | fastqc | 240813_MG011_PRISMA_NovaSeq_final_for_Q | H5YFCDSXC_240813_MG_PRISMA_24s001116-1-1_Gross_lane1MG246 | H5YFCDSXC_240813_MG_PRISMA_24s001116-1-1_Gross_lane1MG246_2	24975505	4276038
/ | scratch | karcher | fastqc | 240813_MG011_PRISMA_NovaSeq_final_for_Q | H5YFCDSXC_240813_MG_PRISMA_24s001116-1-1_Gross_lane1MG246 | H5YFCDSXC_240813_MG_PRISMA_24s001116-1-1_Gross_lane1MG246_1	24635934	4615609
/ | scratch | karcher | fastqc | 240813_MG011_PRISMA_NovaSeq_final_for_Q | H5YFCDSXC_240813_MG_PRISMA_24s001116-1-1_Gross_lane1MG245 | H5YFCDSXC_240813_MG_PRISMA_24s001116-1-1_Gross_lane1MG245_2	18896353	2637562
/ | scratch | karcher | fastqc | 240813_MG011_PRISMA_NovaSeq_final_for_Q | H5YFCDSXC_240813_MG_PRISMA_24s001116-1-1_Gross_lane1MG245 | H5YFCDSXC_240813_MG_PRISMA_24s001116-1-1_Gross_lane1MG245_1	18667655	2866260
/ | scratch | karcher | fastqc | 240813_MG011_PRISMA_NovaSeq_final_for_Q | H5YFCDSXC_240813_MG_PRISMA_24s001116-1-1_Gross_lane1MG244 | H5YFCDSXC_240813_MG_PRISMA_24s001116-1-1_Gross_lane1MG244_2	25400117	5657263
/ | scratch | karcher | fastqc | 240813_MG011_PRISMA_NovaSeq_final_for_Q | H5YFCDSXC_240813_MG_PRISMA_24s001116-1-1_Gross_lane1MG244 | H5YFCDSXC_240813_MG_PRISMA_24s001116-1-1_Gross_lane1MG244_1	24702408	6354972
/ | scratch | karcher | fastqc | 240813_MG011_PRISMA_NovaSeq_final_for_Q | H5YFCDSXC_240813_MG_PRISMA_24s001116-1-1_Gross_lane1MG243 | H5YFCDSXC_240813_MG_PRISMA_24s001116-1-1_Gross_lane1MG243_2	41094332	5809925
/ | scratch | karcher | fastqc | 240813_MG011_PRISMA_NovaSeq_final_for_Q | H5YFCDSXC_240813_MG_PRISMA_24s001116-1-1_Gross_lane1MG243 | H5YFCDSXC_240813_MG_PRISMA_24s001116-1-1_Gross_lane1MG243_1	40624028	6280229
/ | scratch | karcher | fastqc | 240813_MG011_PRISMA_NovaSeq_final_for_Q | H5YFCDSXC_240813_MG_PRISMA_24s001116-1-1_Gross_lane1MG242 | H5YFCDSXC_240813_MG_PRISMA_24s001116-1-1_Gross_lane1MG242_2	29823507	3112096
/ | scratch | karcher | fastqc | 240813_MG011_PRISMA_NovaSeq_final_for_Q | H5YFCDSXC_240813_MG_PRISMA_24s001116-1-1_Gross_lane1MG242 | H5YFCDSXC_240813_MG_PRISMA_24s001116-1-1_Gross_lane1MG242_1	29648722	3286881
/ | scratch | karcher | fastqc | 240813_MG011_PRISMA_NovaSeq_final_for_Q | H5YFCDSXC_240813_MG_PRISMA_24s001116-1-1_Gross_lane1MG241 | H5YFCDSXC_240813_MG_PRISMA_24s001116-1-1_Gross_lane1MG241_2	30099619	9095733
/ | scratch | karcher | fastqc | 240813_MG011_PRISMA_NovaSeq_final_for_Q | H5YFCDSXC_240813_MG_PRISMA_24s001116-1-1_Gross_lane1MG241 | H5YFCDSXC_240813_MG_PRISMA_24s001116-1-1_Gross_lane1MG241_1	28594897	10600455
/ | scratch | karcher | fastqc | 240813_MG011_PRISMA_NovaSeq_final_for_Q | H5YFCDSXC_240813_MG_PRISMA_24s001116-1-1_Gross_lane1MG240 | H5YFCDSXC_240813_MG_PRISMA_24s001116-1-1_Gross_lane1MG240_2	21568541	5519134
/ | scratch | karcher | fastqc | 240813_MG011_PRISMA_NovaSeq_final_for_Q | H5YFCDSXC_240813_MG_PRISMA_24s001116-1-1_Gross_lane1MG240 | H5YFCDSXC_240813_MG_PRISMA_24s001116-1-1_Gross_lane1MG240_1	21213116	5874559
/ | scratch | karcher | fastqc | 240813_MG011_PRISMA_NovaSeq_final_for_Q | H5YFCDSXC_240813_MG_PRISMA_24s001116-1-1_Gross_lane1MG239 | H5YFCDSXC_240813_MG_PRISMA_24s001116-1-1_Gross_lane1MG239_2	34564264	4814975
/ | scratch | karcher | fastqc | 240813_MG011_PRISMA_NovaSeq_final_for_Q | H5YFCDSXC_240813_MG_PRISMA_24s001116-1-1_Gross_lane1MG239 | H5YFCDSXC_240813_MG_PRISMA_24s001116-1-1_Gross_lane1MG239_1	34213241	5165998
/ | scratch | karcher | fastqc | 240813_MG011_PRISMA_NovaSeq_final_for_Q | H5YFCDSXC_240813_MG_PRISMA_24s001116-1-1_Gross_lane1MG238 | H5YFCDSXC_240813_MG_PRISMA_24s001116-1-1_Gross_lane1MG238_2	37496291	7651223
/ | scratch | karcher | fastqc | 240813_MG011_PRISMA_NovaSeq_final_for_Q | H5YFCDSXC_240813_MG_PRISMA_24s001116-1-1_Gross_lane1MG238 | H5YFCDSXC_240813_MG_PRISMA_24s001116-1-1_Gross_lane1MG238_1	36842250	8305264
/ | scratch | karcher | fastqc | 240813_MG011_PRISMA_NovaSeq_final_for_Q | H5YFCDSXC_240813_MG_PRISMA_24s001116-1-1_Gross_lane1MG237 | H5YFCDSXC_240813_MG_PRISMA_24s001116-1-1_Gross_lane1MG237_2	25653152	1840443
/ | scratch | karcher | fastqc | 240813_MG011_PRISMA_NovaSeq_final_for_Q | H5YFCDSXC_240813_MG_PRISMA_24s001116-1-1_Gross_lane1MG237 | H5YFCDSXC_240813_MG_PRISMA_24s001116-1-1_Gross_lane1MG237_1	25446389	2047206
/ | scratch | karcher | fastqc | 240813_MG011_PRISMA_NovaSeq_final_for_Q | H5YFCDSXC_240813_MG_PRISMA_24s001116-1-1_Gross_lane1MG236 | H5YFCDSXC_240813_MG_PRISMA_24s001116-1-1_Gross_lane1MG236_2	29426592	4970008
/ | scratch | karcher | fastqc | 240813_MG011_PRISMA_NovaSeq_final_for_Q | H5YFCDSXC_240813_MG_PRISMA_24s001116-1-1_Gross_lane1MG236 | H5YFCDSXC_240813_MG_PRISMA_24s001116-1-1_Gross_lane1MG236_1	29091672	5304928
/ | scratch | karcher | fastqc | 240813_MG011_PRISMA_NovaSeq_final_for_Q | H5YFCDSXC_240813_MG_PRISMA_24s001116-1-1_Gross_lane1MG235 | H5YFCDSXC_240813_MG_PRISMA_24s001116-1-1_Gross_lane1MG235_2	25481544	4800954
/ | scratch | karcher | fastqc | 240813_MG011_PRISMA_NovaSeq_final_for_Q | H5YFCDSXC_240813_MG_PRISMA_24s001116-1-1_Gross_lane1MG235 | H5YFCDSXC_240813_MG_PRISMA_24s001116-1-1_Gross_lane1MG235_1	25147294	5135204
/ | scratch | karcher | fastqc | 240813_MG011_PRISMA_NovaSeq_final_for_Q | H5YFCDSXC_240813_MG_PRISMA_24s001116-1-1_Gross_lane1MG234 | H5YFCDSXC_240813_MG_PRISMA_24s001116-1-1_Gross_lane1MG234_2	30789008	5636563
/ | scratch | karcher | fastqc | 240813_MG011_PRISMA_NovaSeq_final_for_Q | H5YFCDSXC_240813_MG_PRISMA_24s001116-1-1_Gross_lane1MG234 | H5YFCDSXC_240813_MG_PRISMA_24s001116-1-1_Gross_lane1MG234_1	30340511	6085060
/ | scratch | karcher | fastqc | 240813_MG011_PRISMA_NovaSeq_final_for_Q | H5YFCDSXC_240813_MG_PRISMA_24s001116-1-1_Gross_lane1MG233 | H5YFCDSXC_240813_MG_PRISMA_24s001116-1-1_Gross_lane1MG233_2	28954481	4708894
/ | scratch | karcher | fastqc | 240813_MG011_PRISMA_NovaSeq_final_for_Q | H5YFCDSXC_240813_MG_PRISMA_24s001116-1-1_Gross_lane1MG233 | H5YFCDSXC_240813_MG_PRISMA_24s001116-1-1_Gross_lane1MG233_1	28599764	5063611
/ | scratch | karcher | fastqc | 240813_MG011_PRISMA_NovaSeq_final_for_Q | H5YFCDSXC_240813_MG_PRISMA_24s001116-1-1_Gross_lane1MG232 | H5YFCDSXC_240813_MG_PRISMA_24s001116-1-1_Gross_lane1MG232_2	28664288	2591701
/ | scratch | karcher | fastqc | 240813_MG011_PRISMA_NovaSeq_final_for_Q | H5YFCDSXC_240813_MG_PRISMA_24s001116-1-1_Gross_lane1MG232 | H5YFCDSXC_240813_MG_PRISMA_24s001116-1-1_Gross_lane1MG232_1	28275388	2980601
/ | scratch | karcher | fastqc | 240813_MG011_PRISMA_NovaSeq_final_for_Q | H5YFCDSXC_240813_MG_PRISMA_24s001116-1-1_Gross_lane1MG231 | H5YFCDSXC_240813_MG_PRISMA_24s001116-1-1_Gross_lane1MG231_2	33153380	3495176
/ | scratch | karcher | fastqc | 240813_MG011_PRISMA_NovaSeq_final_for_Q | H5YFCDSXC_240813_MG_PRISMA_24s001116-1-1_Gross_lane1MG231 | H5YFCDSXC_240813_MG_PRISMA_24s001116-1-1_Gross_lane1MG231_1	32800891	3847665
/ | scratch | karcher | fastqc | 240813_MG011_PRISMA_NovaSeq_final_for_Q | H5YFCDSXC_240813_MG_PRISMA_24s001116-1-1_Gross_lane1MG230 | H5YFCDSXC_240813_MG_PRISMA_24s001116-1-1_Gross_lane1MG230_2	25516277	2708076
/ | scratch | karcher | fastqc | 240813_MG011_PRISMA_NovaSeq_final_for_Q | H5YFCDSXC_240813_MG_PRISMA_24s001116-1-1_Gross_lane1MG230 | H5YFCDSXC_240813_MG_PRISMA_24s001116-1-1_Gross_lane1MG230_1	25305719	2918634
/ | scratch | karcher | fastqc | 240813_MG011_PRISMA_NovaSeq_final_for_Q | H5YFCDSXC_240813_MG_PRISMA_24s001116-1-1_Gross_lane1MG229 | H5YFCDSXC_240813_MG_PRISMA_24s001116-1-1_Gross_lane1MG229_2	20458033	1810602
/ | scratch | karcher | fastqc | 240813_MG011_PRISMA_NovaSeq_final_for_Q | H5YFCDSXC_240813_MG_PRISMA_24s001116-1-1_Gross_lane1MG229 | H5YFCDSXC_240813_MG_PRISMA_24s001116-1-1_Gross_lane1MG229_1	20261522	2007113
/ | scratch | karcher | fastqc | 240813_MG011_PRISMA_NovaSeq_final_for_Q | H5YFCDSXC_240813_MG_PRISMA_24s001116-1-1_Gross_lane1MG228 | H5YFCDSXC_240813_MG_PRISMA_24s001116-1-1_Gross_lane1MG228_2	24545667	1653091
/ | scratch | karcher | fastqc | 240813_MG011_PRISMA_NovaSeq_final_for_Q | H5YFCDSXC_240813_MG_PRISMA_24s001116-1-1_Gross_lane1MG228 | H5YFCDSXC_240813_MG_PRISMA_24s001116-1-1_Gross_lane1MG228_1	24392228	1806530
/ | scratch | karcher | fastqc | 240813_MG011_PRISMA_NovaSeq_final_for_Q | H5YFCDSXC_240813_MG_PRISMA_24s001116-1-1_Gross_lane1MG227 | H5YFCDSXC_240813_MG_PRISMA_24s001116-1-1_Gross_lane1MG227_2	20028640	1328199
/ | scratch | karcher | fastqc | 240813_MG011_PRISMA_NovaSeq_final_for_Q | H5YFCDSXC_240813_MG_PRISMA_24s001116-1-1_Gross_lane1MG227 | H5YFCDSXC_240813_MG_PRISMA_24s001116-1-1_Gross_lane1MG227_1	19887910	1468929
/ | scratch | karcher | fastqc | 240813_MG011_PRISMA_NovaSeq_final_for_Q | H5YFCDSXC_240813_MG_PRISMA_24s001116-1-1_Gross_lane1MG226 | H5YFCDSXC_240813_MG_PRISMA_24s001116-1-1_Gross_lane1MG226_2	28672845	3675769
/ | scratch | karcher | fastqc | 240813_MG011_PRISMA_NovaSeq_final_for_Q | H5YFCDSXC_240813_MG_PRISMA_24s001116-1-1_Gross_lane1MG226 | H5YFCDSXC_240813_MG_PRISMA_24s001116-1-1_Gross_lane1MG226_1	28264686	4083928
/ | scratch | karcher | fastqc | 240813_MG011_PRISMA_NovaSeq_final_for_Q | H5YFCDSXC_240813_MG_PRISMA_24s001116-1-1_Gross_lane1MG225 | H5YFCDSXC_240813_MG_PRISMA_24s001116-1-1_Gross_lane1MG225_2	10078312	1725938
/ | scratch | karcher | fastqc | 240813_MG011_PRISMA_NovaSeq_final_for_Q | H5YFCDSXC_240813_MG_PRISMA_24s001116-1-1_Gross_lane1MG225 | H5YFCDSXC_240813_MG_PRISMA_24s001116-1-1_Gross_lane1MG225_1	9964086	1840164
/ | scratch | karcher | fastqc | 240813_MG011_PRISMA_NovaSeq_final_for_Q | H5YFCDSXC_240813_MG_PRISMA_24s001116-1-1_Gross_lane1MG224 | H5YFCDSXC_240813_MG_PRISMA_24s001116-1-1_Gross_lane1MG224_2	23530115	3519145
/ | scratch | karcher | fastqc | 240813_MG011_PRISMA_NovaSeq_final_for_Q | H5YFCDSXC_240813_MG_PRISMA_24s001116-1-1_Gross_lane1MG224 | H5YFCDSXC_240813_MG_PRISMA_24s001116-1-1_Gross_lane1MG224_1	23262846	3786414
/ | scratch | karcher | fastqc | 240813_MG011_PRISMA_NovaSeq_final_for_Q | H5YFCDSXC_240813_MG_PRISMA_24s001116-1-1_Gross_lane1MG223 | H5YFCDSXC_240813_MG_PRISMA_24s001116-1-1_Gross_lane1MG223_2	24815639	3216209
/ | scratch | karcher | fastqc | 240813_MG011_PRISMA_NovaSeq_final_for_Q | H5YFCDSXC_240813_MG_PRISMA_24s001116-1-1_Gross_lane1MG223 | H5YFCDSXC_240813_MG_PRISMA_24s001116-1-1_Gross_lane1MG223_1	24466995	3564853
/ | scratch | karcher | fastqc | 240813_MG011_PRISMA_NovaSeq_final_for_Q | H5YFCDSXC_240813_MG_PRISMA_24s001116-1-1_Gross_lane1MG222 | H5YFCDSXC_240813_MG_PRISMA_24s001116-1-1_Gross_lane1MG222_2	35025159	4479744
/ | scratch | karcher | fastqc | 240813_MG011_PRISMA_NovaSeq_final_for_Q | H5YFCDSXC_240813_MG_PRISMA_24s001116-1-1_Gross_lane1MG222 | H5YFCDSXC_240813_MG_PRISMA_24s001116-1-1_Gross_lane1MG222_1	34548384	4956519
/ | scratch | karcher | fastqc | 240813_MG011_PRISMA_NovaSeq_final_for_Q | H5YFCDSXC_240813_MG_PRISMA_24s001116-1-1_Gross_lane1MG221 | H5YFCDSXC_240813_MG_PRISMA_24s001116-1-1_Gross_lane1MG221_2	30651620	4502075
/ | scratch | karcher | fastqc | 240813_MG011_PRISMA_NovaSeq_final_for_Q | H5YFCDSXC_240813_MG_PRISMA_24s001116-1-1_Gross_lane1MG221 | H5YFCDSXC_240813_MG_PRISMA_24s001116-1-1_Gross_lane1MG221_1	30311363	4842332
/ | scratch | karcher | fastqc | 240813_MG011_PRISMA_NovaSeq_final_for_Q | H5YFCDSXC_240813_MG_PRISMA_24s001116-1-1_Gross_lane1MG220 | H5YFCDSXC_240813_MG_PRISMA_24s001116-1-1_Gross_lane1MG220_2	19690131	2707547
/ | scratch | karcher | fastqc | 240813_MG011_PRISMA_NovaSeq_final_for_Q | H5YFCDSXC_240813_MG_PRISMA_24s001116-1-1_Gross_lane1MG220 | H5YFCDSXC_240813_MG_PRISMA_24s001116-1-1_Gross_lane1MG220_1	19461738	2935940
/ | scratch | karcher | fastqc | 240813_MG011_PRISMA_NovaSeq_final_for_Q | H5YFCDSXC_240813_MG_PRISMA_24s001116-1-1_Gross_lane1MG219 | H5YFCDSXC_240813_MG_PRISMA_24s001116-1-1_Gross_lane1MG219_2	28525299	7944941
/ | scratch | karcher | fastqc | 240813_MG011_PRISMA_NovaSeq_final_for_Q | H5YFCDSXC_240813_MG_PRISMA_24s001116-1-1_Gross_lane1MG219 | H5YFCDSXC_240813_MG_PRISMA_24s001116-1-1_Gross_lane1MG219_1	27784359	8685881
/ | scratch | karcher | fastqc | 240813_MG011_PRISMA_NovaSeq_final_for_Q | H5YFCDSXC_240813_MG_PRISMA_24s001116-1-1_Gross_lane1MG218 | H5YFCDSXC_240813_MG_PRISMA_24s001116-1-1_Gross_lane1MG218_2	31871537	8518457
/ | scratch | karcher | fastqc | 240813_MG011_PRISMA_NovaSeq_final_for_Q | H5YFCDSXC_240813_MG_PRISMA_24s001116-1-1_Gross_lane1MG218 | H5YFCDSXC_240813_MG_PRISMA_24s001116-1-1_Gross_lane1MG218_1	31185379	9204615
/ | scratch | karcher | fastqc | 240813_MG011_PRISMA_NovaSeq_final_for_Q | H5YFCDSXC_240813_MG_PRISMA_24s001116-1-1_Gross_lane1MG217 | H5YFCDSXC_240813_MG_PRISMA_24s001116-1-1_Gross_lane1MG217_2	30759926	7912965
/ | scratch | karcher | fastqc | 240813_MG011_PRISMA_NovaSeq_final_for_Q | H5YFCDSXC_240813_MG_PRISMA_24s001116-1-1_Gross_lane1MG217 | H5YFCDSXC_240813_MG_PRISMA_24s001116-1-1_Gross_lane1MG217_1	30081267	8591624
/ | scratch | karcher | fastqc | 240813_MG011_PRISMA_NovaSeq_final_for_Q | H5YFCDSXC_240813_MG_PRISMA_24s001116-1-1_Gross_lane1MG216 | H5YFCDSXC_240813_MG_PRISMA_24s001116-1-1_Gross_lane1MG216_2	30587109	2794898
/ | scratch | karcher | fastqc | 240813_MG011_PRISMA_NovaSeq_final_for_Q | H5YFCDSXC_240813_MG_PRISMA_24s001116-1-1_Gross_lane1MG216 | H5YFCDSXC_240813_MG_PRISMA_24s001116-1-1_Gross_lane1MG216_1	30271836	3110171
/ | scratch | karcher | fastqc | 240813_MG011_PRISMA_NovaSeq_final_for_Q | H5YFCDSXC_240813_MG_PRISMA_24s001116-1-1_Gross_lane1MG215 | H5YFCDSXC_240813_MG_PRISMA_24s001116-1-1_Gross_lane1MG215_2	30386154	5099646
/ | scratch | karcher | fastqc | 240813_MG011_PRISMA_NovaSeq_final_for_Q | H5YFCDSXC_240813_MG_PRISMA_24s001116-1-1_Gross_lane1MG215 | H5YFCDSXC_240813_MG_PRISMA_24s001116-1-1_Gross_lane1MG215_1	30045908	5439892
/ | scratch | karcher | fastqc | 240813_MG011_PRISMA_NovaSeq_final_for_Q | H5YFCDSXC_240813_MG_PRISMA_24s001116-1-1_Gross_lane1MG214 | H5YFCDSXC_240813_MG_PRISMA_24s001116-1-1_Gross_lane1MG214_2	36321558	5929508
/ | scratch | karcher | fastqc | 240813_MG011_PRISMA_NovaSeq_final_for_Q | H5YFCDSXC_240813_MG_PRISMA_24s001116-1-1_Gross_lane1MG214 | H5YFCDSXC_240813_MG_PRISMA_24s001116-1-1_Gross_lane1MG214_1	35942134	6308932
/ | scratch | karcher | fastqc | 240813_MG011_PRISMA_NovaSeq_final_for_Q | H5YFCDSXC_240813_MG_PRISMA_24s001116-1-1_Gross_lane1MG213 | H5YFCDSXC_240813_MG_PRISMA_24s001116-1-1_Gross_lane1MG213_2	30386519	7325462
/ | scratch | karcher | fastqc | 240813_MG011_PRISMA_NovaSeq_final_for_Q | H5YFCDSXC_240813_MG_PRISMA_24s001116-1-1_Gross_lane1MG213 | H5YFCDSXC_240813_MG_PRISMA_24s001116-1-1_Gross_lane1MG213_1	29942205	7769776
/ | scratch | karcher | fastqc | 240813_MG011_PRISMA_NovaSeq_final_for_Q | H5YFCDSXC_240813_MG_PRISMA_24s001116-1-1_Gross_lane1MG212 | H5YFCDSXC_240813_MG_PRISMA_24s001116-1-1_Gross_lane1MG212_2	26278963	4815410
/ | scratch | karcher | fastqc | 240813_MG011_PRISMA_NovaSeq_final_for_Q | H5YFCDSXC_240813_MG_PRISMA_24s001116-1-1_Gross_lane1MG212 | H5YFCDSXC_240813_MG_PRISMA_24s001116-1-1_Gross_lane1MG212_1	25910336	5184037
/ | scratch | karcher | fastqc | 240813_MG011_PRISMA_NovaSeq_final_for_Q | H5YFCDSXC_240813_MG_PRISMA_24s001116-1-1_Gross_lane1MG211 | H5YFCDSXC_240813_MG_PRISMA_24s001116-1-1_Gross_lane1MG211_2	37068449	4454511
/ | scratch | karcher | fastqc | 240813_MG011_PRISMA_NovaSeq_final_for_Q | H5YFCDSXC_240813_MG_PRISMA_24s001116-1-1_Gross_lane1MG210 | H5YFCDSXC_240813_MG_PRISMA_24s001116-1-1_Gross_lane1MG210_2	33723323	3618640
/ | scratch | karcher | fastqc | 240813_MG011_PRISMA_NovaSeq_final_for_Q | H5YFCDSXC_240813_MG_PRISMA_24s001116-1-1_Gross_lane1MG210 | H5YFCDSXC_240813_MG_PRISMA_24s001116-1-1_Gross_lane1MG210_1	33308713	4033250
/ | scratch | karcher | fastqc | 240813_MG011_PRISMA_NovaSeq_final_for_Q | H5YFCDSXC_240813_MG_PRISMA_24s001116-1-1_Gross_lane1MG209 | H5YFCDSXC_240813_MG_PRISMA_24s001116-1-1_Gross_lane1MG209_2	27719331	8202089
/ | scratch | karcher | fastqc | 240813_MG011_PRISMA_NovaSeq_final_for_Q | H5YFCDSXC_240813_MG_PRISMA_24s001116-1-1_Gross_lane1MG209 | H5YFCDSXC_240813_MG_PRISMA_24s001116-1-1_Gross_lane1MG209_1	26987387	8934033
/ | scratch | karcher | fastqc | 240813_MG011_PRISMA_NovaSeq_final_for_Q | H5YFCDSXC_240813_MG_PRISMA_24s001116-1-1_Gross_lane1MG208 | H5YFCDSXC_240813_MG_PRISMA_24s001116-1-1_Gross_lane1MG208_2	24366765	11537216
/ | scratch | karcher | fastqc | 240813_MG011_PRISMA_NovaSeq_final_for_Q | H5YFCDSXC_240813_MG_PRISMA_24s001116-1-1_Gross_lane1MG208 | H5YFCDSXC_240813_MG_PRISMA_24s001116-1-1_Gross_lane1MG208_1	23768932	12135049
/ | scratch | karcher | fastqc | 240813_MG011_PRISMA_NovaSeq_final_for_Q | H5YFCDSXC_240813_MG_PRISMA_24s001116-1-1_Gross_lane1MG207 | H5YFCDSXC_240813_MG_PRISMA_24s001116-1-1_Gross_lane1MG207_2	23251640	5451770
/ | scratch | karcher | fastqc | 240813_MG011_PRISMA_NovaSeq_final_for_Q | H5YFCDSXC_240813_MG_PRISMA_24s001116-1-1_Gross_lane1MG207 | H5YFCDSXC_240813_MG_PRISMA_24s001116-1-1_Gross_lane1MG207_1	23045035	5658375
/ | scratch | karcher | fastqc | 240813_MG011_PRISMA_NovaSeq_final_for_Q | H5YFCDSXC_240813_MG_PRISMA_24s001116-1-1_Gross_lane1MG206 | H5YFCDSXC_240813_MG_PRISMA_24s001116-1-1_Gross_lane1MG206_2	20168168	24803049
/ | scratch | karcher | fastqc | 240813_MG011_PRISMA_NovaSeq_final_for_Q | H5YFCDSXC_240813_MG_PRISMA_24s001116-1-1_Gross_lane1MG206 | H5YFCDSXC_240813_MG_PRISMA_24s001116-1-1_Gross_lane1MG206_1	19132859	25838358
/ | scratch | karcher | fastqc | 240813_MG011_PRISMA_NovaSeq_final_for_Q | H5YFCDSXC_240813_MG_PRISMA_24s001116-1-1_Gross_lane1MG205 | H5YFCDSXC_240813_MG_PRISMA_24s001116-1-1_Gross_lane1MG205_2	35149966	4721092
/ | scratch | karcher | fastqc | 240813_MG011_PRISMA_NovaSeq_final_for_Q | H5YFCDSXC_240813_MG_PRISMA_24s001116-1-1_Gross_lane1MG205 | H5YFCDSXC_240813_MG_PRISMA_24s001116-1-1_Gross_lane1MG205_1	34904710	4966348
/ | scratch | karcher | fastqc | 240813_MG011_PRISMA_NovaSeq_final_for_Q | H5YFCDSXC_240813_MG_PRISMA_24s001116-1-1_Gross_lane1MG204 | H5YFCDSXC_240813_MG_PRISMA_24s001116-1-1_Gross_lane1MG204_2	27542284	3123989
/ | scratch | karcher | fastqc | 240813_MG011_PRISMA_NovaSeq_final_for_Q | H5YFCDSXC_240813_MG_PRISMA_24s001116-1-1_Gross_lane1MG204 | H5YFCDSXC_240813_MG_PRISMA_24s001116-1-1_Gross_lane1MG204_1	27161243	3505030
/ | scratch | karcher | fastqc | 240813_MG011_PRISMA_NovaSeq_final_for_Q | H5YFCDSXC_240813_MG_PRISMA_24s001116-1-1_Gross_lane1MG203 | H5YFCDSXC_240813_MG_PRISMA_24s001116-1-1_Gross_lane1MG203_2	26344243	5156884
/ | scratch | karcher | fastqc | 240813_MG011_PRISMA_NovaSeq_final_for_Q | H5YFCDSXC_240813_MG_PRISMA_24s001116-1-1_Gross_lane1MG203 | H5YFCDSXC_240813_MG_PRISMA_24s001116-1-1_Gross_lane1MG203_1	26051647	5449480
/ | scratch | karcher | fastqc | 240813_MG011_PRISMA_NovaSeq_final_for_Q | H5YFCDSXC_240813_MG_PRISMA_24s001116-1-1_Gross_lane1MG202 | H5YFCDSXC_240813_MG_PRISMA_24s001116-1-1_Gross_lane1MG202_2	26837982	6582514
/ | scratch | karcher | fastqc | 240813_MG011_PRISMA_NovaSeq_final_for_Q | H5YFCDSXC_240813_MG_PRISMA_24s001116-1-1_Gross_lane1MG202 | H5YFCDSXC_240813_MG_PRISMA_24s001116-1-1_Gross_lane1MG202_1	26313733	7106763
/ | scratch | karcher | fastqc | 240813_MG011_PRISMA_NovaSeq_final_for_Q | H5YFCDSXC_240813_MG_PRISMA_24s001116-1-1_Gross_lane1MG201 | H5YFCDSXC_240813_MG_PRISMA_24s001116-1-1_Gross_lane1MG201_2	23961789	7578212
/ | scratch | karcher | fastqc | 240813_MG011_PRISMA_NovaSeq_final_for_Q | H5YFCDSXC_240813_MG_PRISMA_24s001116-1-1_Gross_lane1MG201 | H5YFCDSXC_240813_MG_PRISMA_24s001116-1-1_Gross_lane1MG201_1	23244990	8295011
/ | scratch | karcher | fastqc | 240813_MG011_PRISMA_NovaSeq_final_for_Q | H5YFCDSXC_240813_MG_PRISMA_24s001116-1-1_Gross_lane1MG200 | H5YFCDSXC_240813_MG_PRISMA_24s001116-1-1_Gross_lane1MG200_2	24271874	3213320
/ | scratch | karcher | fastqc | 240813_MG011_PRISMA_NovaSeq_final_for_Q | H5YFCDSXC_240813_MG_PRISMA_24s001116-1-1_Gross_lane1MG200 | H5YFCDSXC_240813_MG_PRISMA_24s001116-1-1_Gross_lane1MG200_1	23879108	3606086
/ | scratch | karcher | fastqc | 240813_MG011_PRISMA_NovaSeq_final_for_Q | H5YFCDSXC_240813_MG_PRISMA_24s001116-1-1_Gross_lane1MG199 | H5YFCDSXC_240813_MG_PRISMA_24s001116-1-1_Gross_lane1MG199_2	33723355	3703080
/ | scratch | karcher | fastqc | 240813_MG011_PRISMA_NovaSeq_final_for_Q | H5YFCDSXC_240813_MG_PRISMA_24s001116-1-1_Gross_lane1MG199 | H5YFCDSXC_240813_MG_PRISMA_24s001116-1-1_Gross_lane1MG199_1	33470272	3956163
/ | scratch | karcher | fastqc | 240813_MG011_PRISMA_NovaSeq_final_for_Q | H5YFCDSXC_240813_MG_PRISMA_24s001116-1-1_Gross_lane1MG198 | H5YFCDSXC_240813_MG_PRISMA_24s001116-1-1_Gross_lane1MG198_2	30024678	3132908
/ | scratch | karcher | fastqc | 240813_MG011_PRISMA_NovaSeq_final_for_Q | H5YFCDSXC_240813_MG_PRISMA_24s001116-1-1_Gross_lane1MG198 | H5YFCDSXC_240813_MG_PRISMA_24s001116-1-1_Gross_lane1MG198_1	29659732	3497854
/ | scratch | karcher | fastqc | 240813_MG011_PRISMA_NovaSeq_final_for_Q | H5YFCDSXC_240813_MG_PRISMA_24s001116-1-1_Gross_lane1MG197 | H5YFCDSXC_240813_MG_PRISMA_24s001116-1-1_Gross_lane1MG197_2	30564812	8230854
/ | scratch | karcher | fastqc | 240813_MG011_PRISMA_NovaSeq_final_for_Q | H5YFCDSXC_240813_MG_PRISMA_24s001116-1-1_Gross_lane1MG197 | H5YFCDSXC_240813_MG_PRISMA_24s001116-1-1_Gross_lane1MG197_1	30044681	8750985
/ | scratch | karcher | fastqc | 240813_MG011_PRISMA_NovaSeq_final_for_Q | H5YFCDSXC_240813_MG_PRISMA_24s001116-1-1_Gross_lane1MG196 | H5YFCDSXC_240813_MG_PRISMA_24s001116-1-1_Gross_lane1MG196_2	27002977	7795966
/ | scratch | karcher | fastqc | 240813_MG011_PRISMA_NovaSeq_final_for_Q | H5YFCDSXC_240813_MG_PRISMA_24s001116-1-1_Gross_lane1MG196 | H5YFCDSXC_240813_MG_PRISMA_24s001116-1-1_Gross_lane1MG196_1	26536913	8262030
/ | scratch | karcher | fastqc | 240813_MG011_PRISMA_NovaSeq_final_for_Q | H5YFCDSXC_240813_MG_PRISMA_24s001116-1-1_Gross_lane1MG195 | H5YFCDSXC_240813_MG_PRISMA_24s001116-1-1_Gross_lane1MG195_2	23338475	10320019
/ | scratch | karcher | fastqc | 240813_MG011_PRISMA_NovaSeq_final_for_Q | H5YFCDSXC_240813_MG_PRISMA_24s001116-1-1_Gross_lane1MG195 | H5YFCDSXC_240813_MG_PRISMA_24s001116-1-1_Gross_lane1MG195_1	22606951	11051543
/ | scratch | karcher | fastqc | 240813_MG011_PRISMA_NovaSeq_final_for_Q | H5YFCDSXC_240813_MG_PRISMA_24s001116-1-1_Gross_lane1MG194 | H5YFCDSXC_240813_MG_PRISMA_24s001116-1-1_Gross_lane1MG194_2	33021221	4482903
/ | scratch | karcher | fastqc | 240813_MG011_PRISMA_NovaSeq_final_for_Q | H5YFCDSXC_240813_MG_PRISMA_24s001116-1-1_Gross_lane1MG194 | H5YFCDSXC_240813_MG_PRISMA_24s001116-1-1_Gross_lane1MG194_1	32434502	5069622
/ | scratch | karcher | fastqc | 240813_MG011_PRISMA_NovaSeq_final_for_Q | H5YFCDSXC_240813_MG_PRISMA_24s001116-1-1_Gross_lane1MG193 | H5YFCDSXC_240813_MG_PRISMA_24s001116-1-1_Gross_lane1MG193_2	26831310	4608012
/ | scratch | karcher | fastqc | 240813_MG011_PRISMA_NovaSeq_final_for_Q | H5YFCDSXC_240813_MG_PRISMA_24s001116-1-1_Gross_lane1MG193 | H5YFCDSXC_240813_MG_PRISMA_24s001116-1-1_Gross_lane1MG193_1	26295158	5144164
/ | scratch | karcher | fastqc | 240813_MG011_PRISMA_NovaSeq_final_for_Q | H5YFCDSXC_240813_MG_PRISMA_24s001116-1-1_Gross_lane1MG192 | H5YFCDSXC_240813_MG_PRISMA_24s001116-1-1_Gross_lane1MG192_2	26569314	5288182
/ | scratch | karcher | fastqc | 240813_MG011_PRISMA_NovaSeq_final_for_Q | H5YFCDSXC_240813_MG_PRISMA_24s001116-1-1_Gross_lane1MG192 | H5YFCDSXC_240813_MG_PRISMA_24s001116-1-1_Gross_lane1MG192_1	26243709	5613787
/ | scratch | karcher | fastqc | 240813_MG011_PRISMA_NovaSeq_final_for_Q | H5YFCDSXC_240813_MG_PRISMA_24s001116-1-1_Gross_lane1MG191 | H5YFCDSXC_240813_MG_PRISMA_24s001116-1-1_Gross_lane1MG191_2	11759081	29629818
/ | scratch | karcher | fastqc | 240813_MG011_PRISMA_NovaSeq_final_for_Q | H5YFCDSXC_240813_MG_PRISMA_24s001116-1-1_Gross_lane1MG191 | H5YFCDSXC_240813_MG_PRISMA_24s001116-1-1_Gross_lane1MG191_1	10119555	31269344
/ | scratch | karcher | fastqc | 240813_MG011_PRISMA_NovaSeq_final_for_Q | H5YFCDSXC_240813_MG_PRISMA_24s001116-1-1_Gross_lane1MG190 | H5YFCDSXC_240813_MG_PRISMA_24s001116-1-1_Gross_lane1MG190_2	21824697	5953849
/ | scratch | karcher | fastqc | 240813_MG011_PRISMA_NovaSeq_final_for_Q | H5YFCDSXC_240813_MG_PRISMA_24s001116-1-1_Gross_lane1MG190 | H5YFCDSXC_240813_MG_PRISMA_24s001116-1-1_Gross_lane1MG190_1	21233114	6545432
/ | scratch | karcher | fastqc | 240813_MG011_PRISMA_NovaSeq_final_for_Q | H5YFCDSXC_240813_MG_PRISMA_24s001116-1-1_Gross_lane1MG189 | H5YFCDSXC_240813_MG_PRISMA_24s001116-1-1_Gross_lane1MG189_2	27317448	12058217
/ | scratch | karcher | fastqc | 240813_MG011_PRISMA_NovaSeq_final_for_Q | H5YFCDSXC_240813_MG_PRISMA_24s001116-1-1_Gross_lane1MG189 | H5YFCDSXC_240813_MG_PRISMA_24s001116-1-1_Gross_lane1MG189_1	26445008	12930657
/ | scratch | karcher | fastqc | 240813_MG011_PRISMA_NovaSeq_final_for_Q | H5YFCDSXC_240813_MG_PRISMA_24s001116-1-1_Gross_lane1MG188 | H5YFCDSXC_240813_MG_PRISMA_24s001116-1-1_Gross_lane1MG188_2	24939774	8440515
/ | scratch | karcher | fastqc | 240813_MG011_PRISMA_NovaSeq_final_for_Q | H5YFCDSXC_240813_MG_PRISMA_24s001116-1-1_Gross_lane1MG188 | H5YFCDSXC_240813_MG_PRISMA_24s001116-1-1_Gross_lane1MG188_1	23808280	9572009
/ | scratch | karcher | fastqc | 240813_MG011_PRISMA_NovaSeq_final_for_Q | H5YFCDSXC_240813_MG_PRISMA_24s001116-1-1_Gross_lane1MG187 | H5YFCDSXC_240813_MG_PRISMA_24s001116-1-1_Gross_lane1MG187_2	21928379	4113044
/ | scratch | karcher | fastqc | 240813_MG011_PRISMA_NovaSeq_final_for_Q | H5YFCDSXC_240813_MG_PRISMA_24s001116-1-1_Gross_lane1MG187 | H5YFCDSXC_240813_MG_PRISMA_24s001116-1-1_Gross_lane1MG187_1	21455056	4586367
/ | scratch | karcher | fastqc | 240813_MG011_PRISMA_NovaSeq_final_for_Q | H5YFCDSXC_240813_MG_PRISMA_24s001116-1-1_Gross_lane1MG186 | H5YFCDSXC_240813_MG_PRISMA_24s001116-1-1_Gross_lane1MG186_2	30031559	5083205
/ | scratch | karcher | fastqc | 240813_MG011_PRISMA_NovaSeq_final_for_Q | H5YFCDSXC_240813_MG_PRISMA_24s001116-1-1_Gross_lane1MG186 | H5YFCDSXC_240813_MG_PRISMA_24s001116-1-1_Gross_lane1MG186_1	29565594	5549170
/ | scratch | karcher | fastqc | 230804_PRISMA_Batch5_P3_for_Q | AAAWJV5HV_230321_MG_Batch5_23s001006-1-1_Gross_lane1MG82 | AAAWJV5HV_230321_MG_Batch5_23s001006-1-1_Gross_lane1MG82_2	12773937	4434045
/ | scratch | karcher | fastqc | 230804_PRISMA_Batch5_P3_for_Q | AAAWJV5HV_230321_MG_Batch5_23s001006-1-1_Gross_lane1MG82 | AAAWJV5HV_230321_MG_Batch5_23s001006-1-1_Gross_lane1MG82_1	12349504	4858478
/ | scratch | karcher | fastqc | 230804_PRISMA_Batch5_P3_for_Q | AAAWJV5HV_230321_MG_Batch5_23s001006-1-1_Gross_lane1MG73 | AAAWJV5HV_230321_MG_Batch5_23s001006-1-1_Gross_lane1MG73_2	2006273	695820
/ | scratch | karcher | fastqc | 230804_PRISMA_Batch5_P3_for_Q | AAAWJV5HV_230321_MG_Batch5_23s001006-1-1_Gross_lane1MG73 | AAAWJV5HV_230321_MG_Batch5_23s001006-1-1_Gross_lane1MG73_1	1953408	748685
/ | scratch | karcher | fastqc | 230804_PRISMA_Batch5_P3_for_Q | AAAWJV5HV_230321_MG_Batch5_23s001006-1-1_Gross_lane1MG29 | AAAWJV5HV_230321_MG_Batch5_23s001006-1-1_Gross_lane1MG29_2	2039563	1024106
/ | scratch | karcher | fastqc | 230804_PRISMA_Batch5_P3_for_Q | AAAWJV5HV_230321_MG_Batch5_23s001006-1-1_Gross_lane1MG29 | AAAWJV5HV_230321_MG_Batch5_23s001006-1-1_Gross_lane1MG29_1	1970689	1092980
/ | scratch | karcher | fastqc | 230804_PRISMA_Batch5_P3_for_Q | AAAWJV5HV_230321_MG_Batch5_23s001006-1-1_Gross_lane1MG23 | AAAWJV5HV_230321_MG_Batch5_23s001006-1-1_Gross_lane1MG23_2	3612146	2394617
/ | scratch | karcher | fastqc | 230804_PRISMA_Batch5_P3_for_Q | AAAWJV5HV_230321_MG_Batch5_23s001006-1-1_Gross_lane1MG23 | AAAWJV5HV_230321_MG_Batch5_23s001006-1-1_Gross_lane1MG23_1	3392589	2614174
/ | scratch | karcher | fastqc | 230804_PRISMA_Batch5_P3_for_Q | AAAWJV5HV_230321_MG_Batch5_23s001006-1-1_Gross_lane1MG18 | AAAWJV5HV_230321_MG_Batch5_23s001006-1-1_Gross_lane1MG18_2	6527468	8228010
/ | scratch | karcher | fastqc | 230804_PRISMA_Batch5_P3_for_Q | AAAWJV5HV_230321_MG_Batch5_23s001006-1-1_Gross_lane1MG18 | AAAWJV5HV_230321_MG_Batch5_23s001006-1-1_Gross_lane1MG18_1	5760836	8994642
/ | scratch | karcher | fastqc | 230804_PRISMA_Batch5_P3_for_Q | AAAWJV5HV_230321_MG_Batch5_23s001006-1-1_Gross_lane1185 | AAAWJV5HV_230321_MG_Batch5_23s001006-1-1_Gross_lane1185_2	35067351	36052125
/ | scratch | karcher | fastqc | 230804_PRISMA_Batch5_P3_for_Q | AAAWJV5HV_230321_MG_Batch5_23s001006-1-1_Gross_lane1185 | AAAWJV5HV_230321_MG_Batch5_23s001006-1-1_Gross_lane1185_1	33556908	37562568
/ | scratch | karcher | fastqc | 230804_PRISMA_Batch5_P3_for_Q | AAAWJV5HV_230321_MG_Batch5_23s001006-1-1_Gross_lane1184 | AAAWJV5HV_230321_MG_Batch5_23s001006-1-1_Gross_lane1184_2	23089253	16260969
/ | scratch | karcher | fastqc | 230804_PRISMA_Batch5_P3_for_Q | AAAWJV5HV_230321_MG_Batch5_23s001006-1-1_Gross_lane1184 | AAAWJV5HV_230321_MG_Batch5_23s001006-1-1_Gross_lane1184_1	22125028	17225194
/ | scratch | karcher | fastqc | 230804_PRISMA_Batch5_P3_for_Q | AAAWJV5HV_230321_MG_Batch5_23s001006-1-1_Gross_lane1183 | AAAWJV5HV_230321_MG_Batch5_23s001006-1-1_Gross_lane1183_2	40437288	24351846
/ | scratch | karcher | fastqc | 230804_PRISMA_Batch5_P3_for_Q | AAAWJV5HV_230321_MG_Batch5_23s001006-1-1_Gross_lane1183 | AAAWJV5HV_230321_MG_Batch5_23s001006-1-1_Gross_lane1183_1	39047180	25741954
/ | scratch | karcher | fastqc | 230804_PRISMA_Batch5_P3_for_Q | AAAWJV5HV_230321_MG_Batch5_23s001006-1-1_Gross_lane1182 | AAAWJV5HV_230321_MG_Batch5_23s001006-1-1_Gross_lane1182_2	31385918	12966405
/ | scratch | karcher | fastqc | 230804_PRISMA_Batch5_P3_for_Q | AAAWJV5HV_230321_MG_Batch5_23s001006-1-1_Gross_lane1182 | AAAWJV5HV_230321_MG_Batch5_23s001006-1-1_Gross_lane1182_1	30666255	13686068
/ | scratch | karcher | fastqc | 230804_PRISMA_Batch5_P3_for_Q | AAAWJV5HV_230321_MG_Batch5_23s001006-1-1_Gross_lane1181 | AAAWJV5HV_230321_MG_Batch5_23s001006-1-1_Gross_lane1181_2	31185728	10343213
/ | scratch | karcher | fastqc | 230804_PRISMA_Batch5_P3_for_Q | AAAWJV5HV_230321_MG_Batch5_23s001006-1-1_Gross_lane1181 | AAAWJV5HV_230321_MG_Batch5_23s001006-1-1_Gross_lane1181_1	30635479	10893462
/ | scratch | karcher | fastqc | 230804_PRISMA_Batch5_P3_for_Q | AAAWJV5HV_230321_MG_Batch5_23s001006-1-1_Gross_lane1180 | AAAWJV5HV_230321_MG_Batch5_23s001006-1-1_Gross_lane1180_2	11120691	3753665
/ | scratch | karcher | fastqc | 230804_PRISMA_Batch5_P3_for_Q | AAAWJV5HV_230321_MG_Batch5_23s001006-1-1_Gross_lane1180 | AAAWJV5HV_230321_MG_Batch5_23s001006-1-1_Gross_lane1180_1	10760108	4114248
/ | scratch | karcher | fastqc | 230804_PRISMA_Batch5_P3_for_Q | AAAWJV5HV_230321_MG_Batch5_23s001006-1-1_Gross_lane1179 | AAAWJV5HV_230321_MG_Batch5_23s001006-1-1_Gross_lane1179_2	33252875	8395478
/ | scratch | karcher | fastqc | 230804_PRISMA_Batch5_P3_for_Q | AAAWJV5HV_230321_MG_Batch5_23s001006-1-1_Gross_lane1179 | AAAWJV5HV_230321_MG_Batch5_23s001006-1-1_Gross_lane1179_1	32710192	8938161
/ | scratch | karcher | fastqc | 230804_PRISMA_Batch5_P3_for_Q | AAAWJV5HV_230321_MG_Batch5_23s001006-1-1_Gross_lane1178 | AAAWJV5HV_230321_MG_Batch5_23s001006-1-1_Gross_lane1178_2	34141006	9276930
/ | scratch | karcher | fastqc | 230804_PRISMA_Batch5_P3_for_Q | AAAWJV5HV_230321_MG_Batch5_23s001006-1-1_Gross_lane1178 | AAAWJV5HV_230321_MG_Batch5_23s001006-1-1_Gross_lane1178_1	33606087	9811849
/ | scratch | karcher | fastqc | 230804_PRISMA_Batch5_P3_for_Q | AAAWJV5HV_230321_MG_Batch5_23s001006-1-1_Gross_lane1177 | AAAWJV5HV_230321_MG_Batch5_23s001006-1-1_Gross_lane1177_2	28620804	7040013
/ | scratch | karcher | fastqc | 230804_PRISMA_Batch5_P3_for_Q | AAAWJV5HV_230321_MG_Batch5_23s001006-1-1_Gross_lane1177 | AAAWJV5HV_230321_MG_Batch5_23s001006-1-1_Gross_lane1177_1	28101087	7559730
/ | scratch | karcher | fastqc | 230804_PRISMA_Batch5_P3_for_Q | AAAWJV5HV_230321_MG_Batch5_23s001006-1-1_Gross_lane1176 | AAAWJV5HV_230321_MG_Batch5_23s001006-1-1_Gross_lane1176_2	45502322	19493618
/ | scratch | karcher | fastqc | 230804_PRISMA_Batch5_P3_for_Q | AAAWJV5HV_230321_MG_Batch5_23s001006-1-1_Gross_lane1176 | AAAWJV5HV_230321_MG_Batch5_23s001006-1-1_Gross_lane1176_1	44592719	20403221
/ | scratch | karcher | fastqc | 230804_PRISMA_Batch5_P3_for_Q | AAAWJV5HV_230321_MG_Batch5_23s001006-1-1_Gross_lane1175 | AAAWJV5HV_230321_MG_Batch5_23s001006-1-1_Gross_lane1175_2	40991969	10279899
/ | scratch | karcher | fastqc | 230804_PRISMA_Batch5_P3_for_Q | AAAWJV5HV_230321_MG_Batch5_23s001006-1-1_Gross_lane1175 | AAAWJV5HV_230321_MG_Batch5_23s001006-1-1_Gross_lane1175_1	40376135	10895733
/ | scratch | karcher | fastqc | 230804_PRISMA_Batch5_P3_for_Q | AAAWJV5HV_230321_MG_Batch5_23s001006-1-1_Gross_lane1174 | AAAWJV5HV_230321_MG_Batch5_23s001006-1-1_Gross_lane1174_2	32635838	7644147
/ | scratch | karcher | fastqc | 230804_PRISMA_Batch5_P3_for_Q | AAAWJV5HV_230321_MG_Batch5_23s001006-1-1_Gross_lane1174 | AAAWJV5HV_230321_MG_Batch5_23s001006-1-1_Gross_lane1174_1	32229949	8050036
/ | scratch | karcher | fastqc | 230804_PRISMA_Batch5_P3_for_Q | AAAWJV5HV_230321_MG_Batch5_23s001006-1-1_Gross_lane1173 | AAAWJV5HV_230321_MG_Batch5_23s001006-1-1_Gross_lane1173_2	31847004	18546823
/ | scratch | karcher | fastqc | 230804_PRISMA_Batch5_P3_for_Q | AAAWJV5HV_230321_MG_Batch5_23s001006-1-1_Gross_lane1173 | AAAWJV5HV_230321_MG_Batch5_23s001006-1-1_Gross_lane1173_1	31008437	19385390
/ | scratch | karcher | fastqc | 230804_PRISMA_Batch5_P3_for_Q | AAAWJV5HV_230321_MG_Batch5_23s001006-1-1_Gross_lane1172 | AAAWJV5HV_230321_MG_Batch5_23s001006-1-1_Gross_lane1172_2	8504587	3515493
/ | scratch | karcher | fastqc | 230804_PRISMA_Batch5_P3_for_Q | AAAWJV5HV_230321_MG_Batch5_23s001006-1-1_Gross_lane1172 | AAAWJV5HV_230321_MG_Batch5_23s001006-1-1_Gross_lane1172_1	8220629	3799451
/ | scratch | karcher | fastqc | 230804_PRISMA_Batch5_P3_for_Q | AAAWJV5HV_230321_MG_Batch5_23s001006-1-1_Gross_lane1171 | AAAWJV5HV_230321_MG_Batch5_23s001006-1-1_Gross_lane1171_2	9356312	37384118
/ | scratch | karcher | fastqc | 230804_PRISMA_Batch5_P3_for_Q | AAAWJV5HV_230321_MG_Batch5_23s001006-1-1_Gross_lane1171 | AAAWJV5HV_230321_MG_Batch5_23s001006-1-1_Gross_lane1171_1	8109491	38630939
/ | scratch | karcher | fastqc | 230804_PRISMA_Batch5_P3_for_Q | AAAWJV5HV_230321_MG_Batch5_23s001006-1-1_Gross_lane1170 | AAAWJV5HV_230321_MG_Batch5_23s001006-1-1_Gross_lane1170_2	4430586	7402724
/ | scratch | karcher | fastqc | 230804_PRISMA_Batch5_P3_for_Q | AAAWJV5HV_230321_MG_Batch5_23s001006-1-1_Gross_lane1170 | AAAWJV5HV_230321_MG_Batch5_23s001006-1-1_Gross_lane1170_1	4053271	7780039
/ | scratch | karcher | fastqc | 230804_PRISMA_Batch5_P3_for_Q | AAAWJV5HV_230321_MG_Batch5_23s001006-1-1_Gross_lane1169 | AAAWJV5HV_230321_MG_Batch5_23s001006-1-1_Gross_lane1169_2	30209958	9712401
/ | scratch | karcher | fastqc | 230804_PRISMA_Batch5_P3_for_Q | AAAWJV5HV_230321_MG_Batch5_23s001006-1-1_Gross_lane1169 | AAAWJV5HV_230321_MG_Batch5_23s001006-1-1_Gross_lane1169_1	29698647	10223712
/ | scratch | karcher | fastqc | 230804_PRISMA_Batch5_P3_for_Q | AAAWJV5HV_230321_MG_Batch5_23s001006-1-1_Gross_lane1168 | AAAWJV5HV_230321_MG_Batch5_23s001006-1-1_Gross_lane1168_2	28401878	19679998
/ | scratch | karcher | fastqc | 230804_PRISMA_Batch5_P3_for_Q | AAAWJV5HV_230321_MG_Batch5_23s001006-1-1_Gross_lane1168 | AAAWJV5HV_230321_MG_Batch5_23s001006-1-1_Gross_lane1168_1	27363403	20718473
/ | scratch | karcher | fastqc | 230804_PRISMA_Batch5_P3_for_Q | AAAWJV5HV_230321_MG_Batch5_23s001006-1-1_Gross_lane1167 | AAAWJV5HV_230321_MG_Batch5_23s001006-1-1_Gross_lane1167_2	12882333	5124244
/ | scratch | karcher | fastqc | 230804_PRISMA_Batch5_P3_for_Q | AAAWJV5HV_230321_MG_Batch5_23s001006-1-1_Gross_lane1167 | AAAWJV5HV_230321_MG_Batch5_23s001006-1-1_Gross_lane1167_1	12142734	5863843
/ | scratch | karcher | fastqc | 230804_PRISMA_Batch5_P3_for_Q | AAAWJV5HV_230321_MG_Batch5_23s001006-1-1_Gross_lane1166 | AAAWJV5HV_230321_MG_Batch5_23s001006-1-1_Gross_lane1166_2	13479222	4274645
/ | scratch | karcher | fastqc | 230804_PRISMA_Batch5_P3_for_Q | AAAWJV5HV_230321_MG_Batch5_23s001006-1-1_Gross_lane1166 | AAAWJV5HV_230321_MG_Batch5_23s001006-1-1_Gross_lane1166_1	13001374	4752493
/ | scratch | karcher | fastqc | 230804_PRISMA_Batch5_P3_for_Q | AAAWJV5HV_230321_MG_Batch5_23s001006-1-1_Gross_lane1165 | AAAWJV5HV_230321_MG_Batch5_23s001006-1-1_Gross_lane1165_2	34629677	14215272
/ | scratch | karcher | fastqc | 230804_PRISMA_Batch5_P3_for_Q | AAAWJV5HV_230321_MG_Batch5_23s001006-1-1_Gross_lane1165 | AAAWJV5HV_230321_MG_Batch5_23s001006-1-1_Gross_lane1165_1	33954941	14890008
/ | scratch | karcher | fastqc | 230804_PRISMA_Batch5_P3_for_Q | AAAWJV5HV_230321_MG_Batch5_23s001006-1-1_Gross_lane1164 | AAAWJV5HV_230321_MG_Batch5_23s001006-1-1_Gross_lane1164_2	12488971	5144807
/ | scratch | karcher | fastqc | 230804_PRISMA_Batch5_P3_for_Q | AAAWJV5HV_230321_MG_Batch5_23s001006-1-1_Gross_lane1164 | AAAWJV5HV_230321_MG_Batch5_23s001006-1-1_Gross_lane1164_1	12024513	5609265
/ | scratch | karcher | fastqc | 230804_PRISMA_Batch5_P3_for_Q | AAAWJV5HV_230321_MG_Batch5_23s001006-1-1_Gross_lane1163 | AAAWJV5HV_230321_MG_Batch5_23s001006-1-1_Gross_lane1163_2	24762944	7024129
/ | scratch | karcher | fastqc | 230804_PRISMA_Batch5_P3_for_Q | AAAWJV5HV_230321_MG_Batch5_23s001006-1-1_Gross_lane1163 | AAAWJV5HV_230321_MG_Batch5_23s001006-1-1_Gross_lane1163_1	24339839	7447234
/ | scratch | karcher | fastqc | 230804_PRISMA_Batch5_P3_for_Q | AAAWJV5HV_230321_MG_Batch5_23s001006-1-1_Gross_lane1161 | AAAWJV5HV_230321_MG_Batch5_23s001006-1-1_Gross_lane1161_2	46012124	24599308
/ | scratch | karcher | fastqc | 230804_PRISMA_Batch5_P3_for_Q | AAAWJV5HV_230321_MG_Batch5_23s001006-1-1_Gross_lane1161 | AAAWJV5HV_230321_MG_Batch5_23s001006-1-1_Gross_lane1161_1	44859465	25751967
/ | scratch | karcher | fastqc | 230804_PRISMA_Batch5_P3_for_Q | AAAWJV5HV_230321_MG_Batch5_23s001006-1-1_Gross_lane1160 | AAAWJV5HV_230321_MG_Batch5_23s001006-1-1_Gross_lane1160_2	28443297	11336273
/ | scratch | karcher | fastqc | 230804_PRISMA_Batch5_P3_for_Q | AAAWJV5HV_230321_MG_Batch5_23s001006-1-1_Gross_lane1160 | AAAWJV5HV_230321_MG_Batch5_23s001006-1-1_Gross_lane1160_1	27488062	12291508
/ | scratch | karcher | fastqc | 230804_PRISMA_Batch5_P3_for_Q | AAAWJV5HV_230321_MG_Batch5_23s001006-1-1_Gross_lane1159 | AAAWJV5HV_230321_MG_Batch5_23s001006-1-1_Gross_lane1159_2	27239350	17424059
/ | scratch | karcher | fastqc | 230804_PRISMA_Batch5_P3_for_Q | AAAWJV5HV_230321_MG_Batch5_23s001006-1-1_Gross_lane1159 | AAAWJV5HV_230321_MG_Batch5_23s001006-1-1_Gross_lane1159_1	26381698	18281711
/ | scratch | karcher | fastqc | 230804_PRISMA_Batch5_P3_for_Q | AAAWJV5HV_230321_MG_Batch5_23s001006-1-1_Gross_lane1158 | AAAWJV5HV_230321_MG_Batch5_23s001006-1-1_Gross_lane1158_2	18109987	22977578
/ | scratch | karcher | fastqc | 230804_PRISMA_Batch5_P3_for_Q | AAAWJV5HV_230321_MG_Batch5_23s001006-1-1_Gross_lane1158 | AAAWJV5HV_230321_MG_Batch5_23s001006-1-1_Gross_lane1158_1	17053741	24033824
/ | scratch | karcher | fastqc | 230804_PRISMA_Batch5_P3_for_Q | AAAWJV5HV_230321_MG_Batch5_23s001006-1-1_Gross_lane1157 | AAAWJV5HV_230321_MG_Batch5_23s001006-1-1_Gross_lane1157_2	37598926	13209600
/ | scratch | karcher | fastqc | 230804_PRISMA_Batch5_P3_for_Q | AAAWJV5HV_230321_MG_Batch5_23s001006-1-1_Gross_lane1157 | AAAWJV5HV_230321_MG_Batch5_23s001006-1-1_Gross_lane1157_1	36908914	13899612
/ | scratch | karcher | fastqc | 230804_PRISMA_Batch5_P3_for_Q | AAAWJV5HV_230321_MG_Batch5_23s001006-1-1_Gross_lane1156 | AAAWJV5HV_230321_MG_Batch5_23s001006-1-1_Gross_lane1156_2	32823575	10544557
/ | scratch | karcher | fastqc | 230804_PRISMA_Batch5_P3_for_Q | AAAWJV5HV_230321_MG_Batch5_23s001006-1-1_Gross_lane1156 | AAAWJV5HV_230321_MG_Batch5_23s001006-1-1_Gross_lane1156_1	32270692	11097440
/ | scratch | karcher | fastqc | 230804_PRISMA_Batch5_P3_for_Q | AAAWJV5HV_230321_MG_Batch5_23s001006-1-1_Gross_lane1155 | AAAWJV5HV_230321_MG_Batch5_23s001006-1-1_Gross_lane1155_2	25983176	11117202
/ | scratch | karcher | fastqc | 230804_PRISMA_Batch5_P3_for_Q | AAAWJV5HV_230321_MG_Batch5_23s001006-1-1_Gross_lane1155 | AAAWJV5HV_230321_MG_Batch5_23s001006-1-1_Gross_lane1155_1	25328168	11772210
/ | scratch | karcher | fastqc | 230804_PRISMA_Batch5_P3_for_Q | AAAWJV5HV_230321_MG_Batch5_23s001006-1-1_Gross_lane1154 | AAAWJV5HV_230321_MG_Batch5_23s001006-1-1_Gross_lane1154_2	15920041	4961965
/ | scratch | karcher | fastqc | 230804_PRISMA_Batch5_P3_for_Q | AAAWJV5HV_230321_MG_Batch5_23s001006-1-1_Gross_lane1154 | AAAWJV5HV_230321_MG_Batch5_23s001006-1-1_Gross_lane1154_1	15579913	5302093
/ | scratch | karcher | fastqc | 230804_PRISMA_Batch5_P3_for_Q | AAAWJV5HV_230321_MG_Batch5_23s001006-1-1_Gross_lane1151 | AAAWJV5HV_230321_MG_Batch5_23s001006-1-1_Gross_lane1151_2	8015512	2323481
/ | scratch | karcher | fastqc | 230804_PRISMA_Batch5_P3_for_Q | AAAWJV5HV_230321_MG_Batch5_23s001006-1-1_Gross_lane1151 | AAAWJV5HV_230321_MG_Batch5_23s001006-1-1_Gross_lane1151_1	7853964	2485029
/ | scratch | karcher | fastqc | 230804_PRISMA_Batch5_P3_for_Q | AAAWJV5HV_230321_MG_Batch5_23s001006-1-1_Gross_lane1139 | AAAWJV5HV_230321_MG_Batch5_23s001006-1-1_Gross_lane1139_2	9839494	2490966
/ | scratch | karcher | fastqc | 230804_PRISMA_Batch5_P3_for_Q | AAAWJV5HV_230321_MG_Batch5_23s001006-1-1_Gross_lane1139 | AAAWJV5HV_230321_MG_Batch5_23s001006-1-1_Gross_lane1139_1	9627242	2703218
/ | scratch | karcher | fastqc | 230804_PRISMA_Batch5_P3_for_Q | AAAWJV5HV_230321_MG_Batch5_23s001006-1-1_Gross_lane1133 | AAAWJV5HV_230321_MG_Batch5_23s001006-1-1_Gross_lane1133_2	2177576	1635237
/ | scratch | karcher | fastqc | 230804_PRISMA_Batch5_P3_for_Q | AAAWJV5HV_230321_MG_Batch5_23s001006-1-1_Gross_lane1133 | AAAWJV5HV_230321_MG_Batch5_23s001006-1-1_Gross_lane1133_1	2065074	1747739
/ | scratch | karcher | fastqc | 230804_PRISMA_Batch5_P3_for_Q | AAAWJV5HV_230321_MG_Batch5_23s001006-1-1_Gross_lane1128 | AAAWJV5HV_230321_MG_Batch5_23s001006-1-1_Gross_lane1128_2	8007942	6367507
/ | scratch | karcher | fastqc | 230804_PRISMA_Batch5_P3_for_Q | AAAWJV5HV_230321_MG_Batch5_23s001006-1-1_Gross_lane1128 | AAAWJV5HV_230321_MG_Batch5_23s001006-1-1_Gross_lane1128_1	7437792	6937657
/ | scratch | karcher | fastqc | 230804_PRISMA_Batch5_P3_for_Q | AAAWJV5HV_230321_MG_Batch5_23s001006-1-1_Gross_lane1127 | AAAWJV5HV_230321_MG_Batch5_23s001006-1-1_Gross_lane1127_2	4286879	2507392
/ | scratch | karcher | fastqc | 230804_PRISMA_Batch5_P3_for_Q | AAAWJV5HV_230321_MG_Batch5_23s001006-1-1_Gross_lane1127 | AAAWJV5HV_230321_MG_Batch5_23s001006-1-1_Gross_lane1127_1	4031206	2763065
/ | scratch | karcher | fastqc | 230727_PRISMA_Batch3_P3_for_Q | AAAWL5JHV_230321_MG_Batch3_P3_23s002006-1-1_Gross_lane1MG99 | AAAWL5JHV_230321_MG_Batch3_P3_23s002006-1-1_Gross_lane1MG99_2	24564336	10980603
/ | scratch | karcher | fastqc | 230727_PRISMA_Batch3_P3_for_Q | AAAWL5JHV_230321_MG_Batch3_P3_23s002006-1-1_Gross_lane1MG99 | AAAWL5JHV_230321_MG_Batch3_P3_23s002006-1-1_Gross_lane1MG99_1	24141056	11403883
/ | scratch | karcher | fastqc | 230727_PRISMA_Batch3_P3_for_Q | AAAWL5JHV_230321_MG_Batch3_P3_23s002006-1-1_Gross_lane1MG98 | AAAWL5JHV_230321_MG_Batch3_P3_23s002006-1-1_Gross_lane1MG98_2	26479959	9615563
/ | scratch | karcher | fastqc | 230727_PRISMA_Batch3_P3_for_Q | AAAWL5JHV_230321_MG_Batch3_P3_23s002006-1-1_Gross_lane1MG98 | AAAWL5JHV_230321_MG_Batch3_P3_23s002006-1-1_Gross_lane1MG98_1	26153170	9942352
/ | scratch | karcher | fastqc | 230727_PRISMA_Batch3_P3_for_Q | AAAWL5JHV_230321_MG_Batch3_P3_23s002006-1-1_Gross_lane1MG97 | AAAWL5JHV_230321_MG_Batch3_P3_23s002006-1-1_Gross_lane1MG97_2	22497545	8275601
/ | scratch | karcher | fastqc | 230727_PRISMA_Batch3_P3_for_Q | AAAWL5JHV_230321_MG_Batch3_P3_23s002006-1-1_Gross_lane1MG97 | AAAWL5JHV_230321_MG_Batch3_P3_23s002006-1-1_Gross_lane1MG97_1	22095577	8677569
/ | scratch | karcher | fastqc | 230727_PRISMA_Batch3_P3_for_Q | AAAWL5JHV_230321_MG_Batch3_P3_23s002006-1-1_Gross_lane1MG95 | AAAWL5JHV_230321_MG_Batch3_P3_23s002006-1-1_Gross_lane1MG95_2	28516588	7951569
/ | scratch | karcher | fastqc | 230727_PRISMA_Batch3_P3_for_Q | AAAWL5JHV_230321_MG_Batch3_P3_23s002006-1-1_Gross_lane1MG95 | AAAWL5JHV_230321_MG_Batch3_P3_23s002006-1-1_Gross_lane1MG95_1	28184169	8283988
/ | scratch | karcher | fastqc | 230727_PRISMA_Batch3_P3_for_Q | AAAWL5JHV_230321_MG_Batch3_P3_23s002006-1-1_Gross_lane1MG94 | AAAWL5JHV_230321_MG_Batch3_P3_23s002006-1-1_Gross_lane1MG94_2	29039837	7750750
/ | scratch | karcher | fastqc | 230727_PRISMA_Batch3_P3_for_Q | AAAWL5JHV_230321_MG_Batch3_P3_23s002006-1-1_Gross_lane1MG94 | AAAWL5JHV_230321_MG_Batch3_P3_23s002006-1-1_Gross_lane1MG94_1	28787393	8003194
/ | scratch | karcher | fastqc | 230727_PRISMA_Batch3_P3_for_Q | AAAWL5JHV_230321_MG_Batch3_P3_23s002006-1-1_Gross_lane1MG93 | AAAWL5JHV_230321_MG_Batch3_P3_23s002006-1-1_Gross_lane1MG93_2	23257029	4913753
/ | scratch | karcher | fastqc | 230727_PRISMA_Batch3_P3_for_Q | AAAWL5JHV_230321_MG_Batch3_P3_23s002006-1-1_Gross_lane1MG93 | AAAWL5JHV_230321_MG_Batch3_P3_23s002006-1-1_Gross_lane1MG93_1	23094853	5075929
/ | scratch | karcher | fastqc | 230727_PRISMA_Batch3_P3_for_Q | AAAWL5JHV_230321_MG_Batch3_P3_23s002006-1-1_Gross_lane1MG92 | AAAWL5JHV_230321_MG_Batch3_P3_23s002006-1-1_Gross_lane1MG92_2	26460481	8030176
/ | scratch | karcher | fastqc | 230727_PRISMA_Batch3_P3_for_Q | AAAWL5JHV_230321_MG_Batch3_P3_23s002006-1-1_Gross_lane1MG92 | AAAWL5JHV_230321_MG_Batch3_P3_23s002006-1-1_Gross_lane1MG92_1	26208148	8282509
/ | scratch | karcher | fastqc | 230727_PRISMA_Batch3_P3_for_Q | AAAWL5JHV_230321_MG_Batch3_P3_23s002006-1-1_Gross_lane1MG91 | AAAWL5JHV_230321_MG_Batch3_P3_23s002006-1-1_Gross_lane1MG91_2	26162945	8245847
/ | scratch | karcher | fastqc | 230727_PRISMA_Batch3_P3_for_Q | AAAWL5JHV_230321_MG_Batch3_P3_23s002006-1-1_Gross_lane1MG91 | AAAWL5JHV_230321_MG_Batch3_P3_23s002006-1-1_Gross_lane1MG91_1	25863559	8545233
/ | scratch | karcher | fastqc | 230727_PRISMA_Batch3_P3_for_Q | AAAWL5JHV_230321_MG_Batch3_P3_23s002006-1-1_Gross_lane1MG90 | AAAWL5JHV_230321_MG_Batch3_P3_23s002006-1-1_Gross_lane1MG90_2	27419885	9993760
/ | scratch | karcher | fastqc | 230727_PRISMA_Batch3_P3_for_Q | AAAWL5JHV_230321_MG_Batch3_P3_23s002006-1-1_Gross_lane1MG90 | AAAWL5JHV_230321_MG_Batch3_P3_23s002006-1-1_Gross_lane1MG90_1	27134903	10278742
/ | scratch | karcher | fastqc | 230727_PRISMA_Batch3_P3_for_Q | AAAWL5JHV_230321_MG_Batch3_P3_23s002006-1-1_Gross_lane1MG89 | AAAWL5JHV_230321_MG_Batch3_P3_23s002006-1-1_Gross_lane1MG89_2	27914926	11346512
/ | scratch | karcher | fastqc | 230727_PRISMA_Batch3_P3_for_Q | AAAWL5JHV_230321_MG_Batch3_P3_23s002006-1-1_Gross_lane1MG89 | AAAWL5JHV_230321_MG_Batch3_P3_23s002006-1-1_Gross_lane1MG89_1	27551272	11710166
/ | scratch | karcher | fastqc | 230727_PRISMA_Batch3_P3_for_Q | AAAWL5JHV_230321_MG_Batch3_P3_23s002006-1-1_Gross_lane1MG88 | AAAWL5JHV_230321_MG_Batch3_P3_23s002006-1-1_Gross_lane1MG88_2	23579101	6417922
/ | scratch | karcher | fastqc | 230727_PRISMA_Batch3_P3_for_Q | AAAWL5JHV_230321_MG_Batch3_P3_23s002006-1-1_Gross_lane1MG88 | AAAWL5JHV_230321_MG_Batch3_P3_23s002006-1-1_Gross_lane1MG88_1	23395267	6601756
/ | scratch | karcher | fastqc | 230727_PRISMA_Batch3_P3_for_Q | AAAWL5JHV_230321_MG_Batch3_P3_23s002006-1-1_Gross_lane1MG87 | AAAWL5JHV_230321_MG_Batch3_P3_23s002006-1-1_Gross_lane1MG87_2	25683157	6986002
/ | scratch | karcher | fastqc | 230727_PRISMA_Batch3_P3_for_Q | AAAWL5JHV_230321_MG_Batch3_P3_23s002006-1-1_Gross_lane1MG87 | AAAWL5JHV_230321_MG_Batch3_P3_23s002006-1-1_Gross_lane1MG87_1	25462492	7206667
/ | scratch | karcher | fastqc | 230727_PRISMA_Batch3_P3_for_Q | AAAWL5JHV_230321_MG_Batch3_P3_23s002006-1-1_Gross_lane1MG86 | AAAWL5JHV_230321_MG_Batch3_P3_23s002006-1-1_Gross_lane1MG86_2	22422089	5623041
/ | scratch | karcher | fastqc | 230727_PRISMA_Batch3_P3_for_Q | AAAWL5JHV_230321_MG_Batch3_P3_23s002006-1-1_Gross_lane1MG86 | AAAWL5JHV_230321_MG_Batch3_P3_23s002006-1-1_Gross_lane1MG86_1	22247995	5797135
/ | scratch | karcher | fastqc | 230727_PRISMA_Batch3_P3_for_Q | AAAWL5JHV_230321_MG_Batch3_P3_23s002006-1-1_Gross_lane1MG85 | AAAWL5JHV_230321_MG_Batch3_P3_23s002006-1-1_Gross_lane1MG85_2	23646464	6382570
/ | scratch | karcher | fastqc | 230727_PRISMA_Batch3_P3_for_Q | AAAWL5JHV_230321_MG_Batch3_P3_23s002006-1-1_Gross_lane1MG85 | AAAWL5JHV_230321_MG_Batch3_P3_23s002006-1-1_Gross_lane1MG85_1	23469064	6559970
/ | scratch | karcher | fastqc | 230727_PRISMA_Batch3_P3_for_Q | AAAWL5JHV_230321_MG_Batch3_P3_23s002006-1-1_Gross_lane1MG84 | AAAWL5JHV_230321_MG_Batch3_P3_23s002006-1-1_Gross_lane1MG84_2	28159701	9224718
/ | scratch | karcher | fastqc | 230727_PRISMA_Batch3_P3_for_Q | AAAWL5JHV_230321_MG_Batch3_P3_23s002006-1-1_Gross_lane1MG84 | AAAWL5JHV_230321_MG_Batch3_P3_23s002006-1-1_Gross_lane1MG84_1	27803970	9580449
/ | scratch | karcher | fastqc | 230727_PRISMA_Batch3_P3_for_Q | AAAWL5JHV_230321_MG_Batch3_P3_23s002006-1-1_Gross_lane1MG83 | AAAWL5JHV_230321_MG_Batch3_P3_23s002006-1-1_Gross_lane1MG83_2	27781155	6058807
/ | scratch | karcher | fastqc | 230727_PRISMA_Batch3_P3_for_Q | AAAWL5JHV_230321_MG_Batch3_P3_23s002006-1-1_Gross_lane1MG83 | AAAWL5JHV_230321_MG_Batch3_P3_23s002006-1-1_Gross_lane1MG83_1	27561918	6278044
/ | scratch | karcher | fastqc | 230727_PRISMA_Batch3_P3_for_Q | AAAWL5JHV_230321_MG_Batch3_P3_23s002006-1-1_Gross_lane1MG82 | AAAWL5JHV_230321_MG_Batch3_P3_23s002006-1-1_Gross_lane1MG82_2	1610727	316301
/ | scratch | karcher | fastqc | 230727_PRISMA_Batch3_P3_for_Q | AAAWL5JHV_230321_MG_Batch3_P3_23s002006-1-1_Gross_lane1MG82 | AAAWL5JHV_230321_MG_Batch3_P3_23s002006-1-1_Gross_lane1MG82_1	1603486	323542
/ | scratch | karcher | fastqc | 230727_PRISMA_Batch3_P3_for_Q | AAAWL5JHV_230321_MG_Batch3_P3_23s002006-1-1_Gross_lane1MG81 | AAAWL5JHV_230321_MG_Batch3_P3_23s002006-1-1_Gross_lane1MG81_2	24498479	6651883
/ | scratch | karcher | fastqc | 230727_PRISMA_Batch3_P3_for_Q | AAAWL5JHV_230321_MG_Batch3_P3_23s002006-1-1_Gross_lane1MG81 | AAAWL5JHV_230321_MG_Batch3_P3_23s002006-1-1_Gross_lane1MG81_1	24289104	6861258
/ | scratch | karcher | fastqc | 230727_PRISMA_Batch3_P3_for_Q | AAAWL5JHV_230321_MG_Batch3_P3_23s002006-1-1_Gross_lane1MG80 | AAAWL5JHV_230321_MG_Batch3_P3_23s002006-1-1_Gross_lane1MG80_2	25216099	8667898
/ | scratch | karcher | fastqc | 230727_PRISMA_Batch3_P3_for_Q | AAAWL5JHV_230321_MG_Batch3_P3_23s002006-1-1_Gross_lane1MG80 | AAAWL5JHV_230321_MG_Batch3_P3_23s002006-1-1_Gross_lane1MG80_1	24747756	9136241
/ | scratch | karcher | fastqc | 230727_PRISMA_Batch3_P3_for_Q | AAAWL5JHV_230321_MG_Batch3_P3_23s002006-1-1_Gross_lane1MG79 | AAAWL5JHV_230321_MG_Batch3_P3_23s002006-1-1_Gross_lane1MG79_2	27399661	9335020
/ | scratch | karcher | fastqc | 230727_PRISMA_Batch3_P3_for_Q | AAAWL5JHV_230321_MG_Batch3_P3_23s002006-1-1_Gross_lane1MG79 | AAAWL5JHV_230321_MG_Batch3_P3_23s002006-1-1_Gross_lane1MG79_1	27112635	9622046
/ | scratch | karcher | fastqc | 230727_PRISMA_Batch3_P3_for_Q | AAAWL5JHV_230321_MG_Batch3_P3_23s002006-1-1_Gross_lane1MG78 | AAAWL5JHV_230321_MG_Batch3_P3_23s002006-1-1_Gross_lane1MG78_2	10832304	30790869
/ | scratch | karcher | fastqc | 230727_PRISMA_Batch3_P3_for_Q | AAAWL5JHV_230321_MG_Batch3_P3_23s002006-1-1_Gross_lane1MG78 | AAAWL5JHV_230321_MG_Batch3_P3_23s002006-1-1_Gross_lane1MG78_1	10093968	31529205
/ | scratch | karcher | fastqc | 230727_PRISMA_Batch3_P3_for_Q | AAAWL5JHV_230321_MG_Batch3_P3_23s002006-1-1_Gross_lane1MG77 | AAAWL5JHV_230321_MG_Batch3_P3_23s002006-1-1_Gross_lane1MG77_2	23622506	9308120
/ | scratch | karcher | fastqc | 230727_PRISMA_Batch3_P3_for_Q | AAAWL5JHV_230321_MG_Batch3_P3_23s002006-1-1_Gross_lane1MG77 | AAAWL5JHV_230321_MG_Batch3_P3_23s002006-1-1_Gross_lane1MG77_1	23322826	9607800
/ | scratch | karcher | fastqc | 230727_PRISMA_Batch3_P3_for_Q | AAAWL5JHV_230321_MG_Batch3_P3_23s002006-1-1_Gross_lane1MG76 | AAAWL5JHV_230321_MG_Batch3_P3_23s002006-1-1_Gross_lane1MG76_2	30752440	7732123
/ | scratch | karcher | fastqc | 230727_PRISMA_Batch3_P3_for_Q | AAAWL5JHV_230321_MG_Batch3_P3_23s002006-1-1_Gross_lane1MG76 | AAAWL5JHV_230321_MG_Batch3_P3_23s002006-1-1_Gross_lane1MG76_1	30402416	8082147
/ | scratch | karcher | fastqc | 230727_PRISMA_Batch3_P3_for_Q | AAAWL5JHV_230321_MG_Batch3_P3_23s002006-1-1_Gross_lane1MG75 | AAAWL5JHV_230321_MG_Batch3_P3_23s002006-1-1_Gross_lane1MG75_2	28695373	6559330
/ | scratch | karcher | fastqc | 230727_PRISMA_Batch3_P3_for_Q | AAAWL5JHV_230321_MG_Batch3_P3_23s002006-1-1_Gross_lane1MG75 | AAAWL5JHV_230321_MG_Batch3_P3_23s002006-1-1_Gross_lane1MG75_1	28402032	6852671
/ | scratch | karcher | fastqc | 230727_PRISMA_Batch3_P3_for_Q | AAAWL5JHV_230321_MG_Batch3_P3_23s002006-1-1_Gross_lane1MG74 | AAAWL5JHV_230321_MG_Batch3_P3_23s002006-1-1_Gross_lane1MG74_2	26609861	7292934
/ | scratch | karcher | fastqc | 230727_PRISMA_Batch3_P3_for_Q | AAAWL5JHV_230321_MG_Batch3_P3_23s002006-1-1_Gross_lane1MG74 | AAAWL5JHV_230321_MG_Batch3_P3_23s002006-1-1_Gross_lane1MG74_1	26354091	7548704
/ | scratch | karcher | fastqc | 230727_PRISMA_Batch3_P3_for_Q | AAAWL5JHV_230321_MG_Batch3_P3_23s002006-1-1_Gross_lane1MG72 | AAAWL5JHV_230321_MG_Batch3_P3_23s002006-1-1_Gross_lane1MG72_2	31111745	10146930
/ | scratch | karcher | fastqc | 230727_PRISMA_Batch3_P3_for_Q | AAAWL5JHV_230321_MG_Batch3_P3_23s002006-1-1_Gross_lane1MG72 | AAAWL5JHV_230321_MG_Batch3_P3_23s002006-1-1_Gross_lane1MG72_1	30781024	10477651
/ | scratch | karcher | fastqc | 230727_PRISMA_Batch3_P3_for_Q | AAAWL5JHV_230321_MG_Batch3_P3_23s002006-1-1_Gross_lane1MG71 | AAAWL5JHV_230321_MG_Batch3_P3_23s002006-1-1_Gross_lane1MG71_2	22706313	6148718
/ | scratch | karcher | fastqc | 230727_PRISMA_Batch3_P3_for_Q | AAAWL5JHV_230321_MG_Batch3_P3_23s002006-1-1_Gross_lane1MG71 | AAAWL5JHV_230321_MG_Batch3_P3_23s002006-1-1_Gross_lane1MG71_1	22485495	6369536
/ | scratch | karcher | fastqc | 230727_PRISMA_Batch3_P3_for_Q | AAAWL5JHV_230321_MG_Batch3_P3_23s002006-1-1_Gross_lane1MG70 | AAAWL5JHV_230321_MG_Batch3_P3_23s002006-1-1_Gross_lane1MG70_2	31202428	14100752
/ | scratch | karcher | fastqc | 230727_PRISMA_Batch3_P3_for_Q | AAAWL5JHV_230321_MG_Batch3_P3_23s002006-1-1_Gross_lane1MG70 | AAAWL5JHV_230321_MG_Batch3_P3_23s002006-1-1_Gross_lane1MG70_1	30683543	14619637
/ | scratch | karcher | fastqc | 230727_PRISMA_Batch3_P3_for_Q | AAAWL5JHV_230321_MG_Batch3_P3_23s002006-1-1_Gross_lane1MG69 | AAAWL5JHV_230321_MG_Batch3_P3_23s002006-1-1_Gross_lane1MG69_2	25022148	7534431
/ | scratch | karcher | fastqc | 230727_PRISMA_Batch3_P3_for_Q | AAAWL5JHV_230321_MG_Batch3_P3_23s002006-1-1_Gross_lane1MG69 | AAAWL5JHV_230321_MG_Batch3_P3_23s002006-1-1_Gross_lane1MG69_1	24730690	7825889
/ | scratch | karcher | fastqc | 230727_PRISMA_Batch3_P3_for_Q | AAAWL5JHV_230321_MG_Batch3_P3_23s002006-1-1_Gross_lane1MG68 | AAAWL5JHV_230321_MG_Batch3_P3_23s002006-1-1_Gross_lane1MG68_2	26880248	6856995
/ | scratch | karcher | fastqc | 230727_PRISMA_Batch3_P3_for_Q | AAAWL5JHV_230321_MG_Batch3_P3_23s002006-1-1_Gross_lane1MG68 | AAAWL5JHV_230321_MG_Batch3_P3_23s002006-1-1_Gross_lane1MG68_1	26622280	7114963
/ | scratch | karcher | fastqc | 230727_PRISMA_Batch3_P3_for_Q | AAAWL5JHV_230321_MG_Batch3_P3_23s002006-1-1_Gross_lane1MG67 | AAAWL5JHV_230321_MG_Batch3_P3_23s002006-1-1_Gross_lane1MG67_2	27250443	9094969
/ | scratch | karcher | fastqc | 230727_PRISMA_Batch3_P3_for_Q | AAAWL5JHV_230321_MG_Batch3_P3_23s002006-1-1_Gross_lane1MG67 | AAAWL5JHV_230321_MG_Batch3_P3_23s002006-1-1_Gross_lane1MG67_1	26915520	9429892
/ | scratch | karcher | fastqc | 230727_PRISMA_Batch3_P3_for_Q | AAAWL5JHV_230321_MG_Batch3_P3_23s002006-1-1_Gross_lane1MG66 | AAAWL5JHV_230321_MG_Batch3_P3_23s002006-1-1_Gross_lane1MG66_2	13561857	15692530
/ | scratch | karcher | fastqc | 230727_PRISMA_Batch3_P3_for_Q | AAAWL5JHV_230321_MG_Batch3_P3_23s002006-1-1_Gross_lane1MG66 | AAAWL5JHV_230321_MG_Batch3_P3_23s002006-1-1_Gross_lane1MG66_1	12952988	16301399
/ | scratch | karcher | fastqc | 230727_PRISMA_Batch3_P3_for_Q | AAAWL5JHV_230321_MG_Batch3_P3_23s002006-1-1_Gross_lane1MG65 | AAAWL5JHV_230321_MG_Batch3_P3_23s002006-1-1_Gross_lane1MG65_2	24590022	10469225
/ | scratch | karcher | fastqc | 230727_PRISMA_Batch3_P3_for_Q | AAAWL5JHV_230321_MG_Batch3_P3_23s002006-1-1_Gross_lane1MG65 | AAAWL5JHV_230321_MG_Batch3_P3_23s002006-1-1_Gross_lane1MG65_1	24238104	10821143
/ | scratch | karcher | fastqc | 230727_PRISMA_Batch3_P3_for_Q | AAAWL5JHV_230321_MG_Batch3_P3_23s002006-1-1_Gross_lane1MG64 | AAAWL5JHV_230321_MG_Batch3_P3_23s002006-1-1_Gross_lane1MG64_2	28126267	6853526
/ | scratch | karcher | fastqc | 230727_PRISMA_Batch3_P3_for_Q | AAAWL5JHV_230321_MG_Batch3_P3_23s002006-1-1_Gross_lane1MG64 | AAAWL5JHV_230321_MG_Batch3_P3_23s002006-1-1_Gross_lane1MG64_1	27876429	7103364
/ | scratch | karcher | fastqc | 230727_PRISMA_Batch3_P3_for_Q | AAAWL5JHV_230321_MG_Batch3_P3_23s002006-1-1_Gross_lane1MG63 | AAAWL5JHV_230321_MG_Batch3_P3_23s002006-1-1_Gross_lane1MG63_2	24149728	5619115
/ | scratch | karcher | fastqc | 230727_PRISMA_Batch3_P3_for_Q | AAAWL5JHV_230321_MG_Batch3_P3_23s002006-1-1_Gross_lane1MG63 | AAAWL5JHV_230321_MG_Batch3_P3_23s002006-1-1_Gross_lane1MG63_1	23976253	5792590
/ | scratch | karcher | fastqc | 230727_PRISMA_Batch3_P3_for_Q | AAAWL5JHV_230321_MG_Batch3_P3_23s002006-1-1_Gross_lane1MG105 | AAAWL5JHV_230321_MG_Batch3_P3_23s002006-1-1_Gross_lane1MG105_2	28993385	13016437
/ | scratch | karcher | fastqc | 230727_PRISMA_Batch3_P3_for_Q | AAAWL5JHV_230321_MG_Batch3_P3_23s002006-1-1_Gross_lane1MG105 | AAAWL5JHV_230321_MG_Batch3_P3_23s002006-1-1_Gross_lane1MG105_1	28645791	13364031
/ | scratch | karcher | fastqc | 230727_PRISMA_Batch3_P3_for_Q | AAAWL5JHV_230321_MG_Batch3_P3_23s002006-1-1_Gross_lane1MG104 | AAAWL5JHV_230321_MG_Batch3_P3_23s002006-1-1_Gross_lane1MG104_2	25753616	7590638
/ | scratch | karcher | fastqc | 230727_PRISMA_Batch3_P3_for_Q | AAAWL5JHV_230321_MG_Batch3_P3_23s002006-1-1_Gross_lane1MG104 | AAAWL5JHV_230321_MG_Batch3_P3_23s002006-1-1_Gross_lane1MG104_1	25447392	7896862
/ | scratch | karcher | fastqc | 230727_PRISMA_Batch3_P3_for_Q | AAAWL5JHV_230321_MG_Batch3_P3_23s002006-1-1_Gross_lane1MG103 | AAAWL5JHV_230321_MG_Batch3_P3_23s002006-1-1_Gross_lane1MG103_2	24707135	7763951
/ | scratch | karcher | fastqc | 230727_PRISMA_Batch3_P3_for_Q | AAAWL5JHV_230321_MG_Batch3_P3_23s002006-1-1_Gross_lane1MG103 | AAAWL5JHV_230321_MG_Batch3_P3_23s002006-1-1_Gross_lane1MG103_1	24449907	8021179
/ | scratch | karcher | fastqc | 230727_PRISMA_Batch3_P3_for_Q | AAAWL5JHV_230321_MG_Batch3_P3_23s002006-1-1_Gross_lane1MG102 | AAAWL5JHV_230321_MG_Batch3_P3_23s002006-1-1_Gross_lane1MG102_2	24298255	6870026
/ | scratch | karcher | fastqc | 230727_PRISMA_Batch3_P3_for_Q | AAAWL5JHV_230321_MG_Batch3_P3_23s002006-1-1_Gross_lane1MG102 | AAAWL5JHV_230321_MG_Batch3_P3_23s002006-1-1_Gross_lane1MG102_1	24067754	7100527
/ | scratch | karcher | fastqc | 230727_PRISMA_Batch3_P3_for_Q | AAAWL5JHV_230321_MG_Batch3_P3_23s002006-1-1_Gross_lane1MG101 | AAAWL5JHV_230321_MG_Batch3_P3_23s002006-1-1_Gross_lane1MG101_2	29622625	7059032
/ | scratch | karcher | fastqc | 230727_PRISMA_Batch3_P3_for_Q | AAAWL5JHV_230321_MG_Batch3_P3_23s002006-1-1_Gross_lane1MG101 | AAAWL5JHV_230321_MG_Batch3_P3_23s002006-1-1_Gross_lane1MG101_1	29391778	7289879
/ | scratch | karcher | fastqc | 230727_PRISMA_Batch3_P3_for_Q | AAAWL5JHV_230321_MG_Batch3_P3_23s002006-1-1_Gross_lane1MG100 | AAAWL5JHV_230321_MG_Batch3_P3_23s002006-1-1_Gross_lane1MG100_2	26232740	6162511
/ | scratch | karcher | fastqc | 230727_PRISMA_Batch3_P3_for_Q | AAAWL5JHV_230321_MG_Batch3_P3_23s002006-1-1_Gross_lane1MG100 | AAAWL5JHV_230321_MG_Batch3_P3_23s002006-1-1_Gross_lane1MG100_1	26053679	6341572
/ | scratch | karcher | fastqc | 230727_PRISMA_Batch2_P3_for_Q | AAAWNKKHV_230321_MG_Batch2_P3_23s002005-1-1_Gross_lane1MG8 | AAAWNKKHV_230321_MG_Batch2_P3_23s002005-1-1_Gross_lane1MG8_2	49391983	50543548
/ | scratch | karcher | fastqc | 230727_PRISMA_Batch2_P3_for_Q | AAAWNKKHV_230321_MG_Batch2_P3_23s002005-1-1_Gross_lane1MG8 | AAAWNKKHV_230321_MG_Batch2_P3_23s002005-1-1_Gross_lane1MG8_1	45745348	54190183
/ | scratch | karcher | fastqc | 230727_PRISMA_Batch2_P3_for_Q | AAAWNKKHV_230321_MG_Batch2_P3_23s002005-1-1_Gross_lane1MG7 | AAAWNKKHV_230321_MG_Batch2_P3_23s002005-1-1_Gross_lane1MG7_2	25729244	19675130
/ | scratch | karcher | fastqc | 230727_PRISMA_Batch2_P3_for_Q | AAAWNKKHV_230321_MG_Batch2_P3_23s002005-1-1_Gross_lane1MG7 | AAAWNKKHV_230321_MG_Batch2_P3_23s002005-1-1_Gross_lane1MG7_1	23840706	21563668
/ | scratch | karcher | fastqc | 230727_PRISMA_Batch2_P3_for_Q | AAAWNKKHV_230321_MG_Batch2_P3_23s002005-1-1_Gross_lane1MG62 | AAAWNKKHV_230321_MG_Batch2_P3_23s002005-1-1_Gross_lane1MG62_2	14091296	4651051
/ | scratch | karcher | fastqc | 230727_PRISMA_Batch2_P3_for_Q | AAAWNKKHV_230321_MG_Batch2_P3_23s002005-1-1_Gross_lane1MG62 | AAAWNKKHV_230321_MG_Batch2_P3_23s002005-1-1_Gross_lane1MG62_1	13631856	5110491
/ | scratch | karcher | fastqc | 230727_PRISMA_Batch2_P3_for_Q | AAAWNKKHV_230321_MG_Batch2_P3_23s002005-1-1_Gross_lane1MG61 | AAAWNKKHV_230321_MG_Batch2_P3_23s002005-1-1_Gross_lane1MG61_2	15005131	5586865
/ | scratch | karcher | fastqc | 230727_PRISMA_Batch2_P3_for_Q | AAAWNKKHV_230321_MG_Batch2_P3_23s002005-1-1_Gross_lane1MG61 | AAAWNKKHV_230321_MG_Batch2_P3_23s002005-1-1_Gross_lane1MG61_1	14507960	6084036
/ | scratch | karcher | fastqc | 230727_PRISMA_Batch2_P3_for_Q | AAAWNKKHV_230321_MG_Batch2_P3_23s002005-1-1_Gross_lane1MG60 | AAAWNKKHV_230321_MG_Batch2_P3_23s002005-1-1_Gross_lane1MG60_2	9788637	11758403
/ | scratch | karcher | fastqc | 230727_PRISMA_Batch2_P3_for_Q | AAAWNKKHV_230321_MG_Batch2_P3_23s002005-1-1_Gross_lane1MG60 | AAAWNKKHV_230321_MG_Batch2_P3_23s002005-1-1_Gross_lane1MG60_1	8900379	12646661
/ | scratch | karcher | fastqc | 230727_PRISMA_Batch2_P3_for_Q | AAAWNKKHV_230321_MG_Batch2_P3_23s002005-1-1_Gross_lane1MG59 | AAAWNKKHV_230321_MG_Batch2_P3_23s002005-1-1_Gross_lane1MG59_2	14061902	4942776
/ | scratch | karcher | fastqc | 230727_PRISMA_Batch2_P3_for_Q | AAAWNKKHV_230321_MG_Batch2_P3_23s002005-1-1_Gross_lane1MG59 | AAAWNKKHV_230321_MG_Batch2_P3_23s002005-1-1_Gross_lane1MG59_1	13636073	5368605
/ | scratch | karcher | fastqc | 230727_PRISMA_Batch2_P3_for_Q | AAAWNKKHV_230321_MG_Batch2_P3_23s002005-1-1_Gross_lane1MG58 | AAAWNKKHV_230321_MG_Batch2_P3_23s002005-1-1_Gross_lane1MG58_2	14574148	4851877
/ | scratch | karcher | fastqc | 230727_PRISMA_Batch2_P3_for_Q | AAAWNKKHV_230321_MG_Batch2_P3_23s002005-1-1_Gross_lane1MG58 | AAAWNKKHV_230321_MG_Batch2_P3_23s002005-1-1_Gross_lane1MG58_1	14157319	5268706
/ | scratch | karcher | fastqc | 230727_PRISMA_Batch2_P3_for_Q | AAAWNKKHV_230321_MG_Batch2_P3_23s002005-1-1_Gross_lane1MG57 | AAAWNKKHV_230321_MG_Batch2_P3_23s002005-1-1_Gross_lane1MG57_2	16176771	4602609
/ | scratch | karcher | fastqc | 230727_PRISMA_Batch2_P3_for_Q | AAAWNKKHV_230321_MG_Batch2_P3_23s002005-1-1_Gross_lane1MG57 | AAAWNKKHV_230321_MG_Batch2_P3_23s002005-1-1_Gross_lane1MG57_1	15705953	5073427
/ | scratch | karcher | fastqc | 230727_PRISMA_Batch2_P3_for_Q | AAAWNKKHV_230321_MG_Batch2_P3_23s002005-1-1_Gross_lane1MG56 | AAAWNKKHV_230321_MG_Batch2_P3_23s002005-1-1_Gross_lane1MG56_2	15765017	5753177
/ | scratch | karcher | fastqc | 230727_PRISMA_Batch2_P3_for_Q | AAAWNKKHV_230321_MG_Batch2_P3_23s002005-1-1_Gross_lane1MG56 | AAAWNKKHV_230321_MG_Batch2_P3_23s002005-1-1_Gross_lane1MG56_1	15328909	6189285
/ | scratch | karcher | fastqc | 230727_PRISMA_Batch2_P3_for_Q | AAAWNKKHV_230321_MG_Batch2_P3_23s002005-1-1_Gross_lane1MG55 | AAAWNKKHV_230321_MG_Batch2_P3_23s002005-1-1_Gross_lane1MG55_2	8561525	2845598
/ | scratch | karcher | fastqc | 230727_PRISMA_Batch2_P3_for_Q | AAAWNKKHV_230321_MG_Batch2_P3_23s002005-1-1_Gross_lane1MG55 | AAAWNKKHV_230321_MG_Batch2_P3_23s002005-1-1_Gross_lane1MG55_1	8359026	3048097
/ | scratch | karcher | fastqc | 230727_PRISMA_Batch2_P3_for_Q | AAAWNKKHV_230321_MG_Batch2_P3_23s002005-1-1_Gross_lane1MG54 | AAAWNKKHV_230321_MG_Batch2_P3_23s002005-1-1_Gross_lane1MG54_2	10922856	7555885
/ | scratch | karcher | fastqc | 230727_PRISMA_Batch2_P3_for_Q | AAAWNKKHV_230321_MG_Batch2_P3_23s002005-1-1_Gross_lane1MG54 | AAAWNKKHV_230321_MG_Batch2_P3_23s002005-1-1_Gross_lane1MG54_1	10426849	8051892
/ | scratch | karcher | fastqc | 230727_PRISMA_Batch2_P3_for_Q | AAAWNKKHV_230321_MG_Batch2_P3_23s002005-1-1_Gross_lane1MG53 | AAAWNKKHV_230321_MG_Batch2_P3_23s002005-1-1_Gross_lane1MG53_2	31195593	11974329
/ | scratch | karcher | fastqc | 230727_PRISMA_Batch2_P3_for_Q | AAAWNKKHV_230321_MG_Batch2_P3_23s002005-1-1_Gross_lane1MG53 | AAAWNKKHV_230321_MG_Batch2_P3_23s002005-1-1_Gross_lane1MG53_1	30251506	12918416
/ | scratch | karcher | fastqc | 230727_PRISMA_Batch2_P3_for_Q | AAAWNKKHV_230321_MG_Batch2_P3_23s002005-1-1_Gross_lane1MG52 | AAAWNKKHV_230321_MG_Batch2_P3_23s002005-1-1_Gross_lane1MG52_2	42939280	43176767
/ | scratch | karcher | fastqc | 230727_PRISMA_Batch2_P3_for_Q | AAAWNKKHV_230321_MG_Batch2_P3_23s002005-1-1_Gross_lane1MG52 | AAAWNKKHV_230321_MG_Batch2_P3_23s002005-1-1_Gross_lane1MG52_1	39748845	46367202
/ | scratch | karcher | fastqc | 230727_PRISMA_Batch2_P3_for_Q | AAAWNKKHV_230321_MG_Batch2_P3_23s002005-1-1_Gross_lane1MG51 | AAAWNKKHV_230321_MG_Batch2_P3_23s002005-1-1_Gross_lane1MG51_2	15869478	4793836
/ | scratch | karcher | fastqc | 230727_PRISMA_Batch2_P3_for_Q | AAAWNKKHV_230321_MG_Batch2_P3_23s002005-1-1_Gross_lane1MG51 | AAAWNKKHV_230321_MG_Batch2_P3_23s002005-1-1_Gross_lane1MG51_1	15484348	5178966
/ | scratch | karcher | fastqc | 230727_PRISMA_Batch2_P3_for_Q | AAAWNKKHV_230321_MG_Batch2_P3_23s002005-1-1_Gross_lane1MG50 | AAAWNKKHV_230321_MG_Batch2_P3_23s002005-1-1_Gross_lane1MG50_2	16054293	6551161
/ | scratch | karcher | fastqc | 230727_PRISMA_Batch2_P3_for_Q | AAAWNKKHV_230321_MG_Batch2_P3_23s002005-1-1_Gross_lane1MG50 | AAAWNKKHV_230321_MG_Batch2_P3_23s002005-1-1_Gross_lane1MG50_1	15540681	7064773
/ | scratch | karcher | fastqc | 230727_PRISMA_Batch2_P3_for_Q | AAAWNKKHV_230321_MG_Batch2_P3_23s002005-1-1_Gross_lane1MG49 | AAAWNKKHV_230321_MG_Batch2_P3_23s002005-1-1_Gross_lane1MG49_2	16316560	6218617
/ | scratch | karcher | fastqc | 230727_PRISMA_Batch2_P3_for_Q | AAAWNKKHV_230321_MG_Batch2_P3_23s002005-1-1_Gross_lane1MG49 | AAAWNKKHV_230321_MG_Batch2_P3_23s002005-1-1_Gross_lane1MG49_1	15770673	6764504
/ | scratch | karcher | fastqc | 230727_PRISMA_Batch2_P3_for_Q | AAAWNKKHV_230321_MG_Batch2_P3_23s002005-1-1_Gross_lane1MG47 | AAAWNKKHV_230321_MG_Batch2_P3_23s002005-1-1_Gross_lane1MG47_2	13766929	8385373
/ | scratch | karcher | fastqc | 230727_PRISMA_Batch2_P3_for_Q | AAAWNKKHV_230321_MG_Batch2_P3_23s002005-1-1_Gross_lane1MG47 | AAAWNKKHV_230321_MG_Batch2_P3_23s002005-1-1_Gross_lane1MG47_1	13116648	9035654
/ | scratch | karcher | fastqc | 230727_PRISMA_Batch2_P3_for_Q | AAAWNKKHV_230321_MG_Batch2_P3_23s002005-1-1_Gross_lane1MG46 | AAAWNKKHV_230321_MG_Batch2_P3_23s002005-1-1_Gross_lane1MG46_2	17154389	5597858
/ | scratch | karcher | fastqc | 230727_PRISMA_Batch2_P3_for_Q | AAAWNKKHV_230321_MG_Batch2_P3_23s002005-1-1_Gross_lane1MG46 | AAAWNKKHV_230321_MG_Batch2_P3_23s002005-1-1_Gross_lane1MG46_1	16677803	6074444
/ | scratch | karcher | fastqc | 230727_PRISMA_Batch2_P3_for_Q | AAAWNKKHV_230321_MG_Batch2_P3_23s002005-1-1_Gross_lane1MG45 | AAAWNKKHV_230321_MG_Batch2_P3_23s002005-1-1_Gross_lane1MG45_2	17831329	6231408
/ | scratch | karcher | fastqc | 230727_PRISMA_Batch2_P3_for_Q | AAAWNKKHV_230321_MG_Batch2_P3_23s002005-1-1_Gross_lane1MG45 | AAAWNKKHV_230321_MG_Batch2_P3_23s002005-1-1_Gross_lane1MG45_1	17358562	6704175
/ | scratch | karcher | fastqc | 230727_PRISMA_Batch2_P3_for_Q | AAAWNKKHV_230321_MG_Batch2_P3_23s002005-1-1_Gross_lane1MG44 | AAAWNKKHV_230321_MG_Batch2_P3_23s002005-1-1_Gross_lane1MG44_2	13601590	6038492
/ | scratch | karcher | fastqc | 230727_PRISMA_Batch2_P3_for_Q | AAAWNKKHV_230321_MG_Batch2_P3_23s002005-1-1_Gross_lane1MG44 | AAAWNKKHV_230321_MG_Batch2_P3_23s002005-1-1_Gross_lane1MG44_1	13157822	6482260
/ | scratch | karcher | fastqc | 230727_PRISMA_Batch2_P3_for_Q | AAAWNKKHV_230321_MG_Batch2_P3_23s002005-1-1_Gross_lane1MG43 | AAAWNKKHV_230321_MG_Batch2_P3_23s002005-1-1_Gross_lane1MG43_2	14062214	4883493
/ | scratch | karcher | fastqc | 230727_PRISMA_Batch2_P3_for_Q | AAAWNKKHV_230321_MG_Batch2_P3_23s002005-1-1_Gross_lane1MG43 | AAAWNKKHV_230321_MG_Batch2_P3_23s002005-1-1_Gross_lane1MG43_1	13618773	5326934
/ | scratch | karcher | fastqc | 230727_PRISMA_Batch2_P3_for_Q | AAAWNKKHV_230321_MG_Batch2_P3_23s002005-1-1_Gross_lane1MG42 | AAAWNKKHV_230321_MG_Batch2_P3_23s002005-1-1_Gross_lane1MG42_2	15496751	4666216
/ | scratch | karcher | fastqc | 230727_PRISMA_Batch2_P3_for_Q | AAAWNKKHV_230321_MG_Batch2_P3_23s002005-1-1_Gross_lane1MG42 | AAAWNKKHV_230321_MG_Batch2_P3_23s002005-1-1_Gross_lane1MG42_1	15080605	5082362
/ | scratch | karcher | fastqc | 230727_PRISMA_Batch2_P3_for_Q | AAAWNKKHV_230321_MG_Batch2_P3_23s002005-1-1_Gross_lane1MG41 | AAAWNKKHV_230321_MG_Batch2_P3_23s002005-1-1_Gross_lane1MG41_2	17799603	5305134
/ | scratch | karcher | fastqc | 230727_PRISMA_Batch2_P3_for_Q | AAAWNKKHV_230321_MG_Batch2_P3_23s002005-1-1_Gross_lane1MG41 | AAAWNKKHV_230321_MG_Batch2_P3_23s002005-1-1_Gross_lane1MG41_1	17403859	5700878
/ | scratch | karcher | fastqc | 230727_PRISMA_Batch2_P3_for_Q | AAAWNKKHV_230321_MG_Batch2_P3_23s002005-1-1_Gross_lane1MG40 | AAAWNKKHV_230321_MG_Batch2_P3_23s002005-1-1_Gross_lane1MG40_2	16810479	4792095
/ | scratch | karcher | fastqc | 230727_PRISMA_Batch2_P3_for_Q | AAAWNKKHV_230321_MG_Batch2_P3_23s002005-1-1_Gross_lane1MG40 | AAAWNKKHV_230321_MG_Batch2_P3_23s002005-1-1_Gross_lane1MG40_1	16422609	5179965
/ | scratch | karcher | fastqc | 230727_PRISMA_Batch2_P3_for_Q | AAAWNKKHV_230321_MG_Batch2_P3_23s002005-1-1_Gross_lane1MG39 | AAAWNKKHV_230321_MG_Batch2_P3_23s002005-1-1_Gross_lane1MG39_2	50683642	43177792
/ | scratch | karcher | fastqc | 230727_PRISMA_Batch2_P3_for_Q | AAAWNKKHV_230321_MG_Batch2_P3_23s002005-1-1_Gross_lane1MG39 | AAAWNKKHV_230321_MG_Batch2_P3_23s002005-1-1_Gross_lane1MG39_1	46639560	47221874
/ | scratch | karcher | fastqc | 230727_PRISMA_Batch2_P3_for_Q | AAAWNKKHV_230321_MG_Batch2_P3_23s002005-1-1_Gross_lane1MG36 | AAAWNKKHV_230321_MG_Batch2_P3_23s002005-1-1_Gross_lane1MG36_2	18717227	6445207
/ | scratch | karcher | fastqc | 230727_PRISMA_Batch2_P3_for_Q | AAAWNKKHV_230321_MG_Batch2_P3_23s002005-1-1_Gross_lane1MG36 | AAAWNKKHV_230321_MG_Batch2_P3_23s002005-1-1_Gross_lane1MG36_1	18124154	7038280
/ | scratch | karcher | fastqc | 230727_PRISMA_Batch2_P3_for_Q | AAAWNKKHV_230321_MG_Batch2_P3_23s002005-1-1_Gross_lane1MG30 | AAAWNKKHV_230321_MG_Batch2_P3_23s002005-1-1_Gross_lane1MG30_2	10216348	8466918
/ | scratch | karcher | fastqc | 230727_PRISMA_Batch2_P3_for_Q | AAAWNKKHV_230321_MG_Batch2_P3_23s002005-1-1_Gross_lane1MG30 | AAAWNKKHV_230321_MG_Batch2_P3_23s002005-1-1_Gross_lane1MG30_1	8939893	9743373
/ | scratch | karcher | fastqc | 230727_PRISMA_Batch2_P3_for_Q | AAAWNKKHV_230321_MG_Batch2_P3_23s002005-1-1_Gross_lane1MG25 | AAAWNKKHV_230321_MG_Batch2_P3_23s002005-1-1_Gross_lane1MG25_2	42940959	103271646
/ | scratch | karcher | fastqc | 230727_PRISMA_Batch2_P3_for_Q | AAAWNKKHV_230321_MG_Batch2_P3_23s002005-1-1_Gross_lane1MG25 | AAAWNKKHV_230321_MG_Batch2_P3_23s002005-1-1_Gross_lane1MG25_1	33797468	112415137
/ | scratch | karcher | fastqc | 230727_PRISMA_Batch2_P3_for_Q | AAAWNKKHV_230321_MG_Batch2_P3_23s002005-1-1_Gross_lane1MG16 | AAAWNKKHV_230321_MG_Batch2_P3_23s002005-1-1_Gross_lane1MG16_2	31939940	94572012
/ | scratch | karcher | fastqc | 230727_PRISMA_Batch2_P3_for_Q | AAAWNKKHV_230321_MG_Batch2_P3_23s002005-1-1_Gross_lane1MG16 | AAAWNKKHV_230321_MG_Batch2_P3_23s002005-1-1_Gross_lane1MG16_1	24375631	102136321
/ | scratch | karcher | fastqc | 230727_PRISMA_Batch2_P3_for_Q | AAAWNKKHV_230321_MG_Batch2_P3_23s002005-1-1_Gross_lane1702 | AAAWNKKHV_230321_MG_Batch2_P3_23s002005-1-1_Gross_lane1702_2	18614950	5840336
/ | scratch | karcher | fastqc | 230727_PRISMA_Batch2_P3_for_Q | AAAWNKKHV_230321_MG_Batch2_P3_23s002005-1-1_Gross_lane1702 | AAAWNKKHV_230321_MG_Batch2_P3_23s002005-1-1_Gross_lane1702_1	18178261	6277025
/ | scratch | karcher | fastqc | 230727_PRISMA_Batch2_P3_for_Q | AAAWNKKHV_230321_MG_Batch2_P3_23s002005-1-1_Gross_lane1697 | AAAWNKKHV_230321_MG_Batch2_P3_23s002005-1-1_Gross_lane1697_2	15215676	4185249
/ | scratch | karcher | fastqc | 230727_PRISMA_Batch2_P3_for_Q | AAAWNKKHV_230321_MG_Batch2_P3_23s002005-1-1_Gross_lane1697 | AAAWNKKHV_230321_MG_Batch2_P3_23s002005-1-1_Gross_lane1697_1	14849948	4550977
/ | scratch | karcher | fastqc | 230727_PRISMA_Batch2_P3_for_Q | AAAWNKKHV_230321_MG_Batch2_P3_23s002005-1-1_Gross_lane1694 | AAAWNKKHV_230321_MG_Batch2_P3_23s002005-1-1_Gross_lane1694_2	11595919	4370270
/ | scratch | karcher | fastqc | 230727_PRISMA_Batch2_P3_for_Q | AAAWNKKHV_230321_MG_Batch2_P3_23s002005-1-1_Gross_lane1694 | AAAWNKKHV_230321_MG_Batch2_P3_23s002005-1-1_Gross_lane1694_1	11295561	4670628
/ | scratch | karcher | fastqc | 230727_PRISMA_Batch2_P3_for_Q | AAAWNKKHV_230321_MG_Batch2_P3_23s002005-1-1_Gross_lane1693 | AAAWNKKHV_230321_MG_Batch2_P3_23s002005-1-1_Gross_lane1693_2	18681833	5897721
/ | scratch | karcher | fastqc | 230727_PRISMA_Batch2_P3_for_Q | AAAWNKKHV_230321_MG_Batch2_P3_23s002005-1-1_Gross_lane1693 | AAAWNKKHV_230321_MG_Batch2_P3_23s002005-1-1_Gross_lane1693_1	18205272	6374282
/ | scratch | karcher | fastqc | 230727_PRISMA_Batch2_P3_for_Q | AAAWNKKHV_230321_MG_Batch2_P3_23s002005-1-1_Gross_lane1690 | AAAWNKKHV_230321_MG_Batch2_P3_23s002005-1-1_Gross_lane1690_2	17567842	6337398
/ | scratch | karcher | fastqc | 230727_PRISMA_Batch2_P3_for_Q | AAAWNKKHV_230321_MG_Batch2_P3_23s002005-1-1_Gross_lane1690 | AAAWNKKHV_230321_MG_Batch2_P3_23s002005-1-1_Gross_lane1690_1	17019047	6886193
/ | scratch | karcher | fastqc | 230727_PRISMA_Batch2_P3_for_Q | AAAWNKKHV_230321_MG_Batch2_P3_23s002005-1-1_Gross_lane1677 | AAAWNKKHV_230321_MG_Batch2_P3_23s002005-1-1_Gross_lane1677_2	16559139	5180880
/ | scratch | karcher | fastqc | 230727_PRISMA_Batch2_P3_for_Q | AAAWNKKHV_230321_MG_Batch2_P3_23s002005-1-1_Gross_lane1677 | AAAWNKKHV_230321_MG_Batch2_P3_23s002005-1-1_Gross_lane1677_1	16145223	5594796
/ | scratch | karcher | fastqc | 230727_PRISMA_Batch2_P3_for_Q | AAAWNKKHV_230321_MG_Batch2_P3_23s002005-1-1_Gross_lane1671 | AAAWNKKHV_230321_MG_Batch2_P3_23s002005-1-1_Gross_lane1671_2	18314564	4759868
/ | scratch | karcher | fastqc | 230727_PRISMA_Batch2_P3_for_Q | AAAWNKKHV_230321_MG_Batch2_P3_23s002005-1-1_Gross_lane1671 | AAAWNKKHV_230321_MG_Batch2_P3_23s002005-1-1_Gross_lane1671_1	17867745	5206687
/ | scratch | karcher | fastqc | 230727_PRISMA_Batch2_P3_for_Q | AAAWNKKHV_230321_MG_Batch2_P3_23s002005-1-1_Gross_lane1668 | AAAWNKKHV_230321_MG_Batch2_P3_23s002005-1-1_Gross_lane1668_2	21433290	5878249
/ | scratch | karcher | fastqc | 230727_PRISMA_Batch2_P3_for_Q | AAAWNKKHV_230321_MG_Batch2_P3_23s002005-1-1_Gross_lane1668 | AAAWNKKHV_230321_MG_Batch2_P3_23s002005-1-1_Gross_lane1668_1	20916260	6395279
/ | scratch | karcher | fastqc | 230727_PRISMA_Batch2_P3_for_Q | AAAWNKKHV_230321_MG_Batch2_P3_23s002005-1-1_Gross_lane1663 | AAAWNKKHV_230321_MG_Batch2_P3_23s002005-1-1_Gross_lane1663_2	21301858	6124679
/ | scratch | karcher | fastqc | 230727_PRISMA_Batch2_P3_for_Q | AAAWNKKHV_230321_MG_Batch2_P3_23s002005-1-1_Gross_lane1663 | AAAWNKKHV_230321_MG_Batch2_P3_23s002005-1-1_Gross_lane1663_1	20779193	6647344
/ | scratch | karcher | fastqc | 230727_PRISMA_Batch2_P3_for_Q | AAAWNKKHV_230321_MG_Batch2_P3_23s002005-1-1_Gross_lane1662 | AAAWNKKHV_230321_MG_Batch2_P3_23s002005-1-1_Gross_lane1662_2	29505335	29033333
/ | scratch | karcher | fastqc | 230727_PRISMA_Batch2_P3_for_Q | AAAWNKKHV_230321_MG_Batch2_P3_23s002005-1-1_Gross_lane1662 | AAAWNKKHV_230321_MG_Batch2_P3_23s002005-1-1_Gross_lane1662_1	27060469	31478199
/ | scratch | karcher | fastqc | 230111_PRISMA_Batch1_P3_for_Q | AAAY7KJHV_230111_MG_Batch1_23s000063-1-1_Gross_lane1MG9 | AAAY7KJHV_230111_MG_Batch1_23s000063-1-1_Gross_lane1MG9_2	30221918	13414355
/ | scratch | karcher | fastqc | 230111_PRISMA_Batch1_P3_for_Q | AAAY7KJHV_230111_MG_Batch1_23s000063-1-1_Gross_lane1MG9 | AAAY7KJHV_230111_MG_Batch1_23s000063-1-1_Gross_lane1MG9_1	29542161	14094112
/ | scratch | karcher | fastqc | 230111_PRISMA_Batch1_P3_for_Q | AAAY7KJHV_230111_MG_Batch1_23s000063-1-1_Gross_lane1MG6 | AAAY7KJHV_230111_MG_Batch1_23s000063-1-1_Gross_lane1MG6_2	43150313	24302223
/ | scratch | karcher | fastqc | 230111_PRISMA_Batch1_P3_for_Q | AAAY7KJHV_230111_MG_Batch1_23s000063-1-1_Gross_lane1MG6 | AAAY7KJHV_230111_MG_Batch1_23s000063-1-1_Gross_lane1MG6_1	42357416	25095120
/ | scratch | karcher | fastqc | 230111_PRISMA_Batch1_P3_for_Q | AAAY7KJHV_230111_MG_Batch1_23s000063-1-1_Gross_lane1MG5 | AAAY7KJHV_230111_MG_Batch1_23s000063-1-1_Gross_lane1MG5_2	32220069	11338938
/ | scratch | karcher | fastqc | 230111_PRISMA_Batch1_P3_for_Q | AAAY7KJHV_230111_MG_Batch1_23s000063-1-1_Gross_lane1MG5 | AAAY7KJHV_230111_MG_Batch1_23s000063-1-1_Gross_lane1MG5_1	31671067	11887940
/ | scratch | karcher | fastqc | 230111_PRISMA_Batch1_P3_for_Q | AAAY7KJHV_230111_MG_Batch1_23s000063-1-1_Gross_lane1MG4 | AAAY7KJHV_230111_MG_Batch1_23s000063-1-1_Gross_lane1MG4_2	37244563	13015269
/ | scratch | karcher | fastqc | 230111_PRISMA_Batch1_P3_for_Q | AAAY7KJHV_230111_MG_Batch1_23s000063-1-1_Gross_lane1MG4 | AAAY7KJHV_230111_MG_Batch1_23s000063-1-1_Gross_lane1MG4_1	36599429	13660403
/ | scratch | karcher | fastqc | 230111_PRISMA_Batch1_P3_for_Q | AAAY7KJHV_230111_MG_Batch1_23s000063-1-1_Gross_lane1MG38 | AAAY7KJHV_230111_MG_Batch1_23s000063-1-1_Gross_lane1MG38_2	30712889	10156231
/ | scratch | karcher | fastqc | 230111_PRISMA_Batch1_P3_for_Q | AAAY7KJHV_230111_MG_Batch1_23s000063-1-1_Gross_lane1MG38 | AAAY7KJHV_230111_MG_Batch1_23s000063-1-1_Gross_lane1MG38_1	30247592	10621528
/ | scratch | karcher | fastqc | 230111_PRISMA_Batch1_P3_for_Q | AAAY7KJHV_230111_MG_Batch1_23s000063-1-1_Gross_lane1MG37 | AAAY7KJHV_230111_MG_Batch1_23s000063-1-1_Gross_lane1MG37_2	32961570	13196501
/ | scratch | karcher | fastqc | 230111_PRISMA_Batch1_P3_for_Q | AAAY7KJHV_230111_MG_Batch1_23s000063-1-1_Gross_lane1MG37 | AAAY7KJHV_230111_MG_Batch1_23s000063-1-1_Gross_lane1MG37_1	32286251	13871820
/ | scratch | karcher | fastqc | 230111_PRISMA_Batch1_P3_for_Q | AAAY7KJHV_230111_MG_Batch1_23s000063-1-1_Gross_lane1MG35 | AAAY7KJHV_230111_MG_Batch1_23s000063-1-1_Gross_lane1MG35_2	24927910	26760411
/ | scratch | karcher | fastqc | 230111_PRISMA_Batch1_P3_for_Q | AAAY7KJHV_230111_MG_Batch1_23s000063-1-1_Gross_lane1MG35 | AAAY7KJHV_230111_MG_Batch1_23s000063-1-1_Gross_lane1MG35_1	23892837	27795484
/ | scratch | karcher | fastqc | 230111_PRISMA_Batch1_P3_for_Q | AAAY7KJHV_230111_MG_Batch1_23s000063-1-1_Gross_lane1MG34 | AAAY7KJHV_230111_MG_Batch1_23s000063-1-1_Gross_lane1MG34_2	37489499	9991443
/ | scratch | karcher | fastqc | 230111_PRISMA_Batch1_P3_for_Q | AAAY7KJHV_230111_MG_Batch1_23s000063-1-1_Gross_lane1MG34 | AAAY7KJHV_230111_MG_Batch1_23s000063-1-1_Gross_lane1MG34_1	37060577	10420365
/ | scratch | karcher | fastqc | 230111_PRISMA_Batch1_P3_for_Q | AAAY7KJHV_230111_MG_Batch1_23s000063-1-1_Gross_lane1MG33 | AAAY7KJHV_230111_MG_Batch1_23s000063-1-1_Gross_lane1MG33_2	37871721	9265818
/ | scratch | karcher | fastqc | 230111_PRISMA_Batch1_P3_for_Q | AAAY7KJHV_230111_MG_Batch1_23s000063-1-1_Gross_lane1MG33 | AAAY7KJHV_230111_MG_Batch1_23s000063-1-1_Gross_lane1MG33_1	37464030	9673509
/ | scratch | karcher | fastqc | 230111_PRISMA_Batch1_P3_for_Q | AAAY7KJHV_230111_MG_Batch1_23s000063-1-1_Gross_lane1MG32 | AAAY7KJHV_230111_MG_Batch1_23s000063-1-1_Gross_lane1MG32_2	27315837	10838893
/ | scratch | karcher | fastqc | 230111_PRISMA_Batch1_P3_for_Q | AAAY7KJHV_230111_MG_Batch1_23s000063-1-1_Gross_lane1MG32 | AAAY7KJHV_230111_MG_Batch1_23s000063-1-1_Gross_lane1MG32_1	26757391	11397339
/ | scratch | karcher | fastqc | 230111_PRISMA_Batch1_P3_for_Q | AAAY7KJHV_230111_MG_Batch1_23s000063-1-1_Gross_lane1MG31 | AAAY7KJHV_230111_MG_Batch1_23s000063-1-1_Gross_lane1MG31_2	25727142	12166242
/ | scratch | karcher | fastqc | 230111_PRISMA_Batch1_P3_for_Q | AAAY7KJHV_230111_MG_Batch1_23s000063-1-1_Gross_lane1MG31 | AAAY7KJHV_230111_MG_Batch1_23s000063-1-1_Gross_lane1MG31_1	25116540	12776844
/ | scratch | karcher | fastqc | 230111_PRISMA_Batch1_P3_for_Q | AAAY7KJHV_230111_MG_Batch1_23s000063-1-1_Gross_lane1MG3 | AAAY7KJHV_230111_MG_Batch1_23s000063-1-1_Gross_lane1MG3_2	39975172	8589926
/ | scratch | karcher | fastqc | 230111_PRISMA_Batch1_P3_for_Q | AAAY7KJHV_230111_MG_Batch1_23s000063-1-1_Gross_lane1MG3 | AAAY7KJHV_230111_MG_Batch1_23s000063-1-1_Gross_lane1MG3_1	39488769	9076329
/ | scratch | karcher | fastqc | 230111_PRISMA_Batch1_P3_for_Q | AAAY7KJHV_230111_MG_Batch1_23s000063-1-1_Gross_lane1MG28 | AAAY7KJHV_230111_MG_Batch1_23s000063-1-1_Gross_lane1MG28_2	25629011	8891851
/ | scratch | karcher | fastqc | 230111_PRISMA_Batch1_P3_for_Q | AAAY7KJHV_230111_MG_Batch1_23s000063-1-1_Gross_lane1MG28 | AAAY7KJHV_230111_MG_Batch1_23s000063-1-1_Gross_lane1MG28_1	25098992	9421870
/ | scratch | karcher | fastqc | 230111_PRISMA_Batch1_P3_for_Q | AAAY7KJHV_230111_MG_Batch1_23s000063-1-1_Gross_lane1MG27 | AAAY7KJHV_230111_MG_Batch1_23s000063-1-1_Gross_lane1MG27_2	13484530	29655622
/ | scratch | karcher | fastqc | 230111_PRISMA_Batch1_P3_for_Q | AAAY7KJHV_230111_MG_Batch1_23s000063-1-1_Gross_lane1MG27 | AAAY7KJHV_230111_MG_Batch1_23s000063-1-1_Gross_lane1MG27_1	12698341	30441811
/ | scratch | karcher | fastqc | 230111_PRISMA_Batch1_P3_for_Q | AAAY7KJHV_230111_MG_Batch1_23s000063-1-1_Gross_lane1MG26 | AAAY7KJHV_230111_MG_Batch1_23s000063-1-1_Gross_lane1MG26_2	26781476	7868326
/ | scratch | karcher | fastqc | 230111_PRISMA_Batch1_P3_for_Q | AAAY7KJHV_230111_MG_Batch1_23s000063-1-1_Gross_lane1MG26 | AAAY7KJHV_230111_MG_Batch1_23s000063-1-1_Gross_lane1MG26_1	26396639	8253163
/ | scratch | karcher | fastqc | 230111_PRISMA_Batch1_P3_for_Q | AAAY7KJHV_230111_MG_Batch1_23s000063-1-1_Gross_lane1MG24 | AAAY7KJHV_230111_MG_Batch1_23s000063-1-1_Gross_lane1MG24_2	23464593	22693104
/ | scratch | karcher | fastqc | 230111_PRISMA_Batch1_P3_for_Q | AAAY7KJHV_230111_MG_Batch1_23s000063-1-1_Gross_lane1MG24 | AAAY7KJHV_230111_MG_Batch1_23s000063-1-1_Gross_lane1MG24_1	22521302	23636395
/ | scratch | karcher | fastqc | 230111_PRISMA_Batch1_P3_for_Q | AAAY7KJHV_230111_MG_Batch1_23s000063-1-1_Gross_lane1MG22 | AAAY7KJHV_230111_MG_Batch1_23s000063-1-1_Gross_lane1MG22_2	24067870	21356922
/ | scratch | karcher | fastqc | 230111_PRISMA_Batch1_P3_for_Q | AAAY7KJHV_230111_MG_Batch1_23s000063-1-1_Gross_lane1MG22 | AAAY7KJHV_230111_MG_Batch1_23s000063-1-1_Gross_lane1MG22_1	23191122	22233670
/ | scratch | karcher | fastqc | 230111_PRISMA_Batch1_P3_for_Q | AAAY7KJHV_230111_MG_Batch1_23s000063-1-1_Gross_lane1MG21 | AAAY7KJHV_230111_MG_Batch1_23s000063-1-1_Gross_lane1MG21_2	37021544	19052689
/ | scratch | karcher | fastqc | 230111_PRISMA_Batch1_P3_for_Q | AAAY7KJHV_230111_MG_Batch1_23s000063-1-1_Gross_lane1MG21 | AAAY7KJHV_230111_MG_Batch1_23s000063-1-1_Gross_lane1MG21_1	36439772	19634461
/ | scratch | karcher | fastqc | 230111_PRISMA_Batch1_P3_for_Q | AAAY7KJHV_230111_MG_Batch1_23s000063-1-1_Gross_lane1MG20 | AAAY7KJHV_230111_MG_Batch1_23s000063-1-1_Gross_lane1MG20_2	39066681	29052390
/ | scratch | karcher | fastqc | 230111_PRISMA_Batch1_P3_for_Q | AAAY7KJHV_230111_MG_Batch1_23s000063-1-1_Gross_lane1MG20 | AAAY7KJHV_230111_MG_Batch1_23s000063-1-1_Gross_lane1MG20_1	37955904	30163167
/ | scratch | karcher | fastqc | 230111_PRISMA_Batch1_P3_for_Q | AAAY7KJHV_230111_MG_Batch1_23s000063-1-1_Gross_lane1MG2 | AAAY7KJHV_230111_MG_Batch1_23s000063-1-1_Gross_lane1MG2_2	30307945	6966290
/ | scratch | karcher | fastqc | 230111_PRISMA_Batch1_P3_for_Q | AAAY7KJHV_230111_MG_Batch1_23s000063-1-1_Gross_lane1MG2 | AAAY7KJHV_230111_MG_Batch1_23s000063-1-1_Gross_lane1MG2_1	29934256	7339979
/ | scratch | karcher | fastqc | 230111_PRISMA_Batch1_P3_for_Q | AAAY7KJHV_230111_MG_Batch1_23s000063-1-1_Gross_lane1MG19 | AAAY7KJHV_230111_MG_Batch1_23s000063-1-1_Gross_lane1MG19_2	22297296	21017277
/ | scratch | karcher | fastqc | 230111_PRISMA_Batch1_P3_for_Q | AAAY7KJHV_230111_MG_Batch1_23s000063-1-1_Gross_lane1MG19 | AAAY7KJHV_230111_MG_Batch1_23s000063-1-1_Gross_lane1MG19_1	21439315	21875258
/ | scratch | karcher | fastqc | 230111_PRISMA_Batch1_P3_for_Q | AAAY7KJHV_230111_MG_Batch1_23s000063-1-1_Gross_lane1MG17 | AAAY7KJHV_230111_MG_Batch1_23s000063-1-1_Gross_lane1MG17_2	21090757	21747382
/ | scratch | karcher | fastqc | 230111_PRISMA_Batch1_P3_for_Q | AAAY7KJHV_230111_MG_Batch1_23s000063-1-1_Gross_lane1MG17 | AAAY7KJHV_230111_MG_Batch1_23s000063-1-1_Gross_lane1MG17_1	20294758	22543381
/ | scratch | karcher | fastqc | 230111_PRISMA_Batch1_P3_for_Q | AAAY7KJHV_230111_MG_Batch1_23s000063-1-1_Gross_lane1MG15 | AAAY7KJHV_230111_MG_Batch1_23s000063-1-1_Gross_lane1MG15_2	31620813	6982892
/ | scratch | karcher | fastqc | 230111_PRISMA_Batch1_P3_for_Q | AAAY7KJHV_230111_MG_Batch1_23s000063-1-1_Gross_lane1MG15 | AAAY7KJHV_230111_MG_Batch1_23s000063-1-1_Gross_lane1MG15_1	31170111	7433594
/ | scratch | karcher | fastqc | 230111_PRISMA_Batch1_P3_for_Q | AAAY7KJHV_230111_MG_Batch1_23s000063-1-1_Gross_lane1MG14 | AAAY7KJHV_230111_MG_Batch1_23s000063-1-1_Gross_lane1MG14_2	34374872	7724716
/ | scratch | karcher | fastqc | 230111_PRISMA_Batch1_P3_for_Q | AAAY7KJHV_230111_MG_Batch1_23s000063-1-1_Gross_lane1MG14 | AAAY7KJHV_230111_MG_Batch1_23s000063-1-1_Gross_lane1MG14_1	34019241	8080347
/ | scratch | karcher | fastqc | 230111_PRISMA_Batch1_P3_for_Q | AAAY7KJHV_230111_MG_Batch1_23s000063-1-1_Gross_lane1MG13 | AAAY7KJHV_230111_MG_Batch1_23s000063-1-1_Gross_lane1MG13_2	30431255	8897064
/ | scratch | karcher | fastqc | 230111_PRISMA_Batch1_P3_for_Q | AAAY7KJHV_230111_MG_Batch1_23s000063-1-1_Gross_lane1MG13 | AAAY7KJHV_230111_MG_Batch1_23s000063-1-1_Gross_lane1MG13_1	29925063	9403256
/ | scratch | karcher | fastqc | 230111_PRISMA_Batch1_P3_for_Q | AAAY7KJHV_230111_MG_Batch1_23s000063-1-1_Gross_lane1MG12 | AAAY7KJHV_230111_MG_Batch1_23s000063-1-1_Gross_lane1MG12_2	35861637	9976824
/ | scratch | karcher | fastqc | 230111_PRISMA_Batch1_P3_for_Q | AAAY7KJHV_230111_MG_Batch1_23s000063-1-1_Gross_lane1MG12 | AAAY7KJHV_230111_MG_Batch1_23s000063-1-1_Gross_lane1MG12_1	35302313	10536148
/ | scratch | karcher | fastqc | 230111_PRISMA_Batch1_P3_for_Q | AAAY7KJHV_230111_MG_Batch1_23s000063-1-1_Gross_lane1MG11 | AAAY7KJHV_230111_MG_Batch1_23s000063-1-1_Gross_lane1MG11_2	33521897	9340266
/ | scratch | karcher | fastqc | 230111_PRISMA_Batch1_P3_for_Q | AAAY7KJHV_230111_MG_Batch1_23s000063-1-1_Gross_lane1MG11 | AAAY7KJHV_230111_MG_Batch1_23s000063-1-1_Gross_lane1MG11_1	33039538	9822625
/ | scratch | karcher | fastqc | 230111_PRISMA_Batch1_P3_for_Q | AAAY7KJHV_230111_MG_Batch1_23s000063-1-1_Gross_lane1MG10 | AAAY7KJHV_230111_MG_Batch1_23s000063-1-1_Gross_lane1MG10_2	30524653	10779964
/ | scratch | karcher | fastqc | 230111_PRISMA_Batch1_P3_for_Q | AAAY7KJHV_230111_MG_Batch1_23s000063-1-1_Gross_lane1MG10 | AAAY7KJHV_230111_MG_Batch1_23s000063-1-1_Gross_lane1MG10_1	29960366	11344251
/ | scratch | karcher | fastqc | 230111_PRISMA_Batch1_P3_for_Q | AAAY7KJHV_230111_MG_Batch1_23s000063-1-1_Gross_lane1MG1 | AAAY7KJHV_230111_MG_Batch1_23s000063-1-1_Gross_lane1MG1_2	44821733	13022486
/ | scratch | karcher | fastqc | 230111_PRISMA_Batch1_P3_for_Q | AAAY7KJHV_230111_MG_Batch1_23s000063-1-1_Gross_lane1MG1 | AAAY7KJHV_230111_MG_Batch1_23s000063-1-1_Gross_lane1MG1_1	44177731	13666488
